payment_id,date,account_id,entity_id,entity_name,region,currency,bank_name,priority_payment_cohort,exception_flag,repair_minutes
P000046,2026-01-01,AC0051,E015,Aurelius Hong Kong,APAC,HKD,Pacific Crown,Neither priority cohort,False,0
P000102,2026-01-01,AC0017,E005,Aurelius UK,EMEA,GBP,Union Atlantic,Neither priority cohort,False,0
P000365,2026-01-01,AC0041,E012,Aurelius Japan,APAC,JPY,Continental Trust,Neither priority cohort,False,0
P000388,2026-01-01,AC0010,E003,Aurelius Wellness US,NA,USD,Union Atlantic,Neither priority cohort,False,0
P000574,2026-01-01,AC0038,E011,Aurelius Australia,APAC,USD,Pacific Crown,Neither priority cohort,False,0
P000651,2026-01-01,AC0047,E014,Aurelius India,APAC,INR,Meridian Commercial,Neither priority cohort,False,0
P000734,2026-01-01,AC0014,E004,Aurelius Canada,NA,CAD,Union Atlantic,Cross-border wire only,False,0
P000774,2026-01-01,AC0001,E001,Aurelius Group Holdings,NA,USD,Union Atlantic,Manual touch only,False,0
P000795,2026-01-01,AC0031,E009,Aurelius Spain,EMEA,USD,Meridian Commercial,Manual touch + cross-border wire,False,0
P000919,2026-01-01,AC0034,E010,Aurelius Singapore,APAC,USD,Continental Trust,Manual touch only,False,0
P001100,2026-01-01,AC0021,E006,Aurelius Germany,EMEA,EUR,Continental Trust,Manual touch only,False,0
P001267,2026-01-01,AC0021,E006,Aurelius Germany,EMEA,EUR,Continental Trust,Neither priority cohort,False,0
P001452,2026-01-01,AC0041,E012,Aurelius Japan,APAC,JPY,Continental Trust,Neither priority cohort,False,0
P001750,2026-01-01,AC0025,E007,Aurelius France,EMEA,EUR,Meridian Commercial,Neither priority cohort,False,0
P001902,2026-01-01,AC0017,E005,Aurelius UK,EMEA,GBP,Union Atlantic,Manual touch + cross-border wire,False,0
P001921,2026-01-01,AC0001,E001,Aurelius Group Holdings,NA,USD,Union Atlantic,Manual touch only,False,0
P002009,2026-01-01,AC0031,E009,Aurelius Spain,EMEA,USD,Meridian Commercial,Neither priority cohort,False,0
P002178,2026-01-01,AC0050,E015,Aurelius Hong Kong,APAC,HKD,Union Atlantic,Neither priority cohort,False,0
P002196,2026-01-01,AC0041,E012,Aurelius Japan,APAC,JPY,Continental Trust,Neither priority cohort,False,0
P002227,2026-01-01,AC0055,E016,Aurelius Global Sourcing,APAC,USD,Meridian Commercial,Neither priority cohort,False,0
P002720,2026-01-01,AC0045,E013,Aurelius Korea,APAC,KRW,Pacific Crown,Manual touch only,False,0
P002750,2026-01-01,AC0001,E001,Aurelius Group Holdings,NA,USD,Union Atlantic,Neither priority cohort,False,0
P003016,2026-01-01,AC0046,E013,Aurelius Korea,APAC,KRW,Union Atlantic,Neither priority cohort,False,0
P003306,2026-01-01,AC0048,E014,Aurelius India,APAC,INR,Continental Trust,Manual touch only,False,0
P003661,2026-01-01,AC0028,E008,Aurelius Netherlands,EMEA,EUR,Meridian Commercial,Neither priority cohort,False,0
P004069,2026-01-01,AC0041,E012,Aurelius Japan,APAC,JPY,Continental Trust,Neither priority cohort,False,0
P004070,2026-01-01,AC0017,E005,Aurelius UK,EMEA,GBP,Union Atlantic,Manual touch only,False,0
P004095,2026-01-01,AC0014,E004,Aurelius Canada,NA,CAD,Union Atlantic,Neither priority cohort,False,0
P004151,2026-01-01,AC0027,E007,Aurelius France,EMEA,EUR,Pacific Crown,Neither priority cohort,False,0
P004217,2026-01-01,AC0021,E006,Aurelius Germany,EMEA,EUR,Continental Trust,Manual touch only,False,0
P004455,2026-01-01,AC0017,E005,Aurelius UK,EMEA,GBP,Union Atlantic,Manual touch + cross-border wire,False,0
P004798,2026-01-01,AC0055,E016,Aurelius Global Sourcing,APAC,USD,Meridian Commercial,Neither priority cohort,False,0
P004814,2026-01-01,AC0025,E007,Aurelius France,EMEA,EUR,Meridian Commercial,Neither priority cohort,False,0
P004849,2026-01-01,AC0048,E014,Aurelius India,APAC,INR,Continental Trust,Neither priority cohort,False,0
P005034,2026-01-01,AC0034,E010,Aurelius Singapore,APAC,USD,Continental Trust,Neither priority cohort,False,0
P005094,2026-01-01,AC0025,E007,Aurelius France,EMEA,EUR,Meridian Commercial,Manual touch only,False,0
P005359,2026-01-01,AC0028,E008,Aurelius Netherlands,EMEA,EUR,Meridian Commercial,Neither priority cohort,False,0
P006071,2026-01-01,AC0014,E004,Aurelius Canada,NA,CAD,Union Atlantic,Neither priority cohort,False,0
P006174,2026-01-01,AC0047,E014,Aurelius India,APAC,INR,Meridian Commercial,Neither priority cohort,False,0
P006262,2026-01-01,AC0053,E016,Aurelius Global Sourcing,APAC,USD,Pacific Crown,Manual touch only,False,0
P006386,2026-01-01,AC0010,E003,Aurelius Wellness US,NA,USD,Union Atlantic,Manual touch only,False,0
P006435,2026-01-01,AC0010,E003,Aurelius Wellness US,NA,USD,Union Atlantic,Manual touch only,False,0
P006461,2026-01-01,AC0022,E006,Aurelius Germany,EMEA,EUR,Meridian Commercial,Neither priority cohort,False,0
P006730,2026-01-01,AC0044,E013,Aurelius Korea,APAC,KRW,Northbridge Bank,Neither priority cohort,False,0
P006792,2026-01-01,AC0027,E007,Aurelius France,EMEA,EUR,Pacific Crown,Cross-border wire only,False,0
P006808,2026-01-01,AC0027,E007,Aurelius France,EMEA,EUR,Pacific Crown,Neither priority cohort,False,0
P006866,2026-01-01,AC0017,E005,Aurelius UK,EMEA,GBP,Union Atlantic,Manual touch only,False,0
P007059,2026-01-01,AC0044,E013,Aurelius Korea,APAC,KRW,Northbridge Bank,Manual touch only,False,0
P007102,2026-01-01,AC0026,E007,Aurelius France,EMEA,USD,Union Atlantic,Manual touch only,False,0
P007152,2026-01-01,AC0022,E006,Aurelius Germany,EMEA,EUR,Meridian Commercial,Neither priority cohort,False,0
P007371,2026-01-01,AC0044,E013,Aurelius Korea,APAC,KRW,Northbridge Bank,Neither priority cohort,False,0
P007515,2026-01-01,AC0053,E016,Aurelius Global Sourcing,APAC,USD,Pacific Crown,Manual touch only,False,0
P000172,2026-01-02,AC0012,E003,Aurelius Wellness US,NA,USD,Northbridge Bank,Manual touch only,False,0
P000189,2026-01-02,AC0053,E016,Aurelius Global Sourcing,APAC,USD,Pacific Crown,Neither priority cohort,False,0
P000285,2026-01-02,AC0036,E010,Aurelius Singapore,APAC,SGD,Continental Trust,Neither priority cohort,False,0
P000332,2026-01-02,AC0039,E011,Aurelius Australia,APAC,AUD,Continental Trust,Neither priority cohort,False,0
P000362,2026-01-02,AC0034,E010,Aurelius Singapore,APAC,USD,Continental Trust,Manual touch only,False,0
P000379,2026-01-02,AC0038,E011,Aurelius Australia,APAC,USD,Pacific Crown,Neither priority cohort,False,0
P000402,2026-01-02,AC0010,E003,Aurelius Wellness US,NA,USD,Union Atlantic,Neither priority cohort,False,0
P000403,2026-01-02,AC0034,E010,Aurelius Singapore,APAC,USD,Continental Trust,Neither priority cohort,False,0
P000426,2026-01-02,AC0041,E012,Aurelius Japan,APAC,JPY,Continental Trust,Neither priority cohort,False,0
P000676,2026-01-02,AC0017,E005,Aurelius UK,EMEA,GBP,Union Atlantic,Neither priority cohort,False,0
P000683,2026-01-02,AC0003,E001,Aurelius Group Holdings,NA,USD,Meridian Commercial,Neither priority cohort,False,0
P000700,2026-01-02,AC0050,E015,Aurelius Hong Kong,APAC,HKD,Union Atlantic,Cross-border wire only,False,0
P000815,2026-01-02,AC0021,E006,Aurelius Germany,EMEA,EUR,Continental Trust,Neither priority cohort,False,0
P000988,2026-01-02,AC0033,E009,Aurelius Spain,EMEA,EUR,Meridian Commercial,Manual touch + cross-border wire,True,50
P001062,2026-01-02,AC0053,E016,Aurelius Global Sourcing,APAC,USD,Pacific Crown,Neither priority cohort,False,0
P001177,2026-01-02,AC0034,E010,Aurelius Singapore,APAC,USD,Continental Trust,Neither priority cohort,False,0
P001211,2026-01-02,AC0050,E015,Aurelius Hong Kong,APAC,HKD,Union Atlantic,Manual touch only,False,0
P001313,2026-01-02,AC0053,E016,Aurelius Global Sourcing,APAC,USD,Pacific Crown,Manual touch only,False,0
P001567,2026-01-02,AC0034,E010,Aurelius Singapore,APAC,USD,Continental Trust,Manual touch only,False,0
P001623,2026-01-02,AC0031,E009,Aurelius Spain,EMEA,USD,Meridian Commercial,Manual touch only,False,0
P001631,2026-01-02,AC0031,E009,Aurelius Spain,EMEA,USD,Meridian Commercial,Manual touch only,False,0
P001641,2026-01-02,AC0049,E014,Aurelius India,APAC,USD,Pacific Crown,Neither priority cohort,False,0
P001952,2026-01-02,AC0013,E003,Aurelius Wellness US,NA,USD,Union Atlantic,Neither priority cohort,False,0
P001967,2026-01-02,AC0031,E009,Aurelius Spain,EMEA,USD,Meridian Commercial,Manual touch only,False,0
P002380,2026-01-02,AC0034,E010,Aurelius Singapore,APAC,USD,Continental Trust,Manual touch only,False,0
P002390,2026-01-02,AC0021,E006,Aurelius Germany,EMEA,EUR,Continental Trust,Neither priority cohort,False,0
P002530,2026-01-02,AC0030,E008,Aurelius Netherlands,EMEA,USD,Pacific Crown,Neither priority cohort,False,0
P002704,2026-01-02,AC0017,E005,Aurelius UK,EMEA,GBP,Union Atlantic,Neither priority cohort,False,0
P002730,2026-01-02,AC0014,E004,Aurelius Canada,NA,CAD,Union Atlantic,Manual touch only,False,0
P003145,2026-01-02,AC0047,E014,Aurelius India,APAC,INR,Meridian Commercial,Manual touch only,False,0
P003146,2026-01-02,AC0050,E015,Aurelius Hong Kong,APAC,HKD,Union Atlantic,Neither priority cohort,False,0
P003299,2026-01-02,AC0030,E008,Aurelius Netherlands,EMEA,USD,Pacific Crown,Neither priority cohort,False,0
P003323,2026-01-02,AC0017,E005,Aurelius UK,EMEA,GBP,Union Atlantic,Neither priority cohort,False,0
P003350,2026-01-02,AC0014,E004,Aurelius Canada,NA,CAD,Union Atlantic,Neither priority cohort,False,0
P003532,2026-01-02,AC0050,E015,Aurelius Hong Kong,APAC,HKD,Union Atlantic,Neither priority cohort,False,0
P003755,2026-01-02,AC0034,E010,Aurelius Singapore,APAC,USD,Continental Trust,Neither priority cohort,False,0
P003851,2026-01-02,AC0014,E004,Aurelius Canada,NA,CAD,Union Atlantic,Neither priority cohort,False,0
P004024,2026-01-02,AC0039,E011,Aurelius Australia,APAC,AUD,Continental Trust,Neither priority cohort,False,0
P004110,2026-01-02,AC0047,E014,Aurelius India,APAC,INR,Meridian Commercial,Neither priority cohort,False,0
P004183,2026-01-02,AC0007,E002,Aurelius Home US,NA,USD,Northbridge Bank,Neither priority cohort,False,0
P004326,2026-01-02,AC0007,E002,Aurelius Home US,NA,USD,Northbridge Bank,Neither priority cohort,False,0
P004552,2026-01-02,AC0034,E010,Aurelius Singapore,APAC,USD,Continental Trust,Neither priority cohort,False,0
P004852,2026-01-02,AC0030,E008,Aurelius Netherlands,EMEA,USD,Pacific Crown,Neither priority cohort,False,0
P004978,2026-01-02,AC0019,E005,Aurelius UK,EMEA,GBP,Union Atlantic,Neither priority cohort,False,0
P005097,2026-01-02,AC0005,E002,Aurelius Home US,NA,USD,Continental Trust,Neither priority cohort,False,0
P005179,2026-01-02,AC0008,E002,Aurelius Home US,NA,USD,Pacific Crown,Manual touch only,False,0
P005747,2026-01-02,AC0044,E013,Aurelius Korea,APAC,KRW,Northbridge Bank,Manual touch only,False,0
P005767,2026-01-02,AC0014,E004,Aurelius Canada,NA,CAD,Union Atlantic,Cross-border wire only,False,0
P005833,2026-01-02,AC0025,E007,Aurelius France,EMEA,EUR,Meridian Commercial,Manual touch only,False,0
P005937,2026-01-02,AC0021,E006,Aurelius Germany,EMEA,EUR,Continental Trust,Neither priority cohort,False,0
P006039,2026-01-02,AC0038,E011,Aurelius Australia,APAC,USD,Pacific Crown,Neither priority cohort,False,0
P006112,2026-01-02,AC0017,E005,Aurelius UK,EMEA,GBP,Union Atlantic,Neither priority cohort,False,0
P006204,2026-01-02,AC0041,E012,Aurelius Japan,APAC,JPY,Continental Trust,Cross-border wire only,False,0
P006346,2026-01-02,AC0053,E016,Aurelius Global Sourcing,APAC,USD,Pacific Crown,Neither priority cohort,False,0
P006422,2026-01-02,AC0038,E011,Aurelius Australia,APAC,USD,Pacific Crown,Neither priority cohort,False,0
P006633,2026-01-02,AC0042,E012,Aurelius Japan,APAC,USD,Union Atlantic,Neither priority cohort,False,0
P006771,2026-01-02,AC0033,E009,Aurelius Spain,EMEA,EUR,Meridian Commercial,Manual touch only,False,0
P007039,2026-01-02,AC0030,E008,Aurelius Netherlands,EMEA,USD,Pacific Crown,Cross-border wire only,False,0
P007170,2026-01-02,AC0025,E007,Aurelius France,EMEA,EUR,Meridian Commercial,Neither priority cohort,False,0
P007363,2026-01-02,AC0044,E013,Aurelius Korea,APAC,KRW,Northbridge Bank,Manual touch only,False,0
P007423,2026-01-02,AC0027,E007,Aurelius France,EMEA,EUR,Pacific Crown,Neither priority cohort,False,0
P007495,2026-01-02,AC0005,E002,Aurelius Home US,NA,USD,Continental Trust,Neither priority cohort,False,0
P000017,2026-01-05,AC0028,E008,Aurelius Netherlands,EMEA,EUR,Meridian Commercial,Neither priority cohort,False,0
P000032,2026-01-05,AC0043,E012,Aurelius Japan,APAC,JPY,Union Atlantic,Manual touch only,False,0
P000127,2026-01-05,AC0044,E013,Aurelius Korea,APAC,KRW,Northbridge Bank,Neither priority cohort,False,0
P000162,2026-01-05,AC0014,E004,Aurelius Canada,NA,CAD,Union Atlantic,Cross-border wire only,False,0
P000245,2026-01-05,AC0005,E002,Aurelius Home US,NA,USD,Continental Trust,Neither priority cohort,False,0
P000448,2026-01-05,AC0010,E003,Aurelius Wellness US,NA,USD,Union Atlantic,Neither priority cohort,False,0
P000537,2026-01-05,AC0034,E010,Aurelius Singapore,APAC,USD,Continental Trust,Neither priority cohort,False,0
P000724,2026-01-05,AC0001,E001,Aurelius Group Holdings,NA,USD,Union Atlantic,Manual touch only,True,27
P000851,2026-01-05,AC0044,E013,Aurelius Korea,APAC,KRW,Northbridge Bank,Neither priority cohort,False,0
P001112,2026-01-05,AC0010,E003,Aurelius Wellness US,NA,USD,Union Atlantic,Neither priority cohort,False,0
P001331,2026-01-05,AC0044,E013,Aurelius Korea,APAC,KRW,Northbridge Bank,Neither priority cohort,False,0
P001398,2026-01-05,AC0005,E002,Aurelius Home US,NA,USD,Continental Trust,Neither priority cohort,False,0
P001436,2026-01-05,AC0034,E010,Aurelius Singapore,APAC,USD,Continental Trust,Neither priority cohort,False,0
P001514,2026-01-05,AC0005,E002,Aurelius Home US,NA,USD,Continental Trust,Neither priority cohort,False,0
P001987,2026-01-05,AC0021,E006,Aurelius Germany,EMEA,EUR,Continental Trust,Neither priority cohort,False,0
P002066,2026-01-05,AC0014,E004,Aurelius Canada,NA,CAD,Union Atlantic,Neither priority cohort,True,16
P002563,2026-01-05,AC0054,E016,Aurelius Global Sourcing,APAC,USD,Northbridge Bank,Neither priority cohort,False,0
P002771,2026-01-05,AC0053,E016,Aurelius Global Sourcing,APAC,USD,Pacific Crown,Manual touch only,False,0
P002877,2026-01-05,AC0053,E016,Aurelius Global Sourcing,APAC,USD,Pacific Crown,Neither priority cohort,False,0
P002956,2026-01-05,AC0045,E013,Aurelius Korea,APAC,KRW,Pacific Crown,Neither priority cohort,False,0
P003440,2026-01-05,AC0039,E011,Aurelius Australia,APAC,AUD,Continental Trust,Manual touch + cross-border wire,False,0
P003462,2026-01-05,AC0010,E003,Aurelius Wellness US,NA,USD,Union Atlantic,Manual touch + cross-border wire,False,0
P003491,2026-01-05,AC0028,E008,Aurelius Netherlands,EMEA,EUR,Meridian Commercial,Neither priority cohort,False,0
P003507,2026-01-05,AC0001,E001,Aurelius Group Holdings,NA,USD,Union Atlantic,Neither priority cohort,False,0
P003556,2026-01-05,AC0010,E003,Aurelius Wellness US,NA,USD,Union Atlantic,Manual touch only,False,0
P003599,2026-01-05,AC0045,E013,Aurelius Korea,APAC,KRW,Pacific Crown,Cross-border wire only,False,0
P003926,2026-01-05,AC0014,E004,Aurelius Canada,NA,CAD,Union Atlantic,Neither priority cohort,False,0
P003974,2026-01-05,AC0053,E016,Aurelius Global Sourcing,APAC,USD,Pacific Crown,Neither priority cohort,False,0
P003978,2026-01-05,AC0028,E008,Aurelius Netherlands,EMEA,EUR,Meridian Commercial,Neither priority cohort,False,0
P004284,2026-01-05,AC0011,E003,Aurelius Wellness US,NA,USD,Continental Trust,Neither priority cohort,False,0
P004462,2026-01-05,AC0016,E004,Aurelius Canada,NA,CAD,Meridian Commercial,Neither priority cohort,False,0
P004633,2026-01-05,AC0041,E012,Aurelius Japan,APAC,JPY,Continental Trust,Neither priority cohort,False,0
P004664,2026-01-05,AC0047,E014,Aurelius India,APAC,INR,Meridian Commercial,Neither priority cohort,False,0
P004749,2026-01-05,AC0028,E008,Aurelius Netherlands,EMEA,EUR,Meridian Commercial,Manual touch + cross-border wire,False,0
P005150,2026-01-05,AC0025,E007,Aurelius France,EMEA,EUR,Meridian Commercial,Neither priority cohort,False,0
P005180,2026-01-05,AC0038,E011,Aurelius Australia,APAC,USD,Pacific Crown,Neither priority cohort,False,0
P005207,2026-01-05,AC0044,E013,Aurelius Korea,APAC,KRW,Northbridge Bank,Manual touch only,False,0
P005339,2026-01-05,AC0055,E016,Aurelius Global Sourcing,APAC,USD,Meridian Commercial,Manual touch + cross-border wire,False,0
P005632,2026-01-05,AC0041,E012,Aurelius Japan,APAC,JPY,Continental Trust,Cross-border wire only,False,0
P005649,2026-01-05,AC0010,E003,Aurelius Wellness US,NA,USD,Union Atlantic,Manual touch only,False,0
P005743,2026-01-05,AC0050,E015,Aurelius Hong Kong,APAC,HKD,Union Atlantic,Neither priority cohort,False,0
P006085,2026-01-05,AC0005,E002,Aurelius Home US,NA,USD,Continental Trust,Manual touch only,False,0
P006276,2026-01-05,AC0044,E013,Aurelius Korea,APAC,KRW,Northbridge Bank,Neither priority cohort,False,0
P006387,2026-01-05,AC0044,E013,Aurelius Korea,APAC,KRW,Northbridge Bank,Neither priority cohort,False,0
P006392,2026-01-05,AC0038,E011,Aurelius Australia,APAC,USD,Pacific Crown,Neither priority cohort,False,0
P006415,2026-01-05,AC0044,E013,Aurelius Korea,APAC,KRW,Northbridge Bank,Neither priority cohort,False,0
P006421,2026-01-05,AC0010,E003,Aurelius Wellness US,NA,USD,Union Atlantic,Neither priority cohort,False,0
P006458,2026-01-05,AC0017,E005,Aurelius UK,EMEA,GBP,Union Atlantic,Neither priority cohort,False,0
P006556,2026-01-05,AC0016,E004,Aurelius Canada,NA,CAD,Meridian Commercial,Neither priority cohort,False,0
P006955,2026-01-05,AC0007,E002,Aurelius Home US,NA,USD,Northbridge Bank,Neither priority cohort,False,0
P007037,2026-01-05,AC0047,E014,Aurelius India,APAC,INR,Meridian Commercial,Manual touch only,False,0
P007418,2026-01-05,AC0034,E010,Aurelius Singapore,APAC,USD,Continental Trust,Manual touch only,False,0
P007493,2026-01-05,AC0014,E004,Aurelius Canada,NA,CAD,Union Atlantic,Neither priority cohort,False,0
P007583,2026-01-05,AC0053,E016,Aurelius Global Sourcing,APAC,USD,Pacific Crown,Manual touch only,False,0
P000313,2026-01-06,AC0055,E016,Aurelius Global Sourcing,APAC,USD,Meridian Commercial,Neither priority cohort,False,0
P000419,2026-01-06,AC0053,E016,Aurelius Global Sourcing,APAC,USD,Pacific Crown,Neither priority cohort,False,0
P000469,2026-01-06,AC0055,E016,Aurelius Global Sourcing,APAC,USD,Meridian Commercial,Neither priority cohort,False,0
P000487,2026-01-06,AC0041,E012,Aurelius Japan,APAC,JPY,Continental Trust,Neither priority cohort,False,0
P000596,2026-01-06,AC0031,E009,Aurelius Spain,EMEA,USD,Meridian Commercial,Neither priority cohort,False,0
P000666,2026-01-06,AC0014,E004,Aurelius Canada,NA,CAD,Union Atlantic,Neither priority cohort,False,0
P000839,2026-01-06,AC0018,E005,Aurelius UK,EMEA,GBP,Union Atlantic,Neither priority cohort,False,0
P001273,2026-01-06,AC0028,E008,Aurelius Netherlands,EMEA,EUR,Meridian Commercial,Neither priority cohort,False,0
P001294,2026-01-06,AC0017,E005,Aurelius UK,EMEA,GBP,Union Atlantic,Manual touch only,False,0
P001315,2026-01-06,AC0011,E003,Aurelius Wellness US,NA,USD,Continental Trust,Manual touch only,False,0
P001333,2026-01-06,AC0050,E015,Aurelius Hong Kong,APAC,HKD,Union Atlantic,Neither priority cohort,False,0
P001487,2026-01-06,AC0053,E016,Aurelius Global Sourcing,APAC,USD,Pacific Crown,Neither priority cohort,False,0
P001510,2026-01-06,AC0047,E014,Aurelius India,APAC,INR,Meridian Commercial,Manual touch only,False,0
P001627,2026-01-06,AC0021,E006,Aurelius Germany,EMEA,EUR,Continental Trust,Neither priority cohort,False,0
P001775,2026-01-06,AC0036,E010,Aurelius Singapore,APAC,SGD,Continental Trust,Neither priority cohort,False,0
P001794,2026-01-06,AC0038,E011,Aurelius Australia,APAC,USD,Pacific Crown,Neither priority cohort,False,0
P001802,2026-01-06,AC0050,E015,Aurelius Hong Kong,APAC,HKD,Union Atlantic,Manual touch only,False,0
P001819,2026-01-06,AC0048,E014,Aurelius India,APAC,INR,Continental Trust,Manual touch only,False,0
P001905,2026-01-06,AC0033,E009,Aurelius Spain,EMEA,EUR,Meridian Commercial,Manual touch + cross-border wire,False,0
P002142,2026-01-06,AC0053,E016,Aurelius Global Sourcing,APAC,USD,Pacific Crown,Neither priority cohort,False,0
P002302,2026-01-06,AC0047,E014,Aurelius India,APAC,INR,Meridian Commercial,Neither priority cohort,False,0
P002714,2026-01-06,AC0028,E008,Aurelius Netherlands,EMEA,EUR,Meridian Commercial,Neither priority cohort,False,0
P002910,2026-01-06,AC0025,E007,Aurelius France,EMEA,EUR,Meridian Commercial,Manual touch only,False,0
P003000,2026-01-06,AC0034,E010,Aurelius Singapore,APAC,USD,Continental Trust,Neither priority cohort,False,0
P003178,2026-01-06,AC0028,E008,Aurelius Netherlands,EMEA,EUR,Meridian Commercial,Neither priority cohort,False,0
P003469,2026-01-06,AC0053,E016,Aurelius Global Sourcing,APAC,USD,Pacific Crown,Cross-border wire only,False,0
P003542,2026-01-06,AC0033,E009,Aurelius Spain,EMEA,EUR,Meridian Commercial,Manual touch only,True,18
P003675,2026-01-06,AC0054,E016,Aurelius Global Sourcing,APAC,USD,Northbridge Bank,Manual touch only,False,0
P003716,2026-01-06,AC0019,E005,Aurelius UK,EMEA,GBP,Union Atlantic,Manual touch only,True,58
P003750,2026-01-06,AC0038,E011,Aurelius Australia,APAC,USD,Pacific Crown,Neither priority cohort,False,0
P003849,2026-01-06,AC0028,E008,Aurelius Netherlands,EMEA,EUR,Meridian Commercial,Neither priority cohort,False,0
P003927,2026-01-06,AC0021,E006,Aurelius Germany,EMEA,EUR,Continental Trust,Neither priority cohort,False,0
P003982,2026-01-06,AC0021,E006,Aurelius Germany,EMEA,EUR,Continental Trust,Neither priority cohort,False,0
P004046,2026-01-06,AC0025,E007,Aurelius France,EMEA,EUR,Meridian Commercial,Manual touch only,False,0
P004178,2026-01-06,AC0003,E001,Aurelius Group Holdings,NA,USD,Meridian Commercial,Cross-border wire only,True,50
P004287,2026-01-06,AC0005,E002,Aurelius Home US,NA,USD,Continental Trust,Neither priority cohort,False,0
P004380,2026-01-06,AC0040,E011,Aurelius Australia,APAC,AUD,Continental Trust,Manual touch only,False,0
P004635,2026-01-06,AC0019,E005,Aurelius UK,EMEA,GBP,Union Atlantic,Manual touch only,False,0
P004654,2026-01-06,AC0034,E010,Aurelius Singapore,APAC,USD,Continental Trust,Manual touch only,False,0
P004885,2026-01-06,AC0025,E007,Aurelius France,EMEA,EUR,Meridian Commercial,Manual touch only,False,0
P005242,2026-01-06,AC0040,E011,Aurelius Australia,APAC,AUD,Continental Trust,Neither priority cohort,False,0
P005261,2026-01-06,AC0005,E002,Aurelius Home US,NA,USD,Continental Trust,Manual touch only,False,0
P005262,2026-01-06,AC0029,E008,Aurelius Netherlands,EMEA,EUR,Continental Trust,Neither priority cohort,False,0
P005276,2026-01-06,AC0052,E015,Aurelius Hong Kong,APAC,HKD,Continental Trust,Neither priority cohort,False,0
P005461,2026-01-06,AC0034,E010,Aurelius Singapore,APAC,USD,Continental Trust,Neither priority cohort,False,0
P005592,2026-01-06,AC0034,E010,Aurelius Singapore,APAC,USD,Continental Trust,Manual touch + cross-border wire,False,0
P005606,2026-01-06,AC0014,E004,Aurelius Canada,NA,CAD,Union Atlantic,Neither priority cohort,False,0
P005661,2026-01-06,AC0014,E004,Aurelius Canada,NA,CAD,Union Atlantic,Neither priority cohort,False,0
P006014,2026-01-06,AC0028,E008,Aurelius Netherlands,EMEA,EUR,Meridian Commercial,Neither priority cohort,False,0
P006161,2026-01-06,AC0016,E004,Aurelius Canada,NA,CAD,Meridian Commercial,Neither priority cohort,False,0
P006351,2026-01-06,AC0025,E007,Aurelius France,EMEA,EUR,Meridian Commercial,Manual touch only,False,0
P006411,2026-01-06,AC0012,E003,Aurelius Wellness US,NA,USD,Northbridge Bank,Neither priority cohort,False,0
P006970,2026-01-06,AC0017,E005,Aurelius UK,EMEA,GBP,Union Atlantic,Manual touch only,False,0
P007056,2026-01-06,AC0053,E016,Aurelius Global Sourcing,APAC,USD,Pacific Crown,Neither priority cohort,True,46
P007083,2026-01-06,AC0044,E013,Aurelius Korea,APAC,KRW,Northbridge Bank,Manual touch only,False,0
P007208,2026-01-06,AC0006,E002,Aurelius Home US,NA,USD,Pacific Crown,Neither priority cohort,False,0
P007245,2026-01-06,AC0044,E013,Aurelius Korea,APAC,KRW,Northbridge Bank,Neither priority cohort,False,0
P007314,2026-01-06,AC0043,E012,Aurelius Japan,APAC,JPY,Union Atlantic,Manual touch only,False,0
P000034,2026-01-07,AC0026,E007,Aurelius France,EMEA,USD,Union Atlantic,Manual touch only,False,0
P000042,2026-01-07,AC0046,E013,Aurelius Korea,APAC,KRW,Union Atlantic,Manual touch only,False,0
P000157,2026-01-07,AC0033,E009,Aurelius Spain,EMEA,EUR,Meridian Commercial,Cross-border wire only,False,0
P000173,2026-01-07,AC0040,E011,Aurelius Australia,APAC,AUD,Continental Trust,Neither priority cohort,False,0
P000572,2026-01-07,AC0044,E013,Aurelius Korea,APAC,KRW,Northbridge Bank,Manual touch only,False,0
P000790,2026-01-07,AC0017,E005,Aurelius UK,EMEA,GBP,Union Atlantic,Manual touch only,False,0
P000812,2026-01-07,AC0053,E016,Aurelius Global Sourcing,APAC,USD,Pacific Crown,Neither priority cohort,True,49
P000870,2026-01-07,AC0038,E011,Aurelius Australia,APAC,USD,Pacific Crown,Neither priority cohort,False,0
P000920,2026-01-07,AC0040,E011,Aurelius Australia,APAC,AUD,Continental Trust,Neither priority cohort,False,0
P001007,2026-01-07,AC0001,E001,Aurelius Group Holdings,NA,USD,Union Atlantic,Manual touch only,False,0
P001088,2026-01-07,AC0010,E003,Aurelius Wellness US,NA,USD,Union Atlantic,Manual touch only,False,0
P001370,2026-01-07,AC0021,E006,Aurelius Germany,EMEA,EUR,Continental Trust,Manual touch only,False,0
P001422,2026-01-07,AC0021,E006,Aurelius Germany,EMEA,EUR,Continental Trust,Manual touch only,False,0
P001593,2026-01-07,AC0021,E006,Aurelius Germany,EMEA,EUR,Continental Trust,Manual touch only,True,12
P001894,2026-01-07,AC0040,E011,Aurelius Australia,APAC,AUD,Continental Trust,Manual touch only,True,64
P002660,2026-01-07,AC0044,E013,Aurelius Korea,APAC,KRW,Northbridge Bank,Neither priority cohort,False,0
P003059,2026-01-07,AC0016,E004,Aurelius Canada,NA,CAD,Meridian Commercial,Manual touch only,False,0
P003251,2026-01-07,AC0010,E003,Aurelius Wellness US,NA,USD,Union Atlantic,Neither priority cohort,False,0
P003253,2026-01-07,AC0038,E011,Aurelius Australia,APAC,USD,Pacific Crown,Neither priority cohort,False,0
P003269,2026-01-07,AC0038,E011,Aurelius Australia,APAC,USD,Pacific Crown,Cross-border wire only,True,73
P003371,2026-01-07,AC0017,E005,Aurelius UK,EMEA,GBP,Union Atlantic,Neither priority cohort,False,0
P003433,2026-01-07,AC0001,E001,Aurelius Group Holdings,NA,USD,Union Atlantic,Cross-border wire only,False,0
P003616,2026-01-07,AC0005,E002,Aurelius Home US,NA,USD,Continental Trust,Manual touch + cross-border wire,False,0
P003773,2026-01-07,AC0034,E010,Aurelius Singapore,APAC,USD,Continental Trust,Manual touch + cross-border wire,True,40
P003821,2026-01-07,AC0052,E015,Aurelius Hong Kong,APAC,HKD,Continental Trust,Manual touch only,False,0
P003967,2026-01-07,AC0039,E011,Aurelius Australia,APAC,AUD,Continental Trust,Neither priority cohort,False,0
P004054,2026-01-07,AC0050,E015,Aurelius Hong Kong,APAC,HKD,Union Atlantic,Manual touch only,False,0
P004321,2026-01-07,AC0030,E008,Aurelius Netherlands,EMEA,USD,Pacific Crown,Manual touch only,False,0
P004371,2026-01-07,AC0005,E002,Aurelius Home US,NA,USD,Continental Trust,Cross-border wire only,False,0
P004465,2026-01-07,AC0028,E008,Aurelius Netherlands,EMEA,EUR,Meridian Commercial,Neither priority cohort,False,0
P004584,2026-01-07,AC0010,E003,Aurelius Wellness US,NA,USD,Union Atlantic,Cross-border wire only,False,0
P004670,2026-01-07,AC0017,E005,Aurelius UK,EMEA,GBP,Union Atlantic,Neither priority cohort,False,0
P004821,2026-01-07,AC0054,E016,Aurelius Global Sourcing,APAC,USD,Northbridge Bank,Neither priority cohort,False,0
P004901,2026-01-07,AC0021,E006,Aurelius Germany,EMEA,EUR,Continental Trust,Manual touch only,False,0
P005104,2026-01-07,AC0017,E005,Aurelius UK,EMEA,GBP,Union Atlantic,Neither priority cohort,False,0
P005145,2026-01-07,AC0031,E009,Aurelius Spain,EMEA,USD,Meridian Commercial,Neither priority cohort,False,0
P005163,2026-01-07,AC0038,E011,Aurelius Australia,APAC,USD,Pacific Crown,Neither priority cohort,False,0
P005266,2026-01-07,AC0021,E006,Aurelius Germany,EMEA,EUR,Continental Trust,Manual touch only,False,0
P005641,2026-01-07,AC0010,E003,Aurelius Wellness US,NA,USD,Union Atlantic,Neither priority cohort,False,0
P005764,2026-01-07,AC0044,E013,Aurelius Korea,APAC,KRW,Northbridge Bank,Neither priority cohort,False,0
P005841,2026-01-07,AC0011,E003,Aurelius Wellness US,NA,USD,Continental Trust,Neither priority cohort,False,0
P005949,2026-01-07,AC0025,E007,Aurelius France,EMEA,EUR,Meridian Commercial,Manual touch only,False,0
P006134,2026-01-07,AC0034,E010,Aurelius Singapore,APAC,USD,Continental Trust,Manual touch only,True,36
P006257,2026-01-07,AC0053,E016,Aurelius Global Sourcing,APAC,USD,Pacific Crown,Neither priority cohort,False,0
P006289,2026-01-07,AC0025,E007,Aurelius France,EMEA,EUR,Meridian Commercial,Neither priority cohort,False,0
P006363,2026-01-07,AC0042,E012,Aurelius Japan,APAC,USD,Union Atlantic,Neither priority cohort,False,0
P006396,2026-01-07,AC0033,E009,Aurelius Spain,EMEA,EUR,Meridian Commercial,Neither priority cohort,False,0
P006587,2026-01-07,AC0038,E011,Aurelius Australia,APAC,USD,Pacific Crown,Manual touch only,False,0
P006764,2026-01-07,AC0041,E012,Aurelius Japan,APAC,JPY,Continental Trust,Neither priority cohort,False,0
P006821,2026-01-07,AC0047,E014,Aurelius India,APAC,INR,Meridian Commercial,Manual touch only,False,0
P006825,2026-01-07,AC0005,E002,Aurelius Home US,NA,USD,Continental Trust,Manual touch only,False,0
P006836,2026-01-07,AC0021,E006,Aurelius Germany,EMEA,EUR,Continental Trust,Manual touch only,False,0
P006886,2026-01-07,AC0033,E009,Aurelius Spain,EMEA,EUR,Meridian Commercial,Neither priority cohort,False,0
P006974,2026-01-07,AC0010,E003,Aurelius Wellness US,NA,USD,Union Atlantic,Neither priority cohort,False,0
P007003,2026-01-07,AC0007,E002,Aurelius Home US,NA,USD,Northbridge Bank,Neither priority cohort,False,0
P007087,2026-01-07,AC0011,E003,Aurelius Wellness US,NA,USD,Continental Trust,Neither priority cohort,False,0
P007155,2026-01-07,AC0053,E016,Aurelius Global Sourcing,APAC,USD,Pacific Crown,Manual touch only,False,0
P007293,2026-01-07,AC0047,E014,Aurelius India,APAC,INR,Meridian Commercial,Neither priority cohort,False,0
P007309,2026-01-07,AC0031,E009,Aurelius Spain,EMEA,USD,Meridian Commercial,Neither priority cohort,False,0
P007360,2026-01-07,AC0014,E004,Aurelius Canada,NA,CAD,Union Atlantic,Manual touch only,False,0
P007554,2026-01-07,AC0046,E013,Aurelius Korea,APAC,KRW,Union Atlantic,Manual touch only,False,0
P007555,2026-01-07,AC0028,E008,Aurelius Netherlands,EMEA,EUR,Meridian Commercial,Neither priority cohort,False,0
P000041,2026-01-08,AC0019,E005,Aurelius UK,EMEA,GBP,Union Atlantic,Neither priority cohort,False,0
P000138,2026-01-08,AC0038,E011,Aurelius Australia,APAC,USD,Pacific Crown,Neither priority cohort,False,0
P000304,2026-01-08,AC0028,E008,Aurelius Netherlands,EMEA,EUR,Meridian Commercial,Neither priority cohort,False,0
P000305,2026-01-08,AC0034,E010,Aurelius Singapore,APAC,USD,Continental Trust,Neither priority cohort,False,0
P000573,2026-01-08,AC0012,E003,Aurelius Wellness US,NA,USD,Northbridge Bank,Manual touch only,False,0
P000580,2026-01-08,AC0025,E007,Aurelius France,EMEA,EUR,Meridian Commercial,Manual touch only,False,0
P000778,2026-01-08,AC0038,E011,Aurelius Australia,APAC,USD,Pacific Crown,Cross-border wire only,False,0
P001185,2026-01-08,AC0043,E012,Aurelius Japan,APAC,JPY,Union Atlantic,Neither priority cohort,False,0
P001522,2026-01-08,AC0053,E016,Aurelius Global Sourcing,APAC,USD,Pacific Crown,Neither priority cohort,False,0
P001590,2026-01-08,AC0010,E003,Aurelius Wellness US,NA,USD,Union Atlantic,Neither priority cohort,False,0
P001756,2026-01-08,AC0043,E012,Aurelius Japan,APAC,JPY,Union Atlantic,Cross-border wire only,False,0
P001831,2026-01-08,AC0032,E009,Aurelius Spain,EMEA,EUR,Northbridge Bank,Neither priority cohort,False,0
P001867,2026-01-08,AC0007,E002,Aurelius Home US,NA,USD,Northbridge Bank,Neither priority cohort,False,0
P001884,2026-01-08,AC0021,E006,Aurelius Germany,EMEA,EUR,Continental Trust,Manual touch only,False,0
P001935,2026-01-08,AC0044,E013,Aurelius Korea,APAC,KRW,Northbridge Bank,Neither priority cohort,False,0
P002012,2026-01-08,AC0032,E009,Aurelius Spain,EMEA,EUR,Northbridge Bank,Neither priority cohort,False,0
P002041,2026-01-08,AC0029,E008,Aurelius Netherlands,EMEA,EUR,Continental Trust,Neither priority cohort,False,0
P002057,2026-01-08,AC0055,E016,Aurelius Global Sourcing,APAC,USD,Meridian Commercial,Neither priority cohort,False,0
P002284,2026-01-08,AC0013,E003,Aurelius Wellness US,NA,USD,Union Atlantic,Neither priority cohort,False,0
P002415,2026-01-08,AC0028,E008,Aurelius Netherlands,EMEA,EUR,Meridian Commercial,Neither priority cohort,False,0
P002468,2026-01-08,AC0044,E013,Aurelius Korea,APAC,KRW,Northbridge Bank,Cross-border wire only,False,0
P002618,2026-01-08,AC0049,E014,Aurelius India,APAC,USD,Pacific Crown,Neither priority cohort,False,0
P002819,2026-01-08,AC0033,E009,Aurelius Spain,EMEA,EUR,Meridian Commercial,Neither priority cohort,False,0
P003113,2026-01-08,AC0038,E011,Aurelius Australia,APAC,USD,Pacific Crown,Neither priority cohort,False,0
P003159,2026-01-08,AC0010,E003,Aurelius Wellness US,NA,USD,Union Atlantic,Neither priority cohort,False,0
P003359,2026-01-08,AC0053,E016,Aurelius Global Sourcing,APAC,USD,Pacific Crown,Manual touch only,False,0
P003484,2026-01-08,AC0036,E010,Aurelius Singapore,APAC,SGD,Continental Trust,Manual touch only,False,0
P003614,2026-01-08,AC0031,E009,Aurelius Spain,EMEA,USD,Meridian Commercial,Manual touch only,False,0
P003615,2026-01-08,AC0053,E016,Aurelius Global Sourcing,APAC,USD,Pacific Crown,Neither priority cohort,False,0
P003710,2026-01-08,AC0014,E004,Aurelius Canada,NA,CAD,Union Atlantic,Neither priority cohort,False,0
P003752,2026-01-08,AC0011,E003,Aurelius Wellness US,NA,USD,Continental Trust,Neither priority cohort,False,0
P003754,2026-01-08,AC0006,E002,Aurelius Home US,NA,USD,Pacific Crown,Neither priority cohort,False,0
P003766,2026-01-08,AC0014,E004,Aurelius Canada,NA,CAD,Union Atlantic,Neither priority cohort,True,22
P004049,2026-01-08,AC0053,E016,Aurelius Global Sourcing,APAC,USD,Pacific Crown,Manual touch + cross-border wire,False,0
P004264,2026-01-08,AC0036,E010,Aurelius Singapore,APAC,SGD,Continental Trust,Neither priority cohort,False,0
P004279,2026-01-08,AC0031,E009,Aurelius Spain,EMEA,USD,Meridian Commercial,Neither priority cohort,False,0
P004325,2026-01-08,AC0033,E009,Aurelius Spain,EMEA,EUR,Meridian Commercial,Neither priority cohort,False,0
P004375,2026-01-08,AC0038,E011,Aurelius Australia,APAC,USD,Pacific Crown,Neither priority cohort,False,0
P004611,2026-01-08,AC0010,E003,Aurelius Wellness US,NA,USD,Union Atlantic,Neither priority cohort,False,0
P004740,2026-01-08,AC0044,E013,Aurelius Korea,APAC,KRW,Northbridge Bank,Neither priority cohort,False,0
P004784,2026-01-08,AC0002,E001,Aurelius Group Holdings,NA,USD,Pacific Crown,Neither priority cohort,False,0
P004825,2026-01-08,AC0025,E007,Aurelius France,EMEA,EUR,Meridian Commercial,Neither priority cohort,False,0
P004956,2026-01-08,AC0041,E012,Aurelius Japan,APAC,JPY,Continental Trust,Manual touch only,False,0
P004968,2026-01-08,AC0007,E002,Aurelius Home US,NA,USD,Northbridge Bank,Neither priority cohort,False,0
P005189,2026-01-08,AC0025,E007,Aurelius France,EMEA,EUR,Meridian Commercial,Manual touch + cross-border wire,False,0
P005221,2026-01-08,AC0053,E016,Aurelius Global Sourcing,APAC,USD,Pacific Crown,Neither priority cohort,False,0
P005490,2026-01-08,AC0031,E009,Aurelius Spain,EMEA,USD,Meridian Commercial,Manual touch + cross-border wire,False,0
P005494,2026-01-08,AC0017,E005,Aurelius UK,EMEA,GBP,Union Atlantic,Manual touch only,False,0
P005526,2026-01-08,AC0032,E009,Aurelius Spain,EMEA,EUR,Northbridge Bank,Neither priority cohort,True,64
P005547,2026-01-08,AC0038,E011,Aurelius Australia,APAC,USD,Pacific Crown,Neither priority cohort,False,0
P005553,2026-01-08,AC0039,E011,Aurelius Australia,APAC,AUD,Continental Trust,Neither priority cohort,False,0
P005555,2026-01-08,AC0028,E008,Aurelius Netherlands,EMEA,EUR,Meridian Commercial,Neither priority cohort,False,0
P005617,2026-01-08,AC0017,E005,Aurelius UK,EMEA,GBP,Union Atlantic,Neither priority cohort,False,0
P005788,2026-01-08,AC0021,E006,Aurelius Germany,EMEA,EUR,Continental Trust,Neither priority cohort,False,0
P006054,2026-01-08,AC0014,E004,Aurelius Canada,NA,CAD,Union Atlantic,Cross-border wire only,False,0
P006070,2026-01-08,AC0032,E009,Aurelius Spain,EMEA,EUR,Northbridge Bank,Cross-border wire only,False,0
P006519,2026-01-08,AC0015,E004,Aurelius Canada,NA,CAD,Pacific Crown,Manual touch only,False,0
P006692,2026-01-08,AC0007,E002,Aurelius Home US,NA,USD,Northbridge Bank,Manual touch only,False,0
P006854,2026-01-08,AC0047,E014,Aurelius India,APAC,INR,Meridian Commercial,Neither priority cohort,False,0
P006875,2026-01-08,AC0050,E015,Aurelius Hong Kong,APAC,HKD,Union Atlantic,Manual touch only,True,69
P006918,2026-01-08,AC0026,E007,Aurelius France,EMEA,USD,Union Atlantic,Neither priority cohort,False,0
P007410,2026-01-08,AC0031,E009,Aurelius Spain,EMEA,USD,Meridian Commercial,Manual touch only,True,23
P007439,2026-01-08,AC0014,E004,Aurelius Canada,NA,CAD,Union Atlantic,Manual touch only,False,0
P000223,2026-01-09,AC0001,E001,Aurelius Group Holdings,NA,USD,Union Atlantic,Manual touch only,True,13
P000229,2026-01-09,AC0041,E012,Aurelius Japan,APAC,JPY,Continental Trust,Neither priority cohort,False,0
P000307,2026-01-09,AC0028,E008,Aurelius Netherlands,EMEA,EUR,Meridian Commercial,Neither priority cohort,False,0
P000564,2026-01-09,AC0035,E010,Aurelius Singapore,APAC,SGD,Pacific Crown,Manual touch only,False,0
P000610,2026-01-09,AC0041,E012,Aurelius Japan,APAC,JPY,Continental Trust,Neither priority cohort,False,0
P001118,2026-01-09,AC0021,E006,Aurelius Germany,EMEA,EUR,Continental Trust,Manual touch only,False,0
P001120,2026-01-09,AC0050,E015,Aurelius Hong Kong,APAC,HKD,Union Atlantic,Manual touch only,False,0
P001237,2026-01-09,AC0043,E012,Aurelius Japan,APAC,JPY,Union Atlantic,Neither priority cohort,False,0
P001481,2026-01-09,AC0014,E004,Aurelius Canada,NA,CAD,Union Atlantic,Manual touch only,False,0
P001533,2026-01-09,AC0028,E008,Aurelius Netherlands,EMEA,EUR,Meridian Commercial,Manual touch only,False,0
P001584,2026-01-09,AC0010,E003,Aurelius Wellness US,NA,USD,Union Atlantic,Manual touch only,False,0
P001914,2026-01-09,AC0033,E009,Aurelius Spain,EMEA,EUR,Meridian Commercial,Neither priority cohort,False,0
P001945,2026-01-09,AC0019,E005,Aurelius UK,EMEA,GBP,Union Atlantic,Neither priority cohort,False,0
P002159,2026-01-09,AC0047,E014,Aurelius India,APAC,INR,Meridian Commercial,Manual touch only,False,0
P002304,2026-01-09,AC0021,E006,Aurelius Germany,EMEA,EUR,Continental Trust,Neither priority cohort,False,0
P002321,2026-01-09,AC0015,E004,Aurelius Canada,NA,CAD,Pacific Crown,Manual touch only,False,0
P002342,2026-01-09,AC0038,E011,Aurelius Australia,APAC,USD,Pacific Crown,Neither priority cohort,False,0
P002463,2026-01-09,AC0047,E014,Aurelius India,APAC,INR,Meridian Commercial,Neither priority cohort,False,0
P002523,2026-01-09,AC0005,E002,Aurelius Home US,NA,USD,Continental Trust,Neither priority cohort,False,0
P002945,2026-01-09,AC0038,E011,Aurelius Australia,APAC,USD,Pacific Crown,Neither priority cohort,False,0
P003035,2026-01-09,AC0041,E012,Aurelius Japan,APAC,JPY,Continental Trust,Neither priority cohort,False,0
P003046,2026-01-09,AC0005,E002,Aurelius Home US,NA,USD,Continental Trust,Neither priority cohort,False,0
P003192,2026-01-09,AC0044,E013,Aurelius Korea,APAC,KRW,Northbridge Bank,Manual touch + cross-border wire,False,0
P003243,2026-01-09,AC0014,E004,Aurelius Canada,NA,CAD,Union Atlantic,Manual touch only,False,0
P003419,2026-01-09,AC0001,E001,Aurelius Group Holdings,NA,USD,Union Atlantic,Neither priority cohort,False,0
P003572,2026-01-09,AC0034,E010,Aurelius Singapore,APAC,USD,Continental Trust,Neither priority cohort,False,0
P003590,2026-01-09,AC0017,E005,Aurelius UK,EMEA,GBP,Union Atlantic,Neither priority cohort,False,0
P003608,2026-01-09,AC0014,E004,Aurelius Canada,NA,CAD,Union Atlantic,Neither priority cohort,False,0
P003937,2026-01-09,AC0050,E015,Aurelius Hong Kong,APAC,HKD,Union Atlantic,Manual touch only,False,0
P003939,2026-01-09,AC0002,E001,Aurelius Group Holdings,NA,USD,Pacific Crown,Neither priority cohort,False,0
P003993,2026-01-09,AC0053,E016,Aurelius Global Sourcing,APAC,USD,Pacific Crown,Manual touch only,False,0
P004004,2026-01-09,AC0001,E001,Aurelius Group Holdings,NA,USD,Union Atlantic,Neither priority cohort,False,0
P004549,2026-01-09,AC0007,E002,Aurelius Home US,NA,USD,Northbridge Bank,Neither priority cohort,True,58
P004559,2026-01-09,AC0019,E005,Aurelius UK,EMEA,GBP,Union Atlantic,Neither priority cohort,False,0
P004934,2026-01-09,AC0014,E004,Aurelius Canada,NA,CAD,Union Atlantic,Neither priority cohort,False,0
P005050,2026-01-09,AC0050,E015,Aurelius Hong Kong,APAC,HKD,Union Atlantic,Neither priority cohort,False,0
P005066,2026-01-09,AC0025,E007,Aurelius France,EMEA,EUR,Meridian Commercial,Manual touch only,False,0
P005170,2026-01-09,AC0028,E008,Aurelius Netherlands,EMEA,EUR,Meridian Commercial,Neither priority cohort,False,0
P005370,2026-01-09,AC0005,E002,Aurelius Home US,NA,USD,Continental Trust,Neither priority cohort,False,0
P005575,2026-01-09,AC0031,E009,Aurelius Spain,EMEA,USD,Meridian Commercial,Manual touch only,False,0
P005652,2026-01-09,AC0025,E007,Aurelius France,EMEA,EUR,Meridian Commercial,Neither priority cohort,False,0
P005840,2026-01-09,AC0014,E004,Aurelius Canada,NA,CAD,Union Atlantic,Neither priority cohort,False,0
P005847,2026-01-09,AC0001,E001,Aurelius Group Holdings,NA,USD,Union Atlantic,Manual touch only,False,0
P006198,2026-01-09,AC0014,E004,Aurelius Canada,NA,CAD,Union Atlantic,Neither priority cohort,True,27
P006530,2026-01-09,AC0014,E004,Aurelius Canada,NA,CAD,Union Atlantic,Neither priority cohort,False,0
P006661,2026-01-09,AC0052,E015,Aurelius Hong Kong,APAC,HKD,Continental Trust,Neither priority cohort,False,0
P006663,2026-01-09,AC0044,E013,Aurelius Korea,APAC,KRW,Northbridge Bank,Neither priority cohort,False,0
P006726,2026-01-09,AC0014,E004,Aurelius Canada,NA,CAD,Union Atlantic,Neither priority cohort,False,0
P006830,2026-01-09,AC0038,E011,Aurelius Australia,APAC,USD,Pacific Crown,Cross-border wire only,False,0
P007267,2026-01-09,AC0012,E003,Aurelius Wellness US,NA,USD,Northbridge Bank,Manual touch only,False,0
P007330,2026-01-09,AC0023,E006,Aurelius Germany,EMEA,EUR,Northbridge Bank,Neither priority cohort,False,0
P007334,2026-01-09,AC0038,E011,Aurelius Australia,APAC,USD,Pacific Crown,Neither priority cohort,False,0
P007425,2026-01-09,AC0034,E010,Aurelius Singapore,APAC,USD,Continental Trust,Manual touch only,False,0
P007448,2026-01-09,AC0033,E009,Aurelius Spain,EMEA,EUR,Meridian Commercial,Neither priority cohort,False,0
P007463,2026-01-09,AC0010,E003,Aurelius Wellness US,NA,USD,Union Atlantic,Neither priority cohort,False,0
P007585,2026-01-09,AC0046,E013,Aurelius Korea,APAC,KRW,Union Atlantic,Neither priority cohort,False,0
P000308,2026-01-12,AC0029,E008,Aurelius Netherlands,EMEA,EUR,Continental Trust,Neither priority cohort,False,0
P000356,2026-01-12,AC0044,E013,Aurelius Korea,APAC,KRW,Northbridge Bank,Neither priority cohort,False,0
P000503,2026-01-12,AC0028,E008,Aurelius Netherlands,EMEA,EUR,Meridian Commercial,Neither priority cohort,False,0
P000561,2026-01-12,AC0047,E014,Aurelius India,APAC,INR,Meridian Commercial,Neither priority cohort,False,0
P000756,2026-01-12,AC0050,E015,Aurelius Hong Kong,APAC,HKD,Union Atlantic,Neither priority cohort,False,0
P000761,2026-01-12,AC0049,E014,Aurelius India,APAC,USD,Pacific Crown,Neither priority cohort,False,0
P000803,2026-01-12,AC0031,E009,Aurelius Spain,EMEA,USD,Meridian Commercial,Manual touch only,True,51
P000820,2026-01-12,AC0025,E007,Aurelius France,EMEA,EUR,Meridian Commercial,Manual touch only,False,0
P001022,2026-01-12,AC0038,E011,Aurelius Australia,APAC,USD,Pacific Crown,Manual touch only,False,0
P001216,2026-01-12,AC0017,E005,Aurelius UK,EMEA,GBP,Union Atlantic,Neither priority cohort,False,0
P001295,2026-01-12,AC0031,E009,Aurelius Spain,EMEA,USD,Meridian Commercial,Manual touch only,False,0
P001700,2026-01-12,AC0029,E008,Aurelius Netherlands,EMEA,EUR,Continental Trust,Cross-border wire only,False,0
P001858,2026-01-12,AC0034,E010,Aurelius Singapore,APAC,USD,Continental Trust,Neither priority cohort,False,0
P001978,2026-01-12,AC0044,E013,Aurelius Korea,APAC,KRW,Northbridge Bank,Neither priority cohort,False,0
P002062,2026-01-12,AC0044,E013,Aurelius Korea,APAC,KRW,Northbridge Bank,Neither priority cohort,False,0
P002246,2026-01-12,AC0028,E008,Aurelius Netherlands,EMEA,EUR,Meridian Commercial,Neither priority cohort,False,0
P002328,2026-01-12,AC0043,E012,Aurelius Japan,APAC,JPY,Union Atlantic,Neither priority cohort,False,0
P002340,2026-01-12,AC0041,E012,Aurelius Japan,APAC,JPY,Continental Trust,Neither priority cohort,False,0
P002429,2026-01-12,AC0043,E012,Aurelius Japan,APAC,JPY,Union Atlantic,Neither priority cohort,False,0
P002467,2026-01-12,AC0030,E008,Aurelius Netherlands,EMEA,USD,Pacific Crown,Manual touch only,False,0
P002531,2026-01-12,AC0001,E001,Aurelius Group Holdings,NA,USD,Union Atlantic,Cross-border wire only,True,59
P002866,2026-01-12,AC0047,E014,Aurelius India,APAC,INR,Meridian Commercial,Manual touch only,False,0
P002965,2026-01-12,AC0045,E013,Aurelius Korea,APAC,KRW,Pacific Crown,Manual touch only,False,0
P003090,2026-01-12,AC0028,E008,Aurelius Netherlands,EMEA,EUR,Meridian Commercial,Neither priority cohort,False,0
P003169,2026-01-12,AC0014,E004,Aurelius Canada,NA,CAD,Union Atlantic,Neither priority cohort,False,0
P003182,2026-01-12,AC0031,E009,Aurelius Spain,EMEA,USD,Meridian Commercial,Neither priority cohort,False,0
P003258,2026-01-12,AC0021,E006,Aurelius Germany,EMEA,EUR,Continental Trust,Manual touch only,False,0
P003444,2026-01-12,AC0021,E006,Aurelius Germany,EMEA,EUR,Continental Trust,Manual touch only,False,0
P003472,2026-01-12,AC0052,E015,Aurelius Hong Kong,APAC,HKD,Continental Trust,Neither priority cohort,False,0
P003645,2026-01-12,AC0034,E010,Aurelius Singapore,APAC,USD,Continental Trust,Neither priority cohort,False,0
P003684,2026-01-12,AC0038,E011,Aurelius Australia,APAC,USD,Pacific Crown,Manual touch only,True,32
P003692,2026-01-12,AC0001,E001,Aurelius Group Holdings,NA,USD,Union Atlantic,Manual touch only,True,29
P003905,2026-01-12,AC0038,E011,Aurelius Australia,APAC,USD,Pacific Crown,Manual touch only,False,0
P004094,2026-01-12,AC0034,E010,Aurelius Singapore,APAC,USD,Continental Trust,Neither priority cohort,False,0
P004261,2026-01-12,AC0016,E004,Aurelius Canada,NA,CAD,Meridian Commercial,Neither priority cohort,False,0
P004352,2026-01-12,AC0050,E015,Aurelius Hong Kong,APAC,HKD,Union Atlantic,Manual touch + cross-border wire,False,0
P004354,2026-01-12,AC0014,E004,Aurelius Canada,NA,CAD,Union Atlantic,Neither priority cohort,False,0
P004489,2026-01-12,AC0001,E001,Aurelius Group Holdings,NA,USD,Union Atlantic,Neither priority cohort,True,47
P004812,2026-01-12,AC0047,E014,Aurelius India,APAC,INR,Meridian Commercial,Neither priority cohort,False,0
P004954,2026-01-12,AC0031,E009,Aurelius Spain,EMEA,USD,Meridian Commercial,Neither priority cohort,False,0
P005143,2026-01-12,AC0034,E010,Aurelius Singapore,APAC,USD,Continental Trust,Neither priority cohort,False,0
P005391,2026-01-12,AC0021,E006,Aurelius Germany,EMEA,EUR,Continental Trust,Neither priority cohort,False,0
P005477,2026-01-12,AC0028,E008,Aurelius Netherlands,EMEA,EUR,Meridian Commercial,Neither priority cohort,False,0
P005609,2026-01-12,AC0028,E008,Aurelius Netherlands,EMEA,EUR,Meridian Commercial,Neither priority cohort,False,0
P005643,2026-01-12,AC0001,E001,Aurelius Group Holdings,NA,USD,Union Atlantic,Manual touch only,True,27
P005797,2026-01-12,AC0053,E016,Aurelius Global Sourcing,APAC,USD,Pacific Crown,Manual touch only,False,0
P005804,2026-01-12,AC0050,E015,Aurelius Hong Kong,APAC,HKD,Union Atlantic,Neither priority cohort,False,0
P005815,2026-01-12,AC0047,E014,Aurelius India,APAC,INR,Meridian Commercial,Manual touch only,False,0
P006097,2026-01-12,AC0047,E014,Aurelius India,APAC,INR,Meridian Commercial,Manual touch only,False,0
P006588,2026-01-12,AC0034,E010,Aurelius Singapore,APAC,USD,Continental Trust,Manual touch only,False,0
P007062,2026-01-12,AC0028,E008,Aurelius Netherlands,EMEA,EUR,Meridian Commercial,Cross-border wire only,False,0
P007080,2026-01-12,AC0028,E008,Aurelius Netherlands,EMEA,EUR,Meridian Commercial,Neither priority cohort,False,0
P007206,2026-01-12,AC0005,E002,Aurelius Home US,NA,USD,Continental Trust,Manual touch only,True,24
P007411,2026-01-12,AC0053,E016,Aurelius Global Sourcing,APAC,USD,Pacific Crown,Cross-border wire only,False,0
P007482,2026-01-12,AC0001,E001,Aurelius Group Holdings,NA,USD,Union Atlantic,Neither priority cohort,False,0
P000001,2026-01-13,AC0038,E011,Aurelius Australia,APAC,USD,Pacific Crown,Neither priority cohort,False,0
P000459,2026-01-13,AC0048,E014,Aurelius India,APAC,INR,Continental Trust,Neither priority cohort,False,0
P000477,2026-01-13,AC0050,E015,Aurelius Hong Kong,APAC,HKD,Union Atlantic,Neither priority cohort,False,0
P000928,2026-01-13,AC0053,E016,Aurelius Global Sourcing,APAC,USD,Pacific Crown,Neither priority cohort,False,0
P001041,2026-01-13,AC0028,E008,Aurelius Netherlands,EMEA,EUR,Meridian Commercial,Manual touch only,False,0
P001043,2026-01-13,AC0014,E004,Aurelius Canada,NA,CAD,Union Atlantic,Neither priority cohort,False,0
P001073,2026-01-13,AC0031,E009,Aurelius Spain,EMEA,USD,Meridian Commercial,Manual touch + cross-border wire,False,0
P001102,2026-01-13,AC0031,E009,Aurelius Spain,EMEA,USD,Meridian Commercial,Manual touch + cross-border wire,False,0
P001269,2026-01-13,AC0050,E015,Aurelius Hong Kong,APAC,HKD,Union Atlantic,Manual touch only,True,24
P001574,2026-01-13,AC0010,E003,Aurelius Wellness US,NA,USD,Union Atlantic,Manual touch only,False,0
P001594,2026-01-13,AC0047,E014,Aurelius India,APAC,INR,Meridian Commercial,Neither priority cohort,False,0
P001690,2026-01-13,AC0053,E016,Aurelius Global Sourcing,APAC,USD,Pacific Crown,Neither priority cohort,False,0
P002040,2026-01-13,AC0017,E005,Aurelius UK,EMEA,GBP,Union Atlantic,Neither priority cohort,False,0
P002257,2026-01-13,AC0050,E015,Aurelius Hong Kong,APAC,HKD,Union Atlantic,Manual touch only,False,0
P002259,2026-01-13,AC0010,E003,Aurelius Wellness US,NA,USD,Union Atlantic,Manual touch only,False,0
P002413,2026-01-13,AC0028,E008,Aurelius Netherlands,EMEA,EUR,Meridian Commercial,Neither priority cohort,False,0
P002453,2026-01-13,AC0022,E006,Aurelius Germany,EMEA,EUR,Meridian Commercial,Neither priority cohort,False,0
P002492,2026-01-13,AC0053,E016,Aurelius Global Sourcing,APAC,USD,Pacific Crown,Neither priority cohort,False,0
P002814,2026-01-13,AC0053,E016,Aurelius Global Sourcing,APAC,USD,Pacific Crown,Neither priority cohort,False,0
P002827,2026-01-13,AC0054,E016,Aurelius Global Sourcing,APAC,USD,Northbridge Bank,Neither priority cohort,False,0
P002834,2026-01-13,AC0038,E011,Aurelius Australia,APAC,USD,Pacific Crown,Neither priority cohort,False,0
P002938,2026-01-13,AC0044,E013,Aurelius Korea,APAC,KRW,Northbridge Bank,Manual touch only,False,0
P003223,2026-01-13,AC0002,E001,Aurelius Group Holdings,NA,USD,Pacific Crown,Manual touch + cross-border wire,True,48
P003257,2026-01-13,AC0038,E011,Aurelius Australia,APAC,USD,Pacific Crown,Neither priority cohort,False,0
P003307,2026-01-13,AC0006,E002,Aurelius Home US,NA,USD,Pacific Crown,Neither priority cohort,False,0
P003662,2026-01-13,AC0012,E003,Aurelius Wellness US,NA,USD,Northbridge Bank,Neither priority cohort,False,0
P003701,2026-01-13,AC0031,E009,Aurelius Spain,EMEA,USD,Meridian Commercial,Neither priority cohort,False,0
P003780,2026-01-13,AC0026,E007,Aurelius France,EMEA,USD,Union Atlantic,Manual touch only,True,27
P004181,2026-01-13,AC0038,E011,Aurelius Australia,APAC,USD,Pacific Crown,Neither priority cohort,False,0
P004252,2026-01-13,AC0050,E015,Aurelius Hong Kong,APAC,HKD,Union Atlantic,Manual touch only,False,0
P004297,2026-01-13,AC0034,E010,Aurelius Singapore,APAC,USD,Continental Trust,Manual touch only,False,0
P004449,2026-01-13,AC0055,E016,Aurelius Global Sourcing,APAC,USD,Meridian Commercial,Neither priority cohort,False,0
P004574,2026-01-13,AC0038,E011,Aurelius Australia,APAC,USD,Pacific Crown,Manual touch only,False,0
P004630,2026-01-13,AC0011,E003,Aurelius Wellness US,NA,USD,Continental Trust,Neither priority cohort,False,0
P004753,2026-01-13,AC0014,E004,Aurelius Canada,NA,CAD,Union Atlantic,Neither priority cohort,False,0
P004962,2026-01-13,AC0028,E008,Aurelius Netherlands,EMEA,EUR,Meridian Commercial,Neither priority cohort,False,0
P005136,2026-01-13,AC0034,E010,Aurelius Singapore,APAC,USD,Continental Trust,Cross-border wire only,False,0
P005305,2026-01-13,AC0028,E008,Aurelius Netherlands,EMEA,EUR,Meridian Commercial,Manual touch + cross-border wire,False,0
P005481,2026-01-13,AC0025,E007,Aurelius France,EMEA,EUR,Meridian Commercial,Manual touch only,False,0
P005598,2026-01-13,AC0010,E003,Aurelius Wellness US,NA,USD,Union Atlantic,Manual touch only,False,0
P005657,2026-01-13,AC0028,E008,Aurelius Netherlands,EMEA,EUR,Meridian Commercial,Neither priority cohort,False,0
P005718,2026-01-13,AC0047,E014,Aurelius India,APAC,INR,Meridian Commercial,Neither priority cohort,False,0
P005722,2026-01-13,AC0010,E003,Aurelius Wellness US,NA,USD,Union Atlantic,Neither priority cohort,False,0
P005886,2026-01-13,AC0007,E002,Aurelius Home US,NA,USD,Northbridge Bank,Manual touch only,False,0
P006007,2026-01-13,AC0045,E013,Aurelius Korea,APAC,KRW,Pacific Crown,Manual touch only,False,0
P006207,2026-01-13,AC0038,E011,Aurelius Australia,APAC,USD,Pacific Crown,Neither priority cohort,False,0
P006302,2026-01-13,AC0005,E002,Aurelius Home US,NA,USD,Continental Trust,Neither priority cohort,False,0
P006370,2026-01-13,AC0041,E012,Aurelius Japan,APAC,JPY,Continental Trust,Neither priority cohort,False,0
P006544,2026-01-13,AC0041,E012,Aurelius Japan,APAC,JPY,Continental Trust,Neither priority cohort,False,0
P006622,2026-01-13,AC0038,E011,Aurelius Australia,APAC,USD,Pacific Crown,Neither priority cohort,False,0
P006670,2026-01-13,AC0005,E002,Aurelius Home US,NA,USD,Continental Trust,Neither priority cohort,False,0
P006905,2026-01-13,AC0023,E006,Aurelius Germany,EMEA,EUR,Northbridge Bank,Manual touch only,False,0
P006922,2026-01-13,AC0025,E007,Aurelius France,EMEA,EUR,Meridian Commercial,Manual touch only,True,43
P007028,2026-01-13,AC0029,E008,Aurelius Netherlands,EMEA,EUR,Continental Trust,Neither priority cohort,False,0
P007185,2026-01-13,AC0041,E012,Aurelius Japan,APAC,JPY,Continental Trust,Cross-border wire only,False,0
P007279,2026-01-13,AC0018,E005,Aurelius UK,EMEA,GBP,Union Atlantic,Neither priority cohort,False,0
P007438,2026-01-13,AC0012,E003,Aurelius Wellness US,NA,USD,Northbridge Bank,Neither priority cohort,False,0
P007550,2026-01-13,AC0002,E001,Aurelius Group Holdings,NA,USD,Pacific Crown,Neither priority cohort,False,0
P007571,2026-01-13,AC0005,E002,Aurelius Home US,NA,USD,Continental Trust,Neither priority cohort,False,0
P007597,2026-01-13,AC0015,E004,Aurelius Canada,NA,CAD,Pacific Crown,Manual touch only,False,0
P000082,2026-01-14,AC0044,E013,Aurelius Korea,APAC,KRW,Northbridge Bank,Neither priority cohort,False,0
P000231,2026-01-14,AC0014,E004,Aurelius Canada,NA,CAD,Union Atlantic,Neither priority cohort,False,0
P000397,2026-01-14,AC0025,E007,Aurelius France,EMEA,EUR,Meridian Commercial,Manual touch only,True,44
P000428,2026-01-14,AC0044,E013,Aurelius Korea,APAC,KRW,Northbridge Bank,Neither priority cohort,False,0
P000824,2026-01-14,AC0049,E014,Aurelius India,APAC,USD,Pacific Crown,Neither priority cohort,False,0
P000866,2026-01-14,AC0032,E009,Aurelius Spain,EMEA,EUR,Northbridge Bank,Manual touch only,False,0
P001020,2026-01-14,AC0040,E011,Aurelius Australia,APAC,AUD,Continental Trust,Neither priority cohort,True,45
P001355,2026-01-14,AC0050,E015,Aurelius Hong Kong,APAC,HKD,Union Atlantic,Neither priority cohort,False,0
P001384,2026-01-14,AC0017,E005,Aurelius UK,EMEA,GBP,Union Atlantic,Manual touch only,False,0
P001418,2026-01-14,AC0038,E011,Aurelius Australia,APAC,USD,Pacific Crown,Neither priority cohort,False,0
P001682,2026-01-14,AC0017,E005,Aurelius UK,EMEA,GBP,Union Atlantic,Neither priority cohort,False,0
P002250,2026-01-14,AC0033,E009,Aurelius Spain,EMEA,EUR,Meridian Commercial,Neither priority cohort,False,0
P002335,2026-01-14,AC0035,E010,Aurelius Singapore,APAC,SGD,Pacific Crown,Manual touch only,False,0
P002470,2026-01-14,AC0044,E013,Aurelius Korea,APAC,KRW,Northbridge Bank,Manual touch only,False,0
P002485,2026-01-14,AC0021,E006,Aurelius Germany,EMEA,EUR,Continental Trust,Neither priority cohort,False,0
P002488,2026-01-14,AC0034,E010,Aurelius Singapore,APAC,USD,Continental Trust,Manual touch only,False,0
P002578,2026-01-14,AC0028,E008,Aurelius Netherlands,EMEA,EUR,Meridian Commercial,Neither priority cohort,True,62
P002899,2026-01-14,AC0017,E005,Aurelius UK,EMEA,GBP,Union Atlantic,Manual touch only,False,0
P002986,2026-01-14,AC0014,E004,Aurelius Canada,NA,CAD,Union Atlantic,Neither priority cohort,False,0
P002987,2026-01-14,AC0050,E015,Aurelius Hong Kong,APAC,HKD,Union Atlantic,Manual touch only,False,0
P003582,2026-01-14,AC0047,E014,Aurelius India,APAC,INR,Meridian Commercial,Neither priority cohort,False,0
P004044,2026-01-14,AC0030,E008,Aurelius Netherlands,EMEA,USD,Pacific Crown,Manual touch + cross-border wire,False,0
P004062,2026-01-14,AC0008,E002,Aurelius Home US,NA,USD,Pacific Crown,Neither priority cohort,False,0
P004093,2026-01-14,AC0030,E008,Aurelius Netherlands,EMEA,USD,Pacific Crown,Neither priority cohort,False,0
P004126,2026-01-14,AC0035,E010,Aurelius Singapore,APAC,SGD,Pacific Crown,Neither priority cohort,False,0
P004383,2026-01-14,AC0053,E016,Aurelius Global Sourcing,APAC,USD,Pacific Crown,Neither priority cohort,False,0
P004700,2026-01-14,AC0014,E004,Aurelius Canada,NA,CAD,Union Atlantic,Neither priority cohort,False,0
P004774,2026-01-14,AC0017,E005,Aurelius UK,EMEA,GBP,Union Atlantic,Neither priority cohort,False,0
P004816,2026-01-14,AC0014,E004,Aurelius Canada,NA,CAD,Union Atlantic,Neither priority cohort,False,0
P004886,2026-01-14,AC0030,E008,Aurelius Netherlands,EMEA,USD,Pacific Crown,Neither priority cohort,False,0
P004899,2026-01-14,AC0047,E014,Aurelius India,APAC,INR,Meridian Commercial,Neither priority cohort,False,0
P005123,2026-01-14,AC0041,E012,Aurelius Japan,APAC,JPY,Continental Trust,Neither priority cohort,False,0
P005146,2026-01-14,AC0015,E004,Aurelius Canada,NA,CAD,Pacific Crown,Manual touch only,False,0
P005159,2026-01-14,AC0010,E003,Aurelius Wellness US,NA,USD,Union Atlantic,Manual touch only,False,0
P005182,2026-01-14,AC0047,E014,Aurelius India,APAC,INR,Meridian Commercial,Neither priority cohort,False,0
P005784,2026-01-14,AC0014,E004,Aurelius Canada,NA,CAD,Union Atlantic,Neither priority cohort,False,0
P005799,2026-01-14,AC0031,E009,Aurelius Spain,EMEA,USD,Meridian Commercial,Manual touch only,True,38
P005892,2026-01-14,AC0053,E016,Aurelius Global Sourcing,APAC,USD,Pacific Crown,Neither priority cohort,False,0
P006029,2026-01-14,AC0050,E015,Aurelius Hong Kong,APAC,HKD,Union Atlantic,Neither priority cohort,False,0
P006034,2026-01-14,AC0047,E014,Aurelius India,APAC,INR,Meridian Commercial,Neither priority cohort,False,0
P006093,2026-01-14,AC0017,E005,Aurelius UK,EMEA,GBP,Union Atlantic,Manual touch + cross-border wire,False,0
P006292,2026-01-14,AC0014,E004,Aurelius Canada,NA,CAD,Union Atlantic,Manual touch only,False,0
P006584,2026-01-14,AC0020,E005,Aurelius UK,EMEA,GBP,Meridian Commercial,Neither priority cohort,False,0
P006756,2026-01-14,AC0015,E004,Aurelius Canada,NA,CAD,Pacific Crown,Neither priority cohort,False,0
P006883,2026-01-14,AC0032,E009,Aurelius Spain,EMEA,EUR,Northbridge Bank,Neither priority cohort,False,0
P006986,2026-01-14,AC0039,E011,Aurelius Australia,APAC,AUD,Continental Trust,Neither priority cohort,False,0
P007176,2026-01-14,AC0047,E014,Aurelius India,APAC,INR,Meridian Commercial,Cross-border wire only,False,0
P007232,2026-01-14,AC0010,E003,Aurelius Wellness US,NA,USD,Union Atlantic,Neither priority cohort,False,0
P007402,2026-01-14,AC0035,E010,Aurelius Singapore,APAC,SGD,Pacific Crown,Neither priority cohort,False,0
P000003,2026-01-15,AC0034,E010,Aurelius Singapore,APAC,USD,Continental Trust,Neither priority cohort,False,0
P000117,2026-01-15,AC0017,E005,Aurelius UK,EMEA,GBP,Union Atlantic,Manual touch only,False,0
P000163,2026-01-15,AC0035,E010,Aurelius Singapore,APAC,SGD,Pacific Crown,Neither priority cohort,False,0
P000347,2026-01-15,AC0025,E007,Aurelius France,EMEA,EUR,Meridian Commercial,Manual touch only,False,0
P000387,2026-01-15,AC0041,E012,Aurelius Japan,APAC,JPY,Continental Trust,Neither priority cohort,False,0
P000480,2026-01-15,AC0032,E009,Aurelius Spain,EMEA,EUR,Northbridge Bank,Neither priority cohort,False,0
P000662,2026-01-15,AC0050,E015,Aurelius Hong Kong,APAC,HKD,Union Atlantic,Neither priority cohort,False,0
P000749,2026-01-15,AC0044,E013,Aurelius Korea,APAC,KRW,Northbridge Bank,Manual touch only,False,0
P001233,2026-01-15,AC0012,E003,Aurelius Wellness US,NA,USD,Northbridge Bank,Neither priority cohort,False,0
P001326,2026-01-15,AC0053,E016,Aurelius Global Sourcing,APAC,USD,Pacific Crown,Neither priority cohort,False,0
P001427,2026-01-15,AC0053,E016,Aurelius Global Sourcing,APAC,USD,Pacific Crown,Neither priority cohort,False,0
P001509,2026-01-15,AC0010,E003,Aurelius Wellness US,NA,USD,Union Atlantic,Neither priority cohort,False,0
P001599,2026-01-15,AC0047,E014,Aurelius India,APAC,INR,Meridian Commercial,Manual touch only,False,0
P001655,2026-01-15,AC0032,E009,Aurelius Spain,EMEA,EUR,Northbridge Bank,Neither priority cohort,False,0
P001663,2026-01-15,AC0044,E013,Aurelius Korea,APAC,KRW,Northbridge Bank,Manual touch only,False,0
P001745,2026-01-15,AC0014,E004,Aurelius Canada,NA,CAD,Union Atlantic,Neither priority cohort,False,0
P001820,2026-01-15,AC0041,E012,Aurelius Japan,APAC,JPY,Continental Trust,Neither priority cohort,False,0
P001973,2026-01-15,AC0038,E011,Aurelius Australia,APAC,USD,Pacific Crown,Neither priority cohort,False,0
P002090,2026-01-15,AC0001,E001,Aurelius Group Holdings,NA,USD,Union Atlantic,Neither priority cohort,False,0
P002118,2026-01-15,AC0025,E007,Aurelius France,EMEA,EUR,Meridian Commercial,Neither priority cohort,False,0
P002790,2026-01-15,AC0021,E006,Aurelius Germany,EMEA,EUR,Continental Trust,Neither priority cohort,False,0
P003052,2026-01-15,AC0044,E013,Aurelius Korea,APAC,KRW,Northbridge Bank,Neither priority cohort,False,0
P003115,2026-01-15,AC0010,E003,Aurelius Wellness US,NA,USD,Union Atlantic,Manual touch only,False,0
P003148,2026-01-15,AC0031,E009,Aurelius Spain,EMEA,USD,Meridian Commercial,Manual touch only,True,14
P003215,2026-01-15,AC0025,E007,Aurelius France,EMEA,EUR,Meridian Commercial,Manual touch only,False,0
P003346,2026-01-15,AC0001,E001,Aurelius Group Holdings,NA,USD,Union Atlantic,Manual touch only,False,0
P003674,2026-01-15,AC0038,E011,Aurelius Australia,APAC,USD,Pacific Crown,Manual touch only,False,0
P003761,2026-01-15,AC0053,E016,Aurelius Global Sourcing,APAC,USD,Pacific Crown,Neither priority cohort,False,0
P003789,2026-01-15,AC0050,E015,Aurelius Hong Kong,APAC,HKD,Union Atlantic,Manual touch + cross-border wire,False,0
P003980,2026-01-15,AC0044,E013,Aurelius Korea,APAC,KRW,Northbridge Bank,Neither priority cohort,False,0
P004055,2026-01-15,AC0005,E002,Aurelius Home US,NA,USD,Continental Trust,Neither priority cohort,False,0
P004200,2026-01-15,AC0049,E014,Aurelius India,APAC,USD,Pacific Crown,Neither priority cohort,False,0
P004223,2026-01-15,AC0050,E015,Aurelius Hong Kong,APAC,HKD,Union Atlantic,Neither priority cohort,False,0
P004595,2026-01-15,AC0054,E016,Aurelius Global Sourcing,APAC,USD,Northbridge Bank,Neither priority cohort,False,0
P004697,2026-01-15,AC0055,E016,Aurelius Global Sourcing,APAC,USD,Meridian Commercial,Neither priority cohort,False,0
P004923,2026-01-15,AC0025,E007,Aurelius France,EMEA,EUR,Meridian Commercial,Neither priority cohort,False,0
P004959,2026-01-15,AC0021,E006,Aurelius Germany,EMEA,EUR,Continental Trust,Manual touch only,False,0
P005067,2026-01-15,AC0053,E016,Aurelius Global Sourcing,APAC,USD,Pacific Crown,Manual touch + cross-border wire,False,0
P005138,2026-01-15,AC0001,E001,Aurelius Group Holdings,NA,USD,Union Atlantic,Manual touch only,False,0
P005225,2026-01-15,AC0016,E004,Aurelius Canada,NA,CAD,Meridian Commercial,Manual touch only,False,0
P005388,2026-01-15,AC0025,E007,Aurelius France,EMEA,EUR,Meridian Commercial,Manual touch only,False,0
P005614,2026-01-15,AC0047,E014,Aurelius India,APAC,INR,Meridian Commercial,Neither priority cohort,False,0
P005628,2026-01-15,AC0047,E014,Aurelius India,APAC,INR,Meridian Commercial,Manual touch only,False,0
P005699,2026-01-15,AC0007,E002,Aurelius Home US,NA,USD,Northbridge Bank,Neither priority cohort,False,0
P005774,2026-01-15,AC0034,E010,Aurelius Singapore,APAC,USD,Continental Trust,Cross-border wire only,False,0
P005888,2026-01-15,AC0028,E008,Aurelius Netherlands,EMEA,EUR,Meridian Commercial,Neither priority cohort,False,0
P006150,2026-01-15,AC0022,E006,Aurelius Germany,EMEA,EUR,Meridian Commercial,Manual touch only,False,0
P006195,2026-01-15,AC0021,E006,Aurelius Germany,EMEA,EUR,Continental Trust,Neither priority cohort,False,0
P006308,2026-01-15,AC0010,E003,Aurelius Wellness US,NA,USD,Union Atlantic,Manual touch only,False,0
P006337,2026-01-15,AC0050,E015,Aurelius Hong Kong,APAC,HKD,Union Atlantic,Neither priority cohort,False,0
P006449,2026-01-15,AC0040,E011,Aurelius Australia,APAC,AUD,Continental Trust,Manual touch only,False,0
P006535,2026-01-15,AC0038,E011,Aurelius Australia,APAC,USD,Pacific Crown,Manual touch only,True,63
P006766,2026-01-15,AC0052,E015,Aurelius Hong Kong,APAC,HKD,Continental Trust,Neither priority cohort,False,0
P006835,2026-01-15,AC0038,E011,Aurelius Australia,APAC,USD,Pacific Crown,Neither priority cohort,False,0
P007051,2026-01-15,AC0047,E014,Aurelius India,APAC,INR,Meridian Commercial,Neither priority cohort,False,0
P007052,2026-01-15,AC0053,E016,Aurelius Global Sourcing,APAC,USD,Pacific Crown,Neither priority cohort,False,0
P007120,2026-01-15,AC0055,E016,Aurelius Global Sourcing,APAC,USD,Meridian Commercial,Neither priority cohort,False,0
P007182,2026-01-15,AC0038,E011,Aurelius Australia,APAC,USD,Pacific Crown,Neither priority cohort,False,0
P007184,2026-01-15,AC0047,E014,Aurelius India,APAC,INR,Meridian Commercial,Neither priority cohort,False,0
P007197,2026-01-15,AC0055,E016,Aurelius Global Sourcing,APAC,USD,Meridian Commercial,Manual touch only,True,17
P007209,2026-01-15,AC0053,E016,Aurelius Global Sourcing,APAC,USD,Pacific Crown,Neither priority cohort,False,0
P007395,2026-01-15,AC0053,E016,Aurelius Global Sourcing,APAC,USD,Pacific Crown,Neither priority cohort,False,0
P007490,2026-01-15,AC0028,E008,Aurelius Netherlands,EMEA,EUR,Meridian Commercial,Neither priority cohort,False,0
P007502,2026-01-15,AC0028,E008,Aurelius Netherlands,EMEA,EUR,Meridian Commercial,Cross-border wire only,False,0
P000504,2026-01-16,AC0053,E016,Aurelius Global Sourcing,APAC,USD,Pacific Crown,Neither priority cohort,False,0
P001236,2026-01-16,AC0047,E014,Aurelius India,APAC,INR,Meridian Commercial,Manual touch only,False,0
P001394,2026-01-16,AC0053,E016,Aurelius Global Sourcing,APAC,USD,Pacific Crown,Manual touch only,False,0
P001485,2026-01-16,AC0041,E012,Aurelius Japan,APAC,JPY,Continental Trust,Neither priority cohort,False,0
P001553,2026-01-16,AC0010,E003,Aurelius Wellness US,NA,USD,Union Atlantic,Neither priority cohort,False,0
P001699,2026-01-16,AC0031,E009,Aurelius Spain,EMEA,USD,Meridian Commercial,Manual touch + cross-border wire,True,15
P002318,2026-01-16,AC0051,E015,Aurelius Hong Kong,APAC,HKD,Pacific Crown,Neither priority cohort,False,0
P002371,2026-01-16,AC0010,E003,Aurelius Wellness US,NA,USD,Union Atlantic,Neither priority cohort,False,0
P002374,2026-01-16,AC0028,E008,Aurelius Netherlands,EMEA,EUR,Meridian Commercial,Neither priority cohort,True,57
P002729,2026-01-16,AC0021,E006,Aurelius Germany,EMEA,EUR,Continental Trust,Manual touch only,False,0
P002830,2026-01-16,AC0041,E012,Aurelius Japan,APAC,JPY,Continental Trust,Manual touch only,False,0
P002856,2026-01-16,AC0025,E007,Aurelius France,EMEA,EUR,Meridian Commercial,Neither priority cohort,False,0
P004341,2026-01-16,AC0005,E002,Aurelius Home US,NA,USD,Continental Trust,Neither priority cohort,False,0
P004370,2026-01-16,AC0034,E010,Aurelius Singapore,APAC,USD,Continental Trust,Manual touch only,False,0
P004404,2026-01-16,AC0042,E012,Aurelius Japan,APAC,USD,Union Atlantic,Neither priority cohort,False,0
P004431,2026-01-16,AC0010,E003,Aurelius Wellness US,NA,USD,Union Atlantic,Neither priority cohort,True,66
P004472,2026-01-16,AC0021,E006,Aurelius Germany,EMEA,EUR,Continental Trust,Manual touch only,False,0
P004642,2026-01-16,AC0001,E001,Aurelius Group Holdings,NA,USD,Union Atlantic,Manual touch only,False,0
P004727,2026-01-16,AC0034,E010,Aurelius Singapore,APAC,USD,Continental Trust,Manual touch only,False,0
P004788,2026-01-16,AC0050,E015,Aurelius Hong Kong,APAC,HKD,Union Atlantic,Manual touch only,False,0
P004789,2026-01-16,AC0046,E013,Aurelius Korea,APAC,KRW,Union Atlantic,Manual touch only,False,0
P004932,2026-01-16,AC0025,E007,Aurelius France,EMEA,EUR,Meridian Commercial,Manual touch only,False,0
P004951,2026-01-16,AC0038,E011,Aurelius Australia,APAC,USD,Pacific Crown,Neither priority cohort,False,0
P005035,2026-01-16,AC0020,E005,Aurelius UK,EMEA,GBP,Meridian Commercial,Manual touch only,False,0
P005039,2026-01-16,AC0005,E002,Aurelius Home US,NA,USD,Continental Trust,Manual touch only,False,0
P005045,2026-01-16,AC0044,E013,Aurelius Korea,APAC,KRW,Northbridge Bank,Neither priority cohort,False,0
P005046,2026-01-16,AC0042,E012,Aurelius Japan,APAC,USD,Union Atlantic,Neither priority cohort,False,0
P005183,2026-01-16,AC0049,E014,Aurelius India,APAC,USD,Pacific Crown,Neither priority cohort,False,0
P005413,2026-01-16,AC0016,E004,Aurelius Canada,NA,CAD,Meridian Commercial,Neither priority cohort,False,0
P005449,2026-01-16,AC0014,E004,Aurelius Canada,NA,CAD,Union Atlantic,Neither priority cohort,False,0
P005491,2026-01-16,AC0005,E002,Aurelius Home US,NA,USD,Continental Trust,Neither priority cohort,False,0
P005516,2026-01-16,AC0053,E016,Aurelius Global Sourcing,APAC,USD,Pacific Crown,Neither priority cohort,False,0
P005540,2026-01-16,AC0015,E004,Aurelius Canada,NA,CAD,Pacific Crown,Neither priority cohort,False,0
P005644,2026-01-16,AC0005,E002,Aurelius Home US,NA,USD,Continental Trust,Neither priority cohort,False,0
P005691,2026-01-16,AC0044,E013,Aurelius Korea,APAC,KRW,Northbridge Bank,Neither priority cohort,False,0
P005700,2026-01-16,AC0021,E006,Aurelius Germany,EMEA,EUR,Continental Trust,Neither priority cohort,False,0
P005709,2026-01-16,AC0044,E013,Aurelius Korea,APAC,KRW,Northbridge Bank,Neither priority cohort,False,0
P005907,2026-01-16,AC0005,E002,Aurelius Home US,NA,USD,Continental Trust,Neither priority cohort,False,0
P005908,2026-01-16,AC0047,E014,Aurelius India,APAC,INR,Meridian Commercial,Manual touch only,True,38
P006015,2026-01-16,AC0014,E004,Aurelius Canada,NA,CAD,Union Atlantic,Manual touch only,False,0
P006265,2026-01-16,AC0034,E010,Aurelius Singapore,APAC,USD,Continental Trust,Neither priority cohort,False,0
P006475,2026-01-16,AC0012,E003,Aurelius Wellness US,NA,USD,Northbridge Bank,Manual touch only,True,67
P006532,2026-01-16,AC0017,E005,Aurelius UK,EMEA,GBP,Union Atlantic,Neither priority cohort,False,0
P006619,2026-01-16,AC0018,E005,Aurelius UK,EMEA,GBP,Union Atlantic,Manual touch only,False,0
P006628,2026-01-16,AC0029,E008,Aurelius Netherlands,EMEA,EUR,Continental Trust,Neither priority cohort,False,0
P006754,2026-01-16,AC0050,E015,Aurelius Hong Kong,APAC,HKD,Union Atlantic,Neither priority cohort,False,0
P006773,2026-01-16,AC0044,E013,Aurelius Korea,APAC,KRW,Northbridge Bank,Neither priority cohort,False,0
P006812,2026-01-16,AC0034,E010,Aurelius Singapore,APAC,USD,Continental Trust,Manual touch only,True,50
P006857,2026-01-16,AC0028,E008,Aurelius Netherlands,EMEA,EUR,Meridian Commercial,Neither priority cohort,False,0
P006860,2026-01-16,AC0005,E002,Aurelius Home US,NA,USD,Continental Trust,Neither priority cohort,False,0
P006879,2026-01-16,AC0010,E003,Aurelius Wellness US,NA,USD,Union Atlantic,Neither priority cohort,False,0
P007141,2026-01-16,AC0019,E005,Aurelius UK,EMEA,GBP,Union Atlantic,Neither priority cohort,False,0
P007294,2026-01-16,AC0019,E005,Aurelius UK,EMEA,GBP,Union Atlantic,Neither priority cohort,False,0
P007364,2026-01-16,AC0028,E008,Aurelius Netherlands,EMEA,EUR,Meridian Commercial,Manual touch + cross-border wire,True,66
P007455,2026-01-16,AC0038,E011,Aurelius Australia,APAC,USD,Pacific Crown,Neither priority cohort,False,0
P007541,2026-01-16,AC0001,E001,Aurelius Group Holdings,NA,USD,Union Atlantic,Neither priority cohort,False,0
P007552,2026-01-16,AC0021,E006,Aurelius Germany,EMEA,EUR,Continental Trust,Manual touch + cross-border wire,False,0
P000133,2026-01-19,AC0043,E012,Aurelius Japan,APAC,JPY,Union Atlantic,Neither priority cohort,False,0
P000381,2026-01-19,AC0046,E013,Aurelius Korea,APAC,KRW,Union Atlantic,Neither priority cohort,False,0
P000462,2026-01-19,AC0017,E005,Aurelius UK,EMEA,GBP,Union Atlantic,Neither priority cohort,False,0
P000479,2026-01-19,AC0045,E013,Aurelius Korea,APAC,KRW,Pacific Crown,Neither priority cohort,False,0
P000634,2026-01-19,AC0005,E002,Aurelius Home US,NA,USD,Continental Trust,Neither priority cohort,False,0
P000658,2026-01-19,AC0014,E004,Aurelius Canada,NA,CAD,Union Atlantic,Neither priority cohort,False,0
P000708,2026-01-19,AC0025,E007,Aurelius France,EMEA,EUR,Meridian Commercial,Neither priority cohort,False,0
P000733,2026-01-19,AC0038,E011,Aurelius Australia,APAC,USD,Pacific Crown,Neither priority cohort,True,73
P000883,2026-01-19,AC0040,E011,Aurelius Australia,APAC,AUD,Continental Trust,Neither priority cohort,False,0
P000930,2026-01-19,AC0053,E016,Aurelius Global Sourcing,APAC,USD,Pacific Crown,Neither priority cohort,False,0
P000981,2026-01-19,AC0014,E004,Aurelius Canada,NA,CAD,Union Atlantic,Manual touch only,False,0
P001471,2026-01-19,AC0010,E003,Aurelius Wellness US,NA,USD,Union Atlantic,Manual touch only,True,44
P001550,2026-01-19,AC0031,E009,Aurelius Spain,EMEA,USD,Meridian Commercial,Manual touch only,False,0
P001721,2026-01-19,AC0016,E004,Aurelius Canada,NA,CAD,Meridian Commercial,Manual touch + cross-border wire,False,0
P001909,2026-01-19,AC0001,E001,Aurelius Group Holdings,NA,USD,Union Atlantic,Manual touch only,True,18
P002014,2026-01-19,AC0053,E016,Aurelius Global Sourcing,APAC,USD,Pacific Crown,Manual touch + cross-border wire,False,0
P002403,2026-01-19,AC0041,E012,Aurelius Japan,APAC,JPY,Continental Trust,Neither priority cohort,False,0
P002445,2026-01-19,AC0014,E004,Aurelius Canada,NA,CAD,Union Atlantic,Manual touch only,False,0
P002513,2026-01-19,AC0016,E004,Aurelius Canada,NA,CAD,Meridian Commercial,Manual touch only,False,0
P002932,2026-01-19,AC0011,E003,Aurelius Wellness US,NA,USD,Continental Trust,Neither priority cohort,False,0
P002962,2026-01-19,AC0003,E001,Aurelius Group Holdings,NA,USD,Meridian Commercial,Neither priority cohort,False,0
P003295,2026-01-19,AC0047,E014,Aurelius India,APAC,INR,Meridian Commercial,Neither priority cohort,False,0
P003382,2026-01-19,AC0017,E005,Aurelius UK,EMEA,GBP,Union Atlantic,Manual touch only,False,0
P003393,2026-01-19,AC0005,E002,Aurelius Home US,NA,USD,Continental Trust,Neither priority cohort,False,0
P003642,2026-01-19,AC0028,E008,Aurelius Netherlands,EMEA,EUR,Meridian Commercial,Neither priority cohort,False,0
P004037,2026-01-19,AC0034,E010,Aurelius Singapore,APAC,USD,Continental Trust,Cross-border wire only,False,0
P004059,2026-01-19,AC0044,E013,Aurelius Korea,APAC,KRW,Northbridge Bank,Manual touch only,False,0
P004469,2026-01-19,AC0005,E002,Aurelius Home US,NA,USD,Continental Trust,Neither priority cohort,False,0
P004573,2026-01-19,AC0047,E014,Aurelius India,APAC,INR,Meridian Commercial,Cross-border wire only,False,0
P004587,2026-01-19,AC0031,E009,Aurelius Spain,EMEA,USD,Meridian Commercial,Manual touch only,False,0
P004648,2026-01-19,AC0001,E001,Aurelius Group Holdings,NA,USD,Union Atlantic,Neither priority cohort,False,0
P004756,2026-01-19,AC0029,E008,Aurelius Netherlands,EMEA,EUR,Continental Trust,Cross-border wire only,True,17
P004938,2026-01-19,AC0043,E012,Aurelius Japan,APAC,JPY,Union Atlantic,Manual touch only,False,0
P005057,2026-01-19,AC0050,E015,Aurelius Hong Kong,APAC,HKD,Union Atlantic,Manual touch only,False,0
P005121,2026-01-19,AC0055,E016,Aurelius Global Sourcing,APAC,USD,Meridian Commercial,Neither priority cohort,False,0
P005545,2026-01-19,AC0014,E004,Aurelius Canada,NA,CAD,Union Atlantic,Neither priority cohort,False,0
P005916,2026-01-19,AC0028,E008,Aurelius Netherlands,EMEA,EUR,Meridian Commercial,Manual touch only,False,0
P006055,2026-01-19,AC0031,E009,Aurelius Spain,EMEA,USD,Meridian Commercial,Neither priority cohort,False,0
P006062,2026-01-19,AC0034,E010,Aurelius Singapore,APAC,USD,Continental Trust,Neither priority cohort,False,0
P006082,2026-01-19,AC0047,E014,Aurelius India,APAC,INR,Meridian Commercial,Manual touch only,True,64
P006206,2026-01-19,AC0019,E005,Aurelius UK,EMEA,GBP,Union Atlantic,Manual touch only,False,0
P006213,2026-01-19,AC0010,E003,Aurelius Wellness US,NA,USD,Union Atlantic,Manual touch only,True,60
P006263,2026-01-19,AC0044,E013,Aurelius Korea,APAC,KRW,Northbridge Bank,Manual touch + cross-border wire,False,0
P006307,2026-01-19,AC0035,E010,Aurelius Singapore,APAC,SGD,Pacific Crown,Neither priority cohort,False,0
P006629,2026-01-19,AC0034,E010,Aurelius Singapore,APAC,USD,Continental Trust,Manual touch only,False,0
P006699,2026-01-19,AC0017,E005,Aurelius UK,EMEA,GBP,Union Atlantic,Neither priority cohort,False,0
P006706,2026-01-19,AC0001,E001,Aurelius Group Holdings,NA,USD,Union Atlantic,Neither priority cohort,False,0
P006793,2026-01-19,AC0042,E012,Aurelius Japan,APAC,USD,Union Atlantic,Neither priority cohort,False,0
P006895,2026-01-19,AC0042,E012,Aurelius Japan,APAC,USD,Union Atlantic,Neither priority cohort,False,0
P006985,2026-01-19,AC0051,E015,Aurelius Hong Kong,APAC,HKD,Pacific Crown,Neither priority cohort,False,0
P007096,2026-01-19,AC0053,E016,Aurelius Global Sourcing,APAC,USD,Pacific Crown,Neither priority cohort,False,0
P007442,2026-01-19,AC0054,E016,Aurelius Global Sourcing,APAC,USD,Northbridge Bank,Manual touch only,False,0
P007499,2026-01-19,AC0046,E013,Aurelius Korea,APAC,KRW,Union Atlantic,Neither priority cohort,False,0
P007579,2026-01-19,AC0046,E013,Aurelius Korea,APAC,KRW,Union Atlantic,Neither priority cohort,False,0
P000106,2026-01-20,AC0010,E003,Aurelius Wellness US,NA,USD,Union Atlantic,Manual touch only,False,0
P000726,2026-01-20,AC0034,E010,Aurelius Singapore,APAC,USD,Continental Trust,Neither priority cohort,False,0
P000727,2026-01-20,AC0053,E016,Aurelius Global Sourcing,APAC,USD,Pacific Crown,Neither priority cohort,False,0
P000840,2026-01-20,AC0027,E007,Aurelius France,EMEA,EUR,Pacific Crown,Neither priority cohort,False,0
P000903,2026-01-20,AC0010,E003,Aurelius Wellness US,NA,USD,Union Atlantic,Manual touch only,False,0
P001457,2026-01-20,AC0002,E001,Aurelius Group Holdings,NA,USD,Pacific Crown,Manual touch only,False,0
P001516,2026-01-20,AC0051,E015,Aurelius Hong Kong,APAC,HKD,Pacific Crown,Neither priority cohort,False,0
P001534,2026-01-20,AC0034,E010,Aurelius Singapore,APAC,USD,Continental Trust,Neither priority cohort,False,0
P001691,2026-01-20,AC0005,E002,Aurelius Home US,NA,USD,Continental Trust,Neither priority cohort,False,0
P001714,2026-01-20,AC0025,E007,Aurelius France,EMEA,EUR,Meridian Commercial,Neither priority cohort,False,0
P001738,2026-01-20,AC0050,E015,Aurelius Hong Kong,APAC,HKD,Union Atlantic,Neither priority cohort,False,0
P001932,2026-01-20,AC0050,E015,Aurelius Hong Kong,APAC,HKD,Union Atlantic,Manual touch + cross-border wire,False,0
P002140,2026-01-20,AC0027,E007,Aurelius France,EMEA,EUR,Pacific Crown,Neither priority cohort,False,0
P002378,2026-01-20,AC0010,E003,Aurelius Wellness US,NA,USD,Union Atlantic,Neither priority cohort,False,0
P002461,2026-01-20,AC0021,E006,Aurelius Germany,EMEA,EUR,Continental Trust,Manual touch only,False,0
P002748,2026-01-20,AC0035,E010,Aurelius Singapore,APAC,SGD,Pacific Crown,Neither priority cohort,False,0
P003015,2026-01-20,AC0041,E012,Aurelius Japan,APAC,JPY,Continental Trust,Neither priority cohort,False,0
P003027,2026-01-20,AC0017,E005,Aurelius UK,EMEA,GBP,Union Atlantic,Cross-border wire only,False,0
P003076,2026-01-20,AC0032,E009,Aurelius Spain,EMEA,EUR,Northbridge Bank,Neither priority cohort,False,0
P003098,2026-01-20,AC0038,E011,Aurelius Australia,APAC,USD,Pacific Crown,Neither priority cohort,False,0
P003130,2026-01-20,AC0025,E007,Aurelius France,EMEA,EUR,Meridian Commercial,Neither priority cohort,False,0
P003173,2026-01-20,AC0026,E007,Aurelius France,EMEA,USD,Union Atlantic,Neither priority cohort,False,0
P003209,2026-01-20,AC0041,E012,Aurelius Japan,APAC,JPY,Continental Trust,Neither priority cohort,False,0
P003321,2026-01-20,AC0014,E004,Aurelius Canada,NA,CAD,Union Atlantic,Manual touch only,False,0
P003367,2026-01-20,AC0041,E012,Aurelius Japan,APAC,JPY,Continental Trust,Neither priority cohort,False,0
P003374,2026-01-20,AC0034,E010,Aurelius Singapore,APAC,USD,Continental Trust,Neither priority cohort,False,0
P003424,2026-01-20,AC0016,E004,Aurelius Canada,NA,CAD,Meridian Commercial,Neither priority cohort,False,0
P003435,2026-01-20,AC0047,E014,Aurelius India,APAC,INR,Meridian Commercial,Neither priority cohort,False,0
P004121,2026-01-20,AC0021,E006,Aurelius Germany,EMEA,EUR,Continental Trust,Neither priority cohort,False,0
P004273,2026-01-20,AC0055,E016,Aurelius Global Sourcing,APAC,USD,Meridian Commercial,Manual touch only,False,0
P004483,2026-01-20,AC0021,E006,Aurelius Germany,EMEA,EUR,Continental Trust,Neither priority cohort,False,0
P004707,2026-01-20,AC0001,E001,Aurelius Group Holdings,NA,USD,Union Atlantic,Neither priority cohort,False,0
P004998,2026-01-20,AC0023,E006,Aurelius Germany,EMEA,EUR,Northbridge Bank,Cross-border wire only,False,0
P005176,2026-01-20,AC0021,E006,Aurelius Germany,EMEA,EUR,Continental Trust,Manual touch + cross-border wire,False,0
P005298,2026-01-20,AC0051,E015,Aurelius Hong Kong,APAC,HKD,Pacific Crown,Neither priority cohort,False,0
P005300,2026-01-20,AC0034,E010,Aurelius Singapore,APAC,USD,Continental Trust,Manual touch only,False,0
P005318,2026-01-20,AC0046,E013,Aurelius Korea,APAC,KRW,Union Atlantic,Manual touch only,False,0
P005376,2026-01-20,AC0052,E015,Aurelius Hong Kong,APAC,HKD,Continental Trust,Cross-border wire only,False,0
P005443,2026-01-20,AC0038,E011,Aurelius Australia,APAC,USD,Pacific Crown,Neither priority cohort,False,0
P005600,2026-01-20,AC0017,E005,Aurelius UK,EMEA,GBP,Union Atlantic,Neither priority cohort,False,0
P005752,2026-01-20,AC0034,E010,Aurelius Singapore,APAC,USD,Continental Trust,Manual touch + cross-border wire,False,0
P005785,2026-01-20,AC0045,E013,Aurelius Korea,APAC,KRW,Pacific Crown,Neither priority cohort,False,0
P005896,2026-01-20,AC0017,E005,Aurelius UK,EMEA,GBP,Union Atlantic,Cross-border wire only,False,0
P005939,2026-01-20,AC0040,E011,Aurelius Australia,APAC,AUD,Continental Trust,Manual touch only,False,0
P006121,2026-01-20,AC0054,E016,Aurelius Global Sourcing,APAC,USD,Northbridge Bank,Neither priority cohort,False,0
P006189,2026-01-20,AC0050,E015,Aurelius Hong Kong,APAC,HKD,Union Atlantic,Neither priority cohort,False,0
P006243,2026-01-20,AC0053,E016,Aurelius Global Sourcing,APAC,USD,Pacific Crown,Cross-border wire only,False,0
P006312,2026-01-20,AC0022,E006,Aurelius Germany,EMEA,EUR,Meridian Commercial,Manual touch only,False,0
P006344,2026-01-20,AC0021,E006,Aurelius Germany,EMEA,EUR,Continental Trust,Cross-border wire only,False,0
P006397,2026-01-20,AC0015,E004,Aurelius Canada,NA,CAD,Pacific Crown,Manual touch only,False,0
P006529,2026-01-20,AC0014,E004,Aurelius Canada,NA,CAD,Union Atlantic,Neither priority cohort,False,0
P006563,2026-01-20,AC0041,E012,Aurelius Japan,APAC,JPY,Continental Trust,Neither priority cohort,False,0
P006659,2026-01-20,AC0042,E012,Aurelius Japan,APAC,USD,Union Atlantic,Neither priority cohort,False,0
P006794,2026-01-20,AC0017,E005,Aurelius UK,EMEA,GBP,Union Atlantic,Neither priority cohort,False,0
P006982,2026-01-20,AC0050,E015,Aurelius Hong Kong,APAC,HKD,Union Atlantic,Neither priority cohort,False,0
P006992,2026-01-20,AC0005,E002,Aurelius Home US,NA,USD,Continental Trust,Neither priority cohort,True,57
P007093,2026-01-20,AC0013,E003,Aurelius Wellness US,NA,USD,Union Atlantic,Neither priority cohort,False,0
P007298,2026-01-20,AC0017,E005,Aurelius UK,EMEA,GBP,Union Atlantic,Manual touch only,False,0
P007447,2026-01-20,AC0005,E002,Aurelius Home US,NA,USD,Continental Trust,Manual touch only,False,0
P000024,2026-01-21,AC0043,E012,Aurelius Japan,APAC,JPY,Union Atlantic,Neither priority cohort,False,0
P000235,2026-01-21,AC0014,E004,Aurelius Canada,NA,CAD,Union Atlantic,Neither priority cohort,False,0
P000286,2026-01-21,AC0025,E007,Aurelius France,EMEA,EUR,Meridian Commercial,Manual touch only,False,0
P000478,2026-01-21,AC0033,E009,Aurelius Spain,EMEA,EUR,Meridian Commercial,Neither priority cohort,False,0
P001025,2026-01-21,AC0014,E004,Aurelius Canada,NA,CAD,Union Atlantic,Cross-border wire only,False,0
P001225,2026-01-21,AC0041,E012,Aurelius Japan,APAC,JPY,Continental Trust,Neither priority cohort,False,0
P001352,2026-01-21,AC0014,E004,Aurelius Canada,NA,CAD,Union Atlantic,Manual touch only,False,0
P001538,2026-01-21,AC0041,E012,Aurelius Japan,APAC,JPY,Continental Trust,Neither priority cohort,False,0
P001724,2026-01-21,AC0044,E013,Aurelius Korea,APAC,KRW,Northbridge Bank,Neither priority cohort,False,0
P001838,2026-01-21,AC0014,E004,Aurelius Canada,NA,CAD,Union Atlantic,Neither priority cohort,False,0
P001885,2026-01-21,AC0041,E012,Aurelius Japan,APAC,JPY,Continental Trust,Neither priority cohort,False,0
P001964,2026-01-21,AC0047,E014,Aurelius India,APAC,INR,Meridian Commercial,Neither priority cohort,False,0
P001982,2026-01-21,AC0020,E005,Aurelius UK,EMEA,GBP,Meridian Commercial,Neither priority cohort,False,0
P002045,2026-01-21,AC0028,E008,Aurelius Netherlands,EMEA,EUR,Meridian Commercial,Neither priority cohort,False,0
P002160,2026-01-21,AC0020,E005,Aurelius UK,EMEA,GBP,Meridian Commercial,Neither priority cohort,False,0
P002218,2026-01-21,AC0047,E014,Aurelius India,APAC,INR,Meridian Commercial,Manual touch + cross-border wire,False,0
P002224,2026-01-21,AC0025,E007,Aurelius France,EMEA,EUR,Meridian Commercial,Manual touch only,False,0
P002327,2026-01-21,AC0046,E013,Aurelius Korea,APAC,KRW,Union Atlantic,Neither priority cohort,False,0
P002363,2026-01-21,AC0001,E001,Aurelius Group Holdings,NA,USD,Union Atlantic,Manual touch only,False,0
P002610,2026-01-21,AC0008,E002,Aurelius Home US,NA,USD,Pacific Crown,Manual touch only,False,0
P002711,2026-01-21,AC0017,E005,Aurelius UK,EMEA,GBP,Union Atlantic,Manual touch only,False,0
P002785,2026-01-21,AC0001,E001,Aurelius Group Holdings,NA,USD,Union Atlantic,Cross-border wire only,False,0
P002838,2026-01-21,AC0049,E014,Aurelius India,APAC,USD,Pacific Crown,Neither priority cohort,False,0
P002894,2026-01-21,AC0010,E003,Aurelius Wellness US,NA,USD,Union Atlantic,Neither priority cohort,False,0
P002906,2026-01-21,AC0010,E003,Aurelius Wellness US,NA,USD,Union Atlantic,Manual touch only,True,28
P003079,2026-01-21,AC0032,E009,Aurelius Spain,EMEA,EUR,Northbridge Bank,Manual touch + cross-border wire,False,0
P003195,2026-01-21,AC0052,E015,Aurelius Hong Kong,APAC,HKD,Continental Trust,Neither priority cohort,False,0
P003245,2026-01-21,AC0031,E009,Aurelius Spain,EMEA,USD,Meridian Commercial,Neither priority cohort,True,69
P003351,2026-01-21,AC0034,E010,Aurelius Singapore,APAC,USD,Continental Trust,Neither priority cohort,False,0
P003737,2026-01-21,AC0034,E010,Aurelius Singapore,APAC,USD,Continental Trust,Manual touch only,False,0
P003751,2026-01-21,AC0007,E002,Aurelius Home US,NA,USD,Northbridge Bank,Manual touch only,True,24
P003792,2026-01-21,AC0029,E008,Aurelius Netherlands,EMEA,EUR,Continental Trust,Manual touch only,False,0
P004018,2026-01-21,AC0041,E012,Aurelius Japan,APAC,JPY,Continental Trust,Neither priority cohort,False,0
P004323,2026-01-21,AC0020,E005,Aurelius UK,EMEA,GBP,Meridian Commercial,Neither priority cohort,False,0
P004360,2026-01-21,AC0012,E003,Aurelius Wellness US,NA,USD,Northbridge Bank,Cross-border wire only,False,0
P004497,2026-01-21,AC0053,E016,Aurelius Global Sourcing,APAC,USD,Pacific Crown,Neither priority cohort,False,0
P004613,2026-01-21,AC0013,E003,Aurelius Wellness US,NA,USD,Union Atlantic,Neither priority cohort,False,0
P004634,2026-01-21,AC0027,E007,Aurelius France,EMEA,EUR,Pacific Crown,Neither priority cohort,False,0
P004793,2026-01-21,AC0003,E001,Aurelius Group Holdings,NA,USD,Meridian Commercial,Neither priority cohort,False,0
P004985,2026-01-21,AC0005,E002,Aurelius Home US,NA,USD,Continental Trust,Manual touch only,False,0
P006033,2026-01-21,AC0042,E012,Aurelius Japan,APAC,USD,Union Atlantic,Neither priority cohort,False,0
P006219,2026-01-21,AC0047,E014,Aurelius India,APAC,INR,Meridian Commercial,Neither priority cohort,False,0
P006908,2026-01-21,AC0053,E016,Aurelius Global Sourcing,APAC,USD,Pacific Crown,Neither priority cohort,False,0
P007220,2026-01-21,AC0038,E011,Aurelius Australia,APAC,USD,Pacific Crown,Neither priority cohort,False,0
P007260,2026-01-21,AC0041,E012,Aurelius Japan,APAC,JPY,Continental Trust,Neither priority cohort,False,0
P007576,2026-01-21,AC0054,E016,Aurelius Global Sourcing,APAC,USD,Northbridge Bank,Neither priority cohort,False,0
P000112,2026-01-22,AC0041,E012,Aurelius Japan,APAC,JPY,Continental Trust,Neither priority cohort,False,0
P000113,2026-01-22,AC0001,E001,Aurelius Group Holdings,NA,USD,Union Atlantic,Neither priority cohort,False,0
P000153,2026-01-22,AC0047,E014,Aurelius India,APAC,INR,Meridian Commercial,Neither priority cohort,False,0
P000166,2026-01-22,AC0041,E012,Aurelius Japan,APAC,JPY,Continental Trust,Neither priority cohort,False,0
P000339,2026-01-22,AC0038,E011,Aurelius Australia,APAC,USD,Pacific Crown,Neither priority cohort,True,70
P000579,2026-01-22,AC0007,E002,Aurelius Home US,NA,USD,Northbridge Bank,Neither priority cohort,False,0
P000731,2026-01-22,AC0038,E011,Aurelius Australia,APAC,USD,Pacific Crown,Neither priority cohort,False,0
P000798,2026-01-22,AC0053,E016,Aurelius Global Sourcing,APAC,USD,Pacific Crown,Neither priority cohort,False,0
P000817,2026-01-22,AC0026,E007,Aurelius France,EMEA,USD,Union Atlantic,Neither priority cohort,False,0
P000898,2026-01-22,AC0031,E009,Aurelius Spain,EMEA,USD,Meridian Commercial,Neither priority cohort,False,0
P001040,2026-01-22,AC0010,E003,Aurelius Wellness US,NA,USD,Union Atlantic,Neither priority cohort,False,0
P001065,2026-01-22,AC0010,E003,Aurelius Wellness US,NA,USD,Union Atlantic,Neither priority cohort,False,0
P001083,2026-01-22,AC0025,E007,Aurelius France,EMEA,EUR,Meridian Commercial,Manual touch only,True,68
P001351,2026-01-22,AC0010,E003,Aurelius Wellness US,NA,USD,Union Atlantic,Manual touch only,False,0
P001610,2026-01-22,AC0023,E006,Aurelius Germany,EMEA,EUR,Northbridge Bank,Neither priority cohort,False,0
P001645,2026-01-22,AC0047,E014,Aurelius India,APAC,INR,Meridian Commercial,Manual touch only,False,0
P001773,2026-01-22,AC0017,E005,Aurelius UK,EMEA,GBP,Union Atlantic,Neither priority cohort,False,0
P002049,2026-01-22,AC0038,E011,Aurelius Australia,APAC,USD,Pacific Crown,Manual touch only,False,0
P002194,2026-01-22,AC0035,E010,Aurelius Singapore,APAC,SGD,Pacific Crown,Neither priority cohort,True,65
P002387,2026-01-22,AC0038,E011,Aurelius Australia,APAC,USD,Pacific Crown,Neither priority cohort,False,0
P002559,2026-01-22,AC0055,E016,Aurelius Global Sourcing,APAC,USD,Meridian Commercial,Cross-border wire only,False,0
P002724,2026-01-22,AC0031,E009,Aurelius Spain,EMEA,USD,Meridian Commercial,Neither priority cohort,False,0
P002751,2026-01-22,AC0042,E012,Aurelius Japan,APAC,USD,Union Atlantic,Manual touch only,False,0
P003109,2026-01-22,AC0038,E011,Aurelius Australia,APAC,USD,Pacific Crown,Neither priority cohort,False,0
P003138,2026-01-22,AC0033,E009,Aurelius Spain,EMEA,EUR,Meridian Commercial,Manual touch only,False,0
P003320,2026-01-22,AC0005,E002,Aurelius Home US,NA,USD,Continental Trust,Neither priority cohort,True,39
P003531,2026-01-22,AC0038,E011,Aurelius Australia,APAC,USD,Pacific Crown,Manual touch only,True,53
P003568,2026-01-22,AC0034,E010,Aurelius Singapore,APAC,USD,Continental Trust,Manual touch only,False,0
P003683,2026-01-22,AC0016,E004,Aurelius Canada,NA,CAD,Meridian Commercial,Neither priority cohort,False,0
P003689,2026-01-22,AC0005,E002,Aurelius Home US,NA,USD,Continental Trust,Manual touch only,False,0
P003691,2026-01-22,AC0014,E004,Aurelius Canada,NA,CAD,Union Atlantic,Manual touch only,False,0
P003951,2026-01-22,AC0031,E009,Aurelius Spain,EMEA,USD,Meridian Commercial,Neither priority cohort,False,0
P004263,2026-01-22,AC0050,E015,Aurelius Hong Kong,APAC,HKD,Union Atlantic,Manual touch only,False,0
P004582,2026-01-22,AC0028,E008,Aurelius Netherlands,EMEA,EUR,Meridian Commercial,Manual touch + cross-border wire,False,0
P004590,2026-01-22,AC0040,E011,Aurelius Australia,APAC,AUD,Continental Trust,Neither priority cohort,False,0
P004604,2026-01-22,AC0005,E002,Aurelius Home US,NA,USD,Continental Trust,Manual touch only,False,0
P004704,2026-01-22,AC0031,E009,Aurelius Spain,EMEA,USD,Meridian Commercial,Cross-border wire only,False,0
P004915,2026-01-22,AC0008,E002,Aurelius Home US,NA,USD,Pacific Crown,Neither priority cohort,False,0
P004997,2026-01-22,AC0014,E004,Aurelius Canada,NA,CAD,Union Atlantic,Neither priority cohort,False,0
P005110,2026-01-22,AC0031,E009,Aurelius Spain,EMEA,USD,Meridian Commercial,Neither priority cohort,False,0
P005243,2026-01-22,AC0038,E011,Aurelius Australia,APAC,USD,Pacific Crown,Neither priority cohort,False,0
P005396,2026-01-22,AC0047,E014,Aurelius India,APAC,INR,Meridian Commercial,Neither priority cohort,False,0
P005409,2026-01-22,AC0025,E007,Aurelius France,EMEA,EUR,Meridian Commercial,Cross-border wire only,False,0
P005523,2026-01-22,AC0017,E005,Aurelius UK,EMEA,GBP,Union Atlantic,Neither priority cohort,False,0
P005608,2026-01-22,AC0044,E013,Aurelius Korea,APAC,KRW,Northbridge Bank,Neither priority cohort,False,0
P005755,2026-01-22,AC0034,E010,Aurelius Singapore,APAC,USD,Continental Trust,Manual touch + cross-border wire,False,0
P005813,2026-01-22,AC0031,E009,Aurelius Spain,EMEA,USD,Meridian Commercial,Neither priority cohort,False,0
P006176,2026-01-22,AC0039,E011,Aurelius Australia,APAC,AUD,Continental Trust,Neither priority cohort,False,0
P006200,2026-01-22,AC0053,E016,Aurelius Global Sourcing,APAC,USD,Pacific Crown,Neither priority cohort,False,0
P006482,2026-01-22,AC0022,E006,Aurelius Germany,EMEA,EUR,Meridian Commercial,Neither priority cohort,False,0
P006923,2026-01-22,AC0001,E001,Aurelius Group Holdings,NA,USD,Union Atlantic,Manual touch only,False,0
P006958,2026-01-22,AC0041,E012,Aurelius Japan,APAC,JPY,Continental Trust,Manual touch + cross-border wire,False,0
P007020,2026-01-22,AC0005,E002,Aurelius Home US,NA,USD,Continental Trust,Neither priority cohort,False,0
P007139,2026-01-22,AC0033,E009,Aurelius Spain,EMEA,EUR,Meridian Commercial,Neither priority cohort,False,0
P007177,2026-01-22,AC0005,E002,Aurelius Home US,NA,USD,Continental Trust,Manual touch only,False,0
P007243,2026-01-22,AC0018,E005,Aurelius UK,EMEA,GBP,Union Atlantic,Manual touch only,False,0
P007445,2026-01-22,AC0055,E016,Aurelius Global Sourcing,APAC,USD,Meridian Commercial,Manual touch only,False,0
P007481,2026-01-22,AC0027,E007,Aurelius France,EMEA,EUR,Pacific Crown,Neither priority cohort,False,0
P007529,2026-01-22,AC0050,E015,Aurelius Hong Kong,APAC,HKD,Union Atlantic,Manual touch + cross-border wire,False,0
P007599,2026-01-22,AC0050,E015,Aurelius Hong Kong,APAC,HKD,Union Atlantic,Neither priority cohort,False,0
P000078,2026-01-23,AC0053,E016,Aurelius Global Sourcing,APAC,USD,Pacific Crown,Neither priority cohort,True,72
P000125,2026-01-23,AC0025,E007,Aurelius France,EMEA,EUR,Meridian Commercial,Neither priority cohort,False,0
P000212,2026-01-23,AC0031,E009,Aurelius Spain,EMEA,USD,Meridian Commercial,Neither priority cohort,False,0
P000214,2026-01-23,AC0001,E001,Aurelius Group Holdings,NA,USD,Union Atlantic,Manual touch only,False,0
P000311,2026-01-23,AC0005,E002,Aurelius Home US,NA,USD,Continental Trust,Neither priority cohort,False,0
P000522,2026-01-23,AC0010,E003,Aurelius Wellness US,NA,USD,Union Atlantic,Manual touch only,False,0
P000569,2026-01-23,AC0005,E002,Aurelius Home US,NA,USD,Continental Trust,Cross-border wire only,True,46
P000814,2026-01-23,AC0049,E014,Aurelius India,APAC,USD,Pacific Crown,Cross-border wire only,False,0
P000905,2026-01-23,AC0010,E003,Aurelius Wellness US,NA,USD,Union Atlantic,Manual touch only,False,0
P001019,2026-01-23,AC0047,E014,Aurelius India,APAC,INR,Meridian Commercial,Neither priority cohort,False,0
P001207,2026-01-23,AC0008,E002,Aurelius Home US,NA,USD,Pacific Crown,Neither priority cohort,False,0
P001564,2026-01-23,AC0031,E009,Aurelius Spain,EMEA,USD,Meridian Commercial,Neither priority cohort,False,0
P001654,2026-01-23,AC0036,E010,Aurelius Singapore,APAC,SGD,Continental Trust,Neither priority cohort,False,0
P001778,2026-01-23,AC0025,E007,Aurelius France,EMEA,EUR,Meridian Commercial,Neither priority cohort,False,0
P001829,2026-01-23,AC0021,E006,Aurelius Germany,EMEA,EUR,Continental Trust,Neither priority cohort,False,0
P001870,2026-01-23,AC0053,E016,Aurelius Global Sourcing,APAC,USD,Pacific Crown,Neither priority cohort,False,0
P001886,2026-01-23,AC0021,E006,Aurelius Germany,EMEA,EUR,Continental Trust,Manual touch only,False,0
P001891,2026-01-23,AC0007,E002,Aurelius Home US,NA,USD,Northbridge Bank,Neither priority cohort,False,0
P001939,2026-01-23,AC0017,E005,Aurelius UK,EMEA,GBP,Union Atlantic,Manual touch only,True,31
P001965,2026-01-23,AC0012,E003,Aurelius Wellness US,NA,USD,Northbridge Bank,Cross-border wire only,False,0
P001995,2026-01-23,AC0030,E008,Aurelius Netherlands,EMEA,USD,Pacific Crown,Manual touch only,False,0
P002016,2026-01-23,AC0025,E007,Aurelius France,EMEA,EUR,Meridian Commercial,Manual touch only,False,0
P002349,2026-01-23,AC0047,E014,Aurelius India,APAC,INR,Meridian Commercial,Neither priority cohort,True,14
P002385,2026-01-23,AC0011,E003,Aurelius Wellness US,NA,USD,Continental Trust,Neither priority cohort,False,0
P002430,2026-01-23,AC0055,E016,Aurelius Global Sourcing,APAC,USD,Meridian Commercial,Manual touch only,False,0
P002527,2026-01-23,AC0014,E004,Aurelius Canada,NA,CAD,Union Atlantic,Neither priority cohort,False,0
P002891,2026-01-23,AC0019,E005,Aurelius UK,EMEA,GBP,Union Atlantic,Neither priority cohort,False,0
P002898,2026-01-23,AC0017,E005,Aurelius UK,EMEA,GBP,Union Atlantic,Manual touch + cross-border wire,False,0
P002950,2026-01-23,AC0044,E013,Aurelius Korea,APAC,KRW,Northbridge Bank,Neither priority cohort,False,0
P003047,2026-01-23,AC0053,E016,Aurelius Global Sourcing,APAC,USD,Pacific Crown,Neither priority cohort,False,0
P003219,2026-01-23,AC0036,E010,Aurelius Singapore,APAC,SGD,Continental Trust,Neither priority cohort,False,0
P003318,2026-01-23,AC0050,E015,Aurelius Hong Kong,APAC,HKD,Union Atlantic,Neither priority cohort,False,0
P003688,2026-01-23,AC0028,E008,Aurelius Netherlands,EMEA,EUR,Meridian Commercial,Neither priority cohort,False,0
P003696,2026-01-23,AC0010,E003,Aurelius Wellness US,NA,USD,Union Atlantic,Neither priority cohort,False,0
P003819,2026-01-23,AC0031,E009,Aurelius Spain,EMEA,USD,Meridian Commercial,Neither priority cohort,False,0
P004231,2026-01-23,AC0025,E007,Aurelius France,EMEA,EUR,Meridian Commercial,Neither priority cohort,False,0
P004347,2026-01-23,AC0028,E008,Aurelius Netherlands,EMEA,EUR,Meridian Commercial,Neither priority cohort,False,0
P004701,2026-01-23,AC0055,E016,Aurelius Global Sourcing,APAC,USD,Meridian Commercial,Neither priority cohort,False,0
P004759,2026-01-23,AC0005,E002,Aurelius Home US,NA,USD,Continental Trust,Cross-border wire only,False,0
P004822,2026-01-23,AC0041,E012,Aurelius Japan,APAC,JPY,Continental Trust,Manual touch + cross-border wire,False,0
P005011,2026-01-23,AC0055,E016,Aurelius Global Sourcing,APAC,USD,Meridian Commercial,Neither priority cohort,False,0
P005052,2026-01-23,AC0018,E005,Aurelius UK,EMEA,GBP,Union Atlantic,Neither priority cohort,False,0
P005131,2026-01-23,AC0017,E005,Aurelius UK,EMEA,GBP,Union Atlantic,Manual touch only,False,0
P005142,2026-01-23,AC0050,E015,Aurelius Hong Kong,APAC,HKD,Union Atlantic,Manual touch only,False,0
P005292,2026-01-23,AC0021,E006,Aurelius Germany,EMEA,EUR,Continental Trust,Manual touch only,False,0
P005316,2026-01-23,AC0003,E001,Aurelius Group Holdings,NA,USD,Meridian Commercial,Manual touch + cross-border wire,False,0
P005331,2026-01-23,AC0001,E001,Aurelius Group Holdings,NA,USD,Union Atlantic,Neither priority cohort,True,32
P005407,2026-01-23,AC0050,E015,Aurelius Hong Kong,APAC,HKD,Union Atlantic,Manual touch only,False,0
P005418,2026-01-23,AC0047,E014,Aurelius India,APAC,INR,Meridian Commercial,Neither priority cohort,False,0
P005533,2026-01-23,AC0038,E011,Aurelius Australia,APAC,USD,Pacific Crown,Neither priority cohort,False,0
P005534,2026-01-23,AC0005,E002,Aurelius Home US,NA,USD,Continental Trust,Cross-border wire only,False,0
P005565,2026-01-23,AC0050,E015,Aurelius Hong Kong,APAC,HKD,Union Atlantic,Manual touch only,True,52
P005751,2026-01-23,AC0014,E004,Aurelius Canada,NA,CAD,Union Atlantic,Neither priority cohort,False,0
P005824,2026-01-23,AC0052,E015,Aurelius Hong Kong,APAC,HKD,Continental Trust,Neither priority cohort,False,0
P006119,2026-01-23,AC0008,E002,Aurelius Home US,NA,USD,Pacific Crown,Neither priority cohort,True,52
P006162,2026-01-23,AC0021,E006,Aurelius Germany,EMEA,EUR,Continental Trust,Neither priority cohort,False,0
P006264,2026-01-23,AC0023,E006,Aurelius Germany,EMEA,EUR,Northbridge Bank,Neither priority cohort,True,22
P006470,2026-01-23,AC0031,E009,Aurelius Spain,EMEA,USD,Meridian Commercial,Manual touch + cross-border wire,False,0
P006673,2026-01-23,AC0053,E016,Aurelius Global Sourcing,APAC,USD,Pacific Crown,Manual touch only,False,0
P006694,2026-01-23,AC0053,E016,Aurelius Global Sourcing,APAC,USD,Pacific Crown,Neither priority cohort,False,0
P006843,2026-01-23,AC0031,E009,Aurelius Spain,EMEA,USD,Meridian Commercial,Manual touch only,False,0
P007142,2026-01-23,AC0021,E006,Aurelius Germany,EMEA,EUR,Continental Trust,Cross-border wire only,False,0
P007148,2026-01-23,AC0010,E003,Aurelius Wellness US,NA,USD,Union Atlantic,Neither priority cohort,False,0
P007249,2026-01-23,AC0025,E007,Aurelius France,EMEA,EUR,Meridian Commercial,Manual touch only,False,0
P007357,2026-01-23,AC0034,E010,Aurelius Singapore,APAC,USD,Continental Trust,Neither priority cohort,False,0
P007420,2026-01-23,AC0038,E011,Aurelius Australia,APAC,USD,Pacific Crown,Neither priority cohort,False,0
P007465,2026-01-23,AC0034,E010,Aurelius Singapore,APAC,USD,Continental Trust,Manual touch only,False,0
P000045,2026-01-26,AC0053,E016,Aurelius Global Sourcing,APAC,USD,Pacific Crown,Neither priority cohort,False,0
P000062,2026-01-26,AC0031,E009,Aurelius Spain,EMEA,USD,Meridian Commercial,Manual touch only,False,0
P000090,2026-01-26,AC0031,E009,Aurelius Spain,EMEA,USD,Meridian Commercial,Manual touch only,False,0
P000341,2026-01-26,AC0053,E016,Aurelius Global Sourcing,APAC,USD,Pacific Crown,Cross-border wire only,False,0
P000383,2026-01-26,AC0036,E010,Aurelius Singapore,APAC,SGD,Continental Trust,Neither priority cohort,False,0
P001114,2026-01-26,AC0005,E002,Aurelius Home US,NA,USD,Continental Trust,Neither priority cohort,False,0
P001133,2026-01-26,AC0038,E011,Aurelius Australia,APAC,USD,Pacific Crown,Neither priority cohort,False,0
P001139,2026-01-26,AC0010,E003,Aurelius Wellness US,NA,USD,Union Atlantic,Neither priority cohort,False,0
P001306,2026-01-26,AC0050,E015,Aurelius Hong Kong,APAC,HKD,Union Atlantic,Neither priority cohort,False,0
P001462,2026-01-26,AC0017,E005,Aurelius UK,EMEA,GBP,Union Atlantic,Neither priority cohort,False,0
P001470,2026-01-26,AC0010,E003,Aurelius Wellness US,NA,USD,Union Atlantic,Manual touch only,False,0
P001561,2026-01-26,AC0025,E007,Aurelius France,EMEA,EUR,Meridian Commercial,Manual touch only,False,0
P001604,2026-01-26,AC0025,E007,Aurelius France,EMEA,EUR,Meridian Commercial,Neither priority cohort,False,0
P001751,2026-01-26,AC0031,E009,Aurelius Spain,EMEA,USD,Meridian Commercial,Neither priority cohort,False,0
P001986,2026-01-26,AC0053,E016,Aurelius Global Sourcing,APAC,USD,Pacific Crown,Neither priority cohort,False,0
P002033,2026-01-26,AC0047,E014,Aurelius India,APAC,INR,Meridian Commercial,Neither priority cohort,False,0
P002081,2026-01-26,AC0041,E012,Aurelius Japan,APAC,JPY,Continental Trust,Neither priority cohort,False,0
P002174,2026-01-26,AC0010,E003,Aurelius Wellness US,NA,USD,Union Atlantic,Neither priority cohort,False,0
P002377,2026-01-26,AC0041,E012,Aurelius Japan,APAC,JPY,Continental Trust,Neither priority cohort,False,0
P002571,2026-01-26,AC0014,E004,Aurelius Canada,NA,CAD,Union Atlantic,Neither priority cohort,False,0
P002670,2026-01-26,AC0028,E008,Aurelius Netherlands,EMEA,EUR,Meridian Commercial,Neither priority cohort,False,0
P002676,2026-01-26,AC0041,E012,Aurelius Japan,APAC,JPY,Continental Trust,Neither priority cohort,False,0
P002733,2026-01-26,AC0046,E013,Aurelius Korea,APAC,KRW,Union Atlantic,Neither priority cohort,False,0
P002884,2026-01-26,AC0034,E010,Aurelius Singapore,APAC,USD,Continental Trust,Neither priority cohort,False,0
P002901,2026-01-26,AC0050,E015,Aurelius Hong Kong,APAC,HKD,Union Atlantic,Neither priority cohort,False,0
P003033,2026-01-26,AC0005,E002,Aurelius Home US,NA,USD,Continental Trust,Neither priority cohort,False,0
P003048,2026-01-26,AC0012,E003,Aurelius Wellness US,NA,USD,Northbridge Bank,Neither priority cohort,False,0
P003212,2026-01-26,AC0001,E001,Aurelius Group Holdings,NA,USD,Union Atlantic,Neither priority cohort,False,0
P003530,2026-01-26,AC0025,E007,Aurelius France,EMEA,EUR,Meridian Commercial,Neither priority cohort,False,0
P003536,2026-01-26,AC0017,E005,Aurelius UK,EMEA,GBP,Union Atlantic,Neither priority cohort,False,0
P003581,2026-01-26,AC0038,E011,Aurelius Australia,APAC,USD,Pacific Crown,Neither priority cohort,False,0
P003594,2026-01-26,AC0041,E012,Aurelius Japan,APAC,JPY,Continental Trust,Neither priority cohort,False,0
P003667,2026-01-26,AC0050,E015,Aurelius Hong Kong,APAC,HKD,Union Atlantic,Neither priority cohort,False,0
P003997,2026-01-26,AC0028,E008,Aurelius Netherlands,EMEA,EUR,Meridian Commercial,Neither priority cohort,False,0
P004025,2026-01-26,AC0031,E009,Aurelius Spain,EMEA,USD,Meridian Commercial,Neither priority cohort,False,0
P004071,2026-01-26,AC0034,E010,Aurelius Singapore,APAC,USD,Continental Trust,Neither priority cohort,False,0
P004290,2026-01-26,AC0051,E015,Aurelius Hong Kong,APAC,HKD,Pacific Crown,Cross-border wire only,True,45
P004314,2026-01-26,AC0036,E010,Aurelius Singapore,APAC,SGD,Continental Trust,Neither priority cohort,False,0
P004457,2026-01-26,AC0022,E006,Aurelius Germany,EMEA,EUR,Meridian Commercial,Neither priority cohort,False,0
P004620,2026-01-26,AC0042,E012,Aurelius Japan,APAC,USD,Union Atlantic,Neither priority cohort,False,0
P004763,2026-01-26,AC0044,E013,Aurelius Korea,APAC,KRW,Northbridge Bank,Neither priority cohort,False,0
P004843,2026-01-26,AC0050,E015,Aurelius Hong Kong,APAC,HKD,Union Atlantic,Neither priority cohort,False,0
P004943,2026-01-26,AC0041,E012,Aurelius Japan,APAC,JPY,Continental Trust,Manual touch only,False,0
P004963,2026-01-26,AC0021,E006,Aurelius Germany,EMEA,EUR,Continental Trust,Cross-border wire only,True,40
P005000,2026-01-26,AC0017,E005,Aurelius UK,EMEA,GBP,Union Atlantic,Manual touch only,False,0
P005022,2026-01-26,AC0010,E003,Aurelius Wellness US,NA,USD,Union Atlantic,Manual touch only,False,0
P005133,2026-01-26,AC0044,E013,Aurelius Korea,APAC,KRW,Northbridge Bank,Cross-border wire only,True,19
P005173,2026-01-26,AC0049,E014,Aurelius India,APAC,USD,Pacific Crown,Neither priority cohort,False,0
P005194,2026-01-26,AC0028,E008,Aurelius Netherlands,EMEA,EUR,Meridian Commercial,Neither priority cohort,False,0
P005220,2026-01-26,AC0047,E014,Aurelius India,APAC,INR,Meridian Commercial,Cross-border wire only,True,36
P005330,2026-01-26,AC0054,E016,Aurelius Global Sourcing,APAC,USD,Northbridge Bank,Neither priority cohort,False,0
P005374,2026-01-26,AC0042,E012,Aurelius Japan,APAC,USD,Union Atlantic,Neither priority cohort,False,0
P005750,2026-01-26,AC0053,E016,Aurelius Global Sourcing,APAC,USD,Pacific Crown,Manual touch only,False,0
P005790,2026-01-26,AC0010,E003,Aurelius Wellness US,NA,USD,Union Atlantic,Manual touch only,True,40
P005875,2026-01-26,AC0001,E001,Aurelius Group Holdings,NA,USD,Union Atlantic,Manual touch only,False,0
P006032,2026-01-26,AC0025,E007,Aurelius France,EMEA,EUR,Meridian Commercial,Neither priority cohort,False,0
P006227,2026-01-26,AC0005,E002,Aurelius Home US,NA,USD,Continental Trust,Neither priority cohort,False,0
P006539,2026-01-26,AC0015,E004,Aurelius Canada,NA,CAD,Pacific Crown,Neither priority cohort,False,0
P006572,2026-01-26,AC0050,E015,Aurelius Hong Kong,APAC,HKD,Union Atlantic,Neither priority cohort,False,0
P006581,2026-01-26,AC0039,E011,Aurelius Australia,APAC,AUD,Continental Trust,Manual touch only,False,0
P006610,2026-01-26,AC0031,E009,Aurelius Spain,EMEA,USD,Meridian Commercial,Neither priority cohort,False,0
P006654,2026-01-26,AC0002,E001,Aurelius Group Holdings,NA,USD,Pacific Crown,Manual touch only,False,0
P006761,2026-01-26,AC0045,E013,Aurelius Korea,APAC,KRW,Pacific Crown,Neither priority cohort,False,0
P006811,2026-01-26,AC0021,E006,Aurelius Germany,EMEA,EUR,Continental Trust,Cross-border wire only,False,0
P006878,2026-01-26,AC0051,E015,Aurelius Hong Kong,APAC,HKD,Pacific Crown,Neither priority cohort,False,0
P006901,2026-01-26,AC0017,E005,Aurelius UK,EMEA,GBP,Union Atlantic,Manual touch only,False,0
P006998,2026-01-26,AC0028,E008,Aurelius Netherlands,EMEA,EUR,Meridian Commercial,Neither priority cohort,False,0
P007252,2026-01-26,AC0014,E004,Aurelius Canada,NA,CAD,Union Atlantic,Neither priority cohort,False,0
P007460,2026-01-26,AC0010,E003,Aurelius Wellness US,NA,USD,Union Atlantic,Manual touch only,False,0
P000049,2026-01-27,AC0021,E006,Aurelius Germany,EMEA,EUR,Continental Trust,Neither priority cohort,False,0
P000262,2026-01-27,AC0020,E005,Aurelius UK,EMEA,GBP,Meridian Commercial,Neither priority cohort,False,0
P000333,2026-01-27,AC0028,E008,Aurelius Netherlands,EMEA,EUR,Meridian Commercial,Neither priority cohort,False,0
P000358,2026-01-27,AC0017,E005,Aurelius UK,EMEA,GBP,Union Atlantic,Neither priority cohort,False,0
P000505,2026-01-27,AC0050,E015,Aurelius Hong Kong,APAC,HKD,Union Atlantic,Manual touch only,False,0
P000547,2026-01-27,AC0028,E008,Aurelius Netherlands,EMEA,EUR,Meridian Commercial,Cross-border wire only,False,0
P000682,2026-01-27,AC0031,E009,Aurelius Spain,EMEA,USD,Meridian Commercial,Neither priority cohort,False,0
P001198,2026-01-27,AC0041,E012,Aurelius Japan,APAC,JPY,Continental Trust,Neither priority cohort,False,0
P001366,2026-01-27,AC0005,E002,Aurelius Home US,NA,USD,Continental Trust,Neither priority cohort,False,0
P001496,2026-01-27,AC0031,E009,Aurelius Spain,EMEA,USD,Meridian Commercial,Manual touch + cross-border wire,False,0
P001562,2026-01-27,AC0044,E013,Aurelius Korea,APAC,KRW,Northbridge Bank,Neither priority cohort,False,0
P001606,2026-01-27,AC0047,E014,Aurelius India,APAC,INR,Meridian Commercial,Manual touch only,False,0
P001900,2026-01-27,AC0019,E005,Aurelius UK,EMEA,GBP,Union Atlantic,Neither priority cohort,False,0
P002119,2026-01-27,AC0019,E005,Aurelius UK,EMEA,GBP,Union Atlantic,Manual touch only,False,0
P002286,2026-01-27,AC0014,E004,Aurelius Canada,NA,CAD,Union Atlantic,Neither priority cohort,False,0
P002309,2026-01-27,AC0003,E001,Aurelius Group Holdings,NA,USD,Meridian Commercial,Neither priority cohort,True,26
P002358,2026-01-27,AC0010,E003,Aurelius Wellness US,NA,USD,Union Atlantic,Manual touch only,False,0
P002475,2026-01-27,AC0053,E016,Aurelius Global Sourcing,APAC,USD,Pacific Crown,Neither priority cohort,False,0
P002602,2026-01-27,AC0005,E002,Aurelius Home US,NA,USD,Continental Trust,Cross-border wire only,False,0
P002794,2026-01-27,AC0014,E004,Aurelius Canada,NA,CAD,Union Atlantic,Neither priority cohort,False,0
P002897,2026-01-27,AC0032,E009,Aurelius Spain,EMEA,EUR,Northbridge Bank,Neither priority cohort,False,0
P002907,2026-01-27,AC0001,E001,Aurelius Group Holdings,NA,USD,Union Atlantic,Manual touch + cross-border wire,False,0
P002964,2026-01-27,AC0025,E007,Aurelius France,EMEA,EUR,Meridian Commercial,Manual touch only,False,0
P003036,2026-01-27,AC0028,E008,Aurelius Netherlands,EMEA,EUR,Meridian Commercial,Manual touch only,False,0
P003186,2026-01-27,AC0014,E004,Aurelius Canada,NA,CAD,Union Atlantic,Neither priority cohort,False,0
P003240,2026-01-27,AC0031,E009,Aurelius Spain,EMEA,USD,Meridian Commercial,Neither priority cohort,False,0
P003290,2026-01-27,AC0046,E013,Aurelius Korea,APAC,KRW,Union Atlantic,Manual touch only,False,0
P003353,2026-01-27,AC0041,E012,Aurelius Japan,APAC,JPY,Continental Trust,Neither priority cohort,False,0
P003441,2026-01-27,AC0010,E003,Aurelius Wellness US,NA,USD,Union Atlantic,Manual touch only,False,0
P003452,2026-01-27,AC0050,E015,Aurelius Hong Kong,APAC,HKD,Union Atlantic,Manual touch only,True,54
P003628,2026-01-27,AC0052,E015,Aurelius Hong Kong,APAC,HKD,Continental Trust,Manual touch only,False,0
P003697,2026-01-27,AC0050,E015,Aurelius Hong Kong,APAC,HKD,Union Atlantic,Manual touch only,False,0
P004122,2026-01-27,AC0010,E003,Aurelius Wellness US,NA,USD,Union Atlantic,Neither priority cohort,False,0
P004138,2026-01-27,AC0017,E005,Aurelius UK,EMEA,GBP,Union Atlantic,Manual touch only,False,0
P004166,2026-01-27,AC0028,E008,Aurelius Netherlands,EMEA,EUR,Meridian Commercial,Manual touch only,False,0
P004301,2026-01-27,AC0010,E003,Aurelius Wellness US,NA,USD,Union Atlantic,Neither priority cohort,False,0
P004316,2026-01-27,AC0034,E010,Aurelius Singapore,APAC,USD,Continental Trust,Neither priority cohort,False,0
P004875,2026-01-27,AC0050,E015,Aurelius Hong Kong,APAC,HKD,Union Atlantic,Neither priority cohort,False,0
P005161,2026-01-27,AC0053,E016,Aurelius Global Sourcing,APAC,USD,Pacific Crown,Neither priority cohort,False,0
P005192,2026-01-27,AC0053,E016,Aurelius Global Sourcing,APAC,USD,Pacific Crown,Neither priority cohort,False,0
P005429,2026-01-27,AC0001,E001,Aurelius Group Holdings,NA,USD,Union Atlantic,Neither priority cohort,False,0
P005444,2026-01-27,AC0044,E013,Aurelius Korea,APAC,KRW,Northbridge Bank,Neither priority cohort,False,0
P005571,2026-01-27,AC0014,E004,Aurelius Canada,NA,CAD,Union Atlantic,Cross-border wire only,False,0
P005574,2026-01-27,AC0025,E007,Aurelius France,EMEA,EUR,Meridian Commercial,Neither priority cohort,False,0
P005701,2026-01-27,AC0050,E015,Aurelius Hong Kong,APAC,HKD,Union Atlantic,Manual touch only,False,0
P005925,2026-01-27,AC0047,E014,Aurelius India,APAC,INR,Meridian Commercial,Neither priority cohort,False,0
P005931,2026-01-27,AC0001,E001,Aurelius Group Holdings,NA,USD,Union Atlantic,Manual touch only,True,73
P005965,2026-01-27,AC0042,E012,Aurelius Japan,APAC,USD,Union Atlantic,Neither priority cohort,False,0
P006051,2026-01-27,AC0003,E001,Aurelius Group Holdings,NA,USD,Meridian Commercial,Neither priority cohort,False,0
P006310,2026-01-27,AC0041,E012,Aurelius Japan,APAC,JPY,Continental Trust,Neither priority cohort,False,0
P006824,2026-01-27,AC0014,E004,Aurelius Canada,NA,CAD,Union Atlantic,Neither priority cohort,False,0
P006979,2026-01-27,AC0041,E012,Aurelius Japan,APAC,JPY,Continental Trust,Manual touch only,False,0
P007006,2026-01-27,AC0041,E012,Aurelius Japan,APAC,JPY,Continental Trust,Neither priority cohort,False,0
P007079,2026-01-27,AC0017,E005,Aurelius UK,EMEA,GBP,Union Atlantic,Manual touch only,False,0
P007121,2026-01-27,AC0054,E016,Aurelius Global Sourcing,APAC,USD,Northbridge Bank,Neither priority cohort,False,0
P007494,2026-01-27,AC0050,E015,Aurelius Hong Kong,APAC,HKD,Union Atlantic,Manual touch only,False,0
P007543,2026-01-27,AC0028,E008,Aurelius Netherlands,EMEA,EUR,Meridian Commercial,Neither priority cohort,False,0
P007560,2026-01-27,AC0001,E001,Aurelius Group Holdings,NA,USD,Union Atlantic,Manual touch only,False,0
P000145,2026-01-28,AC0026,E007,Aurelius France,EMEA,USD,Union Atlantic,Neither priority cohort,False,0
P000242,2026-01-28,AC0041,E012,Aurelius Japan,APAC,JPY,Continental Trust,Manual touch only,False,0
P000414,2026-01-28,AC0036,E010,Aurelius Singapore,APAC,SGD,Continental Trust,Neither priority cohort,False,0
P000456,2026-01-28,AC0016,E004,Aurelius Canada,NA,CAD,Meridian Commercial,Manual touch only,False,0
P000590,2026-01-28,AC0041,E012,Aurelius Japan,APAC,JPY,Continental Trust,Manual touch only,False,0
P000945,2026-01-28,AC0017,E005,Aurelius UK,EMEA,GBP,Union Atlantic,Neither priority cohort,False,0
P001429,2026-01-28,AC0021,E006,Aurelius Germany,EMEA,EUR,Continental Trust,Neither priority cohort,False,0
P001759,2026-01-28,AC0053,E016,Aurelius Global Sourcing,APAC,USD,Pacific Crown,Neither priority cohort,False,0
P001836,2026-01-28,AC0047,E014,Aurelius India,APAC,INR,Meridian Commercial,Neither priority cohort,False,0
P001897,2026-01-28,AC0028,E008,Aurelius Netherlands,EMEA,EUR,Meridian Commercial,Neither priority cohort,False,0
P002214,2026-01-28,AC0029,E008,Aurelius Netherlands,EMEA,EUR,Continental Trust,Neither priority cohort,False,0
P002290,2026-01-28,AC0053,E016,Aurelius Global Sourcing,APAC,USD,Pacific Crown,Neither priority cohort,False,0
P002298,2026-01-28,AC0036,E010,Aurelius Singapore,APAC,SGD,Continental Trust,Neither priority cohort,False,0
P002556,2026-01-28,AC0033,E009,Aurelius Spain,EMEA,EUR,Meridian Commercial,Neither priority cohort,False,0
P002679,2026-01-28,AC0031,E009,Aurelius Spain,EMEA,USD,Meridian Commercial,Manual touch only,False,0
P002687,2026-01-28,AC0014,E004,Aurelius Canada,NA,CAD,Union Atlantic,Manual touch only,False,0
P002831,2026-01-28,AC0017,E005,Aurelius UK,EMEA,GBP,Union Atlantic,Manual touch only,False,0
P003075,2026-01-28,AC0050,E015,Aurelius Hong Kong,APAC,HKD,Union Atlantic,Neither priority cohort,False,0
P003276,2026-01-28,AC0034,E010,Aurelius Singapore,APAC,USD,Continental Trust,Manual touch only,False,0
P003390,2026-01-28,AC0046,E013,Aurelius Korea,APAC,KRW,Union Atlantic,Neither priority cohort,False,0
P003458,2026-01-28,AC0027,E007,Aurelius France,EMEA,EUR,Pacific Crown,Cross-border wire only,False,0
P003641,2026-01-28,AC0041,E012,Aurelius Japan,APAC,JPY,Continental Trust,Neither priority cohort,False,0
P003772,2026-01-28,AC0020,E005,Aurelius UK,EMEA,GBP,Meridian Commercial,Neither priority cohort,False,0
P003911,2026-01-28,AC0041,E012,Aurelius Japan,APAC,JPY,Continental Trust,Neither priority cohort,False,0
P003960,2026-01-28,AC0053,E016,Aurelius Global Sourcing,APAC,USD,Pacific Crown,Neither priority cohort,False,0
P004125,2026-01-28,AC0017,E005,Aurelius UK,EMEA,GBP,Union Atlantic,Manual touch only,False,0
P004152,2026-01-28,AC0044,E013,Aurelius Korea,APAC,KRW,Northbridge Bank,Neither priority cohort,False,0
P004295,2026-01-28,AC0053,E016,Aurelius Global Sourcing,APAC,USD,Pacific Crown,Neither priority cohort,False,0
P004543,2026-01-28,AC0050,E015,Aurelius Hong Kong,APAC,HKD,Union Atlantic,Manual touch only,False,0
P004558,2026-01-28,AC0010,E003,Aurelius Wellness US,NA,USD,Union Atlantic,Neither priority cohort,False,0
P004626,2026-01-28,AC0034,E010,Aurelius Singapore,APAC,USD,Continental Trust,Neither priority cohort,True,61
P004725,2026-01-28,AC0016,E004,Aurelius Canada,NA,CAD,Meridian Commercial,Manual touch only,False,0
P005297,2026-01-28,AC0041,E012,Aurelius Japan,APAC,JPY,Continental Trust,Neither priority cohort,False,0
P005502,2026-01-28,AC0050,E015,Aurelius Hong Kong,APAC,HKD,Union Atlantic,Neither priority cohort,False,0
P005503,2026-01-28,AC0010,E003,Aurelius Wellness US,NA,USD,Union Atlantic,Cross-border wire only,True,26
P005671,2026-01-28,AC0038,E011,Aurelius Australia,APAC,USD,Pacific Crown,Neither priority cohort,False,0
P005685,2026-01-28,AC0021,E006,Aurelius Germany,EMEA,EUR,Continental Trust,Neither priority cohort,False,0
P005748,2026-01-28,AC0017,E005,Aurelius UK,EMEA,GBP,Union Atlantic,Neither priority cohort,False,0
P006088,2026-01-28,AC0044,E013,Aurelius Korea,APAC,KRW,Northbridge Bank,Neither priority cohort,False,0
P006169,2026-01-28,AC0002,E001,Aurelius Group Holdings,NA,USD,Pacific Crown,Neither priority cohort,False,0
P006216,2026-01-28,AC0011,E003,Aurelius Wellness US,NA,USD,Continental Trust,Neither priority cohort,False,0
P006280,2026-01-28,AC0025,E007,Aurelius France,EMEA,EUR,Meridian Commercial,Neither priority cohort,False,0
P006315,2026-01-28,AC0050,E015,Aurelius Hong Kong,APAC,HKD,Union Atlantic,Neither priority cohort,False,0
P006364,2026-01-28,AC0014,E004,Aurelius Canada,NA,CAD,Union Atlantic,Neither priority cohort,False,0
P006425,2026-01-28,AC0001,E001,Aurelius Group Holdings,NA,USD,Union Atlantic,Neither priority cohort,False,0
P006525,2026-01-28,AC0036,E010,Aurelius Singapore,APAC,SGD,Continental Trust,Neither priority cohort,False,0
P006816,2026-01-28,AC0017,E005,Aurelius UK,EMEA,GBP,Union Atlantic,Manual touch only,False,0
P007203,2026-01-28,AC0021,E006,Aurelius Germany,EMEA,EUR,Continental Trust,Manual touch only,False,0
P000452,2026-01-29,AC0017,E005,Aurelius UK,EMEA,GBP,Union Atlantic,Manual touch only,False,0
P000566,2026-01-29,AC0010,E003,Aurelius Wellness US,NA,USD,Union Atlantic,Neither priority cohort,False,0
P000638,2026-01-29,AC0021,E006,Aurelius Germany,EMEA,EUR,Continental Trust,Manual touch only,False,0
P000747,2026-01-29,AC0050,E015,Aurelius Hong Kong,APAC,HKD,Union Atlantic,Neither priority cohort,True,52
P000885,2026-01-29,AC0047,E014,Aurelius India,APAC,INR,Meridian Commercial,Neither priority cohort,False,0
P000998,2026-01-29,AC0016,E004,Aurelius Canada,NA,CAD,Meridian Commercial,Manual touch only,False,0
P001307,2026-01-29,AC0038,E011,Aurelius Australia,APAC,USD,Pacific Crown,Neither priority cohort,False,0
P001528,2026-01-29,AC0053,E016,Aurelius Global Sourcing,APAC,USD,Pacific Crown,Cross-border wire only,False,0
P001747,2026-01-29,AC0055,E016,Aurelius Global Sourcing,APAC,USD,Meridian Commercial,Cross-border wire only,False,0
P001837,2026-01-29,AC0025,E007,Aurelius France,EMEA,EUR,Meridian Commercial,Manual touch only,False,0
P001931,2026-01-29,AC0044,E013,Aurelius Korea,APAC,KRW,Northbridge Bank,Neither priority cohort,False,0
P001963,2026-01-29,AC0017,E005,Aurelius UK,EMEA,GBP,Union Atlantic,Neither priority cohort,False,0
P002341,2026-01-29,AC0025,E007,Aurelius France,EMEA,EUR,Meridian Commercial,Neither priority cohort,False,0
P002820,2026-01-29,AC0031,E009,Aurelius Spain,EMEA,USD,Meridian Commercial,Neither priority cohort,False,0
P002947,2026-01-29,AC0018,E005,Aurelius UK,EMEA,GBP,Union Atlantic,Neither priority cohort,False,0
P002969,2026-01-29,AC0034,E010,Aurelius Singapore,APAC,USD,Continental Trust,Cross-border wire only,False,0
P002981,2026-01-29,AC0003,E001,Aurelius Group Holdings,NA,USD,Meridian Commercial,Manual touch + cross-border wire,False,0
P002992,2026-01-29,AC0044,E013,Aurelius Korea,APAC,KRW,Northbridge Bank,Neither priority cohort,True,25
P003040,2026-01-29,AC0012,E003,Aurelius Wellness US,NA,USD,Northbridge Bank,Neither priority cohort,False,0
P003180,2026-01-29,AC0001,E001,Aurelius Group Holdings,NA,USD,Union Atlantic,Neither priority cohort,True,38
P003206,2026-01-29,AC0053,E016,Aurelius Global Sourcing,APAC,USD,Pacific Crown,Neither priority cohort,False,0
P003218,2026-01-29,AC0041,E012,Aurelius Japan,APAC,JPY,Continental Trust,Neither priority cohort,False,0
P003275,2026-01-29,AC0031,E009,Aurelius Spain,EMEA,USD,Meridian Commercial,Manual touch only,False,0
P003360,2026-01-29,AC0021,E006,Aurelius Germany,EMEA,EUR,Continental Trust,Manual touch only,False,0
P003517,2026-01-29,AC0044,E013,Aurelius Korea,APAC,KRW,Northbridge Bank,Neither priority cohort,False,0
P003547,2026-01-29,AC0010,E003,Aurelius Wellness US,NA,USD,Union Atlantic,Manual touch only,True,44
P003564,2026-01-29,AC0050,E015,Aurelius Hong Kong,APAC,HKD,Union Atlantic,Manual touch only,False,0
P003630,2026-01-29,AC0041,E012,Aurelius Japan,APAC,JPY,Continental Trust,Neither priority cohort,False,0
P003650,2026-01-29,AC0036,E010,Aurelius Singapore,APAC,SGD,Continental Trust,Cross-border wire only,False,0
P003669,2026-01-29,AC0005,E002,Aurelius Home US,NA,USD,Continental Trust,Manual touch only,True,48
P003790,2026-01-29,AC0014,E004,Aurelius Canada,NA,CAD,Union Atlantic,Neither priority cohort,False,0
P003861,2026-01-29,AC0005,E002,Aurelius Home US,NA,USD,Continental Trust,Neither priority cohort,False,0
P003866,2026-01-29,AC0028,E008,Aurelius Netherlands,EMEA,EUR,Meridian Commercial,Manual touch only,False,0
P003874,2026-01-29,AC0014,E004,Aurelius Canada,NA,CAD,Union Atlantic,Neither priority cohort,False,0
P004334,2026-01-29,AC0032,E009,Aurelius Spain,EMEA,EUR,Northbridge Bank,Neither priority cohort,False,0
P004397,2026-01-29,AC0050,E015,Aurelius Hong Kong,APAC,HKD,Union Atlantic,Manual touch + cross-border wire,False,0
P004429,2026-01-29,AC0025,E007,Aurelius France,EMEA,EUR,Meridian Commercial,Neither priority cohort,False,0
P004503,2026-01-29,AC0025,E007,Aurelius France,EMEA,EUR,Meridian Commercial,Manual touch only,False,0
P004621,2026-01-29,AC0044,E013,Aurelius Korea,APAC,KRW,Northbridge Bank,Neither priority cohort,False,0
P005040,2026-01-29,AC0050,E015,Aurelius Hong Kong,APAC,HKD,Union Atlantic,Manual touch + cross-border wire,False,0
P005114,2026-01-29,AC0003,E001,Aurelius Group Holdings,NA,USD,Meridian Commercial,Neither priority cohort,False,0
P005156,2026-01-29,AC0016,E004,Aurelius Canada,NA,CAD,Meridian Commercial,Neither priority cohort,False,0
P005160,2026-01-29,AC0051,E015,Aurelius Hong Kong,APAC,HKD,Pacific Crown,Neither priority cohort,False,0
P005228,2026-01-29,AC0010,E003,Aurelius Wellness US,NA,USD,Union Atlantic,Cross-border wire only,False,0
P005333,2026-01-29,AC0045,E013,Aurelius Korea,APAC,KRW,Pacific Crown,Manual touch only,False,0
P005354,2026-01-29,AC0036,E010,Aurelius Singapore,APAC,SGD,Continental Trust,Neither priority cohort,False,0
P005511,2026-01-29,AC0041,E012,Aurelius Japan,APAC,JPY,Continental Trust,Neither priority cohort,False,0
P005727,2026-01-29,AC0052,E015,Aurelius Hong Kong,APAC,HKD,Continental Trust,Manual touch only,False,0
P005787,2026-01-29,AC0005,E002,Aurelius Home US,NA,USD,Continental Trust,Neither priority cohort,False,0
P005794,2026-01-29,AC0034,E010,Aurelius Singapore,APAC,USD,Continental Trust,Cross-border wire only,False,0
P005816,2026-01-29,AC0019,E005,Aurelius UK,EMEA,GBP,Union Atlantic,Neither priority cohort,False,0
P006208,2026-01-29,AC0016,E004,Aurelius Canada,NA,CAD,Meridian Commercial,Manual touch only,False,0
P006217,2026-01-29,AC0047,E014,Aurelius India,APAC,INR,Meridian Commercial,Manual touch only,False,0
P006271,2026-01-29,AC0038,E011,Aurelius Australia,APAC,USD,Pacific Crown,Cross-border wire only,False,0
P006347,2026-01-29,AC0040,E011,Aurelius Australia,APAC,AUD,Continental Trust,Neither priority cohort,False,0
P007019,2026-01-29,AC0005,E002,Aurelius Home US,NA,USD,Continental Trust,Manual touch only,False,0
P007196,2026-01-29,AC0014,E004,Aurelius Canada,NA,CAD,Union Atlantic,Neither priority cohort,False,0
P007398,2026-01-29,AC0010,E003,Aurelius Wellness US,NA,USD,Union Atlantic,Neither priority cohort,False,0
P007450,2026-01-29,AC0038,E011,Aurelius Australia,APAC,USD,Pacific Crown,Cross-border wire only,False,0
P007547,2026-01-29,AC0040,E011,Aurelius Australia,APAC,AUD,Continental Trust,Neither priority cohort,False,0
P000104,2026-01-30,AC0053,E016,Aurelius Global Sourcing,APAC,USD,Pacific Crown,Manual touch only,False,0
P000363,2026-01-30,AC0034,E010,Aurelius Singapore,APAC,USD,Continental Trust,Neither priority cohort,False,0
P000430,2026-01-30,AC0010,E003,Aurelius Wellness US,NA,USD,Union Atlantic,Neither priority cohort,False,0
P000530,2026-01-30,AC0016,E004,Aurelius Canada,NA,CAD,Meridian Commercial,Manual touch only,True,12
P001060,2026-01-30,AC0031,E009,Aurelius Spain,EMEA,USD,Meridian Commercial,Neither priority cohort,False,0
P001084,2026-01-30,AC0003,E001,Aurelius Group Holdings,NA,USD,Meridian Commercial,Neither priority cohort,False,0
P001116,2026-01-30,AC0005,E002,Aurelius Home US,NA,USD,Continental Trust,Manual touch only,False,0
P001289,2026-01-30,AC0046,E013,Aurelius Korea,APAC,KRW,Union Atlantic,Neither priority cohort,False,0
P001455,2026-01-30,AC0011,E003,Aurelius Wellness US,NA,USD,Continental Trust,Neither priority cohort,False,0
P001526,2026-01-30,AC0047,E014,Aurelius India,APAC,INR,Meridian Commercial,Manual touch only,False,0
P001566,2026-01-30,AC0034,E010,Aurelius Singapore,APAC,USD,Continental Trust,Neither priority cohort,False,0
P001659,2026-01-30,AC0034,E010,Aurelius Singapore,APAC,USD,Continental Trust,Neither priority cohort,False,0
P001662,2026-01-30,AC0021,E006,Aurelius Germany,EMEA,EUR,Continental Trust,Manual touch only,True,25
P001765,2026-01-30,AC0047,E014,Aurelius India,APAC,INR,Meridian Commercial,Neither priority cohort,False,0
P001813,2026-01-30,AC0005,E002,Aurelius Home US,NA,USD,Continental Trust,Neither priority cohort,False,0
P001839,2026-01-30,AC0005,E002,Aurelius Home US,NA,USD,Continental Trust,Cross-border wire only,False,0
P002201,2026-01-30,AC0038,E011,Aurelius Australia,APAC,USD,Pacific Crown,Neither priority cohort,False,0
P002270,2026-01-30,AC0053,E016,Aurelius Global Sourcing,APAC,USD,Pacific Crown,Neither priority cohort,False,0
P002708,2026-01-30,AC0001,E001,Aurelius Group Holdings,NA,USD,Union Atlantic,Neither priority cohort,False,0
P002826,2026-01-30,AC0017,E005,Aurelius UK,EMEA,GBP,Union Atlantic,Neither priority cohort,False,0
P002892,2026-01-30,AC0053,E016,Aurelius Global Sourcing,APAC,USD,Pacific Crown,Manual touch only,False,0
P002946,2026-01-30,AC0034,E010,Aurelius Singapore,APAC,USD,Continental Trust,Neither priority cohort,False,0
P003241,2026-01-30,AC0014,E004,Aurelius Canada,NA,CAD,Union Atlantic,Manual touch only,False,0
P003261,2026-01-30,AC0053,E016,Aurelius Global Sourcing,APAC,USD,Pacific Crown,Neither priority cohort,False,0
P003302,2026-01-30,AC0044,E013,Aurelius Korea,APAC,KRW,Northbridge Bank,Neither priority cohort,False,0
P003373,2026-01-30,AC0034,E010,Aurelius Singapore,APAC,USD,Continental Trust,Manual touch only,False,0
P003785,2026-01-30,AC0028,E008,Aurelius Netherlands,EMEA,EUR,Meridian Commercial,Neither priority cohort,False,0
P003795,2026-01-30,AC0010,E003,Aurelius Wellness US,NA,USD,Union Atlantic,Manual touch only,False,0
P003882,2026-01-30,AC0039,E011,Aurelius Australia,APAC,AUD,Continental Trust,Cross-border wire only,False,0
P004015,2026-01-30,AC0001,E001,Aurelius Group Holdings,NA,USD,Union Atlantic,Manual touch only,False,0
P004091,2026-01-30,AC0050,E015,Aurelius Hong Kong,APAC,HKD,Union Atlantic,Manual touch + cross-border wire,True,60
P004218,2026-01-30,AC0030,E008,Aurelius Netherlands,EMEA,USD,Pacific Crown,Neither priority cohort,False,0
P004302,2026-01-30,AC0028,E008,Aurelius Netherlands,EMEA,EUR,Meridian Commercial,Neither priority cohort,False,0
P004308,2026-01-30,AC0038,E011,Aurelius Australia,APAC,USD,Pacific Crown,Neither priority cohort,False,0
P004344,2026-01-30,AC0017,E005,Aurelius UK,EMEA,GBP,Union Atlantic,Manual touch only,True,61
P004363,2026-01-30,AC0019,E005,Aurelius UK,EMEA,GBP,Union Atlantic,Neither priority cohort,True,36
P004395,2026-01-30,AC0031,E009,Aurelius Spain,EMEA,USD,Meridian Commercial,Manual touch only,True,57
P004438,2026-01-30,AC0010,E003,Aurelius Wellness US,NA,USD,Union Atlantic,Neither priority cohort,False,0
P004508,2026-01-30,AC0043,E012,Aurelius Japan,APAC,JPY,Union Atlantic,Neither priority cohort,False,0
P004567,2026-01-30,AC0019,E005,Aurelius UK,EMEA,GBP,Union Atlantic,Neither priority cohort,False,0
P004762,2026-01-30,AC0055,E016,Aurelius Global Sourcing,APAC,USD,Meridian Commercial,Neither priority cohort,False,0
P004804,2026-01-30,AC0050,E015,Aurelius Hong Kong,APAC,HKD,Union Atlantic,Neither priority cohort,False,0
P004928,2026-01-30,AC0041,E012,Aurelius Japan,APAC,JPY,Continental Trust,Manual touch only,False,0
P004989,2026-01-30,AC0047,E014,Aurelius India,APAC,INR,Meridian Commercial,Manual touch only,False,0
P005195,2026-01-30,AC0005,E002,Aurelius Home US,NA,USD,Continental Trust,Neither priority cohort,False,0
P005272,2026-01-30,AC0025,E007,Aurelius France,EMEA,EUR,Meridian Commercial,Neither priority cohort,False,0
P005342,2026-01-30,AC0044,E013,Aurelius Korea,APAC,KRW,Northbridge Bank,Neither priority cohort,False,0
P005367,2026-01-30,AC0028,E008,Aurelius Netherlands,EMEA,EUR,Meridian Commercial,Manual touch only,False,0
P005484,2026-01-30,AC0014,E004,Aurelius Canada,NA,CAD,Union Atlantic,Neither priority cohort,False,0
P006043,2026-01-30,AC0010,E003,Aurelius Wellness US,NA,USD,Union Atlantic,Neither priority cohort,False,0
P006053,2026-01-30,AC0042,E012,Aurelius Japan,APAC,USD,Union Atlantic,Neither priority cohort,False,0
P006201,2026-01-30,AC0014,E004,Aurelius Canada,NA,CAD,Union Atlantic,Neither priority cohort,False,0
P006239,2026-01-30,AC0034,E010,Aurelius Singapore,APAC,USD,Continental Trust,Manual touch + cross-border wire,False,0
P006328,2026-01-30,AC0050,E015,Aurelius Hong Kong,APAC,HKD,Union Atlantic,Manual touch only,True,19
P006372,2026-01-30,AC0003,E001,Aurelius Group Holdings,NA,USD,Meridian Commercial,Neither priority cohort,False,0
P006403,2026-01-30,AC0041,E012,Aurelius Japan,APAC,JPY,Continental Trust,Neither priority cohort,False,0
P006518,2026-01-30,AC0050,E015,Aurelius Hong Kong,APAC,HKD,Union Atlantic,Manual touch only,False,0
P006627,2026-01-30,AC0038,E011,Aurelius Australia,APAC,USD,Pacific Crown,Neither priority cohort,False,0
P006723,2026-01-30,AC0021,E006,Aurelius Germany,EMEA,EUR,Continental Trust,Neither priority cohort,False,0
P006751,2026-01-30,AC0052,E015,Aurelius Hong Kong,APAC,HKD,Continental Trust,Neither priority cohort,False,0
P007041,2026-01-30,AC0034,E010,Aurelius Singapore,APAC,USD,Continental Trust,Manual touch + cross-border wire,True,33
P007113,2026-01-30,AC0001,E001,Aurelius Group Holdings,NA,USD,Union Atlantic,Manual touch only,False,0
P007335,2026-01-30,AC0050,E015,Aurelius Hong Kong,APAC,HKD,Union Atlantic,Manual touch only,False,0
P000009,2026-02-02,AC0048,E014,Aurelius India,APAC,INR,Continental Trust,Neither priority cohort,False,0
P000043,2026-02-02,AC0047,E014,Aurelius India,APAC,INR,Meridian Commercial,Neither priority cohort,False,0
P000236,2026-02-02,AC0028,E008,Aurelius Netherlands,EMEA,EUR,Meridian Commercial,Neither priority cohort,False,0
P000254,2026-02-02,AC0040,E011,Aurelius Australia,APAC,AUD,Continental Trust,Manual touch + cross-border wire,False,0
P000312,2026-02-02,AC0044,E013,Aurelius Korea,APAC,KRW,Northbridge Bank,Manual touch only,False,0
P000350,2026-02-02,AC0028,E008,Aurelius Netherlands,EMEA,EUR,Meridian Commercial,Manual touch only,False,0
P000744,2026-02-02,AC0016,E004,Aurelius Canada,NA,CAD,Meridian Commercial,Manual touch only,True,37
P000831,2026-02-02,AC0010,E003,Aurelius Wellness US,NA,USD,Union Atlantic,Cross-border wire only,False,0
P001126,2026-02-02,AC0041,E012,Aurelius Japan,APAC,JPY,Continental Trust,Manual touch + cross-border wire,True,34
P001374,2026-02-02,AC0047,E014,Aurelius India,APAC,INR,Meridian Commercial,Neither priority cohort,False,0
P001446,2026-02-02,AC0031,E009,Aurelius Spain,EMEA,USD,Meridian Commercial,Neither priority cohort,False,0
P001670,2026-02-02,AC0005,E002,Aurelius Home US,NA,USD,Continental Trust,Neither priority cohort,False,0
P001949,2026-02-02,AC0039,E011,Aurelius Australia,APAC,AUD,Continental Trust,Neither priority cohort,False,0
P002291,2026-02-02,AC0016,E004,Aurelius Canada,NA,CAD,Meridian Commercial,Manual touch only,False,0
P002500,2026-02-02,AC0053,E016,Aurelius Global Sourcing,APAC,USD,Pacific Crown,Neither priority cohort,False,0
P002533,2026-02-02,AC0025,E007,Aurelius France,EMEA,EUR,Meridian Commercial,Manual touch only,False,0
P002948,2026-02-02,AC0025,E007,Aurelius France,EMEA,EUR,Meridian Commercial,Neither priority cohort,False,0
P003045,2026-02-02,AC0052,E015,Aurelius Hong Kong,APAC,HKD,Continental Trust,Manual touch only,False,0
P003077,2026-02-02,AC0014,E004,Aurelius Canada,NA,CAD,Union Atlantic,Neither priority cohort,False,0
P003170,2026-02-02,AC0023,E006,Aurelius Germany,EMEA,EUR,Northbridge Bank,Neither priority cohort,False,0
P003376,2026-02-02,AC0047,E014,Aurelius India,APAC,INR,Meridian Commercial,Manual touch + cross-border wire,True,22
P003759,2026-02-02,AC0005,E002,Aurelius Home US,NA,USD,Continental Trust,Cross-border wire only,False,0
P003797,2026-02-02,AC0053,E016,Aurelius Global Sourcing,APAC,USD,Pacific Crown,Neither priority cohort,False,0
P003869,2026-02-02,AC0044,E013,Aurelius Korea,APAC,KRW,Northbridge Bank,Manual touch + cross-border wire,False,0
P003959,2026-02-02,AC0044,E013,Aurelius Korea,APAC,KRW,Northbridge Bank,Neither priority cohort,False,0
P004023,2026-02-02,AC0050,E015,Aurelius Hong Kong,APAC,HKD,Union Atlantic,Manual touch only,False,0
P004045,2026-02-02,AC0011,E003,Aurelius Wellness US,NA,USD,Continental Trust,Neither priority cohort,False,0
P004236,2026-02-02,AC0028,E008,Aurelius Netherlands,EMEA,EUR,Meridian Commercial,Neither priority cohort,False,0
P004309,2026-02-02,AC0026,E007,Aurelius France,EMEA,USD,Union Atlantic,Manual touch only,False,0
P004785,2026-02-02,AC0050,E015,Aurelius Hong Kong,APAC,HKD,Union Atlantic,Manual touch only,False,0
P004826,2026-02-02,AC0014,E004,Aurelius Canada,NA,CAD,Union Atlantic,Manual touch only,False,0
P004838,2026-02-02,AC0054,E016,Aurelius Global Sourcing,APAC,USD,Northbridge Bank,Manual touch only,False,0
P004879,2026-02-02,AC0014,E004,Aurelius Canada,NA,CAD,Union Atlantic,Manual touch only,False,0
P004947,2026-02-02,AC0016,E004,Aurelius Canada,NA,CAD,Meridian Commercial,Manual touch only,False,0
P005013,2026-02-02,AC0050,E015,Aurelius Hong Kong,APAC,HKD,Union Atlantic,Manual touch only,False,0
P005190,2026-02-02,AC0045,E013,Aurelius Korea,APAC,KRW,Pacific Crown,Neither priority cohort,False,0
P005234,2026-02-02,AC0012,E003,Aurelius Wellness US,NA,USD,Northbridge Bank,Manual touch + cross-border wire,False,0
P005267,2026-02-02,AC0017,E005,Aurelius UK,EMEA,GBP,Union Atlantic,Manual touch only,False,0
P005275,2026-02-02,AC0036,E010,Aurelius Singapore,APAC,SGD,Continental Trust,Manual touch only,False,0
P005317,2026-02-02,AC0011,E003,Aurelius Wellness US,NA,USD,Continental Trust,Manual touch only,False,0
P005368,2026-02-02,AC0032,E009,Aurelius Spain,EMEA,EUR,Northbridge Bank,Neither priority cohort,False,0
P005522,2026-02-02,AC0053,E016,Aurelius Global Sourcing,APAC,USD,Pacific Crown,Neither priority cohort,False,0
P005572,2026-02-02,AC0041,E012,Aurelius Japan,APAC,JPY,Continental Trust,Cross-border wire only,False,0
P005640,2026-02-02,AC0025,E007,Aurelius France,EMEA,EUR,Meridian Commercial,Manual touch only,True,16
P005712,2026-02-02,AC0016,E004,Aurelius Canada,NA,CAD,Meridian Commercial,Neither priority cohort,False,0
P005837,2026-02-02,AC0038,E011,Aurelius Australia,APAC,USD,Pacific Crown,Manual touch + cross-border wire,True,65
P005998,2026-02-02,AC0019,E005,Aurelius UK,EMEA,GBP,Union Atlantic,Cross-border wire only,True,70
P006117,2026-02-02,AC0019,E005,Aurelius UK,EMEA,GBP,Union Atlantic,Neither priority cohort,False,0
P006135,2026-02-02,AC0027,E007,Aurelius France,EMEA,EUR,Pacific Crown,Neither priority cohort,False,0
P006178,2026-02-02,AC0031,E009,Aurelius Spain,EMEA,USD,Meridian Commercial,Neither priority cohort,False,0
P006279,2026-02-02,AC0050,E015,Aurelius Hong Kong,APAC,HKD,Union Atlantic,Manual touch only,True,64
P006537,2026-02-02,AC0052,E015,Aurelius Hong Kong,APAC,HKD,Continental Trust,Neither priority cohort,False,0
P006538,2026-02-02,AC0033,E009,Aurelius Spain,EMEA,EUR,Meridian Commercial,Neither priority cohort,False,0
P006613,2026-02-02,AC0038,E011,Aurelius Australia,APAC,USD,Pacific Crown,Neither priority cohort,False,0
P006775,2026-02-02,AC0032,E009,Aurelius Spain,EMEA,EUR,Northbridge Bank,Neither priority cohort,False,0
P006809,2026-02-02,AC0034,E010,Aurelius Singapore,APAC,USD,Continental Trust,Neither priority cohort,False,0
P006814,2026-02-02,AC0028,E008,Aurelius Netherlands,EMEA,EUR,Meridian Commercial,Neither priority cohort,False,0
P006855,2026-02-02,AC0031,E009,Aurelius Spain,EMEA,USD,Meridian Commercial,Neither priority cohort,False,0
P006975,2026-02-02,AC0027,E007,Aurelius France,EMEA,EUR,Pacific Crown,Neither priority cohort,False,0
P007027,2026-02-02,AC0041,E012,Aurelius Japan,APAC,JPY,Continental Trust,Manual touch + cross-border wire,False,0
P007103,2026-02-02,AC0034,E010,Aurelius Singapore,APAC,USD,Continental Trust,Manual touch only,False,0
P007201,2026-02-02,AC0025,E007,Aurelius France,EMEA,EUR,Meridian Commercial,Manual touch only,False,0
P007218,2026-02-02,AC0028,E008,Aurelius Netherlands,EMEA,EUR,Meridian Commercial,Neither priority cohort,False,0
P007524,2026-02-02,AC0025,E007,Aurelius France,EMEA,EUR,Meridian Commercial,Neither priority cohort,False,0
P000008,2026-02-03,AC0042,E012,Aurelius Japan,APAC,USD,Union Atlantic,Neither priority cohort,False,0
P000429,2026-02-03,AC0046,E013,Aurelius Korea,APAC,KRW,Union Atlantic,Manual touch only,False,0
P000485,2026-02-03,AC0025,E007,Aurelius France,EMEA,EUR,Meridian Commercial,Neither priority cohort,False,0
P000506,2026-02-03,AC0050,E015,Aurelius Hong Kong,APAC,HKD,Union Atlantic,Neither priority cohort,False,0
P000570,2026-02-03,AC0041,E012,Aurelius Japan,APAC,JPY,Continental Trust,Neither priority cohort,False,0
P000649,2026-02-03,AC0021,E006,Aurelius Germany,EMEA,EUR,Continental Trust,Cross-border wire only,True,12
P000681,2026-02-03,AC0044,E013,Aurelius Korea,APAC,KRW,Northbridge Bank,Manual touch only,False,0
P000742,2026-02-03,AC0017,E005,Aurelius UK,EMEA,GBP,Union Atlantic,Manual touch only,False,0
P000765,2026-02-03,AC0005,E002,Aurelius Home US,NA,USD,Continental Trust,Neither priority cohort,False,0
P000926,2026-02-03,AC0028,E008,Aurelius Netherlands,EMEA,EUR,Meridian Commercial,Neither priority cohort,False,0
P001191,2026-02-03,AC0039,E011,Aurelius Australia,APAC,AUD,Continental Trust,Neither priority cohort,False,0
P001377,2026-02-03,AC0047,E014,Aurelius India,APAC,INR,Meridian Commercial,Neither priority cohort,False,0
P001501,2026-02-03,AC0021,E006,Aurelius Germany,EMEA,EUR,Continental Trust,Neither priority cohort,True,28
P001634,2026-02-03,AC0034,E010,Aurelius Singapore,APAC,USD,Continental Trust,Manual touch + cross-border wire,True,66
P001685,2026-02-03,AC0034,E010,Aurelius Singapore,APAC,USD,Continental Trust,Neither priority cohort,False,0
P001762,2026-02-03,AC0021,E006,Aurelius Germany,EMEA,EUR,Continental Trust,Neither priority cohort,False,0
P002046,2026-02-03,AC0021,E006,Aurelius Germany,EMEA,EUR,Continental Trust,Manual touch only,False,0
P002367,2026-02-03,AC0044,E013,Aurelius Korea,APAC,KRW,Northbridge Bank,Neither priority cohort,False,0
P002405,2026-02-03,AC0005,E002,Aurelius Home US,NA,USD,Continental Trust,Neither priority cohort,False,0
P002555,2026-02-03,AC0033,E009,Aurelius Spain,EMEA,EUR,Meridian Commercial,Neither priority cohort,False,0
P002779,2026-02-03,AC0018,E005,Aurelius UK,EMEA,GBP,Union Atlantic,Neither priority cohort,False,0
P002843,2026-02-03,AC0017,E005,Aurelius UK,EMEA,GBP,Union Atlantic,Neither priority cohort,False,0
P002928,2026-02-03,AC0036,E010,Aurelius Singapore,APAC,SGD,Continental Trust,Neither priority cohort,False,0
P002953,2026-02-03,AC0001,E001,Aurelius Group Holdings,NA,USD,Union Atlantic,Manual touch + cross-border wire,True,58
P003051,2026-02-03,AC0041,E012,Aurelius Japan,APAC,JPY,Continental Trust,Neither priority cohort,False,0
P003142,2026-02-03,AC0052,E015,Aurelius Hong Kong,APAC,HKD,Continental Trust,Neither priority cohort,False,0
P003187,2026-02-03,AC0005,E002,Aurelius Home US,NA,USD,Continental Trust,Manual touch + cross-border wire,False,0
P003235,2026-02-03,AC0005,E002,Aurelius Home US,NA,USD,Continental Trust,Neither priority cohort,False,0
P003264,2026-02-03,AC0014,E004,Aurelius Canada,NA,CAD,Union Atlantic,Cross-border wire only,True,19
P003363,2026-02-03,AC0044,E013,Aurelius Korea,APAC,KRW,Northbridge Bank,Neither priority cohort,False,0
P003501,2026-02-03,AC0029,E008,Aurelius Netherlands,EMEA,EUR,Continental Trust,Neither priority cohort,False,0
P003952,2026-02-03,AC0034,E010,Aurelius Singapore,APAC,USD,Continental Trust,Neither priority cohort,False,0
P004013,2026-02-03,AC0010,E003,Aurelius Wellness US,NA,USD,Union Atlantic,Manual touch only,False,0
P004106,2026-02-03,AC0054,E016,Aurelius Global Sourcing,APAC,USD,Northbridge Bank,Neither priority cohort,False,0
P004199,2026-02-03,AC0041,E012,Aurelius Japan,APAC,JPY,Continental Trust,Manual touch only,False,0
P004257,2026-02-03,AC0002,E001,Aurelius Group Holdings,NA,USD,Pacific Crown,Manual touch + cross-border wire,False,0
P004285,2026-02-03,AC0053,E016,Aurelius Global Sourcing,APAC,USD,Pacific Crown,Neither priority cohort,False,0
P004523,2026-02-03,AC0017,E005,Aurelius UK,EMEA,GBP,Union Atlantic,Neither priority cohort,False,0
P004576,2026-02-03,AC0041,E012,Aurelius Japan,APAC,JPY,Continental Trust,Neither priority cohort,False,0
P004598,2026-02-03,AC0005,E002,Aurelius Home US,NA,USD,Continental Trust,Cross-border wire only,False,0
P004922,2026-02-03,AC0034,E010,Aurelius Singapore,APAC,USD,Continental Trust,Neither priority cohort,False,0
P004967,2026-02-03,AC0017,E005,Aurelius UK,EMEA,GBP,Union Atlantic,Manual touch only,False,0
P005141,2026-02-03,AC0001,E001,Aurelius Group Holdings,NA,USD,Union Atlantic,Manual touch only,False,0
P005358,2026-02-03,AC0005,E002,Aurelius Home US,NA,USD,Continental Trust,Neither priority cohort,False,0
P005389,2026-02-03,AC0003,E001,Aurelius Group Holdings,NA,USD,Meridian Commercial,Neither priority cohort,False,0
P005473,2026-02-03,AC0028,E008,Aurelius Netherlands,EMEA,EUR,Meridian Commercial,Neither priority cohort,False,0
P005488,2026-02-03,AC0044,E013,Aurelius Korea,APAC,KRW,Northbridge Bank,Neither priority cohort,False,0
P005492,2026-02-03,AC0025,E007,Aurelius France,EMEA,EUR,Meridian Commercial,Manual touch only,False,0
P005651,2026-02-03,AC0047,E014,Aurelius India,APAC,INR,Meridian Commercial,Manual touch only,False,0
P005753,2026-02-03,AC0010,E003,Aurelius Wellness US,NA,USD,Union Atlantic,Neither priority cohort,False,0
P005802,2026-02-03,AC0001,E001,Aurelius Group Holdings,NA,USD,Union Atlantic,Manual touch only,True,20
P005997,2026-02-03,AC0047,E014,Aurelius India,APAC,INR,Meridian Commercial,Neither priority cohort,False,0
P006405,2026-02-03,AC0041,E012,Aurelius Japan,APAC,JPY,Continental Trust,Neither priority cohort,False,0
P006497,2026-02-03,AC0016,E004,Aurelius Canada,NA,CAD,Meridian Commercial,Neither priority cohort,False,0
P007025,2026-02-03,AC0022,E006,Aurelius Germany,EMEA,EUR,Meridian Commercial,Neither priority cohort,True,37
P007413,2026-02-03,AC0021,E006,Aurelius Germany,EMEA,EUR,Continental Trust,Neither priority cohort,False,0
P007475,2026-02-03,AC0023,E006,Aurelius Germany,EMEA,EUR,Northbridge Bank,Neither priority cohort,False,0
P007486,2026-02-03,AC0025,E007,Aurelius France,EMEA,EUR,Meridian Commercial,Manual touch only,False,0
P000092,2026-02-04,AC0047,E014,Aurelius India,APAC,INR,Meridian Commercial,Neither priority cohort,False,0
P000109,2026-02-04,AC0052,E015,Aurelius Hong Kong,APAC,HKD,Continental Trust,Manual touch only,False,0
P000216,2026-02-04,AC0050,E015,Aurelius Hong Kong,APAC,HKD,Union Atlantic,Neither priority cohort,True,17
P000237,2026-02-04,AC0005,E002,Aurelius Home US,NA,USD,Continental Trust,Neither priority cohort,False,0
P000248,2026-02-04,AC0012,E003,Aurelius Wellness US,NA,USD,Northbridge Bank,Neither priority cohort,False,0
P000336,2026-02-04,AC0021,E006,Aurelius Germany,EMEA,EUR,Continental Trust,Manual touch only,False,0
P000472,2026-02-04,AC0021,E006,Aurelius Germany,EMEA,EUR,Continental Trust,Neither priority cohort,False,0
P000583,2026-02-04,AC0028,E008,Aurelius Netherlands,EMEA,EUR,Meridian Commercial,Neither priority cohort,False,0
P000635,2026-02-04,AC0031,E009,Aurelius Spain,EMEA,USD,Meridian Commercial,Manual touch only,False,0
P000858,2026-02-04,AC0020,E005,Aurelius UK,EMEA,GBP,Meridian Commercial,Neither priority cohort,False,0
P001003,2026-02-04,AC0016,E004,Aurelius Canada,NA,CAD,Meridian Commercial,Neither priority cohort,False,0
P001093,2026-02-04,AC0041,E012,Aurelius Japan,APAC,JPY,Continental Trust,Neither priority cohort,False,0
P001387,2026-02-04,AC0038,E011,Aurelius Australia,APAC,USD,Pacific Crown,Neither priority cohort,False,0
P001505,2026-02-04,AC0025,E007,Aurelius France,EMEA,EUR,Meridian Commercial,Neither priority cohort,False,0
P001532,2026-02-04,AC0010,E003,Aurelius Wellness US,NA,USD,Union Atlantic,Manual touch only,True,72
P001807,2026-02-04,AC0052,E015,Aurelius Hong Kong,APAC,HKD,Continental Trust,Cross-border wire only,False,0
P001990,2026-02-04,AC0017,E005,Aurelius UK,EMEA,GBP,Union Atlantic,Manual touch only,False,0
P001991,2026-02-04,AC0036,E010,Aurelius Singapore,APAC,SGD,Continental Trust,Neither priority cohort,False,0
P002122,2026-02-04,AC0038,E011,Aurelius Australia,APAC,USD,Pacific Crown,Neither priority cohort,False,0
P002137,2026-02-04,AC0014,E004,Aurelius Canada,NA,CAD,Union Atlantic,Manual touch only,False,0
P002171,2026-02-04,AC0034,E010,Aurelius Singapore,APAC,USD,Continental Trust,Neither priority cohort,False,0
P002465,2026-02-04,AC0034,E010,Aurelius Singapore,APAC,USD,Continental Trust,Neither priority cohort,False,0
P002557,2026-02-04,AC0055,E016,Aurelius Global Sourcing,APAC,USD,Meridian Commercial,Manual touch only,False,0
P002576,2026-02-04,AC0012,E003,Aurelius Wellness US,NA,USD,Northbridge Bank,Neither priority cohort,False,0
P002698,2026-02-04,AC0003,E001,Aurelius Group Holdings,NA,USD,Meridian Commercial,Manual touch only,False,0
P002890,2026-02-04,AC0050,E015,Aurelius Hong Kong,APAC,HKD,Union Atlantic,Manual touch only,False,0
P003357,2026-02-04,AC0001,E001,Aurelius Group Holdings,NA,USD,Union Atlantic,Manual touch only,False,0
P003420,2026-02-04,AC0050,E015,Aurelius Hong Kong,APAC,HKD,Union Atlantic,Manual touch only,False,0
P003485,2026-02-04,AC0010,E003,Aurelius Wellness US,NA,USD,Union Atlantic,Neither priority cohort,False,0
P003552,2026-02-04,AC0040,E011,Aurelius Australia,APAC,AUD,Continental Trust,Neither priority cohort,False,0
P003657,2026-02-04,AC0048,E014,Aurelius India,APAC,INR,Continental Trust,Neither priority cohort,False,0
P003880,2026-02-04,AC0028,E008,Aurelius Netherlands,EMEA,EUR,Meridian Commercial,Manual touch only,False,0
P003920,2026-02-04,AC0005,E002,Aurelius Home US,NA,USD,Continental Trust,Neither priority cohort,False,0
P004169,2026-02-04,AC0030,E008,Aurelius Netherlands,EMEA,USD,Pacific Crown,Neither priority cohort,False,0
P004359,2026-02-04,AC0021,E006,Aurelius Germany,EMEA,EUR,Continental Trust,Manual touch only,False,0
P004409,2026-02-04,AC0025,E007,Aurelius France,EMEA,EUR,Meridian Commercial,Neither priority cohort,False,0
P004696,2026-02-04,AC0044,E013,Aurelius Korea,APAC,KRW,Northbridge Bank,Manual touch only,False,0
P004851,2026-02-04,AC0021,E006,Aurelius Germany,EMEA,EUR,Continental Trust,Manual touch + cross-border wire,False,0
P004920,2026-02-04,AC0034,E010,Aurelius Singapore,APAC,USD,Continental Trust,Manual touch only,False,0
P004960,2026-02-04,AC0036,E010,Aurelius Singapore,APAC,SGD,Continental Trust,Manual touch only,False,0
P005007,2026-02-04,AC0039,E011,Aurelius Australia,APAC,AUD,Continental Trust,Manual touch only,False,0
P005213,2026-02-04,AC0053,E016,Aurelius Global Sourcing,APAC,USD,Pacific Crown,Neither priority cohort,False,0
P005280,2026-02-04,AC0038,E011,Aurelius Australia,APAC,USD,Pacific Crown,Manual touch only,False,0
P005519,2026-02-04,AC0014,E004,Aurelius Canada,NA,CAD,Union Atlantic,Neither priority cohort,False,0
P005760,2026-02-04,AC0025,E007,Aurelius France,EMEA,EUR,Meridian Commercial,Neither priority cohort,False,0
P006098,2026-02-04,AC0032,E009,Aurelius Spain,EMEA,EUR,Northbridge Bank,Neither priority cohort,False,0
P006105,2026-02-04,AC0028,E008,Aurelius Netherlands,EMEA,EUR,Meridian Commercial,Neither priority cohort,False,0
P006448,2026-02-04,AC0040,E011,Aurelius Australia,APAC,AUD,Continental Trust,Manual touch only,False,0
P006484,2026-02-04,AC0034,E010,Aurelius Singapore,APAC,USD,Continental Trust,Cross-border wire only,False,0
P006937,2026-02-04,AC0012,E003,Aurelius Wellness US,NA,USD,Northbridge Bank,Manual touch only,False,0
P007312,2026-02-04,AC0053,E016,Aurelius Global Sourcing,APAC,USD,Pacific Crown,Neither priority cohort,False,0
P007391,2026-02-04,AC0025,E007,Aurelius France,EMEA,EUR,Meridian Commercial,Neither priority cohort,False,0
P000394,2026-02-05,AC0010,E003,Aurelius Wellness US,NA,USD,Union Atlantic,Neither priority cohort,False,0
P000411,2026-02-05,AC0047,E014,Aurelius India,APAC,INR,Meridian Commercial,Manual touch + cross-border wire,False,0
P000515,2026-02-05,AC0025,E007,Aurelius France,EMEA,EUR,Meridian Commercial,Manual touch only,False,0
P000670,2026-02-05,AC0017,E005,Aurelius UK,EMEA,GBP,Union Atlantic,Neither priority cohort,False,0
P000782,2026-02-05,AC0021,E006,Aurelius Germany,EMEA,EUR,Continental Trust,Manual touch only,False,0
P000969,2026-02-05,AC0003,E001,Aurelius Group Holdings,NA,USD,Meridian Commercial,Neither priority cohort,False,0
P000994,2026-02-05,AC0053,E016,Aurelius Global Sourcing,APAC,USD,Pacific Crown,Neither priority cohort,False,0
P001021,2026-02-05,AC0014,E004,Aurelius Canada,NA,CAD,Union Atlantic,Neither priority cohort,False,0
P001108,2026-02-05,AC0052,E015,Aurelius Hong Kong,APAC,HKD,Continental Trust,Neither priority cohort,False,0
P001140,2026-02-05,AC0034,E010,Aurelius Singapore,APAC,USD,Continental Trust,Neither priority cohort,False,0
P001170,2026-02-05,AC0005,E002,Aurelius Home US,NA,USD,Continental Trust,Neither priority cohort,False,0
P001283,2026-02-05,AC0014,E004,Aurelius Canada,NA,CAD,Union Atlantic,Neither priority cohort,False,0
P001348,2026-02-05,AC0053,E016,Aurelius Global Sourcing,APAC,USD,Pacific Crown,Neither priority cohort,False,0
P001390,2026-02-05,AC0017,E005,Aurelius UK,EMEA,GBP,Union Atlantic,Manual touch only,False,0
P001449,2026-02-05,AC0053,E016,Aurelius Global Sourcing,APAC,USD,Pacific Crown,Neither priority cohort,False,0
P001492,2026-02-05,AC0053,E016,Aurelius Global Sourcing,APAC,USD,Pacific Crown,Cross-border wire only,False,0
P001792,2026-02-05,AC0036,E010,Aurelius Singapore,APAC,SGD,Continental Trust,Manual touch only,False,0
P001887,2026-02-05,AC0044,E013,Aurelius Korea,APAC,KRW,Northbridge Bank,Neither priority cohort,False,0
P001976,2026-02-05,AC0005,E002,Aurelius Home US,NA,USD,Continental Trust,Neither priority cohort,False,0
P002011,2026-02-05,AC0005,E002,Aurelius Home US,NA,USD,Continental Trust,Neither priority cohort,False,0
P002086,2026-02-05,AC0021,E006,Aurelius Germany,EMEA,EUR,Continental Trust,Manual touch only,False,0
P002206,2026-02-05,AC0038,E011,Aurelius Australia,APAC,USD,Pacific Crown,Neither priority cohort,False,0
P002365,2026-02-05,AC0014,E004,Aurelius Canada,NA,CAD,Union Atlantic,Neither priority cohort,False,0
P002486,2026-02-05,AC0017,E005,Aurelius UK,EMEA,GBP,Union Atlantic,Neither priority cohort,False,0
P002509,2026-02-05,AC0006,E002,Aurelius Home US,NA,USD,Pacific Crown,Neither priority cohort,False,0
P002815,2026-02-05,AC0034,E010,Aurelius Singapore,APAC,USD,Continental Trust,Manual touch only,False,0
P003133,2026-02-05,AC0053,E016,Aurelius Global Sourcing,APAC,USD,Pacific Crown,Neither priority cohort,False,0
P003222,2026-02-05,AC0013,E003,Aurelius Wellness US,NA,USD,Union Atlantic,Manual touch only,False,0
P003333,2026-02-05,AC0017,E005,Aurelius UK,EMEA,GBP,Union Atlantic,Neither priority cohort,False,0
P003412,2026-02-05,AC0031,E009,Aurelius Spain,EMEA,USD,Meridian Commercial,Manual touch only,False,0
P003549,2026-02-05,AC0050,E015,Aurelius Hong Kong,APAC,HKD,Union Atlantic,Neither priority cohort,False,0
P003554,2026-02-05,AC0019,E005,Aurelius UK,EMEA,GBP,Union Atlantic,Neither priority cohort,False,0
P003863,2026-02-05,AC0031,E009,Aurelius Spain,EMEA,USD,Meridian Commercial,Manual touch only,False,0
P003941,2026-02-05,AC0033,E009,Aurelius Spain,EMEA,EUR,Meridian Commercial,Manual touch only,True,35
P003976,2026-02-05,AC0023,E006,Aurelius Germany,EMEA,EUR,Northbridge Bank,Neither priority cohort,False,0
P004219,2026-02-05,AC0044,E013,Aurelius Korea,APAC,KRW,Northbridge Bank,Neither priority cohort,False,0
P004318,2026-02-05,AC0041,E012,Aurelius Japan,APAC,JPY,Continental Trust,Neither priority cohort,False,0
P004413,2026-02-05,AC0038,E011,Aurelius Australia,APAC,USD,Pacific Crown,Manual touch only,True,22
P004507,2026-02-05,AC0053,E016,Aurelius Global Sourcing,APAC,USD,Pacific Crown,Neither priority cohort,False,0
P004579,2026-02-05,AC0021,E006,Aurelius Germany,EMEA,EUR,Continental Trust,Neither priority cohort,False,0
P004724,2026-02-05,AC0041,E012,Aurelius Japan,APAC,JPY,Continental Trust,Manual touch + cross-border wire,False,0
P004842,2026-02-05,AC0044,E013,Aurelius Korea,APAC,KRW,Northbridge Bank,Neither priority cohort,False,0
P004873,2026-02-05,AC0021,E006,Aurelius Germany,EMEA,EUR,Continental Trust,Manual touch only,True,20
P004925,2026-02-05,AC0017,E005,Aurelius UK,EMEA,GBP,Union Atlantic,Manual touch only,False,0
P004976,2026-02-05,AC0003,E001,Aurelius Group Holdings,NA,USD,Meridian Commercial,Cross-border wire only,False,0
P005152,2026-02-05,AC0038,E011,Aurelius Australia,APAC,USD,Pacific Crown,Manual touch + cross-border wire,False,0
P005200,2026-02-05,AC0050,E015,Aurelius Hong Kong,APAC,HKD,Union Atlantic,Neither priority cohort,False,0
P005263,2026-02-05,AC0053,E016,Aurelius Global Sourcing,APAC,USD,Pacific Crown,Cross-border wire only,False,0
P005404,2026-02-05,AC0028,E008,Aurelius Netherlands,EMEA,EUR,Meridian Commercial,Neither priority cohort,False,0
P005472,2026-02-05,AC0052,E015,Aurelius Hong Kong,APAC,HKD,Continental Trust,Neither priority cohort,False,0
P005518,2026-02-05,AC0041,E012,Aurelius Japan,APAC,JPY,Continental Trust,Neither priority cohort,False,0
P005538,2026-02-05,AC0007,E002,Aurelius Home US,NA,USD,Northbridge Bank,Neither priority cohort,False,0
P005539,2026-02-05,AC0025,E007,Aurelius France,EMEA,EUR,Meridian Commercial,Neither priority cohort,False,0
P005714,2026-02-05,AC0036,E010,Aurelius Singapore,APAC,SGD,Continental Trust,Neither priority cohort,False,0
P005863,2026-02-05,AC0019,E005,Aurelius UK,EMEA,GBP,Union Atlantic,Neither priority cohort,False,0
P005995,2026-02-05,AC0043,E012,Aurelius Japan,APAC,JPY,Union Atlantic,Neither priority cohort,False,0
P006681,2026-02-05,AC0001,E001,Aurelius Group Holdings,NA,USD,Union Atlantic,Cross-border wire only,False,0
P006687,2026-02-05,AC0028,E008,Aurelius Netherlands,EMEA,EUR,Meridian Commercial,Neither priority cohort,False,0
P006712,2026-02-05,AC0033,E009,Aurelius Spain,EMEA,EUR,Meridian Commercial,Manual touch only,False,0
P006810,2026-02-05,AC0001,E001,Aurelius Group Holdings,NA,USD,Union Atlantic,Manual touch only,False,0
P007216,2026-02-05,AC0029,E008,Aurelius Netherlands,EMEA,EUR,Continental Trust,Neither priority cohort,False,0
P007225,2026-02-05,AC0031,E009,Aurelius Spain,EMEA,USD,Meridian Commercial,Manual touch only,False,0
P007238,2026-02-05,AC0044,E013,Aurelius Korea,APAC,KRW,Northbridge Bank,Neither priority cohort,False,0
P007256,2026-02-05,AC0027,E007,Aurelius France,EMEA,EUR,Pacific Crown,Neither priority cohort,False,0
P007259,2026-02-05,AC0041,E012,Aurelius Japan,APAC,JPY,Continental Trust,Neither priority cohort,False,0
P007313,2026-02-05,AC0010,E003,Aurelius Wellness US,NA,USD,Union Atlantic,Manual touch only,False,0
P007430,2026-02-05,AC0031,E009,Aurelius Spain,EMEA,USD,Meridian Commercial,Neither priority cohort,False,0
P007564,2026-02-05,AC0002,E001,Aurelius Group Holdings,NA,USD,Pacific Crown,Neither priority cohort,False,0
P000083,2026-02-06,AC0054,E016,Aurelius Global Sourcing,APAC,USD,Northbridge Bank,Neither priority cohort,False,0
P000137,2026-02-06,AC0038,E011,Aurelius Australia,APAC,USD,Pacific Crown,Neither priority cohort,False,0
P000361,2026-02-06,AC0003,E001,Aurelius Group Holdings,NA,USD,Meridian Commercial,Neither priority cohort,False,0
P000568,2026-02-06,AC0044,E013,Aurelius Korea,APAC,KRW,Northbridge Bank,Neither priority cohort,False,0
P000621,2026-02-06,AC0021,E006,Aurelius Germany,EMEA,EUR,Continental Trust,Neither priority cohort,False,0
P000630,2026-02-06,AC0035,E010,Aurelius Singapore,APAC,SGD,Pacific Crown,Neither priority cohort,False,0
P000667,2026-02-06,AC0035,E010,Aurelius Singapore,APAC,SGD,Pacific Crown,Manual touch only,False,0
P000687,2026-02-06,AC0025,E007,Aurelius France,EMEA,EUR,Meridian Commercial,Manual touch only,False,0
P000856,2026-02-06,AC0035,E010,Aurelius Singapore,APAC,SGD,Pacific Crown,Neither priority cohort,False,0
P001158,2026-02-06,AC0029,E008,Aurelius Netherlands,EMEA,EUR,Continental Trust,Manual touch only,False,0
P001218,2026-02-06,AC0053,E016,Aurelius Global Sourcing,APAC,USD,Pacific Crown,Neither priority cohort,False,0
P001263,2026-02-06,AC0050,E015,Aurelius Hong Kong,APAC,HKD,Union Atlantic,Neither priority cohort,False,0
P001310,2026-02-06,AC0018,E005,Aurelius UK,EMEA,GBP,Union Atlantic,Neither priority cohort,False,0
P001357,2026-02-06,AC0030,E008,Aurelius Netherlands,EMEA,USD,Pacific Crown,Neither priority cohort,False,0
P001443,2026-02-06,AC0012,E003,Aurelius Wellness US,NA,USD,Northbridge Bank,Manual touch only,False,0
P001544,2026-02-06,AC0031,E009,Aurelius Spain,EMEA,USD,Meridian Commercial,Manual touch only,False,0
P001570,2026-02-06,AC0034,E010,Aurelius Singapore,APAC,USD,Continental Trust,Neither priority cohort,False,0
P001607,2026-02-06,AC0038,E011,Aurelius Australia,APAC,USD,Pacific Crown,Neither priority cohort,False,0
P001753,2026-02-06,AC0012,E003,Aurelius Wellness US,NA,USD,Northbridge Bank,Neither priority cohort,True,23
P001809,2026-02-06,AC0047,E014,Aurelius India,APAC,INR,Meridian Commercial,Neither priority cohort,False,0
P001832,2026-02-06,AC0047,E014,Aurelius India,APAC,INR,Meridian Commercial,Manual touch only,False,0
P001937,2026-02-06,AC0016,E004,Aurelius Canada,NA,CAD,Meridian Commercial,Neither priority cohort,False,0
P002024,2026-02-06,AC0001,E001,Aurelius Group Holdings,NA,USD,Union Atlantic,Manual touch only,False,0
P002109,2026-02-06,AC0053,E016,Aurelius Global Sourcing,APAC,USD,Pacific Crown,Manual touch only,True,20
P002151,2026-02-06,AC0038,E011,Aurelius Australia,APAC,USD,Pacific Crown,Manual touch only,False,0
P002162,2026-02-06,AC0034,E010,Aurelius Singapore,APAC,USD,Continental Trust,Neither priority cohort,False,0
P002210,2026-02-06,AC0010,E003,Aurelius Wellness US,NA,USD,Union Atlantic,Manual touch only,False,0
P002297,2026-02-06,AC0007,E002,Aurelius Home US,NA,USD,Northbridge Bank,Neither priority cohort,False,0
P002653,2026-02-06,AC0047,E014,Aurelius India,APAC,INR,Meridian Commercial,Manual touch + cross-border wire,False,0
P002903,2026-02-06,AC0019,E005,Aurelius UK,EMEA,GBP,Union Atlantic,Manual touch only,False,0
P002930,2026-02-06,AC0047,E014,Aurelius India,APAC,INR,Meridian Commercial,Neither priority cohort,False,0
P003317,2026-02-06,AC0010,E003,Aurelius Wellness US,NA,USD,Union Atlantic,Neither priority cohort,False,0
P003334,2026-02-06,AC0049,E014,Aurelius India,APAC,USD,Pacific Crown,Neither priority cohort,False,0
P003460,2026-02-06,AC0017,E005,Aurelius UK,EMEA,GBP,Union Atlantic,Manual touch only,False,0
P003592,2026-02-06,AC0001,E001,Aurelius Group Holdings,NA,USD,Union Atlantic,Neither priority cohort,False,0
P003836,2026-02-06,AC0019,E005,Aurelius UK,EMEA,GBP,Union Atlantic,Neither priority cohort,False,0
P003862,2026-02-06,AC0052,E015,Aurelius Hong Kong,APAC,HKD,Continental Trust,Neither priority cohort,False,0
P003966,2026-02-06,AC0019,E005,Aurelius UK,EMEA,GBP,Union Atlantic,Neither priority cohort,False,0
P004120,2026-02-06,AC0047,E014,Aurelius India,APAC,INR,Meridian Commercial,Neither priority cohort,False,0
P004365,2026-02-06,AC0005,E002,Aurelius Home US,NA,USD,Continental Trust,Neither priority cohort,False,0
P004531,2026-02-06,AC0021,E006,Aurelius Germany,EMEA,EUR,Continental Trust,Cross-border wire only,False,0
P004577,2026-02-06,AC0005,E002,Aurelius Home US,NA,USD,Continental Trust,Neither priority cohort,False,0
P004609,2026-02-06,AC0010,E003,Aurelius Wellness US,NA,USD,Union Atlantic,Neither priority cohort,False,0
P004624,2026-02-06,AC0031,E009,Aurelius Spain,EMEA,USD,Meridian Commercial,Neither priority cohort,False,0
P005025,2026-02-06,AC0038,E011,Aurelius Australia,APAC,USD,Pacific Crown,Manual touch only,False,0
P005495,2026-02-06,AC0022,E006,Aurelius Germany,EMEA,EUR,Meridian Commercial,Neither priority cohort,False,0
P005556,2026-02-06,AC0034,E010,Aurelius Singapore,APAC,USD,Continental Trust,Manual touch only,True,55
P005756,2026-02-06,AC0013,E003,Aurelius Wellness US,NA,USD,Union Atlantic,Neither priority cohort,False,0
P006125,2026-02-06,AC0053,E016,Aurelius Global Sourcing,APAC,USD,Pacific Crown,Cross-border wire only,False,0
P006199,2026-02-06,AC0047,E014,Aurelius India,APAC,INR,Meridian Commercial,Neither priority cohort,False,0
P006343,2026-02-06,AC0044,E013,Aurelius Korea,APAC,KRW,Northbridge Bank,Neither priority cohort,False,0
P006735,2026-02-06,AC0023,E006,Aurelius Germany,EMEA,EUR,Northbridge Bank,Manual touch + cross-border wire,False,0
P007015,2026-02-06,AC0021,E006,Aurelius Germany,EMEA,EUR,Continental Trust,Neither priority cohort,False,0
P007246,2026-02-06,AC0028,E008,Aurelius Netherlands,EMEA,EUR,Meridian Commercial,Neither priority cohort,False,0
P007254,2026-02-06,AC0005,E002,Aurelius Home US,NA,USD,Continental Trust,Manual touch + cross-border wire,False,0
P007346,2026-02-06,AC0021,E006,Aurelius Germany,EMEA,EUR,Continental Trust,Neither priority cohort,False,0
P007431,2026-02-06,AC0006,E002,Aurelius Home US,NA,USD,Pacific Crown,Cross-border wire only,False,0
P007474,2026-02-06,AC0048,E014,Aurelius India,APAC,INR,Continental Trust,Manual touch only,False,0
P000529,2026-02-09,AC0053,E016,Aurelius Global Sourcing,APAC,USD,Pacific Crown,Neither priority cohort,False,0
P000616,2026-02-09,AC0021,E006,Aurelius Germany,EMEA,EUR,Continental Trust,Neither priority cohort,False,0
P000665,2026-02-09,AC0047,E014,Aurelius India,APAC,INR,Meridian Commercial,Neither priority cohort,False,0
P000714,2026-02-09,AC0031,E009,Aurelius Spain,EMEA,USD,Meridian Commercial,Neither priority cohort,False,0
P000730,2026-02-09,AC0014,E004,Aurelius Canada,NA,CAD,Union Atlantic,Neither priority cohort,False,0
P000767,2026-02-09,AC0022,E006,Aurelius Germany,EMEA,EUR,Meridian Commercial,Neither priority cohort,False,0
P000942,2026-02-09,AC0031,E009,Aurelius Spain,EMEA,USD,Meridian Commercial,Neither priority cohort,False,0
P000947,2026-02-09,AC0001,E001,Aurelius Group Holdings,NA,USD,Union Atlantic,Neither priority cohort,True,55
P001182,2026-02-09,AC0031,E009,Aurelius Spain,EMEA,USD,Meridian Commercial,Manual touch only,False,0
P001204,2026-02-09,AC0050,E015,Aurelius Hong Kong,APAC,HKD,Union Atlantic,Neither priority cohort,False,0
P001260,2026-02-09,AC0042,E012,Aurelius Japan,APAC,USD,Union Atlantic,Neither priority cohort,False,0
P001354,2026-02-09,AC0038,E011,Aurelius Australia,APAC,USD,Pacific Crown,Neither priority cohort,False,0
P001363,2026-02-09,AC0050,E015,Aurelius Hong Kong,APAC,HKD,Union Atlantic,Neither priority cohort,False,0
P001369,2026-02-09,AC0005,E002,Aurelius Home US,NA,USD,Continental Trust,Neither priority cohort,False,0
P002337,2026-02-09,AC0001,E001,Aurelius Group Holdings,NA,USD,Union Atlantic,Manual touch only,False,0
P002510,2026-02-09,AC0044,E013,Aurelius Korea,APAC,KRW,Northbridge Bank,Neither priority cohort,False,0
P002535,2026-02-09,AC0034,E010,Aurelius Singapore,APAC,USD,Continental Trust,Manual touch only,False,0
P002641,2026-02-09,AC0053,E016,Aurelius Global Sourcing,APAC,USD,Pacific Crown,Cross-border wire only,False,0
P002715,2026-02-09,AC0005,E002,Aurelius Home US,NA,USD,Continental Trust,Cross-border wire only,False,0
P003050,2026-02-09,AC0014,E004,Aurelius Canada,NA,CAD,Union Atlantic,Cross-border wire only,False,0
P003690,2026-02-09,AC0049,E014,Aurelius India,APAC,USD,Pacific Crown,Neither priority cohort,False,0
P003756,2026-02-09,AC0041,E012,Aurelius Japan,APAC,JPY,Continental Trust,Neither priority cohort,False,0
P003763,2026-02-09,AC0047,E014,Aurelius India,APAC,INR,Meridian Commercial,Manual touch only,False,0
P004160,2026-02-09,AC0025,E007,Aurelius France,EMEA,EUR,Meridian Commercial,Manual touch only,False,0
P004189,2026-02-09,AC0049,E014,Aurelius India,APAC,USD,Pacific Crown,Neither priority cohort,False,0
P004235,2026-02-09,AC0027,E007,Aurelius France,EMEA,EUR,Pacific Crown,Neither priority cohort,False,0
P005487,2026-02-09,AC0001,E001,Aurelius Group Holdings,NA,USD,Union Atlantic,Manual touch only,False,0
P005676,2026-02-09,AC0028,E008,Aurelius Netherlands,EMEA,EUR,Meridian Commercial,Neither priority cohort,False,0
P005692,2026-02-09,AC0053,E016,Aurelius Global Sourcing,APAC,USD,Pacific Crown,Neither priority cohort,False,0
P005812,2026-02-09,AC0033,E009,Aurelius Spain,EMEA,EUR,Meridian Commercial,Neither priority cohort,False,0
P006138,2026-02-09,AC0025,E007,Aurelius France,EMEA,EUR,Meridian Commercial,Neither priority cohort,False,0
P006384,2026-02-09,AC0027,E007,Aurelius France,EMEA,EUR,Pacific Crown,Neither priority cohort,False,0
P006413,2026-02-09,AC0029,E008,Aurelius Netherlands,EMEA,EUR,Continental Trust,Neither priority cohort,False,0
P006474,2026-02-09,AC0003,E001,Aurelius Group Holdings,NA,USD,Meridian Commercial,Cross-border wire only,False,0
P006480,2026-02-09,AC0044,E013,Aurelius Korea,APAC,KRW,Northbridge Bank,Neither priority cohort,False,0
P007007,2026-02-09,AC0053,E016,Aurelius Global Sourcing,APAC,USD,Pacific Crown,Neither priority cohort,False,0
P007173,2026-02-09,AC0040,E011,Aurelius Australia,APAC,AUD,Continental Trust,Neither priority cohort,False,0
P007180,2026-02-09,AC0047,E014,Aurelius India,APAC,INR,Meridian Commercial,Neither priority cohort,False,0
P007329,2026-02-09,AC0050,E015,Aurelius Hong Kong,APAC,HKD,Union Atlantic,Manual touch only,False,0
P007375,2026-02-09,AC0034,E010,Aurelius Singapore,APAC,USD,Continental Trust,Manual touch + cross-border wire,False,0
P007428,2026-02-09,AC0041,E012,Aurelius Japan,APAC,JPY,Continental Trust,Manual touch only,False,0
P007457,2026-02-09,AC0043,E012,Aurelius Japan,APAC,JPY,Union Atlantic,Manual touch only,False,0
P000054,2026-02-10,AC0001,E001,Aurelius Group Holdings,NA,USD,Union Atlantic,Neither priority cohort,False,0
P000136,2026-02-10,AC0044,E013,Aurelius Korea,APAC,KRW,Northbridge Bank,Neither priority cohort,False,0
P000346,2026-02-10,AC0034,E010,Aurelius Singapore,APAC,USD,Continental Trust,Neither priority cohort,False,0
P000447,2026-02-10,AC0034,E010,Aurelius Singapore,APAC,USD,Continental Trust,Manual touch only,True,65
P000501,2026-02-10,AC0048,E014,Aurelius India,APAC,INR,Continental Trust,Manual touch + cross-border wire,False,0
P000587,2026-02-10,AC0053,E016,Aurelius Global Sourcing,APAC,USD,Pacific Crown,Neither priority cohort,False,0
P001138,2026-02-10,AC0031,E009,Aurelius Spain,EMEA,USD,Meridian Commercial,Neither priority cohort,False,0
P001144,2026-02-10,AC0017,E005,Aurelius UK,EMEA,GBP,Union Atlantic,Neither priority cohort,False,0
P001154,2026-02-10,AC0041,E012,Aurelius Japan,APAC,JPY,Continental Trust,Neither priority cohort,False,0
P001217,2026-02-10,AC0018,E005,Aurelius UK,EMEA,GBP,Union Atlantic,Manual touch only,False,0
P001243,2026-02-10,AC0044,E013,Aurelius Korea,APAC,KRW,Northbridge Bank,Neither priority cohort,False,0
P001258,2026-02-10,AC0046,E013,Aurelius Korea,APAC,KRW,Union Atlantic,Neither priority cohort,False,0
P001296,2026-02-10,AC0038,E011,Aurelius Australia,APAC,USD,Pacific Crown,Neither priority cohort,False,0
P001425,2026-02-10,AC0031,E009,Aurelius Spain,EMEA,USD,Meridian Commercial,Manual touch only,False,0
P001565,2026-02-10,AC0050,E015,Aurelius Hong Kong,APAC,HKD,Union Atlantic,Neither priority cohort,False,0
P001648,2026-02-10,AC0032,E009,Aurelius Spain,EMEA,EUR,Northbridge Bank,Neither priority cohort,False,0
P001866,2026-02-10,AC0017,E005,Aurelius UK,EMEA,GBP,Union Atlantic,Neither priority cohort,False,0
P001920,2026-02-10,AC0044,E013,Aurelius Korea,APAC,KRW,Northbridge Bank,Manual touch only,False,0
P001955,2026-02-10,AC0014,E004,Aurelius Canada,NA,CAD,Union Atlantic,Manual touch only,False,0
P002150,2026-02-10,AC0021,E006,Aurelius Germany,EMEA,EUR,Continental Trust,Neither priority cohort,False,0
P002255,2026-02-10,AC0017,E005,Aurelius UK,EMEA,GBP,Union Atlantic,Manual touch only,False,0
P002409,2026-02-10,AC0042,E012,Aurelius Japan,APAC,USD,Union Atlantic,Manual touch + cross-border wire,False,0
P002471,2026-02-10,AC0049,E014,Aurelius India,APAC,USD,Pacific Crown,Neither priority cohort,False,0
P002472,2026-02-10,AC0021,E006,Aurelius Germany,EMEA,EUR,Continental Trust,Manual touch only,True,40
P002688,2026-02-10,AC0031,E009,Aurelius Spain,EMEA,USD,Meridian Commercial,Manual touch only,False,0
P002780,2026-02-10,AC0051,E015,Aurelius Hong Kong,APAC,HKD,Pacific Crown,Neither priority cohort,False,0
P002788,2026-02-10,AC0050,E015,Aurelius Hong Kong,APAC,HKD,Union Atlantic,Neither priority cohort,False,0
P002795,2026-02-10,AC0033,E009,Aurelius Spain,EMEA,EUR,Meridian Commercial,Manual touch only,False,0
P002813,2026-02-10,AC0051,E015,Aurelius Hong Kong,APAC,HKD,Pacific Crown,Manual touch only,False,0
P002951,2026-02-10,AC0005,E002,Aurelius Home US,NA,USD,Continental Trust,Neither priority cohort,False,0
P003029,2026-02-10,AC0001,E001,Aurelius Group Holdings,NA,USD,Union Atlantic,Manual touch only,False,0
P003262,2026-02-10,AC0049,E014,Aurelius India,APAC,USD,Pacific Crown,Neither priority cohort,False,0
P003443,2026-02-10,AC0041,E012,Aurelius Japan,APAC,JPY,Continental Trust,Manual touch + cross-border wire,False,0
P003522,2026-02-10,AC0046,E013,Aurelius Korea,APAC,KRW,Union Atlantic,Neither priority cohort,False,0
P003746,2026-02-10,AC0005,E002,Aurelius Home US,NA,USD,Continental Trust,Neither priority cohort,False,0
P003837,2026-02-10,AC0012,E003,Aurelius Wellness US,NA,USD,Northbridge Bank,Neither priority cohort,False,0
P004051,2026-02-10,AC0018,E005,Aurelius UK,EMEA,GBP,Union Atlantic,Manual touch + cross-border wire,True,24
P004098,2026-02-10,AC0050,E015,Aurelius Hong Kong,APAC,HKD,Union Atlantic,Neither priority cohort,False,0
P004144,2026-02-10,AC0025,E007,Aurelius France,EMEA,EUR,Meridian Commercial,Neither priority cohort,False,0
P004210,2026-02-10,AC0002,E001,Aurelius Group Holdings,NA,USD,Pacific Crown,Manual touch only,False,0
P004800,2026-02-10,AC0044,E013,Aurelius Korea,APAC,KRW,Northbridge Bank,Neither priority cohort,False,0
P004829,2026-02-10,AC0014,E004,Aurelius Canada,NA,CAD,Union Atlantic,Neither priority cohort,False,0
P004882,2026-02-10,AC0036,E010,Aurelius Singapore,APAC,SGD,Continental Trust,Neither priority cohort,False,0
P004952,2026-02-10,AC0001,E001,Aurelius Group Holdings,NA,USD,Union Atlantic,Neither priority cohort,False,0
P005031,2026-02-10,AC0038,E011,Aurelius Australia,APAC,USD,Pacific Crown,Neither priority cohort,False,0
P005102,2026-02-10,AC0035,E010,Aurelius Singapore,APAC,SGD,Pacific Crown,Neither priority cohort,False,0
P005198,2026-02-10,AC0013,E003,Aurelius Wellness US,NA,USD,Union Atlantic,Manual touch only,False,0
P005201,2026-02-10,AC0025,E007,Aurelius France,EMEA,EUR,Meridian Commercial,Manual touch + cross-border wire,False,0
P005208,2026-02-10,AC0017,E005,Aurelius UK,EMEA,GBP,Union Atlantic,Cross-border wire only,False,0
P005365,2026-02-10,AC0041,E012,Aurelius Japan,APAC,JPY,Continental Trust,Manual touch only,True,22
P005436,2026-02-10,AC0002,E001,Aurelius Group Holdings,NA,USD,Pacific Crown,Manual touch only,False,0
P005454,2026-02-10,AC0014,E004,Aurelius Canada,NA,CAD,Union Atlantic,Neither priority cohort,False,0
P005514,2026-02-10,AC0014,E004,Aurelius Canada,NA,CAD,Union Atlantic,Neither priority cohort,False,0
P005529,2026-02-10,AC0051,E015,Aurelius Hong Kong,APAC,HKD,Pacific Crown,Neither priority cohort,False,0
P005541,2026-02-10,AC0034,E010,Aurelius Singapore,APAC,USD,Continental Trust,Manual touch only,False,0
P005639,2026-02-10,AC0041,E012,Aurelius Japan,APAC,JPY,Continental Trust,Neither priority cohort,False,0
P006011,2026-02-10,AC0010,E003,Aurelius Wellness US,NA,USD,Union Atlantic,Neither priority cohort,False,0
P006026,2026-02-10,AC0010,E003,Aurelius Wellness US,NA,USD,Union Atlantic,Neither priority cohort,False,0
P006081,2026-02-10,AC0026,E007,Aurelius France,EMEA,USD,Union Atlantic,Manual touch only,False,0
P006159,2026-02-10,AC0043,E012,Aurelius Japan,APAC,JPY,Union Atlantic,Neither priority cohort,False,0
P006245,2026-02-10,AC0035,E010,Aurelius Singapore,APAC,SGD,Pacific Crown,Neither priority cohort,False,0
P006273,2026-02-10,AC0014,E004,Aurelius Canada,NA,CAD,Union Atlantic,Neither priority cohort,False,0
P006641,2026-02-10,AC0046,E013,Aurelius Korea,APAC,KRW,Union Atlantic,Neither priority cohort,False,0
P006691,2026-02-10,AC0010,E003,Aurelius Wellness US,NA,USD,Union Atlantic,Neither priority cohort,False,0
P006805,2026-02-10,AC0001,E001,Aurelius Group Holdings,NA,USD,Union Atlantic,Neither priority cohort,False,0
P006850,2026-02-10,AC0034,E010,Aurelius Singapore,APAC,USD,Continental Trust,Neither priority cohort,False,0
P006873,2026-02-10,AC0025,E007,Aurelius France,EMEA,EUR,Meridian Commercial,Neither priority cohort,False,0
P006952,2026-02-10,AC0008,E002,Aurelius Home US,NA,USD,Pacific Crown,Neither priority cohort,False,0
P006960,2026-02-10,AC0031,E009,Aurelius Spain,EMEA,USD,Meridian Commercial,Neither priority cohort,False,0
P007106,2026-02-10,AC0025,E007,Aurelius France,EMEA,EUR,Meridian Commercial,Neither priority cohort,False,0
P007186,2026-02-10,AC0044,E013,Aurelius Korea,APAC,KRW,Northbridge Bank,Neither priority cohort,False,0
P007302,2026-02-10,AC0020,E005,Aurelius UK,EMEA,GBP,Meridian Commercial,Neither priority cohort,False,0
P007415,2026-02-10,AC0049,E014,Aurelius India,APAC,USD,Pacific Crown,Manual touch only,False,0
P007593,2026-02-10,AC0050,E015,Aurelius Hong Kong,APAC,HKD,Union Atlantic,Neither priority cohort,False,0
P000158,2026-02-11,AC0039,E011,Aurelius Australia,APAC,AUD,Continental Trust,Neither priority cohort,False,0
P000164,2026-02-11,AC0001,E001,Aurelius Group Holdings,NA,USD,Union Atlantic,Neither priority cohort,False,0
P000196,2026-02-11,AC0001,E001,Aurelius Group Holdings,NA,USD,Union Atlantic,Neither priority cohort,False,0
P000467,2026-02-11,AC0012,E003,Aurelius Wellness US,NA,USD,Northbridge Bank,Neither priority cohort,False,0
P000845,2026-02-11,AC0048,E014,Aurelius India,APAC,INR,Continental Trust,Manual touch only,False,0
P000935,2026-02-11,AC0041,E012,Aurelius Japan,APAC,JPY,Continental Trust,Manual touch only,False,0
P001163,2026-02-11,AC0005,E002,Aurelius Home US,NA,USD,Continental Trust,Manual touch only,False,0
P001247,2026-02-11,AC0005,E002,Aurelius Home US,NA,USD,Continental Trust,Neither priority cohort,False,0
P001385,2026-02-11,AC0005,E002,Aurelius Home US,NA,USD,Continental Trust,Neither priority cohort,False,0
P001447,2026-02-11,AC0041,E012,Aurelius Japan,APAC,JPY,Continental Trust,Neither priority cohort,True,25
P001555,2026-02-11,AC0052,E015,Aurelius Hong Kong,APAC,HKD,Continental Trust,Manual touch only,False,0
P001643,2026-02-11,AC0033,E009,Aurelius Spain,EMEA,EUR,Meridian Commercial,Neither priority cohort,False,0
P001783,2026-02-11,AC0047,E014,Aurelius India,APAC,INR,Meridian Commercial,Manual touch only,False,0
P001787,2026-02-11,AC0014,E004,Aurelius Canada,NA,CAD,Union Atlantic,Neither priority cohort,False,0
P001975,2026-02-11,AC0053,E016,Aurelius Global Sourcing,APAC,USD,Pacific Crown,Neither priority cohort,False,0
P002007,2026-02-11,AC0038,E011,Aurelius Australia,APAC,USD,Pacific Crown,Neither priority cohort,False,0
P002303,2026-02-11,AC0047,E014,Aurelius India,APAC,INR,Meridian Commercial,Neither priority cohort,False,0
P002539,2026-02-11,AC0055,E016,Aurelius Global Sourcing,APAC,USD,Meridian Commercial,Neither priority cohort,False,0
P002565,2026-02-11,AC0043,E012,Aurelius Japan,APAC,JPY,Union Atlantic,Neither priority cohort,False,0
P002645,2026-02-11,AC0034,E010,Aurelius Singapore,APAC,USD,Continental Trust,Manual touch only,False,0
P002806,2026-02-11,AC0050,E015,Aurelius Hong Kong,APAC,HKD,Union Atlantic,Neither priority cohort,False,0
P002823,2026-02-11,AC0033,E009,Aurelius Spain,EMEA,EUR,Meridian Commercial,Neither priority cohort,False,0
P002998,2026-02-11,AC0038,E011,Aurelius Australia,APAC,USD,Pacific Crown,Neither priority cohort,False,0
P003070,2026-02-11,AC0021,E006,Aurelius Germany,EMEA,EUR,Continental Trust,Manual touch only,False,0
P003286,2026-02-11,AC0003,E001,Aurelius Group Holdings,NA,USD,Meridian Commercial,Neither priority cohort,False,0
P003389,2026-02-11,AC0031,E009,Aurelius Spain,EMEA,USD,Meridian Commercial,Manual touch only,False,0
P003445,2026-02-11,AC0028,E008,Aurelius Netherlands,EMEA,EUR,Meridian Commercial,Manual touch only,False,0
P003591,2026-02-11,AC0052,E015,Aurelius Hong Kong,APAC,HKD,Continental Trust,Neither priority cohort,False,0
P003721,2026-02-11,AC0010,E003,Aurelius Wellness US,NA,USD,Union Atlantic,Neither priority cohort,False,0
P003908,2026-02-11,AC0050,E015,Aurelius Hong Kong,APAC,HKD,Union Atlantic,Neither priority cohort,False,0
P003916,2026-02-11,AC0047,E014,Aurelius India,APAC,INR,Meridian Commercial,Manual touch only,False,0
P003929,2026-02-11,AC0021,E006,Aurelius Germany,EMEA,EUR,Continental Trust,Neither priority cohort,False,0
P003955,2026-02-11,AC0007,E002,Aurelius Home US,NA,USD,Northbridge Bank,Neither priority cohort,False,0
P003984,2026-02-11,AC0019,E005,Aurelius UK,EMEA,GBP,Union Atlantic,Manual touch only,False,0
P004061,2026-02-11,AC0028,E008,Aurelius Netherlands,EMEA,EUR,Meridian Commercial,Neither priority cohort,False,0
P004079,2026-02-11,AC0010,E003,Aurelius Wellness US,NA,USD,Union Atlantic,Neither priority cohort,False,0
P004136,2026-02-11,AC0027,E007,Aurelius France,EMEA,EUR,Pacific Crown,Cross-border wire only,False,0
P004329,2026-02-11,AC0032,E009,Aurelius Spain,EMEA,EUR,Northbridge Bank,Cross-border wire only,False,0
P004420,2026-02-11,AC0029,E008,Aurelius Netherlands,EMEA,EUR,Continental Trust,Neither priority cohort,False,0
P004461,2026-02-11,AC0033,E009,Aurelius Spain,EMEA,EUR,Meridian Commercial,Neither priority cohort,False,0
P004571,2026-02-11,AC0031,E009,Aurelius Spain,EMEA,USD,Meridian Commercial,Manual touch only,False,0
P004676,2026-02-11,AC0021,E006,Aurelius Germany,EMEA,EUR,Continental Trust,Cross-border wire only,False,0
P004751,2026-02-11,AC0047,E014,Aurelius India,APAC,INR,Meridian Commercial,Neither priority cohort,False,0
P004888,2026-02-11,AC0038,E011,Aurelius Australia,APAC,USD,Pacific Crown,Manual touch only,False,0
P004931,2026-02-11,AC0044,E013,Aurelius Korea,APAC,KRW,Northbridge Bank,Neither priority cohort,False,0
P004936,2026-02-11,AC0005,E002,Aurelius Home US,NA,USD,Continental Trust,Neither priority cohort,False,0
P005012,2026-02-11,AC0005,E002,Aurelius Home US,NA,USD,Continental Trust,Cross-border wire only,False,0
P005164,2026-02-11,AC0047,E014,Aurelius India,APAC,INR,Meridian Commercial,Manual touch only,False,0
P005393,2026-02-11,AC0001,E001,Aurelius Group Holdings,NA,USD,Union Atlantic,Neither priority cohort,False,0
P005441,2026-02-11,AC0003,E001,Aurelius Group Holdings,NA,USD,Meridian Commercial,Neither priority cohort,False,0
P005466,2026-02-11,AC0047,E014,Aurelius India,APAC,INR,Meridian Commercial,Neither priority cohort,False,0
P005566,2026-02-11,AC0028,E008,Aurelius Netherlands,EMEA,EUR,Meridian Commercial,Neither priority cohort,False,0
P005595,2026-02-11,AC0044,E013,Aurelius Korea,APAC,KRW,Northbridge Bank,Manual touch only,True,16
P005611,2026-02-11,AC0041,E012,Aurelius Japan,APAC,JPY,Continental Trust,Neither priority cohort,False,0
P006133,2026-02-11,AC0031,E009,Aurelius Spain,EMEA,USD,Meridian Commercial,Manual touch only,True,21
P006281,2026-02-11,AC0007,E002,Aurelius Home US,NA,USD,Northbridge Bank,Neither priority cohort,False,0
P006320,2026-02-11,AC0025,E007,Aurelius France,EMEA,EUR,Meridian Commercial,Neither priority cohort,False,0
P006340,2026-02-11,AC0021,E006,Aurelius Germany,EMEA,EUR,Continental Trust,Manual touch only,False,0
P006368,2026-02-11,AC0016,E004,Aurelius Canada,NA,CAD,Meridian Commercial,Manual touch only,True,42
P006620,2026-02-11,AC0010,E003,Aurelius Wellness US,NA,USD,Union Atlantic,Neither priority cohort,False,0
P006828,2026-02-11,AC0040,E011,Aurelius Australia,APAC,AUD,Continental Trust,Neither priority cohort,False,0
P007068,2026-02-11,AC0021,E006,Aurelius Germany,EMEA,EUR,Continental Trust,Manual touch only,False,0
P007169,2026-02-11,AC0044,E013,Aurelius Korea,APAC,KRW,Northbridge Bank,Neither priority cohort,False,0
P007195,2026-02-11,AC0035,E010,Aurelius Singapore,APAC,SGD,Pacific Crown,Neither priority cohort,False,0
P007284,2026-02-11,AC0050,E015,Aurelius Hong Kong,APAC,HKD,Union Atlantic,Neither priority cohort,False,0
P007384,2026-02-11,AC0034,E010,Aurelius Singapore,APAC,USD,Continental Trust,Cross-border wire only,False,0
P000265,2026-02-12,AC0044,E013,Aurelius Korea,APAC,KRW,Northbridge Bank,Manual touch only,False,0
P000272,2026-02-12,AC0001,E001,Aurelius Group Holdings,NA,USD,Union Atlantic,Manual touch only,False,0
P000348,2026-02-12,AC0021,E006,Aurelius Germany,EMEA,EUR,Continental Trust,Neither priority cohort,False,0
P000470,2026-02-12,AC0041,E012,Aurelius Japan,APAC,JPY,Continental Trust,Neither priority cohort,False,0
P000543,2026-02-12,AC0044,E013,Aurelius Korea,APAC,KRW,Northbridge Bank,Neither priority cohort,False,0
P000660,2026-02-12,AC0051,E015,Aurelius Hong Kong,APAC,HKD,Pacific Crown,Neither priority cohort,False,0
P000702,2026-02-12,AC0038,E011,Aurelius Australia,APAC,USD,Pacific Crown,Neither priority cohort,False,0
P000907,2026-02-12,AC0051,E015,Aurelius Hong Kong,APAC,HKD,Pacific Crown,Neither priority cohort,False,0
P001055,2026-02-12,AC0025,E007,Aurelius France,EMEA,EUR,Meridian Commercial,Neither priority cohort,False,0
P001358,2026-02-12,AC0028,E008,Aurelius Netherlands,EMEA,EUR,Meridian Commercial,Neither priority cohort,False,0
P001362,2026-02-12,AC0053,E016,Aurelius Global Sourcing,APAC,USD,Pacific Crown,Manual touch only,False,0
P001440,2026-02-12,AC0034,E010,Aurelius Singapore,APAC,USD,Continental Trust,Neither priority cohort,False,0
P001502,2026-02-12,AC0028,E008,Aurelius Netherlands,EMEA,EUR,Meridian Commercial,Manual touch only,False,0
P001579,2026-02-12,AC0046,E013,Aurelius Korea,APAC,KRW,Union Atlantic,Manual touch only,False,0
P001705,2026-02-12,AC0040,E011,Aurelius Australia,APAC,AUD,Continental Trust,Neither priority cohort,False,0
P001954,2026-02-12,AC0038,E011,Aurelius Australia,APAC,USD,Pacific Crown,Neither priority cohort,False,0
P001968,2026-02-12,AC0014,E004,Aurelius Canada,NA,CAD,Union Atlantic,Neither priority cohort,False,0
P001983,2026-02-12,AC0025,E007,Aurelius France,EMEA,EUR,Meridian Commercial,Manual touch only,False,0
P002087,2026-02-12,AC0053,E016,Aurelius Global Sourcing,APAC,USD,Pacific Crown,Cross-border wire only,False,0
P002455,2026-02-12,AC0021,E006,Aurelius Germany,EMEA,EUR,Continental Trust,Cross-border wire only,False,0
P002478,2026-02-12,AC0034,E010,Aurelius Singapore,APAC,USD,Continental Trust,Manual touch only,False,0
P002515,2026-02-12,AC0005,E002,Aurelius Home US,NA,USD,Continental Trust,Manual touch + cross-border wire,False,0
P002712,2026-02-12,AC0010,E003,Aurelius Wellness US,NA,USD,Union Atlantic,Cross-border wire only,False,0
P003157,2026-02-12,AC0036,E010,Aurelius Singapore,APAC,SGD,Continental Trust,Neither priority cohort,True,32
P003208,2026-02-12,AC0040,E011,Aurelius Australia,APAC,AUD,Continental Trust,Manual touch only,False,0
P003361,2026-02-12,AC0053,E016,Aurelius Global Sourcing,APAC,USD,Pacific Crown,Neither priority cohort,False,0
P003408,2026-02-12,AC0035,E010,Aurelius Singapore,APAC,SGD,Pacific Crown,Neither priority cohort,False,0
P003576,2026-02-12,AC0014,E004,Aurelius Canada,NA,CAD,Union Atlantic,Manual touch only,False,0
P003585,2026-02-12,AC0038,E011,Aurelius Australia,APAC,USD,Pacific Crown,Neither priority cohort,False,0
P003672,2026-02-12,AC0025,E007,Aurelius France,EMEA,EUR,Meridian Commercial,Neither priority cohort,False,0
P003808,2026-02-12,AC0031,E009,Aurelius Spain,EMEA,USD,Meridian Commercial,Neither priority cohort,False,0
P003917,2026-02-12,AC0047,E014,Aurelius India,APAC,INR,Meridian Commercial,Manual touch only,False,0
P004133,2026-02-12,AC0019,E005,Aurelius UK,EMEA,GBP,Union Atlantic,Neither priority cohort,False,0
P004310,2026-02-12,AC0053,E016,Aurelius Global Sourcing,APAC,USD,Pacific Crown,Neither priority cohort,False,0
P004414,2026-02-12,AC0011,E003,Aurelius Wellness US,NA,USD,Continental Trust,Neither priority cohort,False,0
P004836,2026-02-12,AC0030,E008,Aurelius Netherlands,EMEA,USD,Pacific Crown,Neither priority cohort,False,0
P004973,2026-02-12,AC0050,E015,Aurelius Hong Kong,APAC,HKD,Union Atlantic,Manual touch only,False,0
P005056,2026-02-12,AC0021,E006,Aurelius Germany,EMEA,EUR,Continental Trust,Manual touch + cross-border wire,False,0
P005215,2026-02-12,AC0014,E004,Aurelius Canada,NA,CAD,Union Atlantic,Neither priority cohort,False,0
P005548,2026-02-12,AC0044,E013,Aurelius Korea,APAC,KRW,Northbridge Bank,Manual touch only,False,0
P005602,2026-02-12,AC0010,E003,Aurelius Wellness US,NA,USD,Union Atlantic,Manual touch only,False,0
P005629,2026-02-12,AC0031,E009,Aurelius Spain,EMEA,USD,Meridian Commercial,Neither priority cohort,False,0
P005777,2026-02-12,AC0017,E005,Aurelius UK,EMEA,GBP,Union Atlantic,Neither priority cohort,False,0
P005869,2026-02-12,AC0043,E012,Aurelius Japan,APAC,JPY,Union Atlantic,Cross-border wire only,False,0
P005883,2026-02-12,AC0030,E008,Aurelius Netherlands,EMEA,USD,Pacific Crown,Neither priority cohort,False,0
P005947,2026-02-12,AC0025,E007,Aurelius France,EMEA,EUR,Meridian Commercial,Manual touch only,False,0
P006113,2026-02-12,AC0021,E006,Aurelius Germany,EMEA,EUR,Continental Trust,Neither priority cohort,False,0
P006160,2026-02-12,AC0014,E004,Aurelius Canada,NA,CAD,Union Atlantic,Neither priority cohort,False,0
P006196,2026-02-12,AC0019,E005,Aurelius UK,EMEA,GBP,Union Atlantic,Neither priority cohort,False,0
P006228,2026-02-12,AC0017,E005,Aurelius UK,EMEA,GBP,Union Atlantic,Neither priority cohort,False,0
P006362,2026-02-12,AC0001,E001,Aurelius Group Holdings,NA,USD,Union Atlantic,Neither priority cohort,False,0
P006442,2026-02-12,AC0012,E003,Aurelius Wellness US,NA,USD,Northbridge Bank,Neither priority cohort,False,0
P006611,2026-02-12,AC0044,E013,Aurelius Korea,APAC,KRW,Northbridge Bank,Cross-border wire only,False,0
P006684,2026-02-12,AC0047,E014,Aurelius India,APAC,INR,Meridian Commercial,Manual touch only,False,0
P006772,2026-02-12,AC0038,E011,Aurelius Australia,APAC,USD,Pacific Crown,Neither priority cohort,False,0
P006838,2026-02-12,AC0047,E014,Aurelius India,APAC,INR,Meridian Commercial,Neither priority cohort,False,0
P006842,2026-02-12,AC0039,E011,Aurelius Australia,APAC,AUD,Continental Trust,Manual touch + cross-border wire,True,24
P006846,2026-02-12,AC0005,E002,Aurelius Home US,NA,USD,Continental Trust,Neither priority cohort,False,0
P006909,2026-02-12,AC0050,E015,Aurelius Hong Kong,APAC,HKD,Union Atlantic,Neither priority cohort,False,0
P007126,2026-02-12,AC0034,E010,Aurelius Singapore,APAC,USD,Continental Trust,Neither priority cohort,True,16
P007255,2026-02-12,AC0034,E010,Aurelius Singapore,APAC,USD,Continental Trust,Manual touch only,False,0
P007307,2026-02-12,AC0014,E004,Aurelius Canada,NA,CAD,Union Atlantic,Neither priority cohort,False,0
P007386,2026-02-12,AC0047,E014,Aurelius India,APAC,INR,Meridian Commercial,Neither priority cohort,False,0
P007600,2026-02-12,AC0050,E015,Aurelius Hong Kong,APAC,HKD,Union Atlantic,Neither priority cohort,False,0
P000016,2026-02-13,AC0046,E013,Aurelius Korea,APAC,KRW,Union Atlantic,Manual touch only,False,0
P000146,2026-02-13,AC0001,E001,Aurelius Group Holdings,NA,USD,Union Atlantic,Neither priority cohort,False,0
P000239,2026-02-13,AC0010,E003,Aurelius Wellness US,NA,USD,Union Atlantic,Manual touch only,False,0
P000302,2026-02-13,AC0041,E012,Aurelius Japan,APAC,JPY,Continental Trust,Cross-border wire only,False,0
P000488,2026-02-13,AC0011,E003,Aurelius Wellness US,NA,USD,Continental Trust,Neither priority cohort,False,0
P000498,2026-02-13,AC0047,E014,Aurelius India,APAC,INR,Meridian Commercial,Manual touch only,False,0
P000576,2026-02-13,AC0047,E014,Aurelius India,APAC,INR,Meridian Commercial,Neither priority cohort,False,0
P000711,2026-02-13,AC0014,E004,Aurelius Canada,NA,CAD,Union Atlantic,Neither priority cohort,False,0
P000950,2026-02-13,AC0017,E005,Aurelius UK,EMEA,GBP,Union Atlantic,Neither priority cohort,False,0
P001195,2026-02-13,AC0003,E001,Aurelius Group Holdings,NA,USD,Meridian Commercial,Neither priority cohort,False,0
P001410,2026-02-13,AC0038,E011,Aurelius Australia,APAC,USD,Pacific Crown,Neither priority cohort,False,0
P001433,2026-02-13,AC0038,E011,Aurelius Australia,APAC,USD,Pacific Crown,Neither priority cohort,False,0
P001578,2026-02-13,AC0031,E009,Aurelius Spain,EMEA,USD,Meridian Commercial,Cross-border wire only,False,0
P001644,2026-02-13,AC0044,E013,Aurelius Korea,APAC,KRW,Northbridge Bank,Manual touch only,False,0
P001746,2026-02-13,AC0010,E003,Aurelius Wellness US,NA,USD,Union Atlantic,Neither priority cohort,False,0
P001755,2026-02-13,AC0005,E002,Aurelius Home US,NA,USD,Continental Trust,Neither priority cohort,False,0
P001890,2026-02-13,AC0038,E011,Aurelius Australia,APAC,USD,Pacific Crown,Manual touch only,True,15
P001996,2026-02-13,AC0034,E010,Aurelius Singapore,APAC,USD,Continental Trust,Manual touch only,False,0
P002240,2026-02-13,AC0012,E003,Aurelius Wellness US,NA,USD,Northbridge Bank,Neither priority cohort,False,0
P002279,2026-02-13,AC0028,E008,Aurelius Netherlands,EMEA,EUR,Meridian Commercial,Neither priority cohort,False,0
P002296,2026-02-13,AC0021,E006,Aurelius Germany,EMEA,EUR,Continental Trust,Manual touch only,False,0
P002346,2026-02-13,AC0044,E013,Aurelius Korea,APAC,KRW,Northbridge Bank,Neither priority cohort,False,0
P002402,2026-02-13,AC0038,E011,Aurelius Australia,APAC,USD,Pacific Crown,Neither priority cohort,False,0
P002452,2026-02-13,AC0028,E008,Aurelius Netherlands,EMEA,EUR,Meridian Commercial,Neither priority cohort,True,44
P002611,2026-02-13,AC0017,E005,Aurelius UK,EMEA,GBP,Union Atlantic,Neither priority cohort,False,0
P002728,2026-02-13,AC0014,E004,Aurelius Canada,NA,CAD,Union Atlantic,Neither priority cohort,False,0
P002784,2026-02-13,AC0053,E016,Aurelius Global Sourcing,APAC,USD,Pacific Crown,Neither priority cohort,False,0
P002933,2026-02-13,AC0025,E007,Aurelius France,EMEA,EUR,Meridian Commercial,Neither priority cohort,False,0
P002993,2026-02-13,AC0036,E010,Aurelius Singapore,APAC,SGD,Continental Trust,Cross-border wire only,False,0
P002999,2026-02-13,AC0031,E009,Aurelius Spain,EMEA,USD,Meridian Commercial,Neither priority cohort,False,0
P003007,2026-02-13,AC0041,E012,Aurelius Japan,APAC,JPY,Continental Trust,Neither priority cohort,False,0
P003099,2026-02-13,AC0055,E016,Aurelius Global Sourcing,APAC,USD,Meridian Commercial,Manual touch only,False,0
P003189,2026-02-13,AC0038,E011,Aurelius Australia,APAC,USD,Pacific Crown,Manual touch only,True,68
P003362,2026-02-13,AC0027,E007,Aurelius France,EMEA,EUR,Pacific Crown,Manual touch + cross-border wire,False,0
P003456,2026-02-13,AC0053,E016,Aurelius Global Sourcing,APAC,USD,Pacific Crown,Neither priority cohort,False,0
P003601,2026-02-13,AC0031,E009,Aurelius Spain,EMEA,USD,Meridian Commercial,Manual touch only,False,0
P003826,2026-02-13,AC0010,E003,Aurelius Wellness US,NA,USD,Union Atlantic,Manual touch only,False,0
P003886,2026-02-13,AC0005,E002,Aurelius Home US,NA,USD,Continental Trust,Neither priority cohort,False,0
P004174,2026-02-13,AC0044,E013,Aurelius Korea,APAC,KRW,Northbridge Bank,Manual touch + cross-border wire,True,74
P004207,2026-02-13,AC0028,E008,Aurelius Netherlands,EMEA,EUR,Meridian Commercial,Neither priority cohort,False,0
P004271,2026-02-13,AC0010,E003,Aurelius Wellness US,NA,USD,Union Atlantic,Manual touch only,True,74
P004694,2026-02-13,AC0031,E009,Aurelius Spain,EMEA,USD,Meridian Commercial,Manual touch only,False,0
P005148,2026-02-13,AC0053,E016,Aurelius Global Sourcing,APAC,USD,Pacific Crown,Neither priority cohort,False,0
P005245,2026-02-13,AC0021,E006,Aurelius Germany,EMEA,EUR,Continental Trust,Cross-border wire only,False,0
P005259,2026-02-13,AC0049,E014,Aurelius India,APAC,USD,Pacific Crown,Manual touch only,False,0
P005338,2026-02-13,AC0001,E001,Aurelius Group Holdings,NA,USD,Union Atlantic,Manual touch only,False,0
P005559,2026-02-13,AC0043,E012,Aurelius Japan,APAC,JPY,Union Atlantic,Neither priority cohort,False,0
P005707,2026-02-13,AC0044,E013,Aurelius Korea,APAC,KRW,Northbridge Bank,Neither priority cohort,False,0
P005715,2026-02-13,AC0034,E010,Aurelius Singapore,APAC,USD,Continental Trust,Manual touch only,False,0
P005822,2026-02-13,AC0043,E012,Aurelius Japan,APAC,JPY,Union Atlantic,Neither priority cohort,False,0
P006157,2026-02-13,AC0005,E002,Aurelius Home US,NA,USD,Continental Trust,Cross-border wire only,False,0
P006190,2026-02-13,AC0031,E009,Aurelius Spain,EMEA,USD,Meridian Commercial,Neither priority cohort,False,0
P006698,2026-02-13,AC0041,E012,Aurelius Japan,APAC,JPY,Continental Trust,Neither priority cohort,False,0
P006700,2026-02-13,AC0041,E012,Aurelius Japan,APAC,JPY,Continental Trust,Neither priority cohort,False,0
P006779,2026-02-13,AC0055,E016,Aurelius Global Sourcing,APAC,USD,Meridian Commercial,Neither priority cohort,False,0
P006864,2026-02-13,AC0044,E013,Aurelius Korea,APAC,KRW,Northbridge Bank,Manual touch only,False,0
P006964,2026-02-13,AC0007,E002,Aurelius Home US,NA,USD,Northbridge Bank,Neither priority cohort,False,0
P007198,2026-02-13,AC0044,E013,Aurelius Korea,APAC,KRW,Northbridge Bank,Neither priority cohort,False,0
P007239,2026-02-13,AC0041,E012,Aurelius Japan,APAC,JPY,Continental Trust,Neither priority cohort,False,0
P007305,2026-02-13,AC0031,E009,Aurelius Spain,EMEA,USD,Meridian Commercial,Manual touch only,False,0
P007381,2026-02-13,AC0038,E011,Aurelius Australia,APAC,USD,Pacific Crown,Manual touch only,True,48
P007427,2026-02-13,AC0001,E001,Aurelius Group Holdings,NA,USD,Union Atlantic,Neither priority cohort,False,0
P007496,2026-02-13,AC0023,E006,Aurelius Germany,EMEA,EUR,Northbridge Bank,Neither priority cohort,False,0
P007588,2026-02-13,AC0010,E003,Aurelius Wellness US,NA,USD,Union Atlantic,Neither priority cohort,False,0
P000007,2026-02-16,AC0028,E008,Aurelius Netherlands,EMEA,EUR,Meridian Commercial,Neither priority cohort,False,0
P000176,2026-02-16,AC0031,E009,Aurelius Spain,EMEA,USD,Meridian Commercial,Manual touch only,False,0
P000294,2026-02-16,AC0053,E016,Aurelius Global Sourcing,APAC,USD,Pacific Crown,Neither priority cohort,False,0
P000298,2026-02-16,AC0026,E007,Aurelius France,EMEA,USD,Union Atlantic,Neither priority cohort,False,0
P000659,2026-02-16,AC0038,E011,Aurelius Australia,APAC,USD,Pacific Crown,Neither priority cohort,False,0
P000705,2026-02-16,AC0014,E004,Aurelius Canada,NA,CAD,Union Atlantic,Neither priority cohort,False,0
P000887,2026-02-16,AC0055,E016,Aurelius Global Sourcing,APAC,USD,Meridian Commercial,Neither priority cohort,False,0
P000889,2026-02-16,AC0016,E004,Aurelius Canada,NA,CAD,Meridian Commercial,Neither priority cohort,False,0
P001056,2026-02-16,AC0041,E012,Aurelius Japan,APAC,JPY,Continental Trust,Neither priority cohort,False,0
P001113,2026-02-16,AC0035,E010,Aurelius Singapore,APAC,SGD,Pacific Crown,Neither priority cohort,False,0
P001219,2026-02-16,AC0051,E015,Aurelius Hong Kong,APAC,HKD,Pacific Crown,Neither priority cohort,False,0
P001916,2026-02-16,AC0033,E009,Aurelius Spain,EMEA,EUR,Meridian Commercial,Neither priority cohort,False,0
P001917,2026-02-16,AC0027,E007,Aurelius France,EMEA,EUR,Pacific Crown,Neither priority cohort,False,0
P002000,2026-02-16,AC0031,E009,Aurelius Spain,EMEA,USD,Meridian Commercial,Manual touch only,False,0
P002013,2026-02-16,AC0017,E005,Aurelius UK,EMEA,GBP,Union Atlantic,Neither priority cohort,False,0
P002125,2026-02-16,AC0055,E016,Aurelius Global Sourcing,APAC,USD,Meridian Commercial,Neither priority cohort,False,0
P002146,2026-02-16,AC0031,E009,Aurelius Spain,EMEA,USD,Meridian Commercial,Neither priority cohort,False,0
P002165,2026-02-16,AC0033,E009,Aurelius Spain,EMEA,EUR,Meridian Commercial,Manual touch only,False,0
P002166,2026-02-16,AC0007,E002,Aurelius Home US,NA,USD,Northbridge Bank,Neither priority cohort,False,0
P002357,2026-02-16,AC0017,E005,Aurelius UK,EMEA,GBP,Union Atlantic,Manual touch only,False,0
P002479,2026-02-16,AC0025,E007,Aurelius France,EMEA,EUR,Meridian Commercial,Manual touch only,False,0
P002595,2026-02-16,AC0029,E008,Aurelius Netherlands,EMEA,EUR,Continental Trust,Cross-border wire only,False,0
P002657,2026-02-16,AC0034,E010,Aurelius Singapore,APAC,USD,Continental Trust,Neither priority cohort,False,0
P002662,2026-02-16,AC0031,E009,Aurelius Spain,EMEA,USD,Meridian Commercial,Neither priority cohort,False,0
P002717,2026-02-16,AC0016,E004,Aurelius Canada,NA,CAD,Meridian Commercial,Neither priority cohort,False,0
P003291,2026-02-16,AC0005,E002,Aurelius Home US,NA,USD,Continental Trust,Neither priority cohort,False,0
P003449,2026-02-16,AC0031,E009,Aurelius Spain,EMEA,USD,Meridian Commercial,Manual touch only,False,0
P003466,2026-02-16,AC0044,E013,Aurelius Korea,APAC,KRW,Northbridge Bank,Neither priority cohort,False,0
P003670,2026-02-16,AC0038,E011,Aurelius Australia,APAC,USD,Pacific Crown,Neither priority cohort,False,0
P003676,2026-02-16,AC0039,E011,Aurelius Australia,APAC,AUD,Continental Trust,Neither priority cohort,False,0
P003747,2026-02-16,AC0021,E006,Aurelius Germany,EMEA,EUR,Continental Trust,Neither priority cohort,False,0
P003919,2026-02-16,AC0044,E013,Aurelius Korea,APAC,KRW,Northbridge Bank,Manual touch + cross-border wire,False,0
P004027,2026-02-16,AC0005,E002,Aurelius Home US,NA,USD,Continental Trust,Neither priority cohort,False,0
P004350,2026-02-16,AC0017,E005,Aurelius UK,EMEA,GBP,Union Atlantic,Manual touch only,False,0
P004361,2026-02-16,AC0053,E016,Aurelius Global Sourcing,APAC,USD,Pacific Crown,Manual touch only,False,0
P004422,2026-02-16,AC0003,E001,Aurelius Group Holdings,NA,USD,Meridian Commercial,Neither priority cohort,False,0
P004481,2026-02-16,AC0014,E004,Aurelius Canada,NA,CAD,Union Atlantic,Neither priority cohort,False,0
P004485,2026-02-16,AC0001,E001,Aurelius Group Holdings,NA,USD,Union Atlantic,Neither priority cohort,False,0
P004606,2026-02-16,AC0044,E013,Aurelius Korea,APAC,KRW,Northbridge Bank,Neither priority cohort,True,54
P004615,2026-02-16,AC0034,E010,Aurelius Singapore,APAC,USD,Continental Trust,Manual touch only,False,0
P004680,2026-02-16,AC0031,E009,Aurelius Spain,EMEA,USD,Meridian Commercial,Neither priority cohort,False,0
P004772,2026-02-16,AC0038,E011,Aurelius Australia,APAC,USD,Pacific Crown,Manual touch + cross-border wire,False,0
P004803,2026-02-16,AC0005,E002,Aurelius Home US,NA,USD,Continental Trust,Neither priority cohort,False,0
P004944,2026-02-16,AC0052,E015,Aurelius Hong Kong,APAC,HKD,Continental Trust,Neither priority cohort,False,0
P005088,2026-02-16,AC0044,E013,Aurelius Korea,APAC,KRW,Northbridge Bank,Neither priority cohort,False,0
P005092,2026-02-16,AC0047,E014,Aurelius India,APAC,INR,Meridian Commercial,Cross-border wire only,False,0
P005107,2026-02-16,AC0044,E013,Aurelius Korea,APAC,KRW,Northbridge Bank,Neither priority cohort,False,0
P005264,2026-02-16,AC0031,E009,Aurelius Spain,EMEA,USD,Meridian Commercial,Manual touch only,False,0
P005416,2026-02-16,AC0036,E010,Aurelius Singapore,APAC,SGD,Continental Trust,Cross-border wire only,False,0
P005499,2026-02-16,AC0034,E010,Aurelius Singapore,APAC,USD,Continental Trust,Neither priority cohort,False,0
P005830,2026-02-16,AC0014,E004,Aurelius Canada,NA,CAD,Union Atlantic,Neither priority cohort,False,0
P005909,2026-02-16,AC0031,E009,Aurelius Spain,EMEA,USD,Meridian Commercial,Neither priority cohort,False,0
P005926,2026-02-16,AC0031,E009,Aurelius Spain,EMEA,USD,Meridian Commercial,Manual touch only,False,0
P005983,2026-02-16,AC0050,E015,Aurelius Hong Kong,APAC,HKD,Union Atlantic,Manual touch only,False,0
P006008,2026-02-16,AC0028,E008,Aurelius Netherlands,EMEA,EUR,Meridian Commercial,Manual touch only,False,0
P006018,2026-02-16,AC0001,E001,Aurelius Group Holdings,NA,USD,Union Atlantic,Manual touch only,False,0
P006212,2026-02-16,AC0003,E001,Aurelius Group Holdings,NA,USD,Meridian Commercial,Manual touch only,False,0
P006486,2026-02-16,AC0014,E004,Aurelius Canada,NA,CAD,Union Atlantic,Neither priority cohort,False,0
P006686,2026-02-16,AC0005,E002,Aurelius Home US,NA,USD,Continental Trust,Manual touch only,False,0
P006833,2026-02-16,AC0049,E014,Aurelius India,APAC,USD,Pacific Crown,Manual touch only,False,0
P006889,2026-02-16,AC0050,E015,Aurelius Hong Kong,APAC,HKD,Union Atlantic,Cross-border wire only,False,0
P006978,2026-02-16,AC0047,E014,Aurelius India,APAC,INR,Meridian Commercial,Manual touch only,False,0
P007094,2026-02-16,AC0050,E015,Aurelius Hong Kong,APAC,HKD,Union Atlantic,Manual touch only,False,0
P007229,2026-02-16,AC0010,E003,Aurelius Wellness US,NA,USD,Union Atlantic,Manual touch only,False,0
P007353,2026-02-16,AC0031,E009,Aurelius Spain,EMEA,USD,Meridian Commercial,Manual touch only,False,0
P007464,2026-02-16,AC0023,E006,Aurelius Germany,EMEA,EUR,Northbridge Bank,Neither priority cohort,False,0
P000410,2026-02-17,AC0021,E006,Aurelius Germany,EMEA,EUR,Continental Trust,Neither priority cohort,False,0
P000483,2026-02-17,AC0020,E005,Aurelius UK,EMEA,GBP,Meridian Commercial,Neither priority cohort,False,0
P000535,2026-02-17,AC0032,E009,Aurelius Spain,EMEA,EUR,Northbridge Bank,Neither priority cohort,False,0
P000825,2026-02-17,AC0014,E004,Aurelius Canada,NA,CAD,Union Atlantic,Neither priority cohort,False,0
P000951,2026-02-17,AC0031,E009,Aurelius Spain,EMEA,USD,Meridian Commercial,Manual touch only,True,13
P000982,2026-02-17,AC0034,E010,Aurelius Singapore,APAC,USD,Continental Trust,Neither priority cohort,False,0
P001179,2026-02-17,AC0017,E005,Aurelius UK,EMEA,GBP,Union Atlantic,Manual touch only,False,0
P001253,2026-02-17,AC0021,E006,Aurelius Germany,EMEA,EUR,Continental Trust,Neither priority cohort,False,0
P001367,2026-02-17,AC0010,E003,Aurelius Wellness US,NA,USD,Union Atlantic,Neither priority cohort,False,0
P001507,2026-02-17,AC0034,E010,Aurelius Singapore,APAC,USD,Continental Trust,Neither priority cohort,False,0
P001609,2026-02-17,AC0005,E002,Aurelius Home US,NA,USD,Continental Trust,Neither priority cohort,False,0
P001635,2026-02-17,AC0017,E005,Aurelius UK,EMEA,GBP,Union Atlantic,Manual touch only,False,0
P001842,2026-02-17,AC0010,E003,Aurelius Wellness US,NA,USD,Union Atlantic,Neither priority cohort,False,0
P001943,2026-02-17,AC0025,E007,Aurelius France,EMEA,EUR,Meridian Commercial,Manual touch only,False,0
P002083,2026-02-17,AC0005,E002,Aurelius Home US,NA,USD,Continental Trust,Manual touch only,False,0
P002319,2026-02-17,AC0014,E004,Aurelius Canada,NA,CAD,Union Atlantic,Neither priority cohort,False,0
P002446,2026-02-17,AC0041,E012,Aurelius Japan,APAC,JPY,Continental Trust,Cross-border wire only,False,0
P002707,2026-02-17,AC0050,E015,Aurelius Hong Kong,APAC,HKD,Union Atlantic,Neither priority cohort,False,0
P002775,2026-02-17,AC0012,E003,Aurelius Wellness US,NA,USD,Northbridge Bank,Neither priority cohort,False,0
P002787,2026-02-17,AC0031,E009,Aurelius Spain,EMEA,USD,Meridian Commercial,Neither priority cohort,False,0
P003197,2026-02-17,AC0010,E003,Aurelius Wellness US,NA,USD,Union Atlantic,Manual touch + cross-border wire,False,0
P003250,2026-02-17,AC0047,E014,Aurelius India,APAC,INR,Meridian Commercial,Manual touch only,False,0
P003451,2026-02-17,AC0016,E004,Aurelius Canada,NA,CAD,Meridian Commercial,Manual touch only,False,0
P003541,2026-02-17,AC0041,E012,Aurelius Japan,APAC,JPY,Continental Trust,Neither priority cohort,False,0
P003745,2026-02-17,AC0040,E011,Aurelius Australia,APAC,AUD,Continental Trust,Cross-border wire only,False,0
P003854,2026-02-17,AC0032,E009,Aurelius Spain,EMEA,EUR,Northbridge Bank,Neither priority cohort,False,0
P004073,2026-02-17,AC0041,E012,Aurelius Japan,APAC,JPY,Continental Trust,Neither priority cohort,False,0
P004128,2026-02-17,AC0041,E012,Aurelius Japan,APAC,JPY,Continental Trust,Manual touch + cross-border wire,True,66
P004367,2026-02-17,AC0025,E007,Aurelius France,EMEA,EUR,Meridian Commercial,Neither priority cohort,False,0
P004416,2026-02-17,AC0019,E005,Aurelius UK,EMEA,GBP,Union Atlantic,Manual touch only,False,0
P004495,2026-02-17,AC0010,E003,Aurelius Wellness US,NA,USD,Union Atlantic,Neither priority cohort,False,0
P004532,2026-02-17,AC0003,E001,Aurelius Group Holdings,NA,USD,Meridian Commercial,Neither priority cohort,False,0
P004572,2026-02-17,AC0047,E014,Aurelius India,APAC,INR,Meridian Commercial,Manual touch only,False,0
P004739,2026-02-17,AC0029,E008,Aurelius Netherlands,EMEA,EUR,Continental Trust,Neither priority cohort,False,0
P004993,2026-02-17,AC0028,E008,Aurelius Netherlands,EMEA,EUR,Meridian Commercial,Neither priority cohort,False,0
P005076,2026-02-17,AC0050,E015,Aurelius Hong Kong,APAC,HKD,Union Atlantic,Neither priority cohort,False,0
P005239,2026-02-17,AC0005,E002,Aurelius Home US,NA,USD,Continental Trust,Neither priority cohort,False,0
P005310,2026-02-17,AC0014,E004,Aurelius Canada,NA,CAD,Union Atlantic,Cross-border wire only,False,0
P005423,2026-02-17,AC0040,E011,Aurelius Australia,APAC,AUD,Continental Trust,Manual touch only,False,0
P005471,2026-02-17,AC0038,E011,Aurelius Australia,APAC,USD,Pacific Crown,Neither priority cohort,False,0
P005889,2026-02-17,AC0025,E007,Aurelius France,EMEA,EUR,Meridian Commercial,Neither priority cohort,False,0
P005948,2026-02-17,AC0031,E009,Aurelius Spain,EMEA,USD,Meridian Commercial,Neither priority cohort,False,0
P006165,2026-02-17,AC0017,E005,Aurelius UK,EMEA,GBP,Union Atlantic,Manual touch + cross-border wire,True,34
P006235,2026-02-17,AC0025,E007,Aurelius France,EMEA,EUR,Meridian Commercial,Manual touch only,True,36
P006765,2026-02-17,AC0012,E003,Aurelius Wellness US,NA,USD,Northbridge Bank,Neither priority cohort,True,62
P007089,2026-02-17,AC0025,E007,Aurelius France,EMEA,EUR,Meridian Commercial,Manual touch only,False,0
P007132,2026-02-17,AC0021,E006,Aurelius Germany,EMEA,EUR,Continental Trust,Neither priority cohort,False,0
P007374,2026-02-17,AC0044,E013,Aurelius Korea,APAC,KRW,Northbridge Bank,Neither priority cohort,False,0
P007389,2026-02-17,AC0014,E004,Aurelius Canada,NA,CAD,Union Atlantic,Neither priority cohort,False,0
P007538,2026-02-17,AC0041,E012,Aurelius Japan,APAC,JPY,Continental Trust,Manual touch only,False,0
P007591,2026-02-17,AC0010,E003,Aurelius Wellness US,NA,USD,Union Atlantic,Manual touch only,True,27
P000072,2026-02-18,AC0053,E016,Aurelius Global Sourcing,APAC,USD,Pacific Crown,Neither priority cohort,False,0
P000148,2026-02-18,AC0034,E010,Aurelius Singapore,APAC,USD,Continental Trust,Neither priority cohort,False,0
P000349,2026-02-18,AC0053,E016,Aurelius Global Sourcing,APAC,USD,Pacific Crown,Neither priority cohort,False,0
P000396,2026-02-18,AC0047,E014,Aurelius India,APAC,INR,Meridian Commercial,Manual touch only,False,0
P000399,2026-02-18,AC0010,E003,Aurelius Wellness US,NA,USD,Union Atlantic,Manual touch only,False,0
P000554,2026-02-18,AC0028,E008,Aurelius Netherlands,EMEA,EUR,Meridian Commercial,Neither priority cohort,False,0
P000606,2026-02-18,AC0001,E001,Aurelius Group Holdings,NA,USD,Union Atlantic,Manual touch only,False,0
P000857,2026-02-18,AC0052,E015,Aurelius Hong Kong,APAC,HKD,Continental Trust,Neither priority cohort,False,0
P000873,2026-02-18,AC0005,E002,Aurelius Home US,NA,USD,Continental Trust,Neither priority cohort,False,0
P001150,2026-02-18,AC0028,E008,Aurelius Netherlands,EMEA,EUR,Meridian Commercial,Neither priority cohort,False,0
P001231,2026-02-18,AC0028,E008,Aurelius Netherlands,EMEA,EUR,Meridian Commercial,Neither priority cohort,False,0
P001603,2026-02-18,AC0005,E002,Aurelius Home US,NA,USD,Continental Trust,Neither priority cohort,False,0
P001620,2026-02-18,AC0014,E004,Aurelius Canada,NA,CAD,Union Atlantic,Neither priority cohort,False,0
P001796,2026-02-18,AC0031,E009,Aurelius Spain,EMEA,USD,Meridian Commercial,Neither priority cohort,False,0
P002084,2026-02-18,AC0005,E002,Aurelius Home US,NA,USD,Continental Trust,Cross-border wire only,True,19
P002423,2026-02-18,AC0053,E016,Aurelius Global Sourcing,APAC,USD,Pacific Crown,Manual touch only,True,46
P002573,2026-02-18,AC0005,E002,Aurelius Home US,NA,USD,Continental Trust,Neither priority cohort,False,0
P002583,2026-02-18,AC0034,E010,Aurelius Singapore,APAC,USD,Continental Trust,Neither priority cohort,False,0
P002654,2026-02-18,AC0044,E013,Aurelius Korea,APAC,KRW,Northbridge Bank,Neither priority cohort,False,0
P002680,2026-02-18,AC0046,E013,Aurelius Korea,APAC,KRW,Union Atlantic,Neither priority cohort,False,0
P003065,2026-02-18,AC0044,E013,Aurelius Korea,APAC,KRW,Northbridge Bank,Manual touch + cross-border wire,False,0
P003454,2026-02-18,AC0053,E016,Aurelius Global Sourcing,APAC,USD,Pacific Crown,Neither priority cohort,False,0
P003488,2026-02-18,AC0055,E016,Aurelius Global Sourcing,APAC,USD,Meridian Commercial,Neither priority cohort,True,60
P003495,2026-02-18,AC0010,E003,Aurelius Wellness US,NA,USD,Union Atlantic,Cross-border wire only,False,0
P003509,2026-02-18,AC0038,E011,Aurelius Australia,APAC,USD,Pacific Crown,Neither priority cohort,False,0
P003743,2026-02-18,AC0040,E011,Aurelius Australia,APAC,AUD,Continental Trust,Neither priority cohort,False,0
P004147,2026-02-18,AC0053,E016,Aurelius Global Sourcing,APAC,USD,Pacific Crown,Neither priority cohort,False,0
P004337,2026-02-18,AC0038,E011,Aurelius Australia,APAC,USD,Pacific Crown,Neither priority cohort,False,0
P004524,2026-02-18,AC0054,E016,Aurelius Global Sourcing,APAC,USD,Northbridge Bank,Cross-border wire only,False,0
P004809,2026-02-18,AC0044,E013,Aurelius Korea,APAC,KRW,Northbridge Bank,Neither priority cohort,False,0
P005093,2026-02-18,AC0049,E014,Aurelius India,APAC,USD,Pacific Crown,Manual touch only,False,0
P005115,2026-02-18,AC0033,E009,Aurelius Spain,EMEA,EUR,Meridian Commercial,Neither priority cohort,False,0
P005149,2026-02-18,AC0041,E012,Aurelius Japan,APAC,JPY,Continental Trust,Neither priority cohort,False,0
P005573,2026-02-18,AC0005,E002,Aurelius Home US,NA,USD,Continental Trust,Neither priority cohort,False,0
P005903,2026-02-18,AC0038,E011,Aurelius Australia,APAC,USD,Pacific Crown,Manual touch + cross-border wire,False,0
P006036,2026-02-18,AC0041,E012,Aurelius Japan,APAC,JPY,Continental Trust,Neither priority cohort,False,0
P006314,2026-02-18,AC0001,E001,Aurelius Group Holdings,NA,USD,Union Atlantic,Manual touch only,False,0
P006439,2026-02-18,AC0018,E005,Aurelius UK,EMEA,GBP,Union Atlantic,Manual touch only,False,0
P006795,2026-02-18,AC0047,E014,Aurelius India,APAC,INR,Meridian Commercial,Manual touch + cross-border wire,False,0
P006800,2026-02-18,AC0034,E010,Aurelius Singapore,APAC,USD,Continental Trust,Manual touch only,False,0
P006894,2026-02-18,AC0034,E010,Aurelius Singapore,APAC,USD,Continental Trust,Neither priority cohort,False,0
P006949,2026-02-18,AC0034,E010,Aurelius Singapore,APAC,USD,Continental Trust,Manual touch + cross-border wire,False,0
P007344,2026-02-18,AC0016,E004,Aurelius Canada,NA,CAD,Meridian Commercial,Neither priority cohort,False,0
P007345,2026-02-18,AC0053,E016,Aurelius Global Sourcing,APAC,USD,Pacific Crown,Manual touch + cross-border wire,False,0
P007356,2026-02-18,AC0053,E016,Aurelius Global Sourcing,APAC,USD,Pacific Crown,Neither priority cohort,False,0
P007572,2026-02-18,AC0050,E015,Aurelius Hong Kong,APAC,HKD,Union Atlantic,Neither priority cohort,False,0
P007574,2026-02-18,AC0010,E003,Aurelius Wellness US,NA,USD,Union Atlantic,Neither priority cohort,False,0
P007584,2026-02-18,AC0025,E007,Aurelius France,EMEA,EUR,Meridian Commercial,Manual touch only,False,0
P000028,2026-02-19,AC0010,E003,Aurelius Wellness US,NA,USD,Union Atlantic,Manual touch only,True,55
P000188,2026-02-19,AC0053,E016,Aurelius Global Sourcing,APAC,USD,Pacific Crown,Neither priority cohort,False,0
P000221,2026-02-19,AC0015,E004,Aurelius Canada,NA,CAD,Pacific Crown,Manual touch only,False,0
P000250,2026-02-19,AC0038,E011,Aurelius Australia,APAC,USD,Pacific Crown,Neither priority cohort,False,0
P000261,2026-02-19,AC0050,E015,Aurelius Hong Kong,APAC,HKD,Union Atlantic,Manual touch only,False,0
P000762,2026-02-19,AC0050,E015,Aurelius Hong Kong,APAC,HKD,Union Atlantic,Manual touch only,False,0
P000932,2026-02-19,AC0047,E014,Aurelius India,APAC,INR,Meridian Commercial,Cross-border wire only,False,0
P001030,2026-02-19,AC0044,E013,Aurelius Korea,APAC,KRW,Northbridge Bank,Neither priority cohort,False,0
P001130,2026-02-19,AC0007,E002,Aurelius Home US,NA,USD,Northbridge Bank,Neither priority cohort,False,0
P001292,2026-02-19,AC0044,E013,Aurelius Korea,APAC,KRW,Northbridge Bank,Neither priority cohort,False,0
P001539,2026-02-19,AC0005,E002,Aurelius Home US,NA,USD,Continental Trust,Neither priority cohort,False,0
P001677,2026-02-19,AC0028,E008,Aurelius Netherlands,EMEA,EUR,Meridian Commercial,Neither priority cohort,False,0
P001977,2026-02-19,AC0006,E002,Aurelius Home US,NA,USD,Pacific Crown,Neither priority cohort,False,0
P002006,2026-02-19,AC0049,E014,Aurelius India,APAC,USD,Pacific Crown,Neither priority cohort,False,0
P002036,2026-02-19,AC0017,E005,Aurelius UK,EMEA,GBP,Union Atlantic,Manual touch only,False,0
P002071,2026-02-19,AC0001,E001,Aurelius Group Holdings,NA,USD,Union Atlantic,Manual touch only,False,0
P002230,2026-02-19,AC0053,E016,Aurelius Global Sourcing,APAC,USD,Pacific Crown,Manual touch only,False,0
P002329,2026-02-19,AC0025,E007,Aurelius France,EMEA,EUR,Meridian Commercial,Manual touch only,False,0
P002575,2026-02-19,AC0048,E014,Aurelius India,APAC,INR,Continental Trust,Manual touch only,True,44
P002916,2026-02-19,AC0044,E013,Aurelius Korea,APAC,KRW,Northbridge Bank,Manual touch only,False,0
P003061,2026-02-19,AC0053,E016,Aurelius Global Sourcing,APAC,USD,Pacific Crown,Manual touch only,False,0
P003103,2026-02-19,AC0044,E013,Aurelius Korea,APAC,KRW,Northbridge Bank,Neither priority cohort,False,0
P003263,2026-02-19,AC0017,E005,Aurelius UK,EMEA,GBP,Union Atlantic,Neither priority cohort,False,0
P003324,2026-02-19,AC0001,E001,Aurelius Group Holdings,NA,USD,Union Atlantic,Neither priority cohort,False,0
P003355,2026-02-19,AC0021,E006,Aurelius Germany,EMEA,EUR,Continental Trust,Neither priority cohort,False,0
P003478,2026-02-19,AC0034,E010,Aurelius Singapore,APAC,USD,Continental Trust,Manual touch only,False,0
P003510,2026-02-19,AC0019,E005,Aurelius UK,EMEA,GBP,Union Atlantic,Manual touch + cross-border wire,False,0
P003655,2026-02-19,AC0050,E015,Aurelius Hong Kong,APAC,HKD,Union Atlantic,Manual touch only,False,0
P003744,2026-02-19,AC0007,E002,Aurelius Home US,NA,USD,Northbridge Bank,Neither priority cohort,False,0
P003885,2026-02-19,AC0050,E015,Aurelius Hong Kong,APAC,HKD,Union Atlantic,Neither priority cohort,False,0
P003996,2026-02-19,AC0038,E011,Aurelius Australia,APAC,USD,Pacific Crown,Neither priority cohort,False,0
P004180,2026-02-19,AC0050,E015,Aurelius Hong Kong,APAC,HKD,Union Atlantic,Manual touch + cross-border wire,False,0
P004194,2026-02-19,AC0039,E011,Aurelius Australia,APAC,AUD,Continental Trust,Neither priority cohort,False,0
P004450,2026-02-19,AC0031,E009,Aurelius Spain,EMEA,USD,Meridian Commercial,Neither priority cohort,False,0
P004499,2026-02-19,AC0031,E009,Aurelius Spain,EMEA,USD,Meridian Commercial,Neither priority cohort,False,0
P004528,2026-02-19,AC0025,E007,Aurelius France,EMEA,EUR,Meridian Commercial,Manual touch only,True,28
P004551,2026-02-19,AC0025,E007,Aurelius France,EMEA,EUR,Meridian Commercial,Manual touch only,False,0
P004656,2026-02-19,AC0017,E005,Aurelius UK,EMEA,GBP,Union Atlantic,Neither priority cohort,True,59
P004878,2026-02-19,AC0038,E011,Aurelius Australia,APAC,USD,Pacific Crown,Neither priority cohort,False,0
P004975,2026-02-19,AC0034,E010,Aurelius Singapore,APAC,USD,Continental Trust,Neither priority cohort,False,0
P005059,2026-02-19,AC0018,E005,Aurelius UK,EMEA,GBP,Union Atlantic,Neither priority cohort,False,0
P005399,2026-02-19,AC0014,E004,Aurelius Canada,NA,CAD,Union Atlantic,Manual touch only,False,0
P005624,2026-02-19,AC0042,E012,Aurelius Japan,APAC,USD,Union Atlantic,Neither priority cohort,False,0
P005702,2026-02-19,AC0017,E005,Aurelius UK,EMEA,GBP,Union Atlantic,Neither priority cohort,False,0
P005741,2026-02-19,AC0040,E011,Aurelius Australia,APAC,AUD,Continental Trust,Manual touch only,False,0
P005941,2026-02-19,AC0034,E010,Aurelius Singapore,APAC,USD,Continental Trust,Neither priority cohort,False,0
P006143,2026-02-19,AC0050,E015,Aurelius Hong Kong,APAC,HKD,Union Atlantic,Manual touch only,True,26
P006222,2026-02-19,AC0014,E004,Aurelius Canada,NA,CAD,Union Atlantic,Neither priority cohort,False,0
P006379,2026-02-19,AC0001,E001,Aurelius Group Holdings,NA,USD,Union Atlantic,Neither priority cohort,False,0
P006412,2026-02-19,AC0030,E008,Aurelius Netherlands,EMEA,USD,Pacific Crown,Neither priority cohort,False,0
P006417,2026-02-19,AC0027,E007,Aurelius France,EMEA,EUR,Pacific Crown,Manual touch only,False,0
P006432,2026-02-19,AC0028,E008,Aurelius Netherlands,EMEA,EUR,Meridian Commercial,Neither priority cohort,False,0
P006513,2026-02-19,AC0038,E011,Aurelius Australia,APAC,USD,Pacific Crown,Neither priority cohort,False,0
P006599,2026-02-19,AC0028,E008,Aurelius Netherlands,EMEA,EUR,Meridian Commercial,Neither priority cohort,False,0
P006643,2026-02-19,AC0007,E002,Aurelius Home US,NA,USD,Northbridge Bank,Cross-border wire only,False,0
P006655,2026-02-19,AC0027,E007,Aurelius France,EMEA,EUR,Pacific Crown,Neither priority cohort,False,0
P006807,2026-02-19,AC0039,E011,Aurelius Australia,APAC,AUD,Continental Trust,Neither priority cohort,False,0
P007230,2026-02-19,AC0050,E015,Aurelius Hong Kong,APAC,HKD,Union Atlantic,Manual touch only,False,0
P007432,2026-02-19,AC0046,E013,Aurelius Korea,APAC,KRW,Union Atlantic,Neither priority cohort,False,0
P000005,2026-02-20,AC0027,E007,Aurelius France,EMEA,EUR,Pacific Crown,Neither priority cohort,False,0
P000037,2026-02-20,AC0041,E012,Aurelius Japan,APAC,JPY,Continental Trust,Neither priority cohort,False,0
P000087,2026-02-20,AC0025,E007,Aurelius France,EMEA,EUR,Meridian Commercial,Neither priority cohort,False,0
P000226,2026-02-20,AC0046,E013,Aurelius Korea,APAC,KRW,Union Atlantic,Neither priority cohort,False,0
P000400,2026-02-20,AC0028,E008,Aurelius Netherlands,EMEA,EUR,Meridian Commercial,Cross-border wire only,False,0
P000461,2026-02-20,AC0025,E007,Aurelius France,EMEA,EUR,Meridian Commercial,Manual touch only,False,0
P000598,2026-02-20,AC0041,E012,Aurelius Japan,APAC,JPY,Continental Trust,Neither priority cohort,False,0
P000895,2026-02-20,AC0038,E011,Aurelius Australia,APAC,USD,Pacific Crown,Manual touch only,False,0
P001018,2026-02-20,AC0010,E003,Aurelius Wellness US,NA,USD,Union Atlantic,Manual touch only,False,0
P001027,2026-02-20,AC0013,E003,Aurelius Wellness US,NA,USD,Union Atlantic,Neither priority cohort,False,0
P001071,2026-02-20,AC0053,E016,Aurelius Global Sourcing,APAC,USD,Pacific Crown,Neither priority cohort,False,0
P001105,2026-02-20,AC0053,E016,Aurelius Global Sourcing,APAC,USD,Pacific Crown,Neither priority cohort,False,0
P001169,2026-02-20,AC0012,E003,Aurelius Wellness US,NA,USD,Northbridge Bank,Neither priority cohort,False,0
P001308,2026-02-20,AC0010,E003,Aurelius Wellness US,NA,USD,Union Atlantic,Manual touch only,False,0
P001395,2026-02-20,AC0051,E015,Aurelius Hong Kong,APAC,HKD,Pacific Crown,Neither priority cohort,False,0
P001551,2026-02-20,AC0027,E007,Aurelius France,EMEA,EUR,Pacific Crown,Neither priority cohort,False,0
P001554,2026-02-20,AC0017,E005,Aurelius UK,EMEA,GBP,Union Atlantic,Manual touch only,False,0
P001758,2026-02-20,AC0036,E010,Aurelius Singapore,APAC,SGD,Continental Trust,Manual touch only,False,0
P001944,2026-02-20,AC0031,E009,Aurelius Spain,EMEA,USD,Meridian Commercial,Manual touch only,True,15
P001985,2026-02-20,AC0050,E015,Aurelius Hong Kong,APAC,HKD,Union Atlantic,Neither priority cohort,False,0
P002022,2026-02-20,AC0048,E014,Aurelius India,APAC,INR,Continental Trust,Neither priority cohort,False,0
P002361,2026-02-20,AC0028,E008,Aurelius Netherlands,EMEA,EUR,Meridian Commercial,Cross-border wire only,False,0
P002635,2026-02-20,AC0021,E006,Aurelius Germany,EMEA,EUR,Continental Trust,Manual touch + cross-border wire,False,0
P002638,2026-02-20,AC0031,E009,Aurelius Spain,EMEA,USD,Meridian Commercial,Manual touch only,False,0
P002710,2026-02-20,AC0038,E011,Aurelius Australia,APAC,USD,Pacific Crown,Neither priority cohort,False,0
P002864,2026-02-20,AC0025,E007,Aurelius France,EMEA,EUR,Meridian Commercial,Neither priority cohort,False,0
P002868,2026-02-20,AC0041,E012,Aurelius Japan,APAC,JPY,Continental Trust,Neither priority cohort,False,0
P002904,2026-02-20,AC0038,E011,Aurelius Australia,APAC,USD,Pacific Crown,Manual touch only,False,0
P002971,2026-02-20,AC0010,E003,Aurelius Wellness US,NA,USD,Union Atlantic,Neither priority cohort,False,0
P003121,2026-02-20,AC0053,E016,Aurelius Global Sourcing,APAC,USD,Pacific Crown,Neither priority cohort,False,0
P003193,2026-02-20,AC0010,E003,Aurelius Wellness US,NA,USD,Union Atlantic,Manual touch only,False,0
P003397,2026-02-20,AC0034,E010,Aurelius Singapore,APAC,USD,Continental Trust,Manual touch + cross-border wire,True,46
P003968,2026-02-20,AC0017,E005,Aurelius UK,EMEA,GBP,Union Atlantic,Neither priority cohort,False,0
P004228,2026-02-20,AC0055,E016,Aurelius Global Sourcing,APAC,USD,Meridian Commercial,Neither priority cohort,False,0
P004441,2026-02-20,AC0005,E002,Aurelius Home US,NA,USD,Continental Trust,Neither priority cohort,False,0
P004458,2026-02-20,AC0028,E008,Aurelius Netherlands,EMEA,EUR,Meridian Commercial,Neither priority cohort,False,0
P004473,2026-02-20,AC0018,E005,Aurelius UK,EMEA,GBP,Union Atlantic,Neither priority cohort,False,0
P004540,2026-02-20,AC0017,E005,Aurelius UK,EMEA,GBP,Union Atlantic,Neither priority cohort,False,0
P004687,2026-02-20,AC0005,E002,Aurelius Home US,NA,USD,Continental Trust,Manual touch only,False,0
P004811,2026-02-20,AC0032,E009,Aurelius Spain,EMEA,EUR,Northbridge Bank,Neither priority cohort,False,0
P005049,2026-02-20,AC0025,E007,Aurelius France,EMEA,EUR,Meridian Commercial,Manual touch only,False,0
P005823,2026-02-20,AC0005,E002,Aurelius Home US,NA,USD,Continental Trust,Neither priority cohort,False,0
P005845,2026-02-20,AC0014,E004,Aurelius Canada,NA,CAD,Union Atlantic,Cross-border wire only,False,0
P005986,2026-02-20,AC0038,E011,Aurelius Australia,APAC,USD,Pacific Crown,Neither priority cohort,False,0
P006144,2026-02-20,AC0041,E012,Aurelius Japan,APAC,JPY,Continental Trust,Neither priority cohort,False,0
P006374,2026-02-20,AC0034,E010,Aurelius Singapore,APAC,USD,Continental Trust,Manual touch only,False,0
P006427,2026-02-20,AC0010,E003,Aurelius Wellness US,NA,USD,Union Atlantic,Manual touch only,False,0
P006550,2026-02-20,AC0054,E016,Aurelius Global Sourcing,APAC,USD,Northbridge Bank,Neither priority cohort,False,0
P007403,2026-02-20,AC0034,E010,Aurelius Singapore,APAC,USD,Continental Trust,Neither priority cohort,False,0
P000110,2026-02-23,AC0031,E009,Aurelius Spain,EMEA,USD,Meridian Commercial,Neither priority cohort,False,0
P000154,2026-02-23,AC0030,E008,Aurelius Netherlands,EMEA,USD,Pacific Crown,Manual touch + cross-border wire,False,0
P000273,2026-02-23,AC0014,E004,Aurelius Canada,NA,CAD,Union Atlantic,Manual touch only,False,0
P000575,2026-02-23,AC0028,E008,Aurelius Netherlands,EMEA,EUR,Meridian Commercial,Neither priority cohort,False,0
P000642,2026-02-23,AC0025,E007,Aurelius France,EMEA,EUR,Meridian Commercial,Manual touch only,False,0
P000647,2026-02-23,AC0002,E001,Aurelius Group Holdings,NA,USD,Pacific Crown,Neither priority cohort,False,0
P000738,2026-02-23,AC0001,E001,Aurelius Group Holdings,NA,USD,Union Atlantic,Manual touch only,False,0
P000847,2026-02-23,AC0021,E006,Aurelius Germany,EMEA,EUR,Continental Trust,Neither priority cohort,False,0
P000892,2026-02-23,AC0049,E014,Aurelius India,APAC,USD,Pacific Crown,Neither priority cohort,True,18
P000899,2026-02-23,AC0025,E007,Aurelius France,EMEA,EUR,Meridian Commercial,Neither priority cohort,False,0
P001035,2026-02-23,AC0021,E006,Aurelius Germany,EMEA,EUR,Continental Trust,Neither priority cohort,False,0
P001049,2026-02-23,AC0052,E015,Aurelius Hong Kong,APAC,HKD,Continental Trust,Manual touch + cross-border wire,False,0
P001411,2026-02-23,AC0043,E012,Aurelius Japan,APAC,JPY,Union Atlantic,Neither priority cohort,False,0
P001497,2026-02-23,AC0021,E006,Aurelius Germany,EMEA,EUR,Continental Trust,Manual touch + cross-border wire,False,0
P001925,2026-02-23,AC0053,E016,Aurelius Global Sourcing,APAC,USD,Pacific Crown,Cross-border wire only,False,0
P002050,2026-02-23,AC0030,E008,Aurelius Netherlands,EMEA,USD,Pacific Crown,Neither priority cohort,False,0
P002147,2026-02-23,AC0033,E009,Aurelius Spain,EMEA,EUR,Meridian Commercial,Manual touch only,False,0
P002182,2026-02-23,AC0028,E008,Aurelius Netherlands,EMEA,EUR,Meridian Commercial,Manual touch only,False,0
P002407,2026-02-23,AC0005,E002,Aurelius Home US,NA,USD,Continental Trust,Neither priority cohort,False,0
P002570,2026-02-23,AC0017,E005,Aurelius UK,EMEA,GBP,Union Atlantic,Neither priority cohort,False,0
P002648,2026-02-23,AC0017,E005,Aurelius UK,EMEA,GBP,Union Atlantic,Neither priority cohort,False,0
P002734,2026-02-23,AC0038,E011,Aurelius Australia,APAC,USD,Pacific Crown,Neither priority cohort,False,0
P002848,2026-02-23,AC0045,E013,Aurelius Korea,APAC,KRW,Pacific Crown,Manual touch only,True,31
P003403,2026-02-23,AC0001,E001,Aurelius Group Holdings,NA,USD,Union Atlantic,Neither priority cohort,False,0
P003474,2026-02-23,AC0041,E012,Aurelius Japan,APAC,JPY,Continental Trust,Neither priority cohort,False,0
P003912,2026-02-23,AC0034,E010,Aurelius Singapore,APAC,USD,Continental Trust,Cross-border wire only,False,0
P003934,2026-02-23,AC0047,E014,Aurelius India,APAC,INR,Meridian Commercial,Manual touch only,False,0
P003957,2026-02-23,AC0025,E007,Aurelius France,EMEA,EUR,Meridian Commercial,Neither priority cohort,False,0
P004003,2026-02-23,AC0010,E003,Aurelius Wellness US,NA,USD,Union Atlantic,Neither priority cohort,False,0
P004115,2026-02-23,AC0041,E012,Aurelius Japan,APAC,JPY,Continental Trust,Manual touch + cross-border wire,False,0
P004328,2026-02-23,AC0018,E005,Aurelius UK,EMEA,GBP,Union Atlantic,Manual touch only,False,0
P004389,2026-02-23,AC0050,E015,Aurelius Hong Kong,APAC,HKD,Union Atlantic,Manual touch only,False,0
P004408,2026-02-23,AC0011,E003,Aurelius Wellness US,NA,USD,Continental Trust,Neither priority cohort,False,0
P004514,2026-02-23,AC0049,E014,Aurelius India,APAC,USD,Pacific Crown,Neither priority cohort,False,0
P004723,2026-02-23,AC0005,E002,Aurelius Home US,NA,USD,Continental Trust,Neither priority cohort,False,0
P004794,2026-02-23,AC0031,E009,Aurelius Spain,EMEA,USD,Meridian Commercial,Manual touch only,True,24
P004820,2026-02-23,AC0050,E015,Aurelius Hong Kong,APAC,HKD,Union Atlantic,Neither priority cohort,False,0
P004898,2026-02-23,AC0031,E009,Aurelius Spain,EMEA,USD,Meridian Commercial,Manual touch only,False,0
P004941,2026-02-23,AC0001,E001,Aurelius Group Holdings,NA,USD,Union Atlantic,Neither priority cohort,False,0
P004969,2026-02-23,AC0019,E005,Aurelius UK,EMEA,GBP,Union Atlantic,Neither priority cohort,False,0
P005083,2026-02-23,AC0025,E007,Aurelius France,EMEA,EUR,Meridian Commercial,Neither priority cohort,False,0
P005302,2026-02-23,AC0005,E002,Aurelius Home US,NA,USD,Continental Trust,Manual touch only,False,0
P005447,2026-02-23,AC0020,E005,Aurelius UK,EMEA,GBP,Meridian Commercial,Cross-border wire only,False,0
P005452,2026-02-23,AC0001,E001,Aurelius Group Holdings,NA,USD,Union Atlantic,Neither priority cohort,False,0
P005734,2026-02-23,AC0053,E016,Aurelius Global Sourcing,APAC,USD,Pacific Crown,Neither priority cohort,False,0
P005874,2026-02-23,AC0044,E013,Aurelius Korea,APAC,KRW,Northbridge Bank,Cross-border wire only,False,0
P006002,2026-02-23,AC0031,E009,Aurelius Spain,EMEA,USD,Meridian Commercial,Manual touch only,False,0
P006184,2026-02-23,AC0042,E012,Aurelius Japan,APAC,USD,Union Atlantic,Neither priority cohort,False,0
P006187,2026-02-23,AC0031,E009,Aurelius Spain,EMEA,USD,Meridian Commercial,Neither priority cohort,False,0
P006232,2026-02-23,AC0023,E006,Aurelius Germany,EMEA,EUR,Northbridge Bank,Neither priority cohort,False,0
P006291,2026-02-23,AC0021,E006,Aurelius Germany,EMEA,EUR,Continental Trust,Neither priority cohort,False,0
P006859,2026-02-23,AC0001,E001,Aurelius Group Holdings,NA,USD,Union Atlantic,Neither priority cohort,False,0
P006948,2026-02-23,AC0044,E013,Aurelius Korea,APAC,KRW,Northbridge Bank,Cross-border wire only,False,0
P007066,2026-02-23,AC0005,E002,Aurelius Home US,NA,USD,Continental Trust,Cross-border wire only,False,0
P007138,2026-02-23,AC0047,E014,Aurelius India,APAC,INR,Meridian Commercial,Manual touch only,False,0
P007376,2026-02-23,AC0014,E004,Aurelius Canada,NA,CAD,Union Atlantic,Manual touch only,True,13
P007404,2026-02-23,AC0022,E006,Aurelius Germany,EMEA,EUR,Meridian Commercial,Manual touch only,False,0
P007509,2026-02-23,AC0041,E012,Aurelius Japan,APAC,JPY,Continental Trust,Neither priority cohort,False,0
P007577,2026-02-23,AC0046,E013,Aurelius Korea,APAC,KRW,Union Atlantic,Manual touch only,False,0
P000029,2026-02-24,AC0002,E001,Aurelius Group Holdings,NA,USD,Pacific Crown,Manual touch only,False,0
P000175,2026-02-24,AC0054,E016,Aurelius Global Sourcing,APAC,USD,Northbridge Bank,Neither priority cohort,False,0
P000233,2026-02-24,AC0044,E013,Aurelius Korea,APAC,KRW,Northbridge Bank,Neither priority cohort,False,0
P000284,2026-02-24,AC0051,E015,Aurelius Hong Kong,APAC,HKD,Pacific Crown,Neither priority cohort,False,0
P000746,2026-02-24,AC0025,E007,Aurelius France,EMEA,EUR,Meridian Commercial,Neither priority cohort,False,0
P000916,2026-02-24,AC0048,E014,Aurelius India,APAC,INR,Continental Trust,Neither priority cohort,False,0
P001104,2026-02-24,AC0017,E005,Aurelius UK,EMEA,GBP,Union Atlantic,Manual touch only,False,0
P001149,2026-02-24,AC0005,E002,Aurelius Home US,NA,USD,Continental Trust,Cross-border wire only,False,0
P001397,2026-02-24,AC0028,E008,Aurelius Netherlands,EMEA,EUR,Meridian Commercial,Neither priority cohort,False,0
P001524,2026-02-24,AC0047,E014,Aurelius India,APAC,INR,Meridian Commercial,Neither priority cohort,False,0
P001563,2026-02-24,AC0005,E002,Aurelius Home US,NA,USD,Continental Trust,Neither priority cohort,False,0
P001638,2026-02-24,AC0014,E004,Aurelius Canada,NA,CAD,Union Atlantic,Neither priority cohort,False,0
P001673,2026-02-24,AC0050,E015,Aurelius Hong Kong,APAC,HKD,Union Atlantic,Neither priority cohort,False,0
P001799,2026-02-24,AC0019,E005,Aurelius UK,EMEA,GBP,Union Atlantic,Neither priority cohort,False,0
P001903,2026-02-24,AC0031,E009,Aurelius Spain,EMEA,USD,Meridian Commercial,Manual touch only,False,0
P001981,2026-02-24,AC0031,E009,Aurelius Spain,EMEA,USD,Meridian Commercial,Manual touch only,True,30
P002138,2026-02-24,AC0001,E001,Aurelius Group Holdings,NA,USD,Union Atlantic,Neither priority cohort,False,0
P002244,2026-02-24,AC0001,E001,Aurelius Group Holdings,NA,USD,Union Atlantic,Neither priority cohort,False,0
P002489,2026-02-24,AC0049,E014,Aurelius India,APAC,USD,Pacific Crown,Manual touch only,False,0
P002608,2026-02-24,AC0039,E011,Aurelius Australia,APAC,AUD,Continental Trust,Cross-border wire only,False,0
P003277,2026-02-24,AC0025,E007,Aurelius France,EMEA,EUR,Meridian Commercial,Manual touch + cross-border wire,False,0
P003282,2026-02-24,AC0050,E015,Aurelius Hong Kong,APAC,HKD,Union Atlantic,Neither priority cohort,False,0
P003288,2026-02-24,AC0031,E009,Aurelius Spain,EMEA,USD,Meridian Commercial,Neither priority cohort,False,0
P003315,2026-02-24,AC0027,E007,Aurelius France,EMEA,EUR,Pacific Crown,Neither priority cohort,False,0
P003378,2026-02-24,AC0021,E006,Aurelius Germany,EMEA,EUR,Continental Trust,Neither priority cohort,False,0
P003425,2026-02-24,AC0021,E006,Aurelius Germany,EMEA,EUR,Continental Trust,Manual touch only,False,0
P003496,2026-02-24,AC0025,E007,Aurelius France,EMEA,EUR,Meridian Commercial,Neither priority cohort,False,0
P003617,2026-02-24,AC0053,E016,Aurelius Global Sourcing,APAC,USD,Pacific Crown,Manual touch only,False,0
P003791,2026-02-24,AC0001,E001,Aurelius Group Holdings,NA,USD,Union Atlantic,Manual touch only,False,0
P003832,2026-02-24,AC0030,E008,Aurelius Netherlands,EMEA,USD,Pacific Crown,Neither priority cohort,False,0
P003860,2026-02-24,AC0021,E006,Aurelius Germany,EMEA,EUR,Continental Trust,Neither priority cohort,False,0
P003864,2026-02-24,AC0050,E015,Aurelius Hong Kong,APAC,HKD,Union Atlantic,Neither priority cohort,False,0
P003918,2026-02-24,AC0017,E005,Aurelius UK,EMEA,GBP,Union Atlantic,Neither priority cohort,False,0
P004041,2026-02-24,AC0001,E001,Aurelius Group Holdings,NA,USD,Union Atlantic,Neither priority cohort,False,0
P004250,2026-02-24,AC0050,E015,Aurelius Hong Kong,APAC,HKD,Union Atlantic,Cross-border wire only,False,0
P004403,2026-02-24,AC0034,E010,Aurelius Singapore,APAC,USD,Continental Trust,Manual touch only,False,0
P004444,2026-02-24,AC0026,E007,Aurelius France,EMEA,USD,Union Atlantic,Neither priority cohort,False,0
P004482,2026-02-24,AC0044,E013,Aurelius Korea,APAC,KRW,Northbridge Bank,Neither priority cohort,False,0
P004504,2026-02-24,AC0018,E005,Aurelius UK,EMEA,GBP,Union Atlantic,Manual touch + cross-border wire,False,0
P004646,2026-02-24,AC0038,E011,Aurelius Australia,APAC,USD,Pacific Crown,Cross-border wire only,True,32
P004681,2026-02-24,AC0010,E003,Aurelius Wellness US,NA,USD,Union Atlantic,Manual touch + cross-border wire,False,0
P004887,2026-02-24,AC0005,E002,Aurelius Home US,NA,USD,Continental Trust,Neither priority cohort,False,0
P005206,2026-02-24,AC0017,E005,Aurelius UK,EMEA,GBP,Union Atlantic,Neither priority cohort,False,0
P005293,2026-02-24,AC0025,E007,Aurelius France,EMEA,EUR,Meridian Commercial,Manual touch only,False,0
P005493,2026-02-24,AC0031,E009,Aurelius Spain,EMEA,USD,Meridian Commercial,Neither priority cohort,False,0
P005542,2026-02-24,AC0035,E010,Aurelius Singapore,APAC,SGD,Pacific Crown,Neither priority cohort,False,0
P005615,2026-02-24,AC0054,E016,Aurelius Global Sourcing,APAC,USD,Northbridge Bank,Neither priority cohort,False,0
P006028,2026-02-24,AC0017,E005,Aurelius UK,EMEA,GBP,Union Atlantic,Manual touch + cross-border wire,False,0
P006107,2026-02-24,AC0038,E011,Aurelius Australia,APAC,USD,Pacific Crown,Neither priority cohort,False,0
P006323,2026-02-24,AC0053,E016,Aurelius Global Sourcing,APAC,USD,Pacific Crown,Neither priority cohort,False,0
P006505,2026-02-24,AC0041,E012,Aurelius Japan,APAC,JPY,Continental Trust,Neither priority cohort,True,48
P006604,2026-02-24,AC0015,E004,Aurelius Canada,NA,CAD,Pacific Crown,Manual touch only,False,0
P006693,2026-02-24,AC0051,E015,Aurelius Hong Kong,APAC,HKD,Pacific Crown,Neither priority cohort,False,0
P006913,2026-02-24,AC0044,E013,Aurelius Korea,APAC,KRW,Northbridge Bank,Neither priority cohort,False,0
P007212,2026-02-24,AC0031,E009,Aurelius Spain,EMEA,USD,Meridian Commercial,Neither priority cohort,False,0
P000200,2026-02-25,AC0050,E015,Aurelius Hong Kong,APAC,HKD,Union Atlantic,Neither priority cohort,False,0
P000218,2026-02-25,AC0047,E014,Aurelius India,APAC,INR,Meridian Commercial,Neither priority cohort,False,0
P000542,2026-02-25,AC0041,E012,Aurelius Japan,APAC,JPY,Continental Trust,Manual touch only,False,0
P000552,2026-02-25,AC0001,E001,Aurelius Group Holdings,NA,USD,Union Atlantic,Manual touch only,False,0
P000680,2026-02-25,AC0012,E003,Aurelius Wellness US,NA,USD,Northbridge Bank,Manual touch only,False,0
P000686,2026-02-25,AC0010,E003,Aurelius Wellness US,NA,USD,Union Atlantic,Manual touch only,False,0
P000725,2026-02-25,AC0033,E009,Aurelius Spain,EMEA,EUR,Meridian Commercial,Manual touch only,False,0
P000754,2026-02-25,AC0028,E008,Aurelius Netherlands,EMEA,EUR,Meridian Commercial,Manual touch only,False,0
P001157,2026-02-25,AC0053,E016,Aurelius Global Sourcing,APAC,USD,Pacific Crown,Neither priority cohort,False,0
P001167,2026-02-25,AC0014,E004,Aurelius Canada,NA,CAD,Union Atlantic,Manual touch only,False,0
P001226,2026-02-25,AC0001,E001,Aurelius Group Holdings,NA,USD,Union Atlantic,Neither priority cohort,False,0
P001261,2026-02-25,AC0003,E001,Aurelius Group Holdings,NA,USD,Meridian Commercial,Manual touch only,False,0
P001266,2026-02-25,AC0005,E002,Aurelius Home US,NA,USD,Continental Trust,Neither priority cohort,False,0
P001340,2026-02-25,AC0017,E005,Aurelius UK,EMEA,GBP,Union Atlantic,Manual touch only,False,0
P001371,2026-02-25,AC0017,E005,Aurelius UK,EMEA,GBP,Union Atlantic,Manual touch + cross-border wire,False,0
P001419,2026-02-25,AC0038,E011,Aurelius Australia,APAC,USD,Pacific Crown,Neither priority cohort,False,0
P001435,2026-02-25,AC0012,E003,Aurelius Wellness US,NA,USD,Northbridge Bank,Neither priority cohort,False,0
P001743,2026-02-25,AC0048,E014,Aurelius India,APAC,INR,Continental Trust,Manual touch only,False,0
P001749,2026-02-25,AC0017,E005,Aurelius UK,EMEA,GBP,Union Atlantic,Manual touch only,False,0
P001929,2026-02-25,AC0041,E012,Aurelius Japan,APAC,JPY,Continental Trust,Neither priority cohort,False,0
P002028,2026-02-25,AC0017,E005,Aurelius UK,EMEA,GBP,Union Atlantic,Cross-border wire only,False,0
P002744,2026-02-25,AC0003,E001,Aurelius Group Holdings,NA,USD,Meridian Commercial,Manual touch only,False,0
P002776,2026-02-25,AC0014,E004,Aurelius Canada,NA,CAD,Union Atlantic,Manual touch + cross-border wire,False,0
P002844,2026-02-25,AC0022,E006,Aurelius Germany,EMEA,EUR,Meridian Commercial,Manual touch only,False,0
P002853,2026-02-25,AC0041,E012,Aurelius Japan,APAC,JPY,Continental Trust,Manual touch only,False,0
P002960,2026-02-25,AC0030,E008,Aurelius Netherlands,EMEA,USD,Pacific Crown,Neither priority cohort,False,0
P003072,2026-02-25,AC0047,E014,Aurelius India,APAC,INR,Meridian Commercial,Neither priority cohort,False,0
P003147,2026-02-25,AC0034,E010,Aurelius Singapore,APAC,USD,Continental Trust,Neither priority cohort,False,0
P003164,2026-02-25,AC0001,E001,Aurelius Group Holdings,NA,USD,Union Atlantic,Manual touch only,False,0
P003230,2026-02-25,AC0034,E010,Aurelius Singapore,APAC,USD,Continental Trust,Neither priority cohort,False,0
P003625,2026-02-25,AC0005,E002,Aurelius Home US,NA,USD,Continental Trust,Neither priority cohort,False,0
P003671,2026-02-25,AC0034,E010,Aurelius Singapore,APAC,USD,Continental Trust,Manual touch only,True,46
P003788,2026-02-25,AC0035,E010,Aurelius Singapore,APAC,SGD,Pacific Crown,Manual touch only,False,0
P003943,2026-02-25,AC0030,E008,Aurelius Netherlands,EMEA,USD,Pacific Crown,Neither priority cohort,False,0
P004080,2026-02-25,AC0052,E015,Aurelius Hong Kong,APAC,HKD,Continental Trust,Neither priority cohort,False,0
P004083,2026-02-25,AC0038,E011,Aurelius Australia,APAC,USD,Pacific Crown,Manual touch only,False,0
P004192,2026-02-25,AC0053,E016,Aurelius Global Sourcing,APAC,USD,Pacific Crown,Manual touch + cross-border wire,False,0
P004256,2026-02-25,AC0053,E016,Aurelius Global Sourcing,APAC,USD,Pacific Crown,Neither priority cohort,False,0
P004415,2026-02-25,AC0044,E013,Aurelius Korea,APAC,KRW,Northbridge Bank,Neither priority cohort,False,0
P004448,2026-02-25,AC0021,E006,Aurelius Germany,EMEA,EUR,Continental Trust,Manual touch + cross-border wire,False,0
P004538,2026-02-25,AC0019,E005,Aurelius UK,EMEA,GBP,Union Atlantic,Neither priority cohort,False,0
P004588,2026-02-25,AC0053,E016,Aurelius Global Sourcing,APAC,USD,Pacific Crown,Neither priority cohort,False,0
P004594,2026-02-25,AC0038,E011,Aurelius Australia,APAC,USD,Pacific Crown,Manual touch only,False,0
P004629,2026-02-25,AC0047,E014,Aurelius India,APAC,INR,Meridian Commercial,Manual touch + cross-border wire,False,0
P004713,2026-02-25,AC0023,E006,Aurelius Germany,EMEA,EUR,Northbridge Bank,Manual touch only,False,0
P004883,2026-02-25,AC0038,E011,Aurelius Australia,APAC,USD,Pacific Crown,Manual touch only,False,0
P005019,2026-02-25,AC0053,E016,Aurelius Global Sourcing,APAC,USD,Pacific Crown,Neither priority cohort,False,0
P005055,2026-02-25,AC0008,E002,Aurelius Home US,NA,USD,Pacific Crown,Manual touch only,False,0
P005068,2026-02-25,AC0041,E012,Aurelius Japan,APAC,JPY,Continental Trust,Neither priority cohort,False,0
P005185,2026-02-25,AC0038,E011,Aurelius Australia,APAC,USD,Pacific Crown,Neither priority cohort,False,0
P005237,2026-02-25,AC0038,E011,Aurelius Australia,APAC,USD,Pacific Crown,Neither priority cohort,False,0
P005327,2026-02-25,AC0044,E013,Aurelius Korea,APAC,KRW,Northbridge Bank,Neither priority cohort,False,0
P005850,2026-02-25,AC0010,E003,Aurelius Wellness US,NA,USD,Union Atlantic,Neither priority cohort,False,0
P005893,2026-02-25,AC0028,E008,Aurelius Netherlands,EMEA,EUR,Meridian Commercial,Cross-border wire only,False,0
P006016,2026-02-25,AC0053,E016,Aurelius Global Sourcing,APAC,USD,Pacific Crown,Manual touch only,False,0
P006030,2026-02-25,AC0046,E013,Aurelius Korea,APAC,KRW,Union Atlantic,Manual touch only,False,0
P006052,2026-02-25,AC0008,E002,Aurelius Home US,NA,USD,Pacific Crown,Neither priority cohort,False,0
P006394,2026-02-25,AC0014,E004,Aurelius Canada,NA,CAD,Union Atlantic,Manual touch only,False,0
P006424,2026-02-25,AC0036,E010,Aurelius Singapore,APAC,SGD,Continental Trust,Manual touch only,False,0
P006559,2026-02-25,AC0041,E012,Aurelius Japan,APAC,JPY,Continental Trust,Neither priority cohort,False,0
P006598,2026-02-25,AC0031,E009,Aurelius Spain,EMEA,USD,Meridian Commercial,Neither priority cohort,False,0
P006650,2026-02-25,AC0050,E015,Aurelius Hong Kong,APAC,HKD,Union Atlantic,Cross-border wire only,False,0
P006782,2026-02-25,AC0044,E013,Aurelius Korea,APAC,KRW,Northbridge Bank,Neither priority cohort,False,0
P007446,2026-02-25,AC0025,E007,Aurelius France,EMEA,EUR,Meridian Commercial,Neither priority cohort,False,0
P007456,2026-02-25,AC0052,E015,Aurelius Hong Kong,APAC,HKD,Continental Trust,Neither priority cohort,False,0
P000255,2026-02-26,AC0050,E015,Aurelius Hong Kong,APAC,HKD,Union Atlantic,Neither priority cohort,False,0
P000494,2026-02-26,AC0053,E016,Aurelius Global Sourcing,APAC,USD,Pacific Crown,Neither priority cohort,False,0
P000868,2026-02-26,AC0021,E006,Aurelius Germany,EMEA,EUR,Continental Trust,Manual touch only,False,0
P001070,2026-02-26,AC0050,E015,Aurelius Hong Kong,APAC,HKD,Union Atlantic,Neither priority cohort,False,0
P001074,2026-02-26,AC0041,E012,Aurelius Japan,APAC,JPY,Continental Trust,Manual touch + cross-border wire,False,0
P001078,2026-02-26,AC0038,E011,Aurelius Australia,APAC,USD,Pacific Crown,Neither priority cohort,False,0
P001099,2026-02-26,AC0054,E016,Aurelius Global Sourcing,APAC,USD,Northbridge Bank,Neither priority cohort,False,0
P001174,2026-02-26,AC0012,E003,Aurelius Wellness US,NA,USD,Northbridge Bank,Neither priority cohort,False,0
P001271,2026-02-26,AC0038,E011,Aurelius Australia,APAC,USD,Pacific Crown,Neither priority cohort,False,0
P001519,2026-02-26,AC0025,E007,Aurelius France,EMEA,EUR,Meridian Commercial,Manual touch only,False,0
P001549,2026-02-26,AC0021,E006,Aurelius Germany,EMEA,EUR,Continental Trust,Manual touch only,False,0
P001636,2026-02-26,AC0001,E001,Aurelius Group Holdings,NA,USD,Union Atlantic,Neither priority cohort,False,0
P001797,2026-02-26,AC0046,E013,Aurelius Korea,APAC,KRW,Union Atlantic,Manual touch only,True,51
P001908,2026-02-26,AC0001,E001,Aurelius Group Holdings,NA,USD,Union Atlantic,Cross-border wire only,False,0
P001926,2026-02-26,AC0038,E011,Aurelius Australia,APAC,USD,Pacific Crown,Neither priority cohort,False,0
P002148,2026-02-26,AC0021,E006,Aurelius Germany,EMEA,EUR,Continental Trust,Neither priority cohort,False,0
P002154,2026-02-26,AC0017,E005,Aurelius UK,EMEA,GBP,Union Atlantic,Neither priority cohort,False,0
P002261,2026-02-26,AC0025,E007,Aurelius France,EMEA,EUR,Meridian Commercial,Neither priority cohort,False,0
P002511,2026-02-26,AC0012,E003,Aurelius Wellness US,NA,USD,Northbridge Bank,Neither priority cohort,False,0
P002543,2026-02-26,AC0017,E005,Aurelius UK,EMEA,GBP,Union Atlantic,Neither priority cohort,False,0
P002548,2026-02-26,AC0006,E002,Aurelius Home US,NA,USD,Pacific Crown,Neither priority cohort,False,0
P002625,2026-02-26,AC0001,E001,Aurelius Group Holdings,NA,USD,Union Atlantic,Neither priority cohort,False,0
P002839,2026-02-26,AC0053,E016,Aurelius Global Sourcing,APAC,USD,Pacific Crown,Neither priority cohort,False,0
P003013,2026-02-26,AC0041,E012,Aurelius Japan,APAC,JPY,Continental Trust,Neither priority cohort,False,0
P003044,2026-02-26,AC0028,E008,Aurelius Netherlands,EMEA,EUR,Meridian Commercial,Manual touch only,True,30
P003231,2026-02-26,AC0047,E014,Aurelius India,APAC,INR,Meridian Commercial,Neither priority cohort,False,0
P003252,2026-02-26,AC0005,E002,Aurelius Home US,NA,USD,Continental Trust,Manual touch only,False,0
P003331,2026-02-26,AC0028,E008,Aurelius Netherlands,EMEA,EUR,Meridian Commercial,Manual touch only,True,15
P003504,2026-02-26,AC0044,E013,Aurelius Korea,APAC,KRW,Northbridge Bank,Neither priority cohort,False,0
P003627,2026-02-26,AC0041,E012,Aurelius Japan,APAC,JPY,Continental Trust,Neither priority cohort,False,0
P003682,2026-02-26,AC0003,E001,Aurelius Group Holdings,NA,USD,Meridian Commercial,Manual touch only,True,74
P003709,2026-02-26,AC0028,E008,Aurelius Netherlands,EMEA,EUR,Meridian Commercial,Neither priority cohort,False,0
P003730,2026-02-26,AC0016,E004,Aurelius Canada,NA,CAD,Meridian Commercial,Manual touch only,False,0
P004156,2026-02-26,AC0016,E004,Aurelius Canada,NA,CAD,Meridian Commercial,Neither priority cohort,False,0
P004185,2026-02-26,AC0017,E005,Aurelius UK,EMEA,GBP,Union Atlantic,Neither priority cohort,False,0
P004237,2026-02-26,AC0041,E012,Aurelius Japan,APAC,JPY,Continental Trust,Neither priority cohort,False,0
P004651,2026-02-26,AC0050,E015,Aurelius Hong Kong,APAC,HKD,Union Atlantic,Neither priority cohort,False,0
P005004,2026-02-26,AC0047,E014,Aurelius India,APAC,INR,Meridian Commercial,Neither priority cohort,False,0
P005645,2026-02-26,AC0005,E002,Aurelius Home US,NA,USD,Continental Trust,Cross-border wire only,False,0
P005680,2026-02-26,AC0038,E011,Aurelius Australia,APAC,USD,Pacific Crown,Neither priority cohort,False,0
P005738,2026-02-26,AC0014,E004,Aurelius Canada,NA,CAD,Union Atlantic,Neither priority cohort,False,0
P005757,2026-02-26,AC0012,E003,Aurelius Wellness US,NA,USD,Northbridge Bank,Neither priority cohort,False,0
P005844,2026-02-26,AC0025,E007,Aurelius France,EMEA,EUR,Meridian Commercial,Manual touch only,True,49
P006012,2026-02-26,AC0044,E013,Aurelius Korea,APAC,KRW,Northbridge Bank,Neither priority cohort,False,0
P006122,2026-02-26,AC0014,E004,Aurelius Canada,NA,CAD,Union Atlantic,Neither priority cohort,False,0
P006409,2026-02-26,AC0012,E003,Aurelius Wellness US,NA,USD,Northbridge Bank,Neither priority cohort,False,0
P006468,2026-02-26,AC0027,E007,Aurelius France,EMEA,EUR,Pacific Crown,Neither priority cohort,False,0
P006476,2026-02-26,AC0038,E011,Aurelius Australia,APAC,USD,Pacific Crown,Manual touch only,True,32
P006574,2026-02-26,AC0054,E016,Aurelius Global Sourcing,APAC,USD,Northbridge Bank,Neither priority cohort,False,0
P006707,2026-02-26,AC0053,E016,Aurelius Global Sourcing,APAC,USD,Pacific Crown,Neither priority cohort,False,0
P006714,2026-02-26,AC0006,E002,Aurelius Home US,NA,USD,Pacific Crown,Neither priority cohort,False,0
P006804,2026-02-26,AC0025,E007,Aurelius France,EMEA,EUR,Meridian Commercial,Manual touch + cross-border wire,False,0
P007063,2026-02-26,AC0050,E015,Aurelius Hong Kong,APAC,HKD,Union Atlantic,Neither priority cohort,False,0
P007166,2026-02-26,AC0042,E012,Aurelius Japan,APAC,USD,Union Atlantic,Neither priority cohort,False,0
P007228,2026-02-26,AC0036,E010,Aurelius Singapore,APAC,SGD,Continental Trust,Neither priority cohort,False,0
P007273,2026-02-26,AC0041,E012,Aurelius Japan,APAC,JPY,Continental Trust,Neither priority cohort,False,0
P007590,2026-02-26,AC0016,E004,Aurelius Canada,NA,CAD,Meridian Commercial,Neither priority cohort,False,0
P000219,2026-02-27,AC0049,E014,Aurelius India,APAC,USD,Pacific Crown,Manual touch only,False,0
P000270,2026-02-27,AC0050,E015,Aurelius Hong Kong,APAC,HKD,Union Atlantic,Neither priority cohort,False,0
P000441,2026-02-27,AC0005,E002,Aurelius Home US,NA,USD,Continental Trust,Manual touch + cross-border wire,False,0
P000672,2026-02-27,AC0012,E003,Aurelius Wellness US,NA,USD,Northbridge Bank,Neither priority cohort,False,0
P000886,2026-02-27,AC0031,E009,Aurelius Spain,EMEA,USD,Meridian Commercial,Neither priority cohort,False,0
P001412,2026-02-27,AC0031,E009,Aurelius Spain,EMEA,USD,Meridian Commercial,Manual touch only,False,0
P001473,2026-02-27,AC0053,E016,Aurelius Global Sourcing,APAC,USD,Pacific Crown,Manual touch only,False,0
P001482,2026-02-27,AC0039,E011,Aurelius Australia,APAC,AUD,Continental Trust,Neither priority cohort,False,0
P001506,2026-02-27,AC0041,E012,Aurelius Japan,APAC,JPY,Continental Trust,Neither priority cohort,False,0
P001713,2026-02-27,AC0014,E004,Aurelius Canada,NA,CAD,Union Atlantic,Cross-border wire only,False,0
P001844,2026-02-27,AC0053,E016,Aurelius Global Sourcing,APAC,USD,Pacific Crown,Cross-border wire only,False,0
P002164,2026-02-27,AC0010,E003,Aurelius Wellness US,NA,USD,Union Atlantic,Manual touch only,False,0
P002401,2026-02-27,AC0010,E003,Aurelius Wellness US,NA,USD,Union Atlantic,Manual touch only,False,0
P002458,2026-02-27,AC0023,E006,Aurelius Germany,EMEA,EUR,Northbridge Bank,Neither priority cohort,False,0
P002758,2026-02-27,AC0039,E011,Aurelius Australia,APAC,AUD,Continental Trust,Neither priority cohort,False,0
P002803,2026-02-27,AC0053,E016,Aurelius Global Sourcing,APAC,USD,Pacific Crown,Neither priority cohort,False,0
P002842,2026-02-27,AC0014,E004,Aurelius Canada,NA,CAD,Union Atlantic,Neither priority cohort,False,0
P002902,2026-02-27,AC0014,E004,Aurelius Canada,NA,CAD,Union Atlantic,Neither priority cohort,False,0
P003125,2026-02-27,AC0016,E004,Aurelius Canada,NA,CAD,Meridian Commercial,Neither priority cohort,False,0
P003200,2026-02-27,AC0031,E009,Aurelius Spain,EMEA,USD,Meridian Commercial,Neither priority cohort,False,0
P003439,2026-02-27,AC0044,E013,Aurelius Korea,APAC,KRW,Northbridge Bank,Neither priority cohort,True,56
P003523,2026-02-27,AC0031,E009,Aurelius Spain,EMEA,USD,Meridian Commercial,Manual touch only,False,0
P003877,2026-02-27,AC0014,E004,Aurelius Canada,NA,CAD,Union Atlantic,Cross-border wire only,False,0
P004038,2026-02-27,AC0043,E012,Aurelius Japan,APAC,JPY,Union Atlantic,Neither priority cohort,False,0
P004084,2026-02-27,AC0034,E010,Aurelius Singapore,APAC,USD,Continental Trust,Manual touch only,False,0
P004102,2026-02-27,AC0036,E010,Aurelius Singapore,APAC,SGD,Continental Trust,Neither priority cohort,False,0
P004464,2026-02-27,AC0005,E002,Aurelius Home US,NA,USD,Continental Trust,Manual touch only,True,20
P004638,2026-02-27,AC0005,E002,Aurelius Home US,NA,USD,Continental Trust,Cross-border wire only,True,31
P004942,2026-02-27,AC0051,E015,Aurelius Hong Kong,APAC,HKD,Pacific Crown,Neither priority cohort,False,0
P004994,2026-02-27,AC0027,E007,Aurelius France,EMEA,EUR,Pacific Crown,Neither priority cohort,False,0
P005048,2026-02-27,AC0053,E016,Aurelius Global Sourcing,APAC,USD,Pacific Crown,Neither priority cohort,False,0
P005394,2026-02-27,AC0031,E009,Aurelius Spain,EMEA,USD,Meridian Commercial,Neither priority cohort,False,0
P005451,2026-02-27,AC0047,E014,Aurelius India,APAC,INR,Meridian Commercial,Cross-border wire only,False,0
P005476,2026-02-27,AC0006,E002,Aurelius Home US,NA,USD,Pacific Crown,Neither priority cohort,False,0
P005497,2026-02-27,AC0032,E009,Aurelius Spain,EMEA,EUR,Northbridge Bank,Neither priority cohort,False,0
P005646,2026-02-27,AC0044,E013,Aurelius Korea,APAC,KRW,Northbridge Bank,Neither priority cohort,False,0
P005835,2026-02-27,AC0046,E013,Aurelius Korea,APAC,KRW,Union Atlantic,Neither priority cohort,False,0
P005936,2026-02-27,AC0014,E004,Aurelius Canada,NA,CAD,Union Atlantic,Neither priority cohort,False,0
P006010,2026-02-27,AC0046,E013,Aurelius Korea,APAC,KRW,Union Atlantic,Manual touch only,False,0
P006083,2026-02-27,AC0051,E015,Aurelius Hong Kong,APAC,HKD,Pacific Crown,Neither priority cohort,False,0
P006349,2026-02-27,AC0011,E003,Aurelius Wellness US,NA,USD,Continental Trust,Neither priority cohort,False,0
P006408,2026-02-27,AC0044,E013,Aurelius Korea,APAC,KRW,Northbridge Bank,Neither priority cohort,False,0
P006546,2026-02-27,AC0010,E003,Aurelius Wellness US,NA,USD,Union Atlantic,Cross-border wire only,False,0
P006566,2026-02-27,AC0044,E013,Aurelius Korea,APAC,KRW,Northbridge Bank,Neither priority cohort,False,0
P006736,2026-02-27,AC0017,E005,Aurelius UK,EMEA,GBP,Union Atlantic,Neither priority cohort,False,0
P006785,2026-02-27,AC0010,E003,Aurelius Wellness US,NA,USD,Union Atlantic,Manual touch only,False,0
P006858,2026-02-27,AC0027,E007,Aurelius France,EMEA,EUR,Pacific Crown,Neither priority cohort,False,0
P006899,2026-02-27,AC0010,E003,Aurelius Wellness US,NA,USD,Union Atlantic,Neither priority cohort,False,0
P006951,2026-02-27,AC0028,E008,Aurelius Netherlands,EMEA,EUR,Meridian Commercial,Neither priority cohort,False,0
P007099,2026-02-27,AC0010,E003,Aurelius Wellness US,NA,USD,Union Atlantic,Cross-border wire only,False,0
P007296,2026-02-27,AC0043,E012,Aurelius Japan,APAC,JPY,Union Atlantic,Neither priority cohort,False,0
P007349,2026-02-27,AC0025,E007,Aurelius France,EMEA,EUR,Meridian Commercial,Neither priority cohort,False,0
P007556,2026-02-27,AC0038,E011,Aurelius Australia,APAC,USD,Pacific Crown,Neither priority cohort,False,0
P007573,2026-02-27,AC0034,E010,Aurelius Singapore,APAC,USD,Continental Trust,Neither priority cohort,False,0
P000183,2026-03-02,AC0034,E010,Aurelius Singapore,APAC,USD,Continental Trust,Manual touch only,False,0
P000260,2026-03-02,AC0041,E012,Aurelius Japan,APAC,JPY,Continental Trust,Manual touch only,False,0
P000826,2026-03-02,AC0050,E015,Aurelius Hong Kong,APAC,HKD,Union Atlantic,Manual touch only,False,0
P000906,2026-03-02,AC0050,E015,Aurelius Hong Kong,APAC,HKD,Union Atlantic,Neither priority cohort,False,0
P001166,2026-03-02,AC0041,E012,Aurelius Japan,APAC,JPY,Continental Trust,Neither priority cohort,False,0
P001234,2026-03-02,AC0016,E004,Aurelius Canada,NA,CAD,Meridian Commercial,Neither priority cohort,False,0
P001316,2026-03-02,AC0052,E015,Aurelius Hong Kong,APAC,HKD,Continental Trust,Neither priority cohort,False,0
P001402,2026-03-02,AC0052,E015,Aurelius Hong Kong,APAC,HKD,Continental Trust,Neither priority cohort,False,0
P001408,2026-03-02,AC0055,E016,Aurelius Global Sourcing,APAC,USD,Meridian Commercial,Neither priority cohort,False,0
P001582,2026-03-02,AC0038,E011,Aurelius Australia,APAC,USD,Pacific Crown,Neither priority cohort,False,0
P001686,2026-03-02,AC0005,E002,Aurelius Home US,NA,USD,Continental Trust,Neither priority cohort,False,0
P001731,2026-03-02,AC0025,E007,Aurelius France,EMEA,EUR,Meridian Commercial,Neither priority cohort,False,0
P001741,2026-03-02,AC0005,E002,Aurelius Home US,NA,USD,Continental Trust,Neither priority cohort,False,0
P001763,2026-03-02,AC0041,E012,Aurelius Japan,APAC,JPY,Continental Trust,Cross-border wire only,False,0
P002030,2026-03-02,AC0010,E003,Aurelius Wellness US,NA,USD,Union Atlantic,Neither priority cohort,False,0
P002168,2026-03-02,AC0010,E003,Aurelius Wellness US,NA,USD,Union Atlantic,Neither priority cohort,False,0
P002368,2026-03-02,AC0053,E016,Aurelius Global Sourcing,APAC,USD,Pacific Crown,Neither priority cohort,False,0
P002427,2026-03-02,AC0044,E013,Aurelius Korea,APAC,KRW,Northbridge Bank,Neither priority cohort,True,18
P002447,2026-03-02,AC0053,E016,Aurelius Global Sourcing,APAC,USD,Pacific Crown,Neither priority cohort,False,0
P002464,2026-03-02,AC0025,E007,Aurelius France,EMEA,EUR,Meridian Commercial,Manual touch only,False,0
P002495,2026-03-02,AC0028,E008,Aurelius Netherlands,EMEA,EUR,Meridian Commercial,Manual touch + cross-border wire,False,0
P002849,2026-03-02,AC0041,E012,Aurelius Japan,APAC,JPY,Continental Trust,Neither priority cohort,False,0
P003073,2026-03-02,AC0053,E016,Aurelius Global Sourcing,APAC,USD,Pacific Crown,Manual touch + cross-border wire,False,0
P003078,2026-03-02,AC0031,E009,Aurelius Spain,EMEA,USD,Meridian Commercial,Neither priority cohort,False,0
P003101,2026-03-02,AC0025,E007,Aurelius France,EMEA,EUR,Meridian Commercial,Neither priority cohort,False,0
P003116,2026-03-02,AC0026,E007,Aurelius France,EMEA,USD,Union Atlantic,Neither priority cohort,False,0
P003242,2026-03-02,AC0031,E009,Aurelius Spain,EMEA,USD,Meridian Commercial,Manual touch only,False,0
P003298,2026-03-02,AC0014,E004,Aurelius Canada,NA,CAD,Union Atlantic,Neither priority cohort,False,0
P003551,2026-03-02,AC0012,E003,Aurelius Wellness US,NA,USD,Northbridge Bank,Neither priority cohort,False,0
P003600,2026-03-02,AC0053,E016,Aurelius Global Sourcing,APAC,USD,Pacific Crown,Neither priority cohort,False,0
P003985,2026-03-02,AC0010,E003,Aurelius Wellness US,NA,USD,Union Atlantic,Manual touch only,False,0
P004113,2026-03-02,AC0052,E015,Aurelius Hong Kong,APAC,HKD,Continental Trust,Neither priority cohort,False,0
P004351,2026-03-02,AC0050,E015,Aurelius Hong Kong,APAC,HKD,Union Atlantic,Manual touch + cross-border wire,False,0
P004369,2026-03-02,AC0023,E006,Aurelius Germany,EMEA,EUR,Northbridge Bank,Neither priority cohort,False,0
P004393,2026-03-02,AC0048,E014,Aurelius India,APAC,INR,Continental Trust,Neither priority cohort,False,0
P004527,2026-03-02,AC0017,E005,Aurelius UK,EMEA,GBP,Union Atlantic,Neither priority cohort,False,0
P004741,2026-03-02,AC0027,E007,Aurelius France,EMEA,EUR,Pacific Crown,Neither priority cohort,False,0
P004856,2026-03-02,AC0028,E008,Aurelius Netherlands,EMEA,EUR,Meridian Commercial,Manual touch only,True,69
P004884,2026-03-02,AC0001,E001,Aurelius Group Holdings,NA,USD,Union Atlantic,Neither priority cohort,False,0
P005027,2026-03-02,AC0025,E007,Aurelius France,EMEA,EUR,Meridian Commercial,Manual touch only,True,33
P005434,2026-03-02,AC0028,E008,Aurelius Netherlands,EMEA,EUR,Meridian Commercial,Neither priority cohort,False,0
P005437,2026-03-02,AC0015,E004,Aurelius Canada,NA,CAD,Pacific Crown,Manual touch + cross-border wire,False,0
P005684,2026-03-02,AC0041,E012,Aurelius Japan,APAC,JPY,Continental Trust,Neither priority cohort,False,0
P005698,2026-03-02,AC0034,E010,Aurelius Singapore,APAC,USD,Continental Trust,Manual touch only,False,0
P005839,2026-03-02,AC0031,E009,Aurelius Spain,EMEA,USD,Meridian Commercial,Neither priority cohort,False,0
P006120,2026-03-02,AC0001,E001,Aurelius Group Holdings,NA,USD,Union Atlantic,Manual touch only,False,0
P006564,2026-03-02,AC0041,E012,Aurelius Japan,APAC,JPY,Continental Trust,Neither priority cohort,False,0
P006716,2026-03-02,AC0044,E013,Aurelius Korea,APAC,KRW,Northbridge Bank,Neither priority cohort,False,0
P007008,2026-03-02,AC0019,E005,Aurelius UK,EMEA,GBP,Union Atlantic,Neither priority cohort,False,0
P007057,2026-03-02,AC0041,E012,Aurelius Japan,APAC,JPY,Continental Trust,Neither priority cohort,False,0
P000080,2026-03-03,AC0005,E002,Aurelius Home US,NA,USD,Continental Trust,Manual touch + cross-border wire,False,0
P000081,2026-03-03,AC0042,E012,Aurelius Japan,APAC,USD,Union Atlantic,Neither priority cohort,False,0
P000340,2026-03-03,AC0052,E015,Aurelius Hong Kong,APAC,HKD,Continental Trust,Manual touch only,False,0
P000427,2026-03-03,AC0053,E016,Aurelius Global Sourcing,APAC,USD,Pacific Crown,Neither priority cohort,False,0
P000468,2026-03-03,AC0053,E016,Aurelius Global Sourcing,APAC,USD,Pacific Crown,Manual touch only,False,0
P000637,2026-03-03,AC0034,E010,Aurelius Singapore,APAC,USD,Continental Trust,Manual touch only,False,0
P000875,2026-03-03,AC0038,E011,Aurelius Australia,APAC,USD,Pacific Crown,Neither priority cohort,False,0
P000987,2026-03-03,AC0028,E008,Aurelius Netherlands,EMEA,EUR,Meridian Commercial,Neither priority cohort,False,0
P001135,2026-03-03,AC0014,E004,Aurelius Canada,NA,CAD,Union Atlantic,Neither priority cohort,False,0
P001265,2026-03-03,AC0053,E016,Aurelius Global Sourcing,APAC,USD,Pacific Crown,Neither priority cohort,False,0
P001322,2026-03-03,AC0047,E014,Aurelius India,APAC,INR,Meridian Commercial,Neither priority cohort,False,0
P001513,2026-03-03,AC0017,E005,Aurelius UK,EMEA,GBP,Union Atlantic,Manual touch + cross-border wire,False,0
P001556,2026-03-03,AC0034,E010,Aurelius Singapore,APAC,USD,Continental Trust,Manual touch + cross-border wire,False,0
P001621,2026-03-03,AC0025,E007,Aurelius France,EMEA,EUR,Meridian Commercial,Manual touch only,False,0
P001804,2026-03-03,AC0055,E016,Aurelius Global Sourcing,APAC,USD,Meridian Commercial,Manual touch only,False,0
P001922,2026-03-03,AC0050,E015,Aurelius Hong Kong,APAC,HKD,Union Atlantic,Neither priority cohort,False,0
P002058,2026-03-03,AC0005,E002,Aurelius Home US,NA,USD,Continental Trust,Neither priority cohort,False,0
P002133,2026-03-03,AC0044,E013,Aurelius Korea,APAC,KRW,Northbridge Bank,Neither priority cohort,False,0
P002540,2026-03-03,AC0031,E009,Aurelius Spain,EMEA,USD,Meridian Commercial,Neither priority cohort,False,0
P002600,2026-03-03,AC0031,E009,Aurelius Spain,EMEA,USD,Meridian Commercial,Neither priority cohort,False,0
P002682,2026-03-03,AC0017,E005,Aurelius UK,EMEA,GBP,Union Atlantic,Manual touch only,True,46
P002735,2026-03-03,AC0003,E001,Aurelius Group Holdings,NA,USD,Meridian Commercial,Manual touch + cross-border wire,False,0
P002804,2026-03-03,AC0008,E002,Aurelius Home US,NA,USD,Pacific Crown,Neither priority cohort,False,0
P003108,2026-03-03,AC0021,E006,Aurelius Germany,EMEA,EUR,Continental Trust,Neither priority cohort,False,0
P003112,2026-03-03,AC0038,E011,Aurelius Australia,APAC,USD,Pacific Crown,Manual touch + cross-border wire,False,0
P003158,2026-03-03,AC0011,E003,Aurelius Wellness US,NA,USD,Continental Trust,Neither priority cohort,False,0
P003352,2026-03-03,AC0014,E004,Aurelius Canada,NA,CAD,Union Atlantic,Neither priority cohort,False,0
P003377,2026-03-03,AC0005,E002,Aurelius Home US,NA,USD,Continental Trust,Neither priority cohort,False,0
P003430,2026-03-03,AC0047,E014,Aurelius India,APAC,INR,Meridian Commercial,Manual touch only,False,0
P003619,2026-03-03,AC0014,E004,Aurelius Canada,NA,CAD,Union Atlantic,Cross-border wire only,True,63
P003758,2026-03-03,AC0027,E007,Aurelius France,EMEA,EUR,Pacific Crown,Cross-border wire only,False,0
P003774,2026-03-03,AC0025,E007,Aurelius France,EMEA,EUR,Meridian Commercial,Neither priority cohort,False,0
P003776,2026-03-03,AC0005,E002,Aurelius Home US,NA,USD,Continental Trust,Neither priority cohort,False,0
P003794,2026-03-03,AC0021,E006,Aurelius Germany,EMEA,EUR,Continental Trust,Neither priority cohort,False,0
P004072,2026-03-03,AC0038,E011,Aurelius Australia,APAC,USD,Pacific Crown,Neither priority cohort,False,0
P004124,2026-03-03,AC0001,E001,Aurelius Group Holdings,NA,USD,Union Atlantic,Neither priority cohort,True,53
P004179,2026-03-03,AC0047,E014,Aurelius India,APAC,INR,Meridian Commercial,Manual touch only,False,0
P004480,2026-03-03,AC0028,E008,Aurelius Netherlands,EMEA,EUR,Meridian Commercial,Neither priority cohort,False,0
P004632,2026-03-03,AC0012,E003,Aurelius Wellness US,NA,USD,Northbridge Bank,Neither priority cohort,False,0
P004990,2026-03-03,AC0026,E007,Aurelius France,EMEA,USD,Union Atlantic,Neither priority cohort,False,0
P004995,2026-03-03,AC0025,E007,Aurelius France,EMEA,EUR,Meridian Commercial,Neither priority cohort,False,0
P005074,2026-03-03,AC0025,E007,Aurelius France,EMEA,EUR,Meridian Commercial,Neither priority cohort,False,0
P005199,2026-03-03,AC0008,E002,Aurelius Home US,NA,USD,Pacific Crown,Neither priority cohort,False,0
P005470,2026-03-03,AC0041,E012,Aurelius Japan,APAC,JPY,Continental Trust,Neither priority cohort,False,0
P005524,2026-03-03,AC0017,E005,Aurelius UK,EMEA,GBP,Union Atlantic,Neither priority cohort,False,0
P005848,2026-03-03,AC0050,E015,Aurelius Hong Kong,APAC,HKD,Union Atlantic,Manual touch only,False,0
P005879,2026-03-03,AC0041,E012,Aurelius Japan,APAC,JPY,Continental Trust,Neither priority cohort,False,0
P006163,2026-03-03,AC0045,E013,Aurelius Korea,APAC,KRW,Pacific Crown,Neither priority cohort,False,0
P006445,2026-03-03,AC0025,E007,Aurelius France,EMEA,EUR,Meridian Commercial,Neither priority cohort,False,0
P006648,2026-03-03,AC0010,E003,Aurelius Wellness US,NA,USD,Union Atlantic,Neither priority cohort,False,0
P007018,2026-03-03,AC0005,E002,Aurelius Home US,NA,USD,Continental Trust,Cross-border wire only,False,0
P007024,2026-03-03,AC0005,E002,Aurelius Home US,NA,USD,Continental Trust,Cross-border wire only,False,0
P007033,2026-03-03,AC0021,E006,Aurelius Germany,EMEA,EUR,Continental Trust,Neither priority cohort,False,0
P007098,2026-03-03,AC0045,E013,Aurelius Korea,APAC,KRW,Pacific Crown,Neither priority cohort,False,0
P007101,2026-03-03,AC0050,E015,Aurelius Hong Kong,APAC,HKD,Union Atlantic,Neither priority cohort,False,0
P007233,2026-03-03,AC0053,E016,Aurelius Global Sourcing,APAC,USD,Pacific Crown,Manual touch only,False,0
P007287,2026-03-03,AC0014,E004,Aurelius Canada,NA,CAD,Union Atlantic,Neither priority cohort,False,0
P007292,2026-03-03,AC0055,E016,Aurelius Global Sourcing,APAC,USD,Meridian Commercial,Neither priority cohort,True,53
P007401,2026-03-03,AC0055,E016,Aurelius Global Sourcing,APAC,USD,Meridian Commercial,Neither priority cohort,False,0
P007476,2026-03-03,AC0028,E008,Aurelius Netherlands,EMEA,EUR,Meridian Commercial,Manual touch only,False,0
P007479,2026-03-03,AC0025,E007,Aurelius France,EMEA,EUR,Meridian Commercial,Neither priority cohort,False,0
P000132,2026-03-04,AC0046,E013,Aurelius Korea,APAC,KRW,Union Atlantic,Neither priority cohort,False,0
P000144,2026-03-04,AC0041,E012,Aurelius Japan,APAC,JPY,Continental Trust,Neither priority cohort,False,0
P000390,2026-03-04,AC0047,E014,Aurelius India,APAC,INR,Meridian Commercial,Cross-border wire only,False,0
P000563,2026-03-04,AC0050,E015,Aurelius Hong Kong,APAC,HKD,Union Atlantic,Neither priority cohort,False,0
P000619,2026-03-04,AC0050,E015,Aurelius Hong Kong,APAC,HKD,Union Atlantic,Manual touch only,False,0
P000628,2026-03-04,AC0010,E003,Aurelius Wellness US,NA,USD,Union Atlantic,Manual touch + cross-border wire,True,64
P000713,2026-03-04,AC0052,E015,Aurelius Hong Kong,APAC,HKD,Continental Trust,Cross-border wire only,False,0
P000758,2026-03-04,AC0002,E001,Aurelius Group Holdings,NA,USD,Pacific Crown,Neither priority cohort,False,0
P000770,2026-03-04,AC0021,E006,Aurelius Germany,EMEA,EUR,Continental Trust,Cross-border wire only,False,0
P000776,2026-03-04,AC0044,E013,Aurelius Korea,APAC,KRW,Northbridge Bank,Manual touch only,True,31
P000807,2026-03-04,AC0005,E002,Aurelius Home US,NA,USD,Continental Trust,Manual touch + cross-border wire,True,64
P000993,2026-03-04,AC0002,E001,Aurelius Group Holdings,NA,USD,Pacific Crown,Neither priority cohort,False,0
P001054,2026-03-04,AC0031,E009,Aurelius Spain,EMEA,USD,Meridian Commercial,Manual touch only,False,0
P001173,2026-03-04,AC0044,E013,Aurelius Korea,APAC,KRW,Northbridge Bank,Neither priority cohort,False,0
P001190,2026-03-04,AC0038,E011,Aurelius Australia,APAC,USD,Pacific Crown,Neither priority cohort,False,0
P001414,2026-03-04,AC0018,E005,Aurelius UK,EMEA,GBP,Union Atlantic,Neither priority cohort,False,0
P001499,2026-03-04,AC0041,E012,Aurelius Japan,APAC,JPY,Continental Trust,Neither priority cohort,False,0
P001669,2026-03-04,AC0044,E013,Aurelius Korea,APAC,KRW,Northbridge Bank,Manual touch only,False,0
P001693,2026-03-04,AC0026,E007,Aurelius France,EMEA,USD,Union Atlantic,Neither priority cohort,False,0
P001702,2026-03-04,AC0044,E013,Aurelius Korea,APAC,KRW,Northbridge Bank,Neither priority cohort,False,0
P001720,2026-03-04,AC0021,E006,Aurelius Germany,EMEA,EUR,Continental Trust,Neither priority cohort,False,0
P001808,2026-03-04,AC0014,E004,Aurelius Canada,NA,CAD,Union Atlantic,Neither priority cohort,True,38
P001876,2026-03-04,AC0054,E016,Aurelius Global Sourcing,APAC,USD,Northbridge Bank,Neither priority cohort,False,0
P001974,2026-03-04,AC0034,E010,Aurelius Singapore,APAC,USD,Continental Trust,Manual touch only,False,0
P002076,2026-03-04,AC0042,E012,Aurelius Japan,APAC,USD,Union Atlantic,Cross-border wire only,False,0
P002107,2026-03-04,AC0034,E010,Aurelius Singapore,APAC,USD,Continental Trust,Manual touch only,False,0
P002110,2026-03-04,AC0010,E003,Aurelius Wellness US,NA,USD,Union Atlantic,Neither priority cohort,False,0
P002153,2026-03-04,AC0016,E004,Aurelius Canada,NA,CAD,Meridian Commercial,Neither priority cohort,False,0
P002350,2026-03-04,AC0041,E012,Aurelius Japan,APAC,JPY,Continental Trust,Manual touch only,False,0
P002477,2026-03-04,AC0021,E006,Aurelius Germany,EMEA,EUR,Continental Trust,Manual touch only,False,0
P002512,2026-03-04,AC0045,E013,Aurelius Korea,APAC,KRW,Pacific Crown,Cross-border wire only,False,0
P002518,2026-03-04,AC0053,E016,Aurelius Global Sourcing,APAC,USD,Pacific Crown,Neither priority cohort,False,0
P002664,2026-03-04,AC0050,E015,Aurelius Hong Kong,APAC,HKD,Union Atlantic,Neither priority cohort,False,0
P002691,2026-03-04,AC0031,E009,Aurelius Spain,EMEA,USD,Meridian Commercial,Neither priority cohort,False,0
P002837,2026-03-04,AC0044,E013,Aurelius Korea,APAC,KRW,Northbridge Bank,Manual touch + cross-border wire,False,0
P003163,2026-03-04,AC0047,E014,Aurelius India,APAC,INR,Meridian Commercial,Manual touch only,False,0
P003399,2026-03-04,AC0034,E010,Aurelius Singapore,APAC,USD,Continental Trust,Manual touch only,False,0
P003944,2026-03-04,AC0044,E013,Aurelius Korea,APAC,KRW,Northbridge Bank,Neither priority cohort,False,0
P004002,2026-03-04,AC0035,E010,Aurelius Singapore,APAC,SGD,Pacific Crown,Neither priority cohort,False,0
P004005,2026-03-04,AC0010,E003,Aurelius Wellness US,NA,USD,Union Atlantic,Cross-border wire only,False,0
P004075,2026-03-04,AC0017,E005,Aurelius UK,EMEA,GBP,Union Atlantic,Neither priority cohort,False,0
P004255,2026-03-04,AC0027,E007,Aurelius France,EMEA,EUR,Pacific Crown,Manual touch only,False,0
P004277,2026-03-04,AC0001,E001,Aurelius Group Holdings,NA,USD,Union Atlantic,Neither priority cohort,False,0
P004516,2026-03-04,AC0050,E015,Aurelius Hong Kong,APAC,HKD,Union Atlantic,Manual touch only,False,0
P004614,2026-03-04,AC0012,E003,Aurelius Wellness US,NA,USD,Northbridge Bank,Neither priority cohort,False,0
P004659,2026-03-04,AC0017,E005,Aurelius UK,EMEA,GBP,Union Atlantic,Manual touch only,True,26
P004660,2026-03-04,AC0022,E006,Aurelius Germany,EMEA,EUR,Meridian Commercial,Neither priority cohort,False,0
P004900,2026-03-04,AC0053,E016,Aurelius Global Sourcing,APAC,USD,Pacific Crown,Neither priority cohort,False,0
P005018,2026-03-04,AC0044,E013,Aurelius Korea,APAC,KRW,Northbridge Bank,Cross-border wire only,True,13
P005064,2026-03-04,AC0039,E011,Aurelius Australia,APAC,AUD,Continental Trust,Manual touch only,False,0
P005249,2026-03-04,AC0047,E014,Aurelius India,APAC,INR,Meridian Commercial,Neither priority cohort,False,0
P005256,2026-03-04,AC0038,E011,Aurelius Australia,APAC,USD,Pacific Crown,Manual touch only,True,64
P005304,2026-03-04,AC0010,E003,Aurelius Wellness US,NA,USD,Union Atlantic,Neither priority cohort,False,0
P005343,2026-03-04,AC0052,E015,Aurelius Hong Kong,APAC,HKD,Continental Trust,Neither priority cohort,False,0
P005453,2026-03-04,AC0038,E011,Aurelius Australia,APAC,USD,Pacific Crown,Neither priority cohort,False,0
P005460,2026-03-04,AC0016,E004,Aurelius Canada,NA,CAD,Meridian Commercial,Neither priority cohort,True,73
P005527,2026-03-04,AC0047,E014,Aurelius India,APAC,INR,Meridian Commercial,Neither priority cohort,False,0
P005694,2026-03-04,AC0050,E015,Aurelius Hong Kong,APAC,HKD,Union Atlantic,Neither priority cohort,False,0
P005915,2026-03-04,AC0035,E010,Aurelius Singapore,APAC,SGD,Pacific Crown,Manual touch + cross-border wire,False,0
P005951,2026-03-04,AC0052,E015,Aurelius Hong Kong,APAC,HKD,Continental Trust,Cross-border wire only,False,0
P006009,2026-03-04,AC0053,E016,Aurelius Global Sourcing,APAC,USD,Pacific Crown,Neither priority cohort,False,0
P006389,2026-03-04,AC0025,E007,Aurelius France,EMEA,EUR,Meridian Commercial,Manual touch only,False,0
P006451,2026-03-04,AC0030,E008,Aurelius Netherlands,EMEA,USD,Pacific Crown,Neither priority cohort,True,30
P006640,2026-03-04,AC0001,E001,Aurelius Group Holdings,NA,USD,Union Atlantic,Neither priority cohort,False,0
P006819,2026-03-04,AC0041,E012,Aurelius Japan,APAC,JPY,Continental Trust,Manual touch only,False,0
P006820,2026-03-04,AC0034,E010,Aurelius Singapore,APAC,USD,Continental Trust,Manual touch only,False,0
P006961,2026-03-04,AC0013,E003,Aurelius Wellness US,NA,USD,Union Atlantic,Manual touch only,False,0
P007361,2026-03-04,AC0014,E004,Aurelius Canada,NA,CAD,Union Atlantic,Cross-border wire only,False,0
P007472,2026-03-04,AC0046,E013,Aurelius Korea,APAC,KRW,Union Atlantic,Manual touch + cross-border wire,False,0
P000033,2026-03-05,AC0038,E011,Aurelius Australia,APAC,USD,Pacific Crown,Manual touch only,False,0
P000039,2026-03-05,AC0003,E001,Aurelius Group Holdings,NA,USD,Meridian Commercial,Manual touch only,False,0
P000065,2026-03-05,AC0025,E007,Aurelius France,EMEA,EUR,Meridian Commercial,Manual touch + cross-border wire,False,0
P000126,2026-03-05,AC0005,E002,Aurelius Home US,NA,USD,Continental Trust,Manual touch only,False,0
P000215,2026-03-05,AC0007,E002,Aurelius Home US,NA,USD,Northbridge Bank,Manual touch only,False,0
P000830,2026-03-05,AC0034,E010,Aurelius Singapore,APAC,USD,Continental Trust,Neither priority cohort,False,0
P000902,2026-03-05,AC0025,E007,Aurelius France,EMEA,EUR,Meridian Commercial,Manual touch only,False,0
P000978,2026-03-05,AC0053,E016,Aurelius Global Sourcing,APAC,USD,Pacific Crown,Neither priority cohort,False,0
P001156,2026-03-05,AC0036,E010,Aurelius Singapore,APAC,SGD,Continental Trust,Manual touch only,False,0
P001314,2026-03-05,AC0021,E006,Aurelius Germany,EMEA,EUR,Continental Trust,Neither priority cohort,False,0
P001444,2026-03-05,AC0021,E006,Aurelius Germany,EMEA,EUR,Continental Trust,Neither priority cohort,False,0
P001615,2026-03-05,AC0027,E007,Aurelius France,EMEA,EUR,Pacific Crown,Neither priority cohort,False,0
P001661,2026-03-05,AC0025,E007,Aurelius France,EMEA,EUR,Meridian Commercial,Neither priority cohort,False,0
P001733,2026-03-05,AC0017,E005,Aurelius UK,EMEA,GBP,Union Atlantic,Manual touch only,False,0
P002188,2026-03-05,AC0005,E002,Aurelius Home US,NA,USD,Continental Trust,Neither priority cohort,False,0
P002207,2026-03-05,AC0044,E013,Aurelius Korea,APAC,KRW,Northbridge Bank,Manual touch + cross-border wire,False,0
P002239,2026-03-05,AC0040,E011,Aurelius Australia,APAC,AUD,Continental Trust,Neither priority cohort,False,0
P002260,2026-03-05,AC0007,E002,Aurelius Home US,NA,USD,Northbridge Bank,Manual touch + cross-border wire,False,0
P002373,2026-03-05,AC0017,E005,Aurelius UK,EMEA,GBP,Union Atlantic,Manual touch only,True,27
P002386,2026-03-05,AC0021,E006,Aurelius Germany,EMEA,EUR,Continental Trust,Neither priority cohort,False,0
P002833,2026-03-05,AC0038,E011,Aurelius Australia,APAC,USD,Pacific Crown,Neither priority cohort,False,0
P002859,2026-03-05,AC0047,E014,Aurelius India,APAC,INR,Meridian Commercial,Neither priority cohort,False,0
P003095,2026-03-05,AC0017,E005,Aurelius UK,EMEA,GBP,Union Atlantic,Manual touch only,False,0
P003106,2026-03-05,AC0025,E007,Aurelius France,EMEA,EUR,Meridian Commercial,Manual touch only,False,0
P003167,2026-03-05,AC0031,E009,Aurelius Spain,EMEA,USD,Meridian Commercial,Neither priority cohort,False,0
P003314,2026-03-05,AC0017,E005,Aurelius UK,EMEA,GBP,Union Atlantic,Neither priority cohort,False,0
P003839,2026-03-05,AC0031,E009,Aurelius Spain,EMEA,USD,Meridian Commercial,Neither priority cohort,False,0
P003870,2026-03-05,AC0050,E015,Aurelius Hong Kong,APAC,HKD,Union Atlantic,Neither priority cohort,False,0
P003897,2026-03-05,AC0005,E002,Aurelius Home US,NA,USD,Continental Trust,Manual touch only,True,64
P004170,2026-03-05,AC0017,E005,Aurelius UK,EMEA,GBP,Union Atlantic,Manual touch only,True,30
P004213,2026-03-05,AC0017,E005,Aurelius UK,EMEA,GBP,Union Atlantic,Manual touch + cross-border wire,True,63
P004265,2026-03-05,AC0038,E011,Aurelius Australia,APAC,USD,Pacific Crown,Manual touch only,False,0
P004377,2026-03-05,AC0038,E011,Aurelius Australia,APAC,USD,Pacific Crown,Manual touch only,False,0
P004513,2026-03-05,AC0038,E011,Aurelius Australia,APAC,USD,Pacific Crown,Neither priority cohort,False,0
P004556,2026-03-05,AC0044,E013,Aurelius Korea,APAC,KRW,Northbridge Bank,Manual touch only,False,0
P004557,2026-03-05,AC0044,E013,Aurelius Korea,APAC,KRW,Northbridge Bank,Neither priority cohort,True,13
P004563,2026-03-05,AC0028,E008,Aurelius Netherlands,EMEA,EUR,Meridian Commercial,Neither priority cohort,False,0
P004744,2026-03-05,AC0003,E001,Aurelius Group Holdings,NA,USD,Meridian Commercial,Neither priority cohort,False,0
P004835,2026-03-05,AC0028,E008,Aurelius Netherlands,EMEA,EUR,Meridian Commercial,Neither priority cohort,False,0
P005258,2026-03-05,AC0029,E008,Aurelius Netherlands,EMEA,EUR,Continental Trust,Neither priority cohort,False,0
P005325,2026-03-05,AC0005,E002,Aurelius Home US,NA,USD,Continental Trust,Neither priority cohort,False,0
P005326,2026-03-05,AC0036,E010,Aurelius Singapore,APAC,SGD,Continental Trust,Neither priority cohort,False,0
P005563,2026-03-05,AC0025,E007,Aurelius France,EMEA,EUR,Meridian Commercial,Neither priority cohort,False,0
P005599,2026-03-05,AC0050,E015,Aurelius Hong Kong,APAC,HKD,Union Atlantic,Manual touch only,False,0
P005612,2026-03-05,AC0047,E014,Aurelius India,APAC,INR,Meridian Commercial,Manual touch only,False,0
P005653,2026-03-05,AC0025,E007,Aurelius France,EMEA,EUR,Meridian Commercial,Manual touch only,False,0
P005724,2026-03-05,AC0010,E003,Aurelius Wellness US,NA,USD,Union Atlantic,Neither priority cohort,False,0
P005827,2026-03-05,AC0025,E007,Aurelius France,EMEA,EUR,Meridian Commercial,Neither priority cohort,False,0
P005921,2026-03-05,AC0014,E004,Aurelius Canada,NA,CAD,Union Atlantic,Neither priority cohort,False,0
P005982,2026-03-05,AC0045,E013,Aurelius Korea,APAC,KRW,Pacific Crown,Manual touch only,True,17
P006003,2026-03-05,AC0044,E013,Aurelius Korea,APAC,KRW,Northbridge Bank,Neither priority cohort,False,0
P006049,2026-03-05,AC0028,E008,Aurelius Netherlands,EMEA,EUR,Meridian Commercial,Manual touch only,False,0
P006463,2026-03-05,AC0044,E013,Aurelius Korea,APAC,KRW,Northbridge Bank,Manual touch only,False,0
P006575,2026-03-05,AC0005,E002,Aurelius Home US,NA,USD,Continental Trust,Neither priority cohort,False,0
P006585,2026-03-05,AC0050,E015,Aurelius Hong Kong,APAC,HKD,Union Atlantic,Neither priority cohort,False,0
P006644,2026-03-05,AC0050,E015,Aurelius Hong Kong,APAC,HKD,Union Atlantic,Neither priority cohort,False,0
P006676,2026-03-05,AC0038,E011,Aurelius Australia,APAC,USD,Pacific Crown,Neither priority cohort,False,0
P006767,2026-03-05,AC0049,E014,Aurelius India,APAC,USD,Pacific Crown,Neither priority cohort,False,0
P006874,2026-03-05,AC0050,E015,Aurelius Hong Kong,APAC,HKD,Union Atlantic,Manual touch only,False,0
P007088,2026-03-05,AC0040,E011,Aurelius Australia,APAC,AUD,Continental Trust,Manual touch only,False,0
P007151,2026-03-05,AC0053,E016,Aurelius Global Sourcing,APAC,USD,Pacific Crown,Manual touch only,False,0
P007219,2026-03-05,AC0014,E004,Aurelius Canada,NA,CAD,Union Atlantic,Neither priority cohort,False,0
P007274,2026-03-05,AC0021,E006,Aurelius Germany,EMEA,EUR,Continental Trust,Manual touch only,False,0
P000011,2026-03-06,AC0038,E011,Aurelius Australia,APAC,USD,Pacific Crown,Neither priority cohort,False,0
P000471,2026-03-06,AC0005,E002,Aurelius Home US,NA,USD,Continental Trust,Neither priority cohort,False,0
P000732,2026-03-06,AC0049,E014,Aurelius India,APAC,USD,Pacific Crown,Neither priority cohort,False,0
P000844,2026-03-06,AC0050,E015,Aurelius Hong Kong,APAC,HKD,Union Atlantic,Neither priority cohort,False,0
P000846,2026-03-06,AC0021,E006,Aurelius Germany,EMEA,EUR,Continental Trust,Neither priority cohort,False,0
P000991,2026-03-06,AC0049,E014,Aurelius India,APAC,USD,Pacific Crown,Neither priority cohort,False,0
P001004,2026-03-06,AC0026,E007,Aurelius France,EMEA,USD,Union Atlantic,Cross-border wire only,False,0
P001181,2026-03-06,AC0012,E003,Aurelius Wellness US,NA,USD,Northbridge Bank,Neither priority cohort,False,0
P001282,2026-03-06,AC0020,E005,Aurelius UK,EMEA,GBP,Meridian Commercial,Neither priority cohort,False,0
P001300,2026-03-06,AC0034,E010,Aurelius Singapore,APAC,USD,Continental Trust,Cross-border wire only,False,0
P001692,2026-03-06,AC0017,E005,Aurelius UK,EMEA,GBP,Union Atlantic,Neither priority cohort,False,0
P001736,2026-03-06,AC0033,E009,Aurelius Spain,EMEA,EUR,Meridian Commercial,Manual touch only,False,0
P001754,2026-03-06,AC0034,E010,Aurelius Singapore,APAC,USD,Continental Trust,Manual touch only,False,0
P001857,2026-03-06,AC0028,E008,Aurelius Netherlands,EMEA,EUR,Meridian Commercial,Neither priority cohort,False,0
P001904,2026-03-06,AC0010,E003,Aurelius Wellness US,NA,USD,Union Atlantic,Manual touch only,False,0
P001979,2026-03-06,AC0029,E008,Aurelius Netherlands,EMEA,EUR,Continental Trust,Cross-border wire only,False,0
P001999,2026-03-06,AC0044,E013,Aurelius Korea,APAC,KRW,Northbridge Bank,Neither priority cohort,False,0
P002029,2026-03-06,AC0017,E005,Aurelius UK,EMEA,GBP,Union Atlantic,Manual touch only,False,0
P002059,2026-03-06,AC0025,E007,Aurelius France,EMEA,EUR,Meridian Commercial,Neither priority cohort,False,0
P002204,2026-03-06,AC0005,E002,Aurelius Home US,NA,USD,Continental Trust,Neither priority cohort,False,0
P002258,2026-03-06,AC0034,E010,Aurelius Singapore,APAC,USD,Continental Trust,Cross-border wire only,False,0
P002283,2026-03-06,AC0025,E007,Aurelius France,EMEA,EUR,Meridian Commercial,Neither priority cohort,False,0
P002448,2026-03-06,AC0003,E001,Aurelius Group Holdings,NA,USD,Meridian Commercial,Neither priority cohort,False,0
P002606,2026-03-06,AC0049,E014,Aurelius India,APAC,USD,Pacific Crown,Neither priority cohort,True,45
P002825,2026-03-06,AC0028,E008,Aurelius Netherlands,EMEA,EUR,Meridian Commercial,Neither priority cohort,False,0
P002905,2026-03-06,AC0017,E005,Aurelius UK,EMEA,GBP,Union Atlantic,Neither priority cohort,False,0
P002908,2026-03-06,AC0027,E007,Aurelius France,EMEA,EUR,Pacific Crown,Neither priority cohort,False,0
P002926,2026-03-06,AC0016,E004,Aurelius Canada,NA,CAD,Meridian Commercial,Manual touch only,False,0
P003185,2026-03-06,AC0038,E011,Aurelius Australia,APAC,USD,Pacific Crown,Manual touch only,False,0
P003266,2026-03-06,AC0042,E012,Aurelius Japan,APAC,USD,Union Atlantic,Cross-border wire only,False,0
P003294,2026-03-06,AC0021,E006,Aurelius Germany,EMEA,EUR,Continental Trust,Neither priority cohort,False,0
P003505,2026-03-06,AC0001,E001,Aurelius Group Holdings,NA,USD,Union Atlantic,Manual touch only,False,0
P003800,2026-03-06,AC0053,E016,Aurelius Global Sourcing,APAC,USD,Pacific Crown,Neither priority cohort,False,0
P003856,2026-03-06,AC0005,E002,Aurelius Home US,NA,USD,Continental Trust,Manual touch only,False,0
P003904,2026-03-06,AC0013,E003,Aurelius Wellness US,NA,USD,Union Atlantic,Neither priority cohort,False,0
P003986,2026-03-06,AC0025,E007,Aurelius France,EMEA,EUR,Meridian Commercial,Neither priority cohort,False,0
P003992,2026-03-06,AC0028,E008,Aurelius Netherlands,EMEA,EUR,Meridian Commercial,Neither priority cohort,False,0
P004019,2026-03-06,AC0003,E001,Aurelius Group Holdings,NA,USD,Meridian Commercial,Neither priority cohort,False,0
P004143,2026-03-06,AC0006,E002,Aurelius Home US,NA,USD,Pacific Crown,Manual touch only,False,0
P004269,2026-03-06,AC0049,E014,Aurelius India,APAC,USD,Pacific Crown,Manual touch only,False,0
P004382,2026-03-06,AC0044,E013,Aurelius Korea,APAC,KRW,Northbridge Bank,Neither priority cohort,False,0
P004487,2026-03-06,AC0016,E004,Aurelius Canada,NA,CAD,Meridian Commercial,Neither priority cohort,False,0
P004678,2026-03-06,AC0050,E015,Aurelius Hong Kong,APAC,HKD,Union Atlantic,Neither priority cohort,False,0
P004840,2026-03-06,AC0028,E008,Aurelius Netherlands,EMEA,EUR,Meridian Commercial,Neither priority cohort,False,0
P005238,2026-03-06,AC0031,E009,Aurelius Spain,EMEA,USD,Meridian Commercial,Manual touch only,False,0
P005240,2026-03-06,AC0041,E012,Aurelius Japan,APAC,JPY,Continental Trust,Neither priority cohort,False,0
P005765,2026-03-06,AC0010,E003,Aurelius Wellness US,NA,USD,Union Atlantic,Manual touch only,False,0
P005795,2026-03-06,AC0038,E011,Aurelius Australia,APAC,USD,Pacific Crown,Neither priority cohort,False,0
P005803,2026-03-06,AC0017,E005,Aurelius UK,EMEA,GBP,Union Atlantic,Neither priority cohort,False,0
P005853,2026-03-06,AC0015,E004,Aurelius Canada,NA,CAD,Pacific Crown,Neither priority cohort,False,0
P006240,2026-03-06,AC0034,E010,Aurelius Singapore,APAC,USD,Continental Trust,Neither priority cohort,False,0
P006293,2026-03-06,AC0030,E008,Aurelius Netherlands,EMEA,USD,Pacific Crown,Neither priority cohort,False,0
P006321,2026-03-06,AC0010,E003,Aurelius Wellness US,NA,USD,Union Atlantic,Cross-border wire only,False,0
P006391,2026-03-06,AC0014,E004,Aurelius Canada,NA,CAD,Union Atlantic,Neither priority cohort,False,0
P006490,2026-03-06,AC0006,E002,Aurelius Home US,NA,USD,Pacific Crown,Manual touch only,False,0
P006493,2026-03-06,AC0038,E011,Aurelius Australia,APAC,USD,Pacific Crown,Neither priority cohort,False,0
P006571,2026-03-06,AC0005,E002,Aurelius Home US,NA,USD,Continental Trust,Manual touch only,False,0
P006719,2026-03-06,AC0014,E004,Aurelius Canada,NA,CAD,Union Atlantic,Neither priority cohort,False,0
P006746,2026-03-06,AC0038,E011,Aurelius Australia,APAC,USD,Pacific Crown,Neither priority cohort,False,0
P006938,2026-03-06,AC0019,E005,Aurelius UK,EMEA,GBP,Union Atlantic,Manual touch only,False,0
P006972,2026-03-06,AC0017,E005,Aurelius UK,EMEA,GBP,Union Atlantic,Neither priority cohort,False,0
P007331,2026-03-06,AC0028,E008,Aurelius Netherlands,EMEA,EUR,Meridian Commercial,Neither priority cohort,False,0
P007351,2026-03-06,AC0031,E009,Aurelius Spain,EMEA,USD,Meridian Commercial,Manual touch only,False,0
P007433,2026-03-06,AC0025,E007,Aurelius France,EMEA,EUR,Meridian Commercial,Manual touch only,False,0
P007503,2026-03-06,AC0053,E016,Aurelius Global Sourcing,APAC,USD,Pacific Crown,Manual touch only,False,0
P000084,2026-03-09,AC0021,E006,Aurelius Germany,EMEA,EUR,Continental Trust,Manual touch only,True,61
P000274,2026-03-09,AC0025,E007,Aurelius France,EMEA,EUR,Meridian Commercial,Manual touch only,False,0
P000366,2026-03-09,AC0012,E003,Aurelius Wellness US,NA,USD,Northbridge Bank,Neither priority cohort,False,0
P000595,2026-03-09,AC0007,E002,Aurelius Home US,NA,USD,Northbridge Bank,Manual touch only,False,0
P001624,2026-03-09,AC0044,E013,Aurelius Korea,APAC,KRW,Northbridge Bank,Neither priority cohort,False,0
P001771,2026-03-09,AC0043,E012,Aurelius Japan,APAC,JPY,Union Atlantic,Manual touch only,False,0
P001845,2026-03-09,AC0014,E004,Aurelius Canada,NA,CAD,Union Atlantic,Neither priority cohort,False,0
P001863,2026-03-09,AC0027,E007,Aurelius France,EMEA,EUR,Pacific Crown,Neither priority cohort,False,0
P002042,2026-03-09,AC0005,E002,Aurelius Home US,NA,USD,Continental Trust,Neither priority cohort,False,0
P002117,2026-03-09,AC0042,E012,Aurelius Japan,APAC,USD,Union Atlantic,Neither priority cohort,False,0
P002287,2026-03-09,AC0025,E007,Aurelius France,EMEA,EUR,Meridian Commercial,Manual touch + cross-border wire,True,53
P002320,2026-03-09,AC0044,E013,Aurelius Korea,APAC,KRW,Northbridge Bank,Neither priority cohort,False,0
P002473,2026-03-09,AC0044,E013,Aurelius Korea,APAC,KRW,Northbridge Bank,Neither priority cohort,False,0
P002507,2026-03-09,AC0053,E016,Aurelius Global Sourcing,APAC,USD,Pacific Crown,Neither priority cohort,False,0
P002529,2026-03-09,AC0010,E003,Aurelius Wellness US,NA,USD,Union Atlantic,Neither priority cohort,False,0
P002612,2026-03-09,AC0017,E005,Aurelius UK,EMEA,GBP,Union Atlantic,Neither priority cohort,False,0
P003062,2026-03-09,AC0023,E006,Aurelius Germany,EMEA,EUR,Northbridge Bank,Manual touch only,True,65
P003391,2026-03-09,AC0031,E009,Aurelius Spain,EMEA,USD,Meridian Commercial,Neither priority cohort,False,0
P003428,2026-03-09,AC0033,E009,Aurelius Spain,EMEA,EUR,Meridian Commercial,Neither priority cohort,False,0
P003680,2026-03-09,AC0044,E013,Aurelius Korea,APAC,KRW,Northbridge Bank,Cross-border wire only,False,0
P003872,2026-03-09,AC0045,E013,Aurelius Korea,APAC,KRW,Pacific Crown,Neither priority cohort,False,0
P003887,2026-03-09,AC0047,E014,Aurelius India,APAC,INR,Meridian Commercial,Manual touch only,False,0
P003891,2026-03-09,AC0043,E012,Aurelius Japan,APAC,JPY,Union Atlantic,Manual touch only,False,0
P003936,2026-03-09,AC0001,E001,Aurelius Group Holdings,NA,USD,Union Atlantic,Manual touch + cross-border wire,False,0
P004064,2026-03-09,AC0025,E007,Aurelius France,EMEA,EUR,Meridian Commercial,Neither priority cohort,False,0
P004142,2026-03-09,AC0017,E005,Aurelius UK,EMEA,GBP,Union Atlantic,Neither priority cohort,False,0
P004187,2026-03-09,AC0001,E001,Aurelius Group Holdings,NA,USD,Union Atlantic,Neither priority cohort,False,0
P004214,2026-03-09,AC0050,E015,Aurelius Hong Kong,APAC,HKD,Union Atlantic,Neither priority cohort,False,0
P004221,2026-03-09,AC0043,E012,Aurelius Japan,APAC,JPY,Union Atlantic,Neither priority cohort,False,0
P004315,2026-03-09,AC0053,E016,Aurelius Global Sourcing,APAC,USD,Pacific Crown,Neither priority cohort,False,0
P004336,2026-03-09,AC0010,E003,Aurelius Wellness US,NA,USD,Union Atlantic,Neither priority cohort,False,0
P004432,2026-03-09,AC0025,E007,Aurelius France,EMEA,EUR,Meridian Commercial,Neither priority cohort,False,0
P004619,2026-03-09,AC0003,E001,Aurelius Group Holdings,NA,USD,Meridian Commercial,Neither priority cohort,False,0
P004706,2026-03-09,AC0021,E006,Aurelius Germany,EMEA,EUR,Continental Trust,Manual touch only,False,0
P004726,2026-03-09,AC0048,E014,Aurelius India,APAC,INR,Continental Trust,Manual touch only,False,0
P004896,2026-03-09,AC0047,E014,Aurelius India,APAC,INR,Meridian Commercial,Neither priority cohort,False,0
P005155,2026-03-09,AC0052,E015,Aurelius Hong Kong,APAC,HKD,Continental Trust,Neither priority cohort,False,0
P005672,2026-03-09,AC0028,E008,Aurelius Netherlands,EMEA,EUR,Meridian Commercial,Neither priority cohort,False,0
P005866,2026-03-09,AC0012,E003,Aurelius Wellness US,NA,USD,Northbridge Bank,Neither priority cohort,False,0
P005970,2026-03-09,AC0016,E004,Aurelius Canada,NA,CAD,Meridian Commercial,Manual touch only,False,0
P006086,2026-03-09,AC0031,E009,Aurelius Spain,EMEA,USD,Meridian Commercial,Neither priority cohort,False,0
P006137,2026-03-09,AC0028,E008,Aurelius Netherlands,EMEA,EUR,Meridian Commercial,Cross-border wire only,False,0
P006168,2026-03-09,AC0005,E002,Aurelius Home US,NA,USD,Continental Trust,Neither priority cohort,False,0
P006313,2026-03-09,AC0054,E016,Aurelius Global Sourcing,APAC,USD,Northbridge Bank,Neither priority cohort,False,0
P006438,2026-03-09,AC0027,E007,Aurelius France,EMEA,EUR,Pacific Crown,Neither priority cohort,False,0
P006596,2026-03-09,AC0041,E012,Aurelius Japan,APAC,JPY,Continental Trust,Neither priority cohort,False,0
P006635,2026-03-09,AC0028,E008,Aurelius Netherlands,EMEA,EUR,Meridian Commercial,Neither priority cohort,False,0
P006887,2026-03-09,AC0014,E004,Aurelius Canada,NA,CAD,Union Atlantic,Neither priority cohort,False,0
P006943,2026-03-09,AC0028,E008,Aurelius Netherlands,EMEA,EUR,Meridian Commercial,Cross-border wire only,False,0
P007200,2026-03-09,AC0047,E014,Aurelius India,APAC,INR,Meridian Commercial,Cross-border wire only,False,0
P007244,2026-03-09,AC0002,E001,Aurelius Group Holdings,NA,USD,Pacific Crown,Manual touch only,False,0
P007299,2026-03-09,AC0017,E005,Aurelius UK,EMEA,GBP,Union Atlantic,Neither priority cohort,False,0
P007408,2026-03-09,AC0031,E009,Aurelius Spain,EMEA,USD,Meridian Commercial,Neither priority cohort,False,0
P007466,2026-03-09,AC0044,E013,Aurelius Korea,APAC,KRW,Northbridge Bank,Neither priority cohort,False,0
P007483,2026-03-09,AC0016,E004,Aurelius Canada,NA,CAD,Meridian Commercial,Manual touch only,False,0
P007518,2026-03-09,AC0014,E004,Aurelius Canada,NA,CAD,Union Atlantic,Neither priority cohort,False,0
P007569,2026-03-09,AC0027,E007,Aurelius France,EMEA,EUR,Pacific Crown,Neither priority cohort,False,0
P000161,2026-03-10,AC0018,E005,Aurelius UK,EMEA,GBP,Union Atlantic,Neither priority cohort,False,0
P000241,2026-03-10,AC0007,E002,Aurelius Home US,NA,USD,Northbridge Bank,Cross-border wire only,False,0
P000257,2026-03-10,AC0049,E014,Aurelius India,APAC,USD,Pacific Crown,Neither priority cohort,False,0
P000407,2026-03-10,AC0028,E008,Aurelius Netherlands,EMEA,EUR,Meridian Commercial,Neither priority cohort,False,0
P000408,2026-03-10,AC0038,E011,Aurelius Australia,APAC,USD,Pacific Crown,Neither priority cohort,False,0
P000609,2026-03-10,AC0044,E013,Aurelius Korea,APAC,KRW,Northbridge Bank,Neither priority cohort,False,0
P000832,2026-03-10,AC0014,E004,Aurelius Canada,NA,CAD,Union Atlantic,Neither priority cohort,False,0
P001146,2026-03-10,AC0046,E013,Aurelius Korea,APAC,KRW,Union Atlantic,Neither priority cohort,False,0
P001309,2026-03-10,AC0050,E015,Aurelius Hong Kong,APAC,HKD,Union Atlantic,Neither priority cohort,False,0
P001323,2026-03-10,AC0014,E004,Aurelius Canada,NA,CAD,Union Atlantic,Neither priority cohort,False,0
P001495,2026-03-10,AC0030,E008,Aurelius Netherlands,EMEA,USD,Pacific Crown,Neither priority cohort,False,0
P001892,2026-03-10,AC0038,E011,Aurelius Australia,APAC,USD,Pacific Crown,Manual touch only,False,0
P002617,2026-03-10,AC0005,E002,Aurelius Home US,NA,USD,Continental Trust,Manual touch only,False,0
P002789,2026-03-10,AC0023,E006,Aurelius Germany,EMEA,EUR,Northbridge Bank,Neither priority cohort,False,0
P003003,2026-03-10,AC0038,E011,Aurelius Australia,APAC,USD,Pacific Crown,Manual touch only,False,0
P003028,2026-03-10,AC0016,E004,Aurelius Canada,NA,CAD,Meridian Commercial,Manual touch only,False,0
P003055,2026-03-10,AC0038,E011,Aurelius Australia,APAC,USD,Pacific Crown,Neither priority cohort,False,0
P003280,2026-03-10,AC0016,E004,Aurelius Canada,NA,CAD,Meridian Commercial,Neither priority cohort,False,0
P003287,2026-03-10,AC0044,E013,Aurelius Korea,APAC,KRW,Northbridge Bank,Neither priority cohort,False,0
P003308,2026-03-10,AC0028,E008,Aurelius Netherlands,EMEA,EUR,Meridian Commercial,Neither priority cohort,False,0
P003319,2026-03-10,AC0050,E015,Aurelius Hong Kong,APAC,HKD,Union Atlantic,Neither priority cohort,False,0
P003418,2026-03-10,AC0001,E001,Aurelius Group Holdings,NA,USD,Union Atlantic,Neither priority cohort,False,0
P003611,2026-03-10,AC0026,E007,Aurelius France,EMEA,USD,Union Atlantic,Neither priority cohort,False,0
P003712,2026-03-10,AC0001,E001,Aurelius Group Holdings,NA,USD,Union Atlantic,Manual touch only,False,0
P003935,2026-03-10,AC0025,E007,Aurelius France,EMEA,EUR,Meridian Commercial,Manual touch + cross-border wire,False,0
P004050,2026-03-10,AC0053,E016,Aurelius Global Sourcing,APAC,USD,Pacific Crown,Neither priority cohort,True,34
P004108,2026-03-10,AC0030,E008,Aurelius Netherlands,EMEA,USD,Pacific Crown,Neither priority cohort,False,0
P004188,2026-03-10,AC0053,E016,Aurelius Global Sourcing,APAC,USD,Pacific Crown,Neither priority cohort,False,0
P004222,2026-03-10,AC0011,E003,Aurelius Wellness US,NA,USD,Continental Trust,Neither priority cohort,False,0
P004366,2026-03-10,AC0036,E010,Aurelius Singapore,APAC,SGD,Continental Trust,Neither priority cohort,False,0
P004518,2026-03-10,AC0025,E007,Aurelius France,EMEA,EUR,Meridian Commercial,Neither priority cohort,False,0
P004770,2026-03-10,AC0053,E016,Aurelius Global Sourcing,APAC,USD,Pacific Crown,Cross-border wire only,True,56
P004771,2026-03-10,AC0017,E005,Aurelius UK,EMEA,GBP,Union Atlantic,Manual touch only,False,0
P004949,2026-03-10,AC0036,E010,Aurelius Singapore,APAC,SGD,Continental Trust,Neither priority cohort,False,0
P005028,2026-03-10,AC0041,E012,Aurelius Japan,APAC,JPY,Continental Trust,Neither priority cohort,False,0
P005127,2026-03-10,AC0031,E009,Aurelius Spain,EMEA,USD,Meridian Commercial,Manual touch only,False,0
P005167,2026-03-10,AC0025,E007,Aurelius France,EMEA,EUR,Meridian Commercial,Manual touch only,False,0
P005172,2026-03-10,AC0017,E005,Aurelius UK,EMEA,GBP,Union Atlantic,Manual touch + cross-border wire,False,0
P005191,2026-03-10,AC0010,E003,Aurelius Wellness US,NA,USD,Union Atlantic,Manual touch + cross-border wire,False,0
P005271,2026-03-10,AC0014,E004,Aurelius Canada,NA,CAD,Union Atlantic,Manual touch only,False,0
P005346,2026-03-10,AC0010,E003,Aurelius Wellness US,NA,USD,Union Atlantic,Neither priority cohort,False,0
P005414,2026-03-10,AC0049,E014,Aurelius India,APAC,USD,Pacific Crown,Neither priority cohort,False,0
P005464,2026-03-10,AC0012,E003,Aurelius Wellness US,NA,USD,Northbridge Bank,Neither priority cohort,False,0
P005690,2026-03-10,AC0014,E004,Aurelius Canada,NA,CAD,Union Atlantic,Neither priority cohort,False,0
P005821,2026-03-10,AC0041,E012,Aurelius Japan,APAC,JPY,Continental Trust,Neither priority cohort,False,0
P005854,2026-03-10,AC0043,E012,Aurelius Japan,APAC,JPY,Union Atlantic,Manual touch only,False,0
P005992,2026-03-10,AC0044,E013,Aurelius Korea,APAC,KRW,Northbridge Bank,Cross-border wire only,True,50
P006084,2026-03-10,AC0010,E003,Aurelius Wellness US,NA,USD,Union Atlantic,Neither priority cohort,False,0
P006457,2026-03-10,AC0053,E016,Aurelius Global Sourcing,APAC,USD,Pacific Crown,Neither priority cohort,False,0
P006488,2026-03-10,AC0002,E001,Aurelius Group Holdings,NA,USD,Pacific Crown,Manual touch only,False,0
P006499,2026-03-10,AC0028,E008,Aurelius Netherlands,EMEA,EUR,Meridian Commercial,Neither priority cohort,False,0
P006568,2026-03-10,AC0005,E002,Aurelius Home US,NA,USD,Continental Trust,Neither priority cohort,False,0
P006697,2026-03-10,AC0040,E011,Aurelius Australia,APAC,AUD,Continental Trust,Neither priority cohort,False,0
P006954,2026-03-10,AC0045,E013,Aurelius Korea,APAC,KRW,Pacific Crown,Neither priority cohort,False,0
P007058,2026-03-10,AC0050,E015,Aurelius Hong Kong,APAC,HKD,Union Atlantic,Neither priority cohort,False,0
P007104,2026-03-10,AC0017,E005,Aurelius UK,EMEA,GBP,Union Atlantic,Neither priority cohort,False,0
P007275,2026-03-10,AC0017,E005,Aurelius UK,EMEA,GBP,Union Atlantic,Neither priority cohort,False,0
P007285,2026-03-10,AC0021,E006,Aurelius Germany,EMEA,EUR,Continental Trust,Neither priority cohort,False,0
P007291,2026-03-10,AC0014,E004,Aurelius Canada,NA,CAD,Union Atlantic,Neither priority cohort,False,0
P007308,2026-03-10,AC0028,E008,Aurelius Netherlands,EMEA,EUR,Meridian Commercial,Neither priority cohort,False,0
P000204,2026-03-11,AC0031,E009,Aurelius Spain,EMEA,USD,Meridian Commercial,Manual touch only,False,0
P000328,2026-03-11,AC0019,E005,Aurelius UK,EMEA,GBP,Union Atlantic,Neither priority cohort,False,0
P000395,2026-03-11,AC0026,E007,Aurelius France,EMEA,USD,Union Atlantic,Neither priority cohort,False,0
P000436,2026-03-11,AC0050,E015,Aurelius Hong Kong,APAC,HKD,Union Atlantic,Manual touch only,False,0
P000491,2026-03-11,AC0014,E004,Aurelius Canada,NA,CAD,Union Atlantic,Neither priority cohort,False,0
P000514,2026-03-11,AC0038,E011,Aurelius Australia,APAC,USD,Pacific Crown,Cross-border wire only,False,0
P000693,2026-03-11,AC0038,E011,Aurelius Australia,APAC,USD,Pacific Crown,Cross-border wire only,False,0
P000728,2026-03-11,AC0028,E008,Aurelius Netherlands,EMEA,EUR,Meridian Commercial,Neither priority cohort,False,0
P000736,2026-03-11,AC0010,E003,Aurelius Wellness US,NA,USD,Union Atlantic,Neither priority cohort,False,0
P000796,2026-03-11,AC0002,E001,Aurelius Group Holdings,NA,USD,Pacific Crown,Manual touch only,False,0
P000802,2026-03-11,AC0034,E010,Aurelius Singapore,APAC,USD,Continental Trust,Neither priority cohort,False,0
P001184,2026-03-11,AC0005,E002,Aurelius Home US,NA,USD,Continental Trust,Neither priority cohort,False,0
P001186,2026-03-11,AC0028,E008,Aurelius Netherlands,EMEA,EUR,Meridian Commercial,Neither priority cohort,False,0
P001229,2026-03-11,AC0045,E013,Aurelius Korea,APAC,KRW,Pacific Crown,Neither priority cohort,False,0
P001381,2026-03-11,AC0038,E011,Aurelius Australia,APAC,USD,Pacific Crown,Cross-border wire only,False,0
P001881,2026-03-11,AC0019,E005,Aurelius UK,EMEA,GBP,Union Atlantic,Neither priority cohort,False,0
P002128,2026-03-11,AC0016,E004,Aurelius Canada,NA,CAD,Meridian Commercial,Cross-border wire only,False,0
P002604,2026-03-11,AC0045,E013,Aurelius Korea,APAC,KRW,Pacific Crown,Neither priority cohort,False,0
P002677,2026-03-11,AC0026,E007,Aurelius France,EMEA,USD,Union Atlantic,Neither priority cohort,False,0
P002725,2026-03-11,AC0025,E007,Aurelius France,EMEA,EUR,Meridian Commercial,Manual touch only,False,0
P002739,2026-03-11,AC0017,E005,Aurelius UK,EMEA,GBP,Union Atlantic,Neither priority cohort,False,0
P002749,2026-03-11,AC0025,E007,Aurelius France,EMEA,EUR,Meridian Commercial,Neither priority cohort,False,0
P002988,2026-03-11,AC0044,E013,Aurelius Korea,APAC,KRW,Northbridge Bank,Neither priority cohort,False,0
P003127,2026-03-11,AC0001,E001,Aurelius Group Holdings,NA,USD,Union Atlantic,Manual touch only,False,0
P003152,2026-03-11,AC0010,E003,Aurelius Wellness US,NA,USD,Union Atlantic,Neither priority cohort,False,0
P003221,2026-03-11,AC0010,E003,Aurelius Wellness US,NA,USD,Union Atlantic,Manual touch only,False,0
P003255,2026-03-11,AC0010,E003,Aurelius Wellness US,NA,USD,Union Atlantic,Neither priority cohort,False,0
P003332,2026-03-11,AC0038,E011,Aurelius Australia,APAC,USD,Pacific Crown,Neither priority cohort,False,0
P003447,2026-03-11,AC0043,E012,Aurelius Japan,APAC,JPY,Union Atlantic,Neither priority cohort,False,0
P003483,2026-03-11,AC0038,E011,Aurelius Australia,APAC,USD,Pacific Crown,Neither priority cohort,False,0
P003596,2026-03-11,AC0017,E005,Aurelius UK,EMEA,GBP,Union Atlantic,Manual touch only,False,0
P003610,2026-03-11,AC0031,E009,Aurelius Spain,EMEA,USD,Meridian Commercial,Neither priority cohort,False,0
P003678,2026-03-11,AC0041,E012,Aurelius Japan,APAC,JPY,Continental Trust,Manual touch only,False,0
P003893,2026-03-11,AC0041,E012,Aurelius Japan,APAC,JPY,Continental Trust,Manual touch + cross-border wire,False,0
P003903,2026-03-11,AC0031,E009,Aurelius Spain,EMEA,USD,Meridian Commercial,Neither priority cohort,False,0
P003990,2026-03-11,AC0038,E011,Aurelius Australia,APAC,USD,Pacific Crown,Cross-border wire only,False,0
P004008,2026-03-11,AC0034,E010,Aurelius Singapore,APAC,USD,Continental Trust,Manual touch only,False,0
P004048,2026-03-11,AC0049,E014,Aurelius India,APAC,USD,Pacific Crown,Manual touch + cross-border wire,False,0
P004057,2026-03-11,AC0047,E014,Aurelius India,APAC,INR,Meridian Commercial,Neither priority cohort,False,0
P004186,2026-03-11,AC0047,E014,Aurelius India,APAC,INR,Meridian Commercial,Neither priority cohort,False,0
P004258,2026-03-11,AC0027,E007,Aurelius France,EMEA,EUR,Pacific Crown,Manual touch only,True,53
P004260,2026-03-11,AC0025,E007,Aurelius France,EMEA,EUR,Meridian Commercial,Manual touch only,False,0
P004346,2026-03-11,AC0028,E008,Aurelius Netherlands,EMEA,EUR,Meridian Commercial,Cross-border wire only,True,63
P004391,2026-03-11,AC0034,E010,Aurelius Singapore,APAC,USD,Continental Trust,Neither priority cohort,False,0
P004428,2026-03-11,AC0014,E004,Aurelius Canada,NA,CAD,Union Atlantic,Cross-border wire only,False,0
P004454,2026-03-11,AC0016,E004,Aurelius Canada,NA,CAD,Meridian Commercial,Manual touch + cross-border wire,False,0
P004599,2026-03-11,AC0001,E001,Aurelius Group Holdings,NA,USD,Union Atlantic,Manual touch only,False,0
P004652,2026-03-11,AC0014,E004,Aurelius Canada,NA,CAD,Union Atlantic,Neither priority cohort,False,0
P004782,2026-03-11,AC0014,E004,Aurelius Canada,NA,CAD,Union Atlantic,Neither priority cohort,False,0
P005080,2026-03-11,AC0039,E011,Aurelius Australia,APAC,AUD,Continental Trust,Manual touch + cross-border wire,False,0
P005486,2026-03-11,AC0053,E016,Aurelius Global Sourcing,APAC,USD,Pacific Crown,Neither priority cohort,False,0
P005681,2026-03-11,AC0005,E002,Aurelius Home US,NA,USD,Continental Trust,Neither priority cohort,False,0
P005770,2026-03-11,AC0001,E001,Aurelius Group Holdings,NA,USD,Union Atlantic,Neither priority cohort,False,0
P005942,2026-03-11,AC0017,E005,Aurelius UK,EMEA,GBP,Union Atlantic,Manual touch only,True,21
P005969,2026-03-11,AC0017,E005,Aurelius UK,EMEA,GBP,Union Atlantic,Neither priority cohort,False,0
P006076,2026-03-11,AC0014,E004,Aurelius Canada,NA,CAD,Union Atlantic,Neither priority cohort,False,0
P006128,2026-03-11,AC0021,E006,Aurelius Germany,EMEA,EUR,Continental Trust,Neither priority cohort,False,0
P006183,2026-03-11,AC0005,E002,Aurelius Home US,NA,USD,Continental Trust,Neither priority cohort,False,0
P006423,2026-03-11,AC0017,E005,Aurelius UK,EMEA,GBP,Union Atlantic,Manual touch only,False,0
P006520,2026-03-11,AC0050,E015,Aurelius Hong Kong,APAC,HKD,Union Atlantic,Neither priority cohort,False,0
P006534,2026-03-11,AC0053,E016,Aurelius Global Sourcing,APAC,USD,Pacific Crown,Neither priority cohort,False,0
P006626,2026-03-11,AC0041,E012,Aurelius Japan,APAC,JPY,Continental Trust,Manual touch + cross-border wire,True,72
P006722,2026-03-11,AC0038,E011,Aurelius Australia,APAC,USD,Pacific Crown,Neither priority cohort,False,0
P006865,2026-03-11,AC0001,E001,Aurelius Group Holdings,NA,USD,Union Atlantic,Neither priority cohort,False,0
P007189,2026-03-11,AC0034,E010,Aurelius Singapore,APAC,USD,Continental Trust,Manual touch + cross-border wire,False,0
P007320,2026-03-11,AC0047,E014,Aurelius India,APAC,INR,Meridian Commercial,Manual touch only,True,46
P007477,2026-03-11,AC0047,E014,Aurelius India,APAC,INR,Meridian Commercial,Manual touch only,False,0
P000020,2026-03-12,AC0032,E009,Aurelius Spain,EMEA,EUR,Northbridge Bank,Neither priority cohort,False,0
P000247,2026-03-12,AC0010,E003,Aurelius Wellness US,NA,USD,Union Atlantic,Neither priority cohort,False,0
P000249,2026-03-12,AC0027,E007,Aurelius France,EMEA,EUR,Pacific Crown,Neither priority cohort,False,0
P000516,2026-03-12,AC0049,E014,Aurelius India,APAC,USD,Pacific Crown,Neither priority cohort,False,0
P000567,2026-03-12,AC0005,E002,Aurelius Home US,NA,USD,Continental Trust,Manual touch only,False,0
P000721,2026-03-12,AC0031,E009,Aurelius Spain,EMEA,USD,Meridian Commercial,Manual touch only,False,0
P000968,2026-03-12,AC0053,E016,Aurelius Global Sourcing,APAC,USD,Pacific Crown,Neither priority cohort,False,0
P001129,2026-03-12,AC0031,E009,Aurelius Spain,EMEA,USD,Meridian Commercial,Neither priority cohort,False,0
P001536,2026-03-12,AC0055,E016,Aurelius Global Sourcing,APAC,USD,Meridian Commercial,Neither priority cohort,False,0
P001709,2026-03-12,AC0010,E003,Aurelius Wellness US,NA,USD,Union Atlantic,Neither priority cohort,False,0
P001726,2026-03-12,AC0017,E005,Aurelius UK,EMEA,GBP,Union Atlantic,Neither priority cohort,False,0
P001810,2026-03-12,AC0052,E015,Aurelius Hong Kong,APAC,HKD,Continental Trust,Neither priority cohort,False,0
P001928,2026-03-12,AC0044,E013,Aurelius Korea,APAC,KRW,Northbridge Bank,Neither priority cohort,False,0
P002039,2026-03-12,AC0034,E010,Aurelius Singapore,APAC,USD,Continental Trust,Manual touch + cross-border wire,True,43
P002158,2026-03-12,AC0031,E009,Aurelius Spain,EMEA,USD,Meridian Commercial,Neither priority cohort,False,0
P002179,2026-03-12,AC0045,E013,Aurelius Korea,APAC,KRW,Pacific Crown,Neither priority cohort,False,0
P002248,2026-03-12,AC0026,E007,Aurelius France,EMEA,USD,Union Atlantic,Cross-border wire only,False,0
P002308,2026-03-12,AC0050,E015,Aurelius Hong Kong,APAC,HKD,Union Atlantic,Manual touch only,False,0
P002345,2026-03-12,AC0014,E004,Aurelius Canada,NA,CAD,Union Atlantic,Neither priority cohort,False,0
P002369,2026-03-12,AC0014,E004,Aurelius Canada,NA,CAD,Union Atlantic,Neither priority cohort,False,0
P002567,2026-03-12,AC0014,E004,Aurelius Canada,NA,CAD,Union Atlantic,Neither priority cohort,False,0
P002697,2026-03-12,AC0010,E003,Aurelius Wellness US,NA,USD,Union Atlantic,Neither priority cohort,False,0
P002846,2026-03-12,AC0041,E012,Aurelius Japan,APAC,JPY,Continental Trust,Neither priority cohort,False,0
P003014,2026-03-12,AC0001,E001,Aurelius Group Holdings,NA,USD,Union Atlantic,Manual touch only,False,0
P003086,2026-03-12,AC0031,E009,Aurelius Spain,EMEA,USD,Meridian Commercial,Neither priority cohort,False,0
P003497,2026-03-12,AC0054,E016,Aurelius Global Sourcing,APAC,USD,Northbridge Bank,Neither priority cohort,False,0
P003533,2026-03-12,AC0021,E006,Aurelius Germany,EMEA,EUR,Continental Trust,Neither priority cohort,False,0
P003579,2026-03-12,AC0038,E011,Aurelius Australia,APAC,USD,Pacific Crown,Neither priority cohort,False,0
P003664,2026-03-12,AC0003,E001,Aurelius Group Holdings,NA,USD,Meridian Commercial,Cross-border wire only,False,0
P003713,2026-03-12,AC0010,E003,Aurelius Wellness US,NA,USD,Union Atlantic,Neither priority cohort,False,0
P003961,2026-03-12,AC0050,E015,Aurelius Hong Kong,APAC,HKD,Union Atlantic,Neither priority cohort,False,0
P004009,2026-03-12,AC0036,E010,Aurelius Singapore,APAC,SGD,Continental Trust,Neither priority cohort,False,0
P004193,2026-03-12,AC0001,E001,Aurelius Group Holdings,NA,USD,Union Atlantic,Neither priority cohort,False,0
P004244,2026-03-12,AC0055,E016,Aurelius Global Sourcing,APAC,USD,Meridian Commercial,Neither priority cohort,False,0
P004357,2026-03-12,AC0042,E012,Aurelius Japan,APAC,USD,Union Atlantic,Manual touch only,False,0
P004410,2026-03-12,AC0017,E005,Aurelius UK,EMEA,GBP,Union Atlantic,Manual touch only,False,0
P004463,2026-03-12,AC0038,E011,Aurelius Australia,APAC,USD,Pacific Crown,Neither priority cohort,False,0
P004486,2026-03-12,AC0050,E015,Aurelius Hong Kong,APAC,HKD,Union Atlantic,Manual touch only,False,0
P004490,2026-03-12,AC0033,E009,Aurelius Spain,EMEA,EUR,Meridian Commercial,Cross-border wire only,True,20
P004661,2026-03-12,AC0001,E001,Aurelius Group Holdings,NA,USD,Union Atlantic,Manual touch only,False,0
P004667,2026-03-12,AC0021,E006,Aurelius Germany,EMEA,EUR,Continental Trust,Neither priority cohort,False,0
P004692,2026-03-12,AC0030,E008,Aurelius Netherlands,EMEA,USD,Pacific Crown,Neither priority cohort,False,0
P004699,2026-03-12,AC0053,E016,Aurelius Global Sourcing,APAC,USD,Pacific Crown,Neither priority cohort,False,0
P004719,2026-03-12,AC0050,E015,Aurelius Hong Kong,APAC,HKD,Union Atlantic,Manual touch only,False,0
P004847,2026-03-12,AC0005,E002,Aurelius Home US,NA,USD,Continental Trust,Manual touch only,False,0
P004918,2026-03-12,AC0028,E008,Aurelius Netherlands,EMEA,EUR,Meridian Commercial,Neither priority cohort,False,0
P004965,2026-03-12,AC0031,E009,Aurelius Spain,EMEA,USD,Meridian Commercial,Neither priority cohort,False,0
P004996,2026-03-12,AC0047,E014,Aurelius India,APAC,INR,Meridian Commercial,Neither priority cohort,False,0
P005113,2026-03-12,AC0044,E013,Aurelius Korea,APAC,KRW,Northbridge Bank,Manual touch only,False,0
P005440,2026-03-12,AC0041,E012,Aurelius Japan,APAC,JPY,Continental Trust,Neither priority cohort,False,0
P005506,2026-03-12,AC0010,E003,Aurelius Wellness US,NA,USD,Union Atlantic,Neither priority cohort,False,0
P005583,2026-03-12,AC0023,E006,Aurelius Germany,EMEA,EUR,Northbridge Bank,Neither priority cohort,False,0
P005960,2026-03-12,AC0010,E003,Aurelius Wellness US,NA,USD,Union Atlantic,Neither priority cohort,False,0
P006171,2026-03-12,AC0021,E006,Aurelius Germany,EMEA,EUR,Continental Trust,Neither priority cohort,False,0
P006247,2026-03-12,AC0051,E015,Aurelius Hong Kong,APAC,HKD,Pacific Crown,Neither priority cohort,False,0
P006540,2026-03-12,AC0017,E005,Aurelius UK,EMEA,GBP,Union Atlantic,Neither priority cohort,False,0
P006577,2026-03-12,AC0021,E006,Aurelius Germany,EMEA,EUR,Continental Trust,Neither priority cohort,False,0
P006592,2026-03-12,AC0053,E016,Aurelius Global Sourcing,APAC,USD,Pacific Crown,Neither priority cohort,True,57
P006595,2026-03-12,AC0053,E016,Aurelius Global Sourcing,APAC,USD,Pacific Crown,Neither priority cohort,False,0
P006618,2026-03-12,AC0014,E004,Aurelius Canada,NA,CAD,Union Atlantic,Neither priority cohort,True,69
P007075,2026-03-12,AC0010,E003,Aurelius Wellness US,NA,USD,Union Atlantic,Manual touch only,False,0
P007407,2026-03-12,AC0020,E005,Aurelius UK,EMEA,GBP,Meridian Commercial,Neither priority cohort,False,0
P007434,2026-03-12,AC0005,E002,Aurelius Home US,NA,USD,Continental Trust,Neither priority cohort,False,0
P000134,2026-03-13,AC0006,E002,Aurelius Home US,NA,USD,Pacific Crown,Neither priority cohort,False,0
P000160,2026-03-13,AC0001,E001,Aurelius Group Holdings,NA,USD,Union Atlantic,Manual touch only,False,0
P000206,2026-03-13,AC0005,E002,Aurelius Home US,NA,USD,Continental Trust,Neither priority cohort,False,0
P000275,2026-03-13,AC0005,E002,Aurelius Home US,NA,USD,Continental Trust,Neither priority cohort,False,0
P000463,2026-03-13,AC0044,E013,Aurelius Korea,APAC,KRW,Northbridge Bank,Neither priority cohort,False,0
P000604,2026-03-13,AC0017,E005,Aurelius UK,EMEA,GBP,Union Atlantic,Neither priority cohort,False,0
P000848,2026-03-13,AC0053,E016,Aurelius Global Sourcing,APAC,USD,Pacific Crown,Manual touch only,False,0
P000956,2026-03-13,AC0038,E011,Aurelius Australia,APAC,USD,Pacific Crown,Neither priority cohort,False,0
P001042,2026-03-13,AC0031,E009,Aurelius Spain,EMEA,USD,Meridian Commercial,Neither priority cohort,False,0
P001046,2026-03-13,AC0039,E011,Aurelius Australia,APAC,AUD,Continental Trust,Cross-border wire only,False,0
P001171,2026-03-13,AC0046,E013,Aurelius Korea,APAC,KRW,Union Atlantic,Manual touch only,False,0
P001767,2026-03-13,AC0025,E007,Aurelius France,EMEA,EUR,Meridian Commercial,Neither priority cohort,False,0
P002183,2026-03-13,AC0034,E010,Aurelius Singapore,APAC,USD,Continental Trust,Manual touch only,True,46
P002198,2026-03-13,AC0014,E004,Aurelius Canada,NA,CAD,Union Atlantic,Neither priority cohort,False,0
P002203,2026-03-13,AC0053,E016,Aurelius Global Sourcing,APAC,USD,Pacific Crown,Neither priority cohort,False,0
P002222,2026-03-13,AC0005,E002,Aurelius Home US,NA,USD,Continental Trust,Cross-border wire only,True,67
P002412,2026-03-13,AC0034,E010,Aurelius Singapore,APAC,USD,Continental Trust,Manual touch only,False,0
P002454,2026-03-13,AC0028,E008,Aurelius Netherlands,EMEA,EUR,Meridian Commercial,Neither priority cohort,False,0
P002460,2026-03-13,AC0014,E004,Aurelius Canada,NA,CAD,Union Atlantic,Neither priority cohort,True,36
P002519,2026-03-13,AC0034,E010,Aurelius Singapore,APAC,USD,Continental Trust,Manual touch only,True,51
P002699,2026-03-13,AC0021,E006,Aurelius Germany,EMEA,EUR,Continental Trust,Neither priority cohort,False,0
P002786,2026-03-13,AC0038,E011,Aurelius Australia,APAC,USD,Pacific Crown,Neither priority cohort,False,0
P002917,2026-03-13,AC0047,E014,Aurelius India,APAC,INR,Meridian Commercial,Manual touch only,False,0
P002931,2026-03-13,AC0021,E006,Aurelius Germany,EMEA,EUR,Continental Trust,Manual touch only,False,0
P002942,2026-03-13,AC0044,E013,Aurelius Korea,APAC,KRW,Northbridge Bank,Neither priority cohort,False,0
P002955,2026-03-13,AC0005,E002,Aurelius Home US,NA,USD,Continental Trust,Manual touch only,False,0
P003053,2026-03-13,AC0044,E013,Aurelius Korea,APAC,KRW,Northbridge Bank,Neither priority cohort,False,0
P003122,2026-03-13,AC0031,E009,Aurelius Spain,EMEA,USD,Meridian Commercial,Neither priority cohort,False,0
P003281,2026-03-13,AC0017,E005,Aurelius UK,EMEA,GBP,Union Atlantic,Neither priority cohort,False,0
P003506,2026-03-13,AC0025,E007,Aurelius France,EMEA,EUR,Meridian Commercial,Manual touch only,False,0
P003711,2026-03-13,AC0053,E016,Aurelius Global Sourcing,APAC,USD,Pacific Crown,Manual touch only,False,0
P003972,2026-03-13,AC0031,E009,Aurelius Spain,EMEA,USD,Meridian Commercial,Neither priority cohort,False,0
P003981,2026-03-13,AC0034,E010,Aurelius Singapore,APAC,USD,Continental Trust,Neither priority cohort,False,0
P004335,2026-03-13,AC0041,E012,Aurelius Japan,APAC,JPY,Continental Trust,Neither priority cohort,False,0
P004387,2026-03-13,AC0053,E016,Aurelius Global Sourcing,APAC,USD,Pacific Crown,Neither priority cohort,False,0
P004730,2026-03-13,AC0017,E005,Aurelius UK,EMEA,GBP,Union Atlantic,Manual touch only,False,0
P004834,2026-03-13,AC0041,E012,Aurelius Japan,APAC,JPY,Continental Trust,Neither priority cohort,False,0
P004857,2026-03-13,AC0047,E014,Aurelius India,APAC,INR,Meridian Commercial,Neither priority cohort,False,0
P005079,2026-03-13,AC0038,E011,Aurelius Australia,APAC,USD,Pacific Crown,Neither priority cohort,False,0
P005233,2026-03-13,AC0028,E008,Aurelius Netherlands,EMEA,EUR,Meridian Commercial,Neither priority cohort,False,0
P005687,2026-03-13,AC0038,E011,Aurelius Australia,APAC,USD,Pacific Crown,Neither priority cohort,False,0
P005742,2026-03-13,AC0017,E005,Aurelius UK,EMEA,GBP,Union Atlantic,Cross-border wire only,False,0
P005778,2026-03-13,AC0025,E007,Aurelius France,EMEA,EUR,Meridian Commercial,Manual touch + cross-border wire,False,0
P005809,2026-03-13,AC0017,E005,Aurelius UK,EMEA,GBP,Union Atlantic,Neither priority cohort,False,0
P005810,2026-03-13,AC0028,E008,Aurelius Netherlands,EMEA,EUR,Meridian Commercial,Manual touch only,False,0
P006123,2026-03-13,AC0040,E011,Aurelius Australia,APAC,AUD,Continental Trust,Manual touch only,False,0
P006296,2026-03-13,AC0047,E014,Aurelius India,APAC,INR,Meridian Commercial,Manual touch only,False,0
P006528,2026-03-13,AC0043,E012,Aurelius Japan,APAC,JPY,Union Atlantic,Manual touch only,False,0
P006690,2026-03-13,AC0044,E013,Aurelius Korea,APAC,KRW,Northbridge Bank,Neither priority cohort,False,0
P006847,2026-03-13,AC0005,E002,Aurelius Home US,NA,USD,Continental Trust,Neither priority cohort,False,0
P007065,2026-03-13,AC0047,E014,Aurelius India,APAC,INR,Meridian Commercial,Neither priority cohort,False,0
P007135,2026-03-13,AC0014,E004,Aurelius Canada,NA,CAD,Union Atlantic,Cross-border wire only,False,0
P007158,2026-03-13,AC0041,E012,Aurelius Japan,APAC,JPY,Continental Trust,Neither priority cohort,False,0
P007444,2026-03-13,AC0001,E001,Aurelius Group Holdings,NA,USD,Union Atlantic,Manual touch only,False,0
P000114,2026-03-16,AC0045,E013,Aurelius Korea,APAC,KRW,Pacific Crown,Manual touch only,True,34
P000578,2026-03-16,AC0028,E008,Aurelius Netherlands,EMEA,EUR,Meridian Commercial,Neither priority cohort,False,0
P000710,2026-03-16,AC0031,E009,Aurelius Spain,EMEA,USD,Meridian Commercial,Manual touch only,False,0
P000771,2026-03-16,AC0021,E006,Aurelius Germany,EMEA,EUR,Continental Trust,Neither priority cohort,False,0
P000777,2026-03-16,AC0046,E013,Aurelius Korea,APAC,KRW,Union Atlantic,Neither priority cohort,False,0
P000818,2026-03-16,AC0005,E002,Aurelius Home US,NA,USD,Continental Trust,Neither priority cohort,False,0
P000972,2026-03-16,AC0014,E004,Aurelius Canada,NA,CAD,Union Atlantic,Neither priority cohort,False,0
P001089,2026-03-16,AC0001,E001,Aurelius Group Holdings,NA,USD,Union Atlantic,Neither priority cohort,True,44
P001557,2026-03-16,AC0020,E005,Aurelius UK,EMEA,GBP,Meridian Commercial,Manual touch only,False,0
P001577,2026-03-16,AC0044,E013,Aurelius Korea,APAC,KRW,Northbridge Bank,Neither priority cohort,False,0
P001849,2026-03-16,AC0050,E015,Aurelius Hong Kong,APAC,HKD,Union Atlantic,Manual touch only,False,0
P001910,2026-03-16,AC0006,E002,Aurelius Home US,NA,USD,Pacific Crown,Neither priority cohort,False,0
P001980,2026-03-16,AC0001,E001,Aurelius Group Holdings,NA,USD,Union Atlantic,Manual touch only,False,0
P002095,2026-03-16,AC0025,E007,Aurelius France,EMEA,EUR,Meridian Commercial,Cross-border wire only,False,0
P002181,2026-03-16,AC0001,E001,Aurelius Group Holdings,NA,USD,Union Atlantic,Neither priority cohort,False,0
P002481,2026-03-16,AC0029,E008,Aurelius Netherlands,EMEA,EUR,Continental Trust,Neither priority cohort,False,0
P002544,2026-03-16,AC0025,E007,Aurelius France,EMEA,EUR,Meridian Commercial,Neither priority cohort,False,0
P002760,2026-03-16,AC0010,E003,Aurelius Wellness US,NA,USD,Union Atlantic,Neither priority cohort,False,0
P002800,2026-03-16,AC0001,E001,Aurelius Group Holdings,NA,USD,Union Atlantic,Neither priority cohort,False,0
P002810,2026-03-16,AC0014,E004,Aurelius Canada,NA,CAD,Union Atlantic,Manual touch only,False,0
P003153,2026-03-16,AC0044,E013,Aurelius Korea,APAC,KRW,Northbridge Bank,Neither priority cohort,False,0
P003244,2026-03-16,AC0048,E014,Aurelius India,APAC,INR,Continental Trust,Manual touch only,False,0
P003336,2026-03-16,AC0007,E002,Aurelius Home US,NA,USD,Northbridge Bank,Neither priority cohort,False,0
P003354,2026-03-16,AC0050,E015,Aurelius Hong Kong,APAC,HKD,Union Atlantic,Manual touch only,False,0
P003465,2026-03-16,AC0023,E006,Aurelius Germany,EMEA,EUR,Northbridge Bank,Neither priority cohort,False,0
P003539,2026-03-16,AC0017,E005,Aurelius UK,EMEA,GBP,Union Atlantic,Manual touch only,False,0
P003543,2026-03-16,AC0041,E012,Aurelius Japan,APAC,JPY,Continental Trust,Neither priority cohort,False,0
P003598,2026-03-16,AC0021,E006,Aurelius Germany,EMEA,EUR,Continental Trust,Neither priority cohort,False,0
P003629,2026-03-16,AC0001,E001,Aurelius Group Holdings,NA,USD,Union Atlantic,Neither priority cohort,False,0
P003665,2026-03-16,AC0031,E009,Aurelius Spain,EMEA,USD,Meridian Commercial,Neither priority cohort,False,0
P004100,2026-03-16,AC0001,E001,Aurelius Group Holdings,NA,USD,Union Atlantic,Neither priority cohort,False,0
P004476,2026-03-16,AC0044,E013,Aurelius Korea,APAC,KRW,Northbridge Bank,Neither priority cohort,True,63
P004501,2026-03-16,AC0005,E002,Aurelius Home US,NA,USD,Continental Trust,Neither priority cohort,False,0
P004530,2026-03-16,AC0012,E003,Aurelius Wellness US,NA,USD,Northbridge Bank,Neither priority cohort,False,0
P004537,2026-03-16,AC0012,E003,Aurelius Wellness US,NA,USD,Northbridge Bank,Neither priority cohort,False,0
P004779,2026-03-16,AC0028,E008,Aurelius Netherlands,EMEA,EUR,Meridian Commercial,Neither priority cohort,False,0
P004974,2026-03-16,AC0053,E016,Aurelius Global Sourcing,APAC,USD,Pacific Crown,Neither priority cohort,False,0
P005006,2026-03-16,AC0041,E012,Aurelius Japan,APAC,JPY,Continental Trust,Neither priority cohort,False,0
P005037,2026-03-16,AC0034,E010,Aurelius Singapore,APAC,USD,Continental Trust,Neither priority cohort,False,0
P005116,2026-03-16,AC0034,E010,Aurelius Singapore,APAC,USD,Continental Trust,Manual touch only,True,45
P005289,2026-03-16,AC0025,E007,Aurelius France,EMEA,EUR,Meridian Commercial,Neither priority cohort,False,0
P005382,2026-03-16,AC0025,E007,Aurelius France,EMEA,EUR,Meridian Commercial,Neither priority cohort,False,0
P005689,2026-03-16,AC0021,E006,Aurelius Germany,EMEA,EUR,Continental Trust,Neither priority cohort,False,0
P005899,2026-03-16,AC0028,E008,Aurelius Netherlands,EMEA,EUR,Meridian Commercial,Manual touch only,True,43
P005902,2026-03-16,AC0044,E013,Aurelius Korea,APAC,KRW,Northbridge Bank,Manual touch only,False,0
P005912,2026-03-16,AC0036,E010,Aurelius Singapore,APAC,SGD,Continental Trust,Neither priority cohort,False,0
P006041,2026-03-16,AC0001,E001,Aurelius Group Holdings,NA,USD,Union Atlantic,Neither priority cohort,False,0
P006106,2026-03-16,AC0044,E013,Aurelius Korea,APAC,KRW,Northbridge Bank,Manual touch + cross-border wire,False,0
P006446,2026-03-16,AC0030,E008,Aurelius Netherlands,EMEA,USD,Pacific Crown,Neither priority cohort,False,0
P006506,2026-03-16,AC0031,E009,Aurelius Spain,EMEA,USD,Meridian Commercial,Manual touch only,False,0
P006542,2026-03-16,AC0012,E003,Aurelius Wellness US,NA,USD,Northbridge Bank,Neither priority cohort,False,0
P006630,2026-03-16,AC0014,E004,Aurelius Canada,NA,CAD,Union Atlantic,Neither priority cohort,False,0
P006877,2026-03-16,AC0021,E006,Aurelius Germany,EMEA,EUR,Continental Trust,Manual touch only,False,0
P007013,2026-03-16,AC0020,E005,Aurelius UK,EMEA,GBP,Meridian Commercial,Neither priority cohort,False,0
P007030,2026-03-16,AC0047,E014,Aurelius India,APAC,INR,Meridian Commercial,Manual touch only,False,0
P007226,2026-03-16,AC0053,E016,Aurelius Global Sourcing,APAC,USD,Pacific Crown,Neither priority cohort,False,0
P007227,2026-03-16,AC0050,E015,Aurelius Hong Kong,APAC,HKD,Union Atlantic,Manual touch only,False,0
P007288,2026-03-16,AC0017,E005,Aurelius UK,EMEA,GBP,Union Atlantic,Neither priority cohort,False,0
P007387,2026-03-16,AC0038,E011,Aurelius Australia,APAC,USD,Pacific Crown,Neither priority cohort,False,0
P007452,2026-03-16,AC0038,E011,Aurelius Australia,APAC,USD,Pacific Crown,Neither priority cohort,False,0
P000040,2026-03-17,AC0005,E002,Aurelius Home US,NA,USD,Continental Trust,Neither priority cohort,True,45
P000131,2026-03-17,AC0050,E015,Aurelius Hong Kong,APAC,HKD,Union Atlantic,Manual touch only,False,0
P000217,2026-03-17,AC0041,E012,Aurelius Japan,APAC,JPY,Continental Trust,Neither priority cohort,False,0
P000324,2026-03-17,AC0005,E002,Aurelius Home US,NA,USD,Continental Trust,Neither priority cohort,False,0
P000374,2026-03-17,AC0010,E003,Aurelius Wellness US,NA,USD,Union Atlantic,Neither priority cohort,False,0
P000444,2026-03-17,AC0010,E003,Aurelius Wellness US,NA,USD,Union Atlantic,Manual touch + cross-border wire,False,0
P000551,2026-03-17,AC0014,E004,Aurelius Canada,NA,CAD,Union Atlantic,Neither priority cohort,False,0
P000601,2026-03-17,AC0007,E002,Aurelius Home US,NA,USD,Northbridge Bank,Neither priority cohort,False,0
P000855,2026-03-17,AC0005,E002,Aurelius Home US,NA,USD,Continental Trust,Neither priority cohort,False,0
P001059,2026-03-17,AC0050,E015,Aurelius Hong Kong,APAC,HKD,Union Atlantic,Neither priority cohort,False,0
P001360,2026-03-17,AC0021,E006,Aurelius Germany,EMEA,EUR,Continental Trust,Manual touch only,False,0
P001389,2026-03-17,AC0036,E010,Aurelius Singapore,APAC,SGD,Continental Trust,Neither priority cohort,False,0
P001825,2026-03-17,AC0041,E012,Aurelius Japan,APAC,JPY,Continental Trust,Neither priority cohort,False,0
P001873,2026-03-17,AC0050,E015,Aurelius Hong Kong,APAC,HKD,Union Atlantic,Manual touch only,True,37
P001958,2026-03-17,AC0052,E015,Aurelius Hong Kong,APAC,HKD,Continental Trust,Neither priority cohort,False,0
P002025,2026-03-17,AC0001,E001,Aurelius Group Holdings,NA,USD,Union Atlantic,Manual touch only,False,0
P002127,2026-03-17,AC0025,E007,Aurelius France,EMEA,EUR,Meridian Commercial,Manual touch only,False,0
P002238,2026-03-17,AC0031,E009,Aurelius Spain,EMEA,USD,Meridian Commercial,Neither priority cohort,False,0
P002497,2026-03-17,AC0021,E006,Aurelius Germany,EMEA,EUR,Continental Trust,Neither priority cohort,False,0
P002594,2026-03-17,AC0021,E006,Aurelius Germany,EMEA,EUR,Continental Trust,Manual touch only,False,0
P002746,2026-03-17,AC0031,E009,Aurelius Spain,EMEA,USD,Meridian Commercial,Neither priority cohort,False,0
P002793,2026-03-17,AC0052,E015,Aurelius Hong Kong,APAC,HKD,Continental Trust,Neither priority cohort,False,0
P003074,2026-03-17,AC0012,E003,Aurelius Wellness US,NA,USD,Northbridge Bank,Neither priority cohort,False,0
P003313,2026-03-17,AC0053,E016,Aurelius Global Sourcing,APAC,USD,Pacific Crown,Neither priority cohort,False,0
P003634,2026-03-17,AC0020,E005,Aurelius UK,EMEA,GBP,Meridian Commercial,Neither priority cohort,False,0
P003852,2026-03-17,AC0033,E009,Aurelius Spain,EMEA,EUR,Meridian Commercial,Manual touch only,False,0
P003924,2026-03-17,AC0041,E012,Aurelius Japan,APAC,JPY,Continental Trust,Neither priority cohort,False,0
P004063,2026-03-17,AC0001,E001,Aurelius Group Holdings,NA,USD,Union Atlantic,Manual touch only,False,0
P004066,2026-03-17,AC0001,E001,Aurelius Group Holdings,NA,USD,Union Atlantic,Manual touch only,False,0
P004137,2026-03-17,AC0046,E013,Aurelius Korea,APAC,KRW,Union Atlantic,Cross-border wire only,False,0
P004202,2026-03-17,AC0050,E015,Aurelius Hong Kong,APAC,HKD,Union Atlantic,Manual touch only,False,0
P004288,2026-03-17,AC0025,E007,Aurelius France,EMEA,EUR,Meridian Commercial,Neither priority cohort,False,0
P004332,2026-03-17,AC0021,E006,Aurelius Germany,EMEA,EUR,Continental Trust,Cross-border wire only,False,0
P004562,2026-03-17,AC0012,E003,Aurelius Wellness US,NA,USD,Northbridge Bank,Neither priority cohort,False,0
P004566,2026-03-17,AC0017,E005,Aurelius UK,EMEA,GBP,Union Atlantic,Manual touch only,False,0
P004897,2026-03-17,AC0014,E004,Aurelius Canada,NA,CAD,Union Atlantic,Neither priority cohort,False,0
P004906,2026-03-17,AC0053,E016,Aurelius Global Sourcing,APAC,USD,Pacific Crown,Neither priority cohort,False,0
P005153,2026-03-17,AC0047,E014,Aurelius India,APAC,INR,Meridian Commercial,Manual touch only,False,0
P005251,2026-03-17,AC0031,E009,Aurelius Spain,EMEA,USD,Meridian Commercial,Neither priority cohort,False,0
P005352,2026-03-17,AC0034,E010,Aurelius Singapore,APAC,USD,Continental Trust,Manual touch only,False,0
P005356,2026-03-17,AC0047,E014,Aurelius India,APAC,INR,Meridian Commercial,Neither priority cohort,False,0
P005459,2026-03-17,AC0025,E007,Aurelius France,EMEA,EUR,Meridian Commercial,Neither priority cohort,False,0
P005567,2026-03-17,AC0044,E013,Aurelius Korea,APAC,KRW,Northbridge Bank,Cross-border wire only,False,0
P005867,2026-03-17,AC0047,E014,Aurelius India,APAC,INR,Meridian Commercial,Neither priority cohort,False,0
P006068,2026-03-17,AC0047,E014,Aurelius India,APAC,INR,Meridian Commercial,Neither priority cohort,False,0
P006124,2026-03-17,AC0049,E014,Aurelius India,APAC,USD,Pacific Crown,Neither priority cohort,True,71
P006140,2026-03-17,AC0041,E012,Aurelius Japan,APAC,JPY,Continental Trust,Neither priority cohort,False,0
P006205,2026-03-17,AC0047,E014,Aurelius India,APAC,INR,Meridian Commercial,Neither priority cohort,False,0
P006210,2026-03-17,AC0021,E006,Aurelius Germany,EMEA,EUR,Continental Trust,Cross-border wire only,True,55
P006615,2026-03-17,AC0012,E003,Aurelius Wellness US,NA,USD,Northbridge Bank,Neither priority cohort,False,0
P006685,2026-03-17,AC0048,E014,Aurelius India,APAC,INR,Continental Trust,Neither priority cohort,False,0
P006734,2026-03-17,AC0023,E006,Aurelius Germany,EMEA,EUR,Northbridge Bank,Neither priority cohort,False,0
P006897,2026-03-17,AC0038,E011,Aurelius Australia,APAC,USD,Pacific Crown,Neither priority cohort,False,0
P006995,2026-03-17,AC0017,E005,Aurelius UK,EMEA,GBP,Union Atlantic,Neither priority cohort,False,0
P007179,2026-03-17,AC0028,E008,Aurelius Netherlands,EMEA,EUR,Meridian Commercial,Manual touch only,False,0
P007194,2026-03-17,AC0034,E010,Aurelius Singapore,APAC,USD,Continental Trust,Neither priority cohort,False,0
P007426,2026-03-17,AC0005,E002,Aurelius Home US,NA,USD,Continental Trust,Neither priority cohort,False,0
P007468,2026-03-17,AC0023,E006,Aurelius Germany,EMEA,EUR,Northbridge Bank,Neither priority cohort,False,0
P000230,2026-03-18,AC0021,E006,Aurelius Germany,EMEA,EUR,Continental Trust,Manual touch only,True,70
P000380,2026-03-18,AC0041,E012,Aurelius Japan,APAC,JPY,Continental Trust,Manual touch only,False,0
P000640,2026-03-18,AC0018,E005,Aurelius UK,EMEA,GBP,Union Atlantic,Neither priority cohort,False,0
P000644,2026-03-18,AC0053,E016,Aurelius Global Sourcing,APAC,USD,Pacific Crown,Neither priority cohort,True,31
P000773,2026-03-18,AC0044,E013,Aurelius Korea,APAC,KRW,Northbridge Bank,Neither priority cohort,False,0
P000894,2026-03-18,AC0043,E012,Aurelius Japan,APAC,JPY,Union Atlantic,Neither priority cohort,False,0
P000934,2026-03-18,AC0023,E006,Aurelius Germany,EMEA,EUR,Northbridge Bank,Neither priority cohort,False,0
P001259,2026-03-18,AC0001,E001,Aurelius Group Holdings,NA,USD,Union Atlantic,Neither priority cohort,False,0
P001288,2026-03-18,AC0012,E003,Aurelius Wellness US,NA,USD,Northbridge Bank,Cross-border wire only,False,0
P001317,2026-03-18,AC0041,E012,Aurelius Japan,APAC,JPY,Continental Trust,Neither priority cohort,False,0
P001696,2026-03-18,AC0010,E003,Aurelius Wellness US,NA,USD,Union Atlantic,Manual touch only,False,0
P001716,2026-03-18,AC0001,E001,Aurelius Group Holdings,NA,USD,Union Atlantic,Neither priority cohort,False,0
P001898,2026-03-18,AC0017,E005,Aurelius UK,EMEA,GBP,Union Atlantic,Neither priority cohort,False,0
P001961,2026-03-18,AC0028,E008,Aurelius Netherlands,EMEA,EUR,Meridian Commercial,Neither priority cohort,False,0
P002026,2026-03-18,AC0021,E006,Aurelius Germany,EMEA,EUR,Continental Trust,Manual touch only,False,0
P002281,2026-03-18,AC0007,E002,Aurelius Home US,NA,USD,Northbridge Bank,Neither priority cohort,False,0
P002615,2026-03-18,AC0044,E013,Aurelius Korea,APAC,KRW,Northbridge Bank,Cross-border wire only,False,0
P002652,2026-03-18,AC0005,E002,Aurelius Home US,NA,USD,Continental Trust,Neither priority cohort,False,0
P002705,2026-03-18,AC0041,E012,Aurelius Japan,APAC,JPY,Continental Trust,Neither priority cohort,False,0
P002732,2026-03-18,AC0021,E006,Aurelius Germany,EMEA,EUR,Continental Trust,Neither priority cohort,False,0
P002967,2026-03-18,AC0045,E013,Aurelius Korea,APAC,KRW,Pacific Crown,Manual touch + cross-border wire,False,0
P003058,2026-03-18,AC0033,E009,Aurelius Spain,EMEA,EUR,Meridian Commercial,Manual touch only,False,0
P003136,2026-03-18,AC0045,E013,Aurelius Korea,APAC,KRW,Pacific Crown,Manual touch + cross-border wire,False,0
P003247,2026-03-18,AC0034,E010,Aurelius Singapore,APAC,USD,Continental Trust,Neither priority cohort,False,0
P003312,2026-03-18,AC0044,E013,Aurelius Korea,APAC,KRW,Northbridge Bank,Neither priority cohort,False,0
P003387,2026-03-18,AC0021,E006,Aurelius Germany,EMEA,EUR,Continental Trust,Neither priority cohort,False,0
P003411,2026-03-18,AC0006,E002,Aurelius Home US,NA,USD,Pacific Crown,Cross-border wire only,False,0
P003932,2026-03-18,AC0005,E002,Aurelius Home US,NA,USD,Continental Trust,Neither priority cohort,False,0
P004058,2026-03-18,AC0025,E007,Aurelius France,EMEA,EUR,Meridian Commercial,Neither priority cohort,False,0
P004105,2026-03-18,AC0041,E012,Aurelius Japan,APAC,JPY,Continental Trust,Manual touch only,False,0
P004272,2026-03-18,AC0025,E007,Aurelius France,EMEA,EUR,Meridian Commercial,Manual touch only,False,0
P004374,2026-03-18,AC0021,E006,Aurelius Germany,EMEA,EUR,Continental Trust,Manual touch only,False,0
P004637,2026-03-18,AC0010,E003,Aurelius Wellness US,NA,USD,Union Atlantic,Manual touch only,False,0
P004846,2026-03-18,AC0025,E007,Aurelius France,EMEA,EUR,Meridian Commercial,Manual touch only,False,0
P005474,2026-03-18,AC0031,E009,Aurelius Spain,EMEA,USD,Meridian Commercial,Manual touch only,False,0
P005543,2026-03-18,AC0017,E005,Aurelius UK,EMEA,GBP,Union Atlantic,Manual touch + cross-border wire,False,0
P005605,2026-03-18,AC0028,E008,Aurelius Netherlands,EMEA,EUR,Meridian Commercial,Neither priority cohort,False,0
P005913,2026-03-18,AC0043,E012,Aurelius Japan,APAC,JPY,Union Atlantic,Neither priority cohort,False,0
P006103,2026-03-18,AC0041,E012,Aurelius Japan,APAC,JPY,Continental Trust,Manual touch only,False,0
P006194,2026-03-18,AC0001,E001,Aurelius Group Holdings,NA,USD,Union Atlantic,Manual touch only,False,0
P006241,2026-03-18,AC0014,E004,Aurelius Canada,NA,CAD,Union Atlantic,Neither priority cohort,False,0
P006288,2026-03-18,AC0028,E008,Aurelius Netherlands,EMEA,EUR,Meridian Commercial,Neither priority cohort,False,0
P006444,2026-03-18,AC0029,E008,Aurelius Netherlands,EMEA,EUR,Continental Trust,Neither priority cohort,False,0
P006471,2026-03-18,AC0038,E011,Aurelius Australia,APAC,USD,Pacific Crown,Neither priority cohort,False,0
P006570,2026-03-18,AC0021,E006,Aurelius Germany,EMEA,EUR,Continental Trust,Cross-border wire only,False,0
P006578,2026-03-18,AC0014,E004,Aurelius Canada,NA,CAD,Union Atlantic,Manual touch + cross-border wire,False,0
P006597,2026-03-18,AC0050,E015,Aurelius Hong Kong,APAC,HKD,Union Atlantic,Manual touch only,False,0
P006763,2026-03-18,AC0021,E006,Aurelius Germany,EMEA,EUR,Continental Trust,Manual touch only,False,0
P006896,2026-03-18,AC0038,E011,Aurelius Australia,APAC,USD,Pacific Crown,Neither priority cohort,False,0
P007034,2026-03-18,AC0050,E015,Aurelius Hong Kong,APAC,HKD,Union Atlantic,Neither priority cohort,False,0
P007272,2026-03-18,AC0022,E006,Aurelius Germany,EMEA,EUR,Meridian Commercial,Manual touch only,False,0
P007316,2026-03-18,AC0028,E008,Aurelius Netherlands,EMEA,EUR,Meridian Commercial,Neither priority cohort,False,0
P007318,2026-03-18,AC0053,E016,Aurelius Global Sourcing,APAC,USD,Pacific Crown,Cross-border wire only,False,0
P007424,2026-03-18,AC0021,E006,Aurelius Germany,EMEA,EUR,Continental Trust,Neither priority cohort,False,0
P000177,2026-03-19,AC0021,E006,Aurelius Germany,EMEA,EUR,Continental Trust,Neither priority cohort,False,0
P000185,2026-03-19,AC0052,E015,Aurelius Hong Kong,APAC,HKD,Continental Trust,Neither priority cohort,False,0
P000198,2026-03-19,AC0021,E006,Aurelius Germany,EMEA,EUR,Continental Trust,Manual touch + cross-border wire,False,0
P000371,2026-03-19,AC0005,E002,Aurelius Home US,NA,USD,Continental Trust,Neither priority cohort,False,0
P000540,2026-03-19,AC0034,E010,Aurelius Singapore,APAC,USD,Continental Trust,Neither priority cohort,False,0
P000592,2026-03-19,AC0040,E011,Aurelius Australia,APAC,AUD,Continental Trust,Manual touch only,False,0
P000860,2026-03-19,AC0050,E015,Aurelius Hong Kong,APAC,HKD,Union Atlantic,Manual touch only,False,0
P000880,2026-03-19,AC0010,E003,Aurelius Wellness US,NA,USD,Union Atlantic,Manual touch only,True,23
P000986,2026-03-19,AC0017,E005,Aurelius UK,EMEA,GBP,Union Atlantic,Manual touch only,False,0
P001142,2026-03-19,AC0025,E007,Aurelius France,EMEA,EUR,Meridian Commercial,Manual touch only,False,0
P001175,2026-03-19,AC0005,E002,Aurelius Home US,NA,USD,Continental Trust,Neither priority cohort,False,0
P001304,2026-03-19,AC0025,E007,Aurelius France,EMEA,EUR,Meridian Commercial,Neither priority cohort,False,0
P001338,2026-03-19,AC0017,E005,Aurelius UK,EMEA,GBP,Union Atlantic,Neither priority cohort,False,0
P001365,2026-03-19,AC0050,E015,Aurelius Hong Kong,APAC,HKD,Union Atlantic,Manual touch only,False,0
P001424,2026-03-19,AC0011,E003,Aurelius Wellness US,NA,USD,Continental Trust,Neither priority cohort,False,0
P001523,2026-03-19,AC0047,E014,Aurelius India,APAC,INR,Meridian Commercial,Neither priority cohort,False,0
P001558,2026-03-19,AC0043,E012,Aurelius Japan,APAC,JPY,Union Atlantic,Manual touch only,False,0
P001785,2026-03-19,AC0010,E003,Aurelius Wellness US,NA,USD,Union Atlantic,Neither priority cohort,False,0
P001816,2026-03-19,AC0034,E010,Aurelius Singapore,APAC,USD,Continental Trust,Manual touch only,False,0
P001966,2026-03-19,AC0014,E004,Aurelius Canada,NA,CAD,Union Atlantic,Neither priority cohort,False,0
P002073,2026-03-19,AC0035,E010,Aurelius Singapore,APAC,SGD,Pacific Crown,Neither priority cohort,False,0
P002360,2026-03-19,AC0006,E002,Aurelius Home US,NA,USD,Pacific Crown,Neither priority cohort,False,0
P002382,2026-03-19,AC0041,E012,Aurelius Japan,APAC,JPY,Continental Trust,Neither priority cohort,False,0
P002879,2026-03-19,AC0034,E010,Aurelius Singapore,APAC,USD,Continental Trust,Cross-border wire only,False,0
P002911,2026-03-19,AC0041,E012,Aurelius Japan,APAC,JPY,Continental Trust,Neither priority cohort,False,0
P003017,2026-03-19,AC0053,E016,Aurelius Global Sourcing,APAC,USD,Pacific Crown,Manual touch only,False,0
P003345,2026-03-19,AC0026,E007,Aurelius France,EMEA,USD,Union Atlantic,Neither priority cohort,False,0
P003413,2026-03-19,AC0055,E016,Aurelius Global Sourcing,APAC,USD,Meridian Commercial,Neither priority cohort,False,0
P003492,2026-03-19,AC0005,E002,Aurelius Home US,NA,USD,Continental Trust,Neither priority cohort,False,0
P003529,2026-03-19,AC0005,E002,Aurelius Home US,NA,USD,Continental Trust,Neither priority cohort,False,0
P003720,2026-03-19,AC0005,E002,Aurelius Home US,NA,USD,Continental Trust,Neither priority cohort,False,0
P003793,2026-03-19,AC0041,E012,Aurelius Japan,APAC,JPY,Continental Trust,Neither priority cohort,False,0
P003909,2026-03-19,AC0031,E009,Aurelius Spain,EMEA,USD,Meridian Commercial,Neither priority cohort,False,0
P004104,2026-03-19,AC0050,E015,Aurelius Hong Kong,APAC,HKD,Union Atlantic,Manual touch only,False,0
P004266,2026-03-19,AC0021,E006,Aurelius Germany,EMEA,EUR,Continental Trust,Neither priority cohort,False,0
P004419,2026-03-19,AC0025,E007,Aurelius France,EMEA,EUR,Meridian Commercial,Manual touch only,True,32
P004600,2026-03-19,AC0034,E010,Aurelius Singapore,APAC,USD,Continental Trust,Manual touch + cross-border wire,False,0
P004603,2026-03-19,AC0025,E007,Aurelius France,EMEA,EUR,Meridian Commercial,Manual touch + cross-border wire,False,0
P004946,2026-03-19,AC0017,E005,Aurelius UK,EMEA,GBP,Union Atlantic,Neither priority cohort,False,0
P005128,2026-03-19,AC0038,E011,Aurelius Australia,APAC,USD,Pacific Crown,Neither priority cohort,False,0
P005334,2026-03-19,AC0050,E015,Aurelius Hong Kong,APAC,HKD,Union Atlantic,Cross-border wire only,False,0
P005479,2026-03-19,AC0010,E003,Aurelius Wellness US,NA,USD,Union Atlantic,Neither priority cohort,False,0
P005664,2026-03-19,AC0030,E008,Aurelius Netherlands,EMEA,USD,Pacific Crown,Cross-border wire only,False,0
P005817,2026-03-19,AC0017,E005,Aurelius UK,EMEA,GBP,Union Atlantic,Manual touch only,False,0
P005828,2026-03-19,AC0005,E002,Aurelius Home US,NA,USD,Continental Trust,Neither priority cohort,True,45
P005956,2026-03-19,AC0044,E013,Aurelius Korea,APAC,KRW,Northbridge Bank,Manual touch only,False,0
P006045,2026-03-19,AC0034,E010,Aurelius Singapore,APAC,USD,Continental Trust,Manual touch only,True,25
P006079,2026-03-19,AC0030,E008,Aurelius Netherlands,EMEA,USD,Pacific Crown,Neither priority cohort,False,0
P006259,2026-03-19,AC0053,E016,Aurelius Global Sourcing,APAC,USD,Pacific Crown,Neither priority cohort,False,0
P006601,2026-03-19,AC0010,E003,Aurelius Wellness US,NA,USD,Union Atlantic,Manual touch only,False,0
P006672,2026-03-19,AC0034,E010,Aurelius Singapore,APAC,USD,Continental Trust,Manual touch only,False,0
P006813,2026-03-19,AC0051,E015,Aurelius Hong Kong,APAC,HKD,Pacific Crown,Neither priority cohort,False,0
P006945,2026-03-19,AC0010,E003,Aurelius Wellness US,NA,USD,Union Atlantic,Manual touch only,False,0
P007311,2026-03-19,AC0053,E016,Aurelius Global Sourcing,APAC,USD,Pacific Crown,Neither priority cohort,False,0
P007341,2026-03-19,AC0010,E003,Aurelius Wellness US,NA,USD,Union Atlantic,Cross-border wire only,False,0
P007510,2026-03-19,AC0052,E015,Aurelius Hong Kong,APAC,HKD,Continental Trust,Manual touch only,False,0
P000073,2026-03-20,AC0038,E011,Aurelius Australia,APAC,USD,Pacific Crown,Neither priority cohort,False,0
P000267,2026-03-20,AC0031,E009,Aurelius Spain,EMEA,USD,Meridian Commercial,Neither priority cohort,False,0
P000398,2026-03-20,AC0050,E015,Aurelius Hong Kong,APAC,HKD,Union Atlantic,Manual touch only,False,0
P000443,2026-03-20,AC0005,E002,Aurelius Home US,NA,USD,Continental Trust,Manual touch only,False,0
P000641,2026-03-20,AC0042,E012,Aurelius Japan,APAC,USD,Union Atlantic,Cross-border wire only,False,0
P001180,2026-03-20,AC0047,E014,Aurelius India,APAC,INR,Meridian Commercial,Manual touch only,False,0
P001391,2026-03-20,AC0028,E008,Aurelius Netherlands,EMEA,EUR,Meridian Commercial,Neither priority cohort,False,0
P001406,2026-03-20,AC0041,E012,Aurelius Japan,APAC,JPY,Continental Trust,Neither priority cohort,False,0
P001428,2026-03-20,AC0031,E009,Aurelius Spain,EMEA,USD,Meridian Commercial,Neither priority cohort,False,0
P001600,2026-03-20,AC0047,E014,Aurelius India,APAC,INR,Meridian Commercial,Neither priority cohort,False,0
P001652,2026-03-20,AC0044,E013,Aurelius Korea,APAC,KRW,Northbridge Bank,Manual touch only,False,0
P001653,2026-03-20,AC0021,E006,Aurelius Germany,EMEA,EUR,Continental Trust,Manual touch only,False,0
P001715,2026-03-20,AC0047,E014,Aurelius India,APAC,INR,Meridian Commercial,Manual touch only,False,0
P001718,2026-03-20,AC0025,E007,Aurelius France,EMEA,EUR,Meridian Commercial,Manual touch only,False,0
P002056,2026-03-20,AC0035,E010,Aurelius Singapore,APAC,SGD,Pacific Crown,Cross-border wire only,False,0
P002063,2026-03-20,AC0041,E012,Aurelius Japan,APAC,JPY,Continental Trust,Manual touch + cross-border wire,False,0
P002080,2026-03-20,AC0041,E012,Aurelius Japan,APAC,JPY,Continental Trust,Neither priority cohort,False,0
P002213,2026-03-20,AC0028,E008,Aurelius Netherlands,EMEA,EUR,Meridian Commercial,Cross-border wire only,False,0
P002437,2026-03-20,AC0044,E013,Aurelius Korea,APAC,KRW,Northbridge Bank,Manual touch only,False,0
P002587,2026-03-20,AC0047,E014,Aurelius India,APAC,INR,Meridian Commercial,Manual touch + cross-border wire,False,0
P002896,2026-03-20,AC0028,E008,Aurelius Netherlands,EMEA,EUR,Meridian Commercial,Neither priority cohort,False,0
P003126,2026-03-20,AC0017,E005,Aurelius UK,EMEA,GBP,Union Atlantic,Manual touch only,False,0
P003156,2026-03-20,AC0010,E003,Aurelius Wellness US,NA,USD,Union Atlantic,Neither priority cohort,False,0
P003289,2026-03-20,AC0019,E005,Aurelius UK,EMEA,GBP,Union Atlantic,Neither priority cohort,False,0
P003477,2026-03-20,AC0010,E003,Aurelius Wellness US,NA,USD,Union Atlantic,Neither priority cohort,False,0
P003865,2026-03-20,AC0010,E003,Aurelius Wellness US,NA,USD,Union Atlantic,Neither priority cohort,False,0
P003871,2026-03-20,AC0025,E007,Aurelius France,EMEA,EUR,Meridian Commercial,Neither priority cohort,False,0
P003894,2026-03-20,AC0025,E007,Aurelius France,EMEA,EUR,Meridian Commercial,Cross-border wire only,False,0
P003899,2026-03-20,AC0038,E011,Aurelius Australia,APAC,USD,Pacific Crown,Neither priority cohort,False,0
P003956,2026-03-20,AC0050,E015,Aurelius Hong Kong,APAC,HKD,Union Atlantic,Manual touch only,False,0
P003963,2026-03-20,AC0038,E011,Aurelius Australia,APAC,USD,Pacific Crown,Cross-border wire only,False,0
P004068,2026-03-20,AC0021,E006,Aurelius Germany,EMEA,EUR,Continental Trust,Neither priority cohort,False,0
P004666,2026-03-20,AC0028,E008,Aurelius Netherlands,EMEA,EUR,Meridian Commercial,Neither priority cohort,False,0
P004828,2026-03-20,AC0034,E010,Aurelius Singapore,APAC,USD,Continental Trust,Manual touch only,False,0
P004910,2026-03-20,AC0029,E008,Aurelius Netherlands,EMEA,EUR,Continental Trust,Manual touch + cross-border wire,False,0
P004953,2026-03-20,AC0053,E016,Aurelius Global Sourcing,APAC,USD,Pacific Crown,Cross-border wire only,False,0
P005024,2026-03-20,AC0010,E003,Aurelius Wellness US,NA,USD,Union Atlantic,Neither priority cohort,False,0
P005047,2026-03-20,AC0021,E006,Aurelius Germany,EMEA,EUR,Continental Trust,Neither priority cohort,False,0
P005085,2026-03-20,AC0049,E014,Aurelius India,APAC,USD,Pacific Crown,Neither priority cohort,False,0
P005134,2026-03-20,AC0025,E007,Aurelius France,EMEA,EUR,Meridian Commercial,Neither priority cohort,False,0
P005235,2026-03-20,AC0050,E015,Aurelius Hong Kong,APAC,HKD,Union Atlantic,Manual touch only,False,0
P005241,2026-03-20,AC0044,E013,Aurelius Korea,APAC,KRW,Northbridge Bank,Manual touch only,False,0
P005865,2026-03-20,AC0038,E011,Aurelius Australia,APAC,USD,Pacific Crown,Manual touch only,True,47
P005918,2026-03-20,AC0010,E003,Aurelius Wellness US,NA,USD,Union Atlantic,Manual touch only,False,0
P006441,2026-03-20,AC0017,E005,Aurelius UK,EMEA,GBP,Union Atlantic,Neither priority cohort,True,14
P006447,2026-03-20,AC0014,E004,Aurelius Canada,NA,CAD,Union Atlantic,Neither priority cohort,False,0
P006591,2026-03-20,AC0005,E002,Aurelius Home US,NA,USD,Continental Trust,Neither priority cohort,False,0
P006612,2026-03-20,AC0021,E006,Aurelius Germany,EMEA,EUR,Continental Trust,Manual touch only,False,0
P006801,2026-03-20,AC0007,E002,Aurelius Home US,NA,USD,Northbridge Bank,Neither priority cohort,True,15
P006925,2026-03-20,AC0025,E007,Aurelius France,EMEA,EUR,Meridian Commercial,Manual touch + cross-border wire,False,0
P007005,2026-03-20,AC0047,E014,Aurelius India,APAC,INR,Meridian Commercial,Manual touch only,False,0
P007082,2026-03-20,AC0001,E001,Aurelius Group Holdings,NA,USD,Union Atlantic,Neither priority cohort,False,0
P007322,2026-03-20,AC0010,E003,Aurelius Wellness US,NA,USD,Union Atlantic,Manual touch only,True,69
P007422,2026-03-20,AC0015,E004,Aurelius Canada,NA,CAD,Pacific Crown,Manual touch only,False,0
P000213,2026-03-23,AC0003,E001,Aurelius Group Holdings,NA,USD,Meridian Commercial,Neither priority cohort,False,0
P000246,2026-03-23,AC0021,E006,Aurelius Germany,EMEA,EUR,Continental Trust,Manual touch only,False,0
P000297,2026-03-23,AC0025,E007,Aurelius France,EMEA,EUR,Meridian Commercial,Manual touch only,False,0
P000528,2026-03-23,AC0031,E009,Aurelius Spain,EMEA,USD,Meridian Commercial,Cross-border wire only,False,0
P000611,2026-03-23,AC0042,E012,Aurelius Japan,APAC,USD,Union Atlantic,Neither priority cohort,False,0
P000643,2026-03-23,AC0025,E007,Aurelius France,EMEA,EUR,Meridian Commercial,Neither priority cohort,False,0
P001148,2026-03-23,AC0027,E007,Aurelius France,EMEA,EUR,Pacific Crown,Neither priority cohort,False,0
P001299,2026-03-23,AC0021,E006,Aurelius Germany,EMEA,EUR,Continental Trust,Manual touch only,False,0
P001329,2026-03-23,AC0039,E011,Aurelius Australia,APAC,AUD,Continental Trust,Neither priority cohort,False,0
P001417,2026-03-23,AC0001,E001,Aurelius Group Holdings,NA,USD,Union Atlantic,Manual touch only,False,0
P001548,2026-03-23,AC0016,E004,Aurelius Canada,NA,CAD,Meridian Commercial,Manual touch only,False,0
P001559,2026-03-23,AC0014,E004,Aurelius Canada,NA,CAD,Union Atlantic,Manual touch only,False,0
P001717,2026-03-23,AC0026,E007,Aurelius France,EMEA,USD,Union Atlantic,Manual touch only,False,0
P001798,2026-03-23,AC0044,E013,Aurelius Korea,APAC,KRW,Northbridge Bank,Neither priority cohort,False,0
P001840,2026-03-23,AC0050,E015,Aurelius Hong Kong,APAC,HKD,Union Atlantic,Manual touch only,False,0
P001896,2026-03-23,AC0014,E004,Aurelius Canada,NA,CAD,Union Atlantic,Neither priority cohort,False,0
P002229,2026-03-23,AC0050,E015,Aurelius Hong Kong,APAC,HKD,Union Atlantic,Neither priority cohort,False,0
P002364,2026-03-23,AC0021,E006,Aurelius Germany,EMEA,EUR,Continental Trust,Manual touch only,False,0
P002601,2026-03-23,AC0016,E004,Aurelius Canada,NA,CAD,Meridian Commercial,Neither priority cohort,False,0
P002651,2026-03-23,AC0017,E005,Aurelius UK,EMEA,GBP,Union Atlantic,Manual touch only,False,0
P002686,2026-03-23,AC0041,E012,Aurelius Japan,APAC,JPY,Continental Trust,Neither priority cohort,False,0
P002764,2026-03-23,AC0034,E010,Aurelius Singapore,APAC,USD,Continental Trust,Neither priority cohort,False,0
P002994,2026-03-23,AC0023,E006,Aurelius Germany,EMEA,EUR,Northbridge Bank,Neither priority cohort,True,30
P003083,2026-03-23,AC0052,E015,Aurelius Hong Kong,APAC,HKD,Continental Trust,Neither priority cohort,False,0
P003381,2026-03-23,AC0052,E015,Aurelius Hong Kong,APAC,HKD,Continental Trust,Manual touch only,False,0
P003446,2026-03-23,AC0017,E005,Aurelius UK,EMEA,GBP,Union Atlantic,Neither priority cohort,False,0
P003470,2026-03-23,AC0001,E001,Aurelius Group Holdings,NA,USD,Union Atlantic,Manual touch only,True,12
P003567,2026-03-23,AC0044,E013,Aurelius Korea,APAC,KRW,Northbridge Bank,Neither priority cohort,False,0
P003606,2026-03-23,AC0030,E008,Aurelius Netherlands,EMEA,USD,Pacific Crown,Neither priority cohort,False,0
P003841,2026-03-23,AC0038,E011,Aurelius Australia,APAC,USD,Pacific Crown,Neither priority cohort,False,0
P003971,2026-03-23,AC0010,E003,Aurelius Wellness US,NA,USD,Union Atlantic,Manual touch only,False,0
P003998,2026-03-23,AC0010,E003,Aurelius Wellness US,NA,USD,Union Atlantic,Manual touch only,False,0
P004090,2026-03-23,AC0038,E011,Aurelius Australia,APAC,USD,Pacific Crown,Manual touch + cross-border wire,False,0
P004276,2026-03-23,AC0033,E009,Aurelius Spain,EMEA,EUR,Meridian Commercial,Neither priority cohort,False,0
P004526,2026-03-23,AC0051,E015,Aurelius Hong Kong,APAC,HKD,Pacific Crown,Neither priority cohort,False,0
P004628,2026-03-23,AC0053,E016,Aurelius Global Sourcing,APAC,USD,Pacific Crown,Neither priority cohort,False,0
P004916,2026-03-23,AC0041,E012,Aurelius Japan,APAC,JPY,Continental Trust,Neither priority cohort,False,0
P005020,2026-03-23,AC0003,E001,Aurelius Group Holdings,NA,USD,Meridian Commercial,Neither priority cohort,False,0
P005106,2026-03-23,AC0038,E011,Aurelius Australia,APAC,USD,Pacific Crown,Cross-border wire only,False,0
P005119,2026-03-23,AC0047,E014,Aurelius India,APAC,INR,Meridian Commercial,Cross-border wire only,False,0
P005171,2026-03-23,AC0014,E004,Aurelius Canada,NA,CAD,Union Atlantic,Neither priority cohort,False,0
P005205,2026-03-23,AC0043,E012,Aurelius Japan,APAC,JPY,Union Atlantic,Neither priority cohort,False,0
P005247,2026-03-23,AC0051,E015,Aurelius Hong Kong,APAC,HKD,Pacific Crown,Neither priority cohort,False,0
P005307,2026-03-23,AC0015,E004,Aurelius Canada,NA,CAD,Pacific Crown,Neither priority cohort,False,0
P005355,2026-03-23,AC0041,E012,Aurelius Japan,APAC,JPY,Continental Trust,Manual touch only,False,0
P005378,2026-03-23,AC0050,E015,Aurelius Hong Kong,APAC,HKD,Union Atlantic,Manual touch only,False,0
P005387,2026-03-23,AC0005,E002,Aurelius Home US,NA,USD,Continental Trust,Cross-border wire only,False,0
P005517,2026-03-23,AC0048,E014,Aurelius India,APAC,INR,Continental Trust,Manual touch only,False,0
P005987,2026-03-23,AC0001,E001,Aurelius Group Holdings,NA,USD,Union Atlantic,Neither priority cohort,False,0
P005999,2026-03-23,AC0041,E012,Aurelius Japan,APAC,JPY,Continental Trust,Manual touch only,False,0
P006066,2026-03-23,AC0005,E002,Aurelius Home US,NA,USD,Continental Trust,Manual touch only,True,21
P006148,2026-03-23,AC0017,E005,Aurelius UK,EMEA,GBP,Union Atlantic,Neither priority cohort,False,0
P006275,2026-03-23,AC0021,E006,Aurelius Germany,EMEA,EUR,Continental Trust,Neither priority cohort,False,0
P006375,2026-03-23,AC0021,E006,Aurelius Germany,EMEA,EUR,Continental Trust,Manual touch only,False,0
P006404,2026-03-23,AC0010,E003,Aurelius Wellness US,NA,USD,Union Atlantic,Neither priority cohort,False,0
P006455,2026-03-23,AC0011,E003,Aurelius Wellness US,NA,USD,Continental Trust,Neither priority cohort,False,0
P006740,2026-03-23,AC0038,E011,Aurelius Australia,APAC,USD,Pacific Crown,Neither priority cohort,False,0
P006747,2026-03-23,AC0017,E005,Aurelius UK,EMEA,GBP,Union Atlantic,Neither priority cohort,False,0
P006907,2026-03-23,AC0039,E011,Aurelius Australia,APAC,AUD,Continental Trust,Neither priority cohort,False,0
P006916,2026-03-23,AC0025,E007,Aurelius France,EMEA,EUR,Meridian Commercial,Neither priority cohort,False,0
P006942,2026-03-23,AC0047,E014,Aurelius India,APAC,INR,Meridian Commercial,Neither priority cohort,False,0
P006988,2026-03-23,AC0028,E008,Aurelius Netherlands,EMEA,EUR,Meridian Commercial,Neither priority cohort,True,70
P006994,2026-03-23,AC0053,E016,Aurelius Global Sourcing,APAC,USD,Pacific Crown,Cross-border wire only,False,0
P007032,2026-03-23,AC0008,E002,Aurelius Home US,NA,USD,Pacific Crown,Neither priority cohort,False,0
P007050,2026-03-23,AC0053,E016,Aurelius Global Sourcing,APAC,USD,Pacific Crown,Neither priority cohort,False,0
P007092,2026-03-23,AC0040,E011,Aurelius Australia,APAC,AUD,Continental Trust,Cross-border wire only,False,0
P007215,2026-03-23,AC0049,E014,Aurelius India,APAC,USD,Pacific Crown,Manual touch + cross-border wire,False,0
P007223,2026-03-23,AC0017,E005,Aurelius UK,EMEA,GBP,Union Atlantic,Neither priority cohort,False,0
P007301,2026-03-23,AC0012,E003,Aurelius Wellness US,NA,USD,Northbridge Bank,Neither priority cohort,False,0
P007382,2026-03-23,AC0044,E013,Aurelius Korea,APAC,KRW,Northbridge Bank,Neither priority cohort,False,0
P007568,2026-03-23,AC0023,E006,Aurelius Germany,EMEA,EUR,Northbridge Bank,Neither priority cohort,False,0
P007594,2026-03-23,AC0014,E004,Aurelius Canada,NA,CAD,Union Atlantic,Neither priority cohort,False,0
P000168,2026-03-24,AC0038,E011,Aurelius Australia,APAC,USD,Pacific Crown,Neither priority cohort,False,0
P000548,2026-03-24,AC0035,E010,Aurelius Singapore,APAC,SGD,Pacific Crown,Manual touch only,False,0
P000620,2026-03-24,AC0038,E011,Aurelius Australia,APAC,USD,Pacific Crown,Manual touch only,False,0
P000696,2026-03-24,AC0047,E014,Aurelius India,APAC,INR,Meridian Commercial,Manual touch + cross-border wire,False,0
P000821,2026-03-24,AC0021,E006,Aurelius Germany,EMEA,EUR,Continental Trust,Neither priority cohort,False,0
P000974,2026-03-24,AC0017,E005,Aurelius UK,EMEA,GBP,Union Atlantic,Neither priority cohort,False,0
P001095,2026-03-24,AC0017,E005,Aurelius UK,EMEA,GBP,Union Atlantic,Manual touch only,False,0
P001489,2026-03-24,AC0032,E009,Aurelius Spain,EMEA,EUR,Northbridge Bank,Cross-border wire only,False,0
P001503,2026-03-24,AC0005,E002,Aurelius Home US,NA,USD,Continental Trust,Neither priority cohort,False,0
P001761,2026-03-24,AC0044,E013,Aurelius Korea,APAC,KRW,Northbridge Bank,Neither priority cohort,False,0
P001899,2026-03-24,AC0031,E009,Aurelius Spain,EMEA,USD,Meridian Commercial,Manual touch only,True,29
P001915,2026-03-24,AC0047,E014,Aurelius India,APAC,INR,Meridian Commercial,Manual touch only,False,0
P002476,2026-03-24,AC0026,E007,Aurelius France,EMEA,USD,Union Atlantic,Manual touch only,False,0
P002663,2026-03-24,AC0041,E012,Aurelius Japan,APAC,JPY,Continental Trust,Neither priority cohort,False,0
P002683,2026-03-24,AC0010,E003,Aurelius Wellness US,NA,USD,Union Atlantic,Neither priority cohort,False,0
P003379,2026-03-24,AC0034,E010,Aurelius Singapore,APAC,USD,Continental Trust,Manual touch only,False,0
P003471,2026-03-24,AC0038,E011,Aurelius Australia,APAC,USD,Pacific Crown,Neither priority cohort,False,0
P003575,2026-03-24,AC0039,E011,Aurelius Australia,APAC,AUD,Continental Trust,Neither priority cohort,False,0
P003602,2026-03-24,AC0038,E011,Aurelius Australia,APAC,USD,Pacific Crown,Neither priority cohort,False,0
P003764,2026-03-24,AC0016,E004,Aurelius Canada,NA,CAD,Meridian Commercial,Neither priority cohort,False,0
P003817,2026-03-24,AC0001,E001,Aurelius Group Holdings,NA,USD,Union Atlantic,Manual touch only,False,0
P003958,2026-03-24,AC0014,E004,Aurelius Canada,NA,CAD,Union Atlantic,Neither priority cohort,False,0
P004028,2026-03-24,AC0034,E010,Aurelius Singapore,APAC,USD,Continental Trust,Neither priority cohort,False,0
P004150,2026-03-24,AC0005,E002,Aurelius Home US,NA,USD,Continental Trust,Neither priority cohort,False,0
P004705,2026-03-24,AC0025,E007,Aurelius France,EMEA,EUR,Meridian Commercial,Manual touch + cross-border wire,False,0
P004863,2026-03-24,AC0052,E015,Aurelius Hong Kong,APAC,HKD,Continental Trust,Neither priority cohort,False,0
P004905,2026-03-24,AC0003,E001,Aurelius Group Holdings,NA,USD,Meridian Commercial,Neither priority cohort,False,0
P005193,2026-03-24,AC0025,E007,Aurelius France,EMEA,EUR,Meridian Commercial,Manual touch + cross-border wire,False,0
P005214,2026-03-24,AC0028,E008,Aurelius Netherlands,EMEA,EUR,Meridian Commercial,Neither priority cohort,False,0
P005401,2026-03-24,AC0002,E001,Aurelius Group Holdings,NA,USD,Pacific Crown,Manual touch + cross-border wire,False,0
P005468,2026-03-24,AC0053,E016,Aurelius Global Sourcing,APAC,USD,Pacific Crown,Manual touch + cross-border wire,False,0
P005674,2026-03-24,AC0050,E015,Aurelius Hong Kong,APAC,HKD,Union Atlantic,Neither priority cohort,False,0
P005725,2026-03-24,AC0031,E009,Aurelius Spain,EMEA,USD,Meridian Commercial,Manual touch only,False,0
P005730,2026-03-24,AC0028,E008,Aurelius Netherlands,EMEA,EUR,Meridian Commercial,Neither priority cohort,False,0
P005771,2026-03-24,AC0043,E012,Aurelius Japan,APAC,JPY,Union Atlantic,Neither priority cohort,False,0
P005832,2026-03-24,AC0021,E006,Aurelius Germany,EMEA,EUR,Continental Trust,Manual touch only,True,56
P005955,2026-03-24,AC0031,E009,Aurelius Spain,EMEA,USD,Meridian Commercial,Neither priority cohort,False,0
P006035,2026-03-24,AC0050,E015,Aurelius Hong Kong,APAC,HKD,Union Atlantic,Manual touch only,False,0
P006050,2026-03-24,AC0001,E001,Aurelius Group Holdings,NA,USD,Union Atlantic,Neither priority cohort,False,0
P006225,2026-03-24,AC0049,E014,Aurelius India,APAC,USD,Pacific Crown,Neither priority cohort,False,0
P006727,2026-03-24,AC0005,E002,Aurelius Home US,NA,USD,Continental Trust,Manual touch only,False,0
P006912,2026-03-24,AC0020,E005,Aurelius UK,EMEA,GBP,Meridian Commercial,Neither priority cohort,False,0
P007095,2026-03-24,AC0047,E014,Aurelius India,APAC,INR,Meridian Commercial,Neither priority cohort,False,0
P007211,2026-03-24,AC0038,E011,Aurelius Australia,APAC,USD,Pacific Crown,Neither priority cohort,False,0
P007221,2026-03-24,AC0034,E010,Aurelius Singapore,APAC,USD,Continental Trust,Neither priority cohort,False,0
P007258,2026-03-24,AC0001,E001,Aurelius Group Holdings,NA,USD,Union Atlantic,Neither priority cohort,False,0
P007289,2026-03-24,AC0014,E004,Aurelius Canada,NA,CAD,Union Atlantic,Neither priority cohort,False,0
P007337,2026-03-24,AC0017,E005,Aurelius UK,EMEA,GBP,Union Atlantic,Manual touch only,False,0
P007441,2026-03-24,AC0031,E009,Aurelius Spain,EMEA,USD,Meridian Commercial,Manual touch only,False,0
P007453,2026-03-24,AC0028,E008,Aurelius Netherlands,EMEA,EUR,Meridian Commercial,Manual touch only,False,0
P000135,2026-03-25,AC0044,E013,Aurelius Korea,APAC,KRW,Northbridge Bank,Neither priority cohort,False,0
P000152,2026-03-25,AC0053,E016,Aurelius Global Sourcing,APAC,USD,Pacific Crown,Neither priority cohort,False,0
P000512,2026-03-25,AC0051,E015,Aurelius Hong Kong,APAC,HKD,Pacific Crown,Neither priority cohort,False,0
P000584,2026-03-25,AC0050,E015,Aurelius Hong Kong,APAC,HKD,Union Atlantic,Manual touch + cross-border wire,False,0
P000692,2026-03-25,AC0006,E002,Aurelius Home US,NA,USD,Pacific Crown,Neither priority cohort,False,0
P000764,2026-03-25,AC0022,E006,Aurelius Germany,EMEA,EUR,Meridian Commercial,Manual touch only,False,0
P000780,2026-03-25,AC0013,E003,Aurelius Wellness US,NA,USD,Union Atlantic,Neither priority cohort,False,0
P000843,2026-03-25,AC0043,E012,Aurelius Japan,APAC,JPY,Union Atlantic,Neither priority cohort,False,0
P001023,2026-03-25,AC0014,E004,Aurelius Canada,NA,CAD,Union Atlantic,Neither priority cohort,False,0
P001038,2026-03-25,AC0031,E009,Aurelius Spain,EMEA,USD,Meridian Commercial,Neither priority cohort,False,0
P001080,2026-03-25,AC0010,E003,Aurelius Wellness US,NA,USD,Union Atlantic,Cross-border wire only,False,0
P001137,2026-03-25,AC0050,E015,Aurelius Hong Kong,APAC,HKD,Union Atlantic,Neither priority cohort,False,0
P001220,2026-03-25,AC0014,E004,Aurelius Canada,NA,CAD,Union Atlantic,Manual touch only,False,0
P001291,2026-03-25,AC0050,E015,Aurelius Hong Kong,APAC,HKD,Union Atlantic,Cross-border wire only,False,0
P001332,2026-03-25,AC0053,E016,Aurelius Global Sourcing,APAC,USD,Pacific Crown,Neither priority cohort,False,0
P001605,2026-03-25,AC0038,E011,Aurelius Australia,APAC,USD,Pacific Crown,Neither priority cohort,False,0
P001704,2026-03-25,AC0050,E015,Aurelius Hong Kong,APAC,HKD,Union Atlantic,Manual touch only,False,0
P001846,2026-03-25,AC0034,E010,Aurelius Singapore,APAC,USD,Continental Trust,Neither priority cohort,False,0
P002332,2026-03-25,AC0053,E016,Aurelius Global Sourcing,APAC,USD,Pacific Crown,Neither priority cohort,False,0
P002352,2026-03-25,AC0021,E006,Aurelius Germany,EMEA,EUR,Continental Trust,Neither priority cohort,False,0
P002569,2026-03-25,AC0034,E010,Aurelius Singapore,APAC,USD,Continental Trust,Manual touch only,False,0
P002627,2026-03-25,AC0050,E015,Aurelius Hong Kong,APAC,HKD,Union Atlantic,Neither priority cohort,False,0
P002799,2026-03-25,AC0028,E008,Aurelius Netherlands,EMEA,EUR,Meridian Commercial,Cross-border wire only,False,0
P002977,2026-03-25,AC0017,E005,Aurelius UK,EMEA,GBP,Union Atlantic,Neither priority cohort,False,0
P003500,2026-03-25,AC0054,E016,Aurelius Global Sourcing,APAC,USD,Northbridge Bank,Neither priority cohort,False,0
P003502,2026-03-25,AC0014,E004,Aurelius Canada,NA,CAD,Union Atlantic,Neither priority cohort,False,0
P003573,2026-03-25,AC0031,E009,Aurelius Spain,EMEA,USD,Meridian Commercial,Neither priority cohort,False,0
P003626,2026-03-25,AC0047,E014,Aurelius India,APAC,INR,Meridian Commercial,Neither priority cohort,False,0
P003806,2026-03-25,AC0050,E015,Aurelius Hong Kong,APAC,HKD,Union Atlantic,Neither priority cohort,False,0
P003816,2026-03-25,AC0017,E005,Aurelius UK,EMEA,GBP,Union Atlantic,Neither priority cohort,False,0
P003900,2026-03-25,AC0050,E015,Aurelius Hong Kong,APAC,HKD,Union Atlantic,Manual touch only,False,0
P003994,2026-03-25,AC0034,E010,Aurelius Singapore,APAC,USD,Continental Trust,Manual touch only,True,18
P004020,2026-03-25,AC0038,E011,Aurelius Australia,APAC,USD,Pacific Crown,Neither priority cohort,False,0
P004274,2026-03-25,AC0014,E004,Aurelius Canada,NA,CAD,Union Atlantic,Manual touch only,False,0
P004306,2026-03-25,AC0044,E013,Aurelius Korea,APAC,KRW,Northbridge Bank,Neither priority cohort,False,0
P004358,2026-03-25,AC0021,E006,Aurelius Germany,EMEA,EUR,Continental Trust,Neither priority cohort,False,0
P004421,2026-03-25,AC0014,E004,Aurelius Canada,NA,CAD,Union Atlantic,Cross-border wire only,False,0
P004434,2026-03-25,AC0041,E012,Aurelius Japan,APAC,JPY,Continental Trust,Neither priority cohort,False,0
P004525,2026-03-25,AC0017,E005,Aurelius UK,EMEA,GBP,Union Atlantic,Neither priority cohort,False,0
P004607,2026-03-25,AC0044,E013,Aurelius Korea,APAC,KRW,Northbridge Bank,Neither priority cohort,True,22
P004729,2026-03-25,AC0030,E008,Aurelius Netherlands,EMEA,USD,Pacific Crown,Neither priority cohort,False,0
P004832,2026-03-25,AC0017,E005,Aurelius UK,EMEA,GBP,Union Atlantic,Manual touch + cross-border wire,False,0
P004999,2026-03-25,AC0038,E011,Aurelius Australia,APAC,USD,Pacific Crown,Neither priority cohort,False,0
P005010,2026-03-25,AC0047,E014,Aurelius India,APAC,INR,Meridian Commercial,Neither priority cohort,False,0
P005091,2026-03-25,AC0042,E012,Aurelius Japan,APAC,USD,Union Atlantic,Neither priority cohort,False,0
P005281,2026-03-25,AC0040,E011,Aurelius Australia,APAC,AUD,Continental Trust,Manual touch only,False,0
P005283,2026-03-25,AC0049,E014,Aurelius India,APAC,USD,Pacific Crown,Neither priority cohort,False,0
P005398,2026-03-25,AC0010,E003,Aurelius Wellness US,NA,USD,Union Atlantic,Neither priority cohort,False,0
P005450,2026-03-25,AC0038,E011,Aurelius Australia,APAC,USD,Pacific Crown,Neither priority cohort,False,0
P005537,2026-03-25,AC0007,E002,Aurelius Home US,NA,USD,Northbridge Bank,Neither priority cohort,False,0
P005665,2026-03-25,AC0050,E015,Aurelius Hong Kong,APAC,HKD,Union Atlantic,Neither priority cohort,False,0
P005759,2026-03-25,AC0047,E014,Aurelius India,APAC,INR,Meridian Commercial,Neither priority cohort,False,0
P005878,2026-03-25,AC0048,E014,Aurelius India,APAC,INR,Continental Trust,Manual touch only,False,0
P005930,2026-03-25,AC0038,E011,Aurelius Australia,APAC,USD,Pacific Crown,Neither priority cohort,False,0
P006031,2026-03-25,AC0048,E014,Aurelius India,APAC,INR,Continental Trust,Cross-border wire only,False,0
P006090,2026-03-25,AC0010,E003,Aurelius Wellness US,NA,USD,Union Atlantic,Neither priority cohort,False,0
P006186,2026-03-25,AC0027,E007,Aurelius France,EMEA,EUR,Pacific Crown,Neither priority cohort,False,0
P006224,2026-03-25,AC0021,E006,Aurelius Germany,EMEA,EUR,Continental Trust,Manual touch only,False,0
P006290,2026-03-25,AC0027,E007,Aurelius France,EMEA,EUR,Pacific Crown,Neither priority cohort,False,0
P006642,2026-03-25,AC0036,E010,Aurelius Singapore,APAC,SGD,Continental Trust,Manual touch only,False,0
P006669,2026-03-25,AC0049,E014,Aurelius India,APAC,USD,Pacific Crown,Cross-border wire only,False,0
P006705,2026-03-25,AC0047,E014,Aurelius India,APAC,INR,Meridian Commercial,Manual touch only,False,0
P006745,2026-03-25,AC0022,E006,Aurelius Germany,EMEA,EUR,Meridian Commercial,Neither priority cohort,False,0
P006914,2026-03-25,AC0025,E007,Aurelius France,EMEA,EUR,Meridian Commercial,Manual touch + cross-border wire,False,0
P006993,2026-03-25,AC0017,E005,Aurelius UK,EMEA,GBP,Union Atlantic,Manual touch only,True,61
P007077,2026-03-25,AC0049,E014,Aurelius India,APAC,USD,Pacific Crown,Neither priority cohort,False,0
P007153,2026-03-25,AC0028,E008,Aurelius Netherlands,EMEA,EUR,Meridian Commercial,Manual touch only,True,52
P007202,2026-03-25,AC0034,E010,Aurelius Singapore,APAC,USD,Continental Trust,Manual touch only,False,0
P007327,2026-03-25,AC0010,E003,Aurelius Wellness US,NA,USD,Union Atlantic,Neither priority cohort,False,0
P007548,2026-03-25,AC0001,E001,Aurelius Group Holdings,NA,USD,Union Atlantic,Manual touch only,False,0
P000002,2026-03-26,AC0001,E001,Aurelius Group Holdings,NA,USD,Union Atlantic,Manual touch only,True,46
P000013,2026-03-26,AC0030,E008,Aurelius Netherlands,EMEA,USD,Pacific Crown,Manual touch only,False,0
P000147,2026-03-26,AC0010,E003,Aurelius Wellness US,NA,USD,Union Atlantic,Neither priority cohort,False,0
P000276,2026-03-26,AC0001,E001,Aurelius Group Holdings,NA,USD,Union Atlantic,Manual touch only,False,0
P000281,2026-03-26,AC0001,E001,Aurelius Group Holdings,NA,USD,Union Atlantic,Neither priority cohort,False,0
P000412,2026-03-26,AC0005,E002,Aurelius Home US,NA,USD,Continental Trust,Neither priority cohort,False,0
P000565,2026-03-26,AC0014,E004,Aurelius Canada,NA,CAD,Union Atlantic,Neither priority cohort,False,0
P000793,2026-03-26,AC0050,E015,Aurelius Hong Kong,APAC,HKD,Union Atlantic,Neither priority cohort,False,0
P000927,2026-03-26,AC0031,E009,Aurelius Spain,EMEA,USD,Meridian Commercial,Manual touch only,False,0
P001115,2026-03-26,AC0016,E004,Aurelius Canada,NA,CAD,Meridian Commercial,Manual touch only,False,0
P001143,2026-03-26,AC0045,E013,Aurelius Korea,APAC,KRW,Pacific Crown,Neither priority cohort,False,0
P001203,2026-03-26,AC0007,E002,Aurelius Home US,NA,USD,Northbridge Bank,Neither priority cohort,False,0
P001303,2026-03-26,AC0041,E012,Aurelius Japan,APAC,JPY,Continental Trust,Neither priority cohort,False,0
P001336,2026-03-26,AC0017,E005,Aurelius UK,EMEA,GBP,Union Atlantic,Manual touch only,False,0
P001346,2026-03-26,AC0028,E008,Aurelius Netherlands,EMEA,EUR,Meridian Commercial,Manual touch only,False,0
P001451,2026-03-26,AC0030,E008,Aurelius Netherlands,EMEA,USD,Pacific Crown,Neither priority cohort,False,0
P001651,2026-03-26,AC0031,E009,Aurelius Spain,EMEA,USD,Meridian Commercial,Neither priority cohort,False,0
P001728,2026-03-26,AC0054,E016,Aurelius Global Sourcing,APAC,USD,Northbridge Bank,Neither priority cohort,False,0
P001812,2026-03-26,AC0053,E016,Aurelius Global Sourcing,APAC,USD,Pacific Crown,Neither priority cohort,False,0
P001882,2026-03-26,AC0028,E008,Aurelius Netherlands,EMEA,EUR,Meridian Commercial,Neither priority cohort,False,0
P002105,2026-03-26,AC0053,E016,Aurelius Global Sourcing,APAC,USD,Pacific Crown,Neither priority cohort,False,0
P002217,2026-03-26,AC0050,E015,Aurelius Hong Kong,APAC,HKD,Union Atlantic,Neither priority cohort,False,0
P002265,2026-03-26,AC0005,E002,Aurelius Home US,NA,USD,Continental Trust,Neither priority cohort,False,0
P002383,2026-03-26,AC0038,E011,Aurelius Australia,APAC,USD,Pacific Crown,Neither priority cohort,False,0
P002421,2026-03-26,AC0005,E002,Aurelius Home US,NA,USD,Continental Trust,Neither priority cohort,False,0
P002528,2026-03-26,AC0035,E010,Aurelius Singapore,APAC,SGD,Pacific Crown,Neither priority cohort,False,0
P002561,2026-03-26,AC0035,E010,Aurelius Singapore,APAC,SGD,Pacific Crown,Neither priority cohort,False,0
P002661,2026-03-26,AC0001,E001,Aurelius Group Holdings,NA,USD,Union Atlantic,Cross-border wire only,False,0
P002667,2026-03-26,AC0043,E012,Aurelius Japan,APAC,JPY,Union Atlantic,Neither priority cohort,False,0
P002807,2026-03-26,AC0014,E004,Aurelius Canada,NA,CAD,Union Atlantic,Neither priority cohort,False,0
P003019,2026-03-26,AC0021,E006,Aurelius Germany,EMEA,EUR,Continental Trust,Neither priority cohort,False,0
P003063,2026-03-26,AC0036,E010,Aurelius Singapore,APAC,SGD,Continental Trust,Neither priority cohort,False,0
P003284,2026-03-26,AC0053,E016,Aurelius Global Sourcing,APAC,USD,Pacific Crown,Neither priority cohort,False,0
P003310,2026-03-26,AC0041,E012,Aurelius Japan,APAC,JPY,Continental Trust,Neither priority cohort,False,0
P003386,2026-03-26,AC0034,E010,Aurelius Singapore,APAC,USD,Continental Trust,Neither priority cohort,False,0
P003511,2026-03-26,AC0041,E012,Aurelius Japan,APAC,JPY,Continental Trust,Neither priority cohort,False,0
P003649,2026-03-26,AC0050,E015,Aurelius Hong Kong,APAC,HKD,Union Atlantic,Neither priority cohort,False,0
P003914,2026-03-26,AC0001,E001,Aurelius Group Holdings,NA,USD,Union Atlantic,Neither priority cohort,False,0
P004157,2026-03-26,AC0044,E013,Aurelius Korea,APAC,KRW,Northbridge Bank,Neither priority cohort,False,0
P004232,2026-03-26,AC0017,E005,Aurelius UK,EMEA,GBP,Union Atlantic,Neither priority cohort,False,0
P004289,2026-03-26,AC0022,E006,Aurelius Germany,EMEA,EUR,Meridian Commercial,Manual touch only,False,0
P004401,2026-03-26,AC0044,E013,Aurelius Korea,APAC,KRW,Northbridge Bank,Neither priority cohort,False,0
P004515,2026-03-26,AC0028,E008,Aurelius Netherlands,EMEA,EUR,Meridian Commercial,Neither priority cohort,False,0
P004616,2026-03-26,AC0020,E005,Aurelius UK,EMEA,GBP,Meridian Commercial,Manual touch + cross-border wire,False,0
P004658,2026-03-26,AC0012,E003,Aurelius Wellness US,NA,USD,Northbridge Bank,Neither priority cohort,True,55
P004748,2026-03-26,AC0025,E007,Aurelius France,EMEA,EUR,Meridian Commercial,Neither priority cohort,False,0
P005108,2026-03-26,AC0017,E005,Aurelius UK,EMEA,GBP,Union Atlantic,Neither priority cohort,False,0
P005303,2026-03-26,AC0052,E015,Aurelius Hong Kong,APAC,HKD,Continental Trust,Cross-border wire only,False,0
P005315,2026-03-26,AC0006,E002,Aurelius Home US,NA,USD,Pacific Crown,Manual touch only,False,0
P005793,2026-03-26,AC0050,E015,Aurelius Hong Kong,APAC,HKD,Union Atlantic,Manual touch only,True,25
P006231,2026-03-26,AC0041,E012,Aurelius Japan,APAC,JPY,Continental Trust,Manual touch + cross-border wire,False,0
P006826,2026-03-26,AC0017,E005,Aurelius UK,EMEA,GBP,Union Atlantic,Neither priority cohort,False,0
P006941,2026-03-26,AC0038,E011,Aurelius Australia,APAC,USD,Pacific Crown,Neither priority cohort,False,0
P007440,2026-03-26,AC0031,E009,Aurelius Spain,EMEA,USD,Meridian Commercial,Manual touch only,False,0
P000019,2026-03-27,AC0021,E006,Aurelius Germany,EMEA,EUR,Continental Trust,Manual touch only,False,0
P000035,2026-03-27,AC0025,E007,Aurelius France,EMEA,EUR,Meridian Commercial,Neither priority cohort,False,0
P000121,2026-03-27,AC0017,E005,Aurelius UK,EMEA,GBP,Union Atlantic,Neither priority cohort,False,0
P000809,2026-03-27,AC0050,E015,Aurelius Hong Kong,APAC,HKD,Union Atlantic,Neither priority cohort,False,0
P000819,2026-03-27,AC0031,E009,Aurelius Spain,EMEA,USD,Meridian Commercial,Manual touch only,False,0
P000959,2026-03-27,AC0041,E012,Aurelius Japan,APAC,JPY,Continental Trust,Neither priority cohort,False,0
P000966,2026-03-27,AC0013,E003,Aurelius Wellness US,NA,USD,Union Atlantic,Neither priority cohort,False,0
P000979,2026-03-27,AC0050,E015,Aurelius Hong Kong,APAC,HKD,Union Atlantic,Neither priority cohort,False,0
P001061,2026-03-27,AC0025,E007,Aurelius France,EMEA,EUR,Meridian Commercial,Neither priority cohort,False,0
P001096,2026-03-27,AC0010,E003,Aurelius Wellness US,NA,USD,Union Atlantic,Manual touch only,False,0
P001244,2026-03-27,AC0041,E012,Aurelius Japan,APAC,JPY,Continental Trust,Neither priority cohort,False,0
P001342,2026-03-27,AC0025,E007,Aurelius France,EMEA,EUR,Meridian Commercial,Manual touch + cross-border wire,False,0
P001529,2026-03-27,AC0031,E009,Aurelius Spain,EMEA,USD,Meridian Commercial,Manual touch only,False,0
P001614,2026-03-27,AC0017,E005,Aurelius UK,EMEA,GBP,Union Atlantic,Manual touch only,True,67
P001629,2026-03-27,AC0010,E003,Aurelius Wellness US,NA,USD,Union Atlantic,Manual touch only,False,0
P001707,2026-03-27,AC0025,E007,Aurelius France,EMEA,EUR,Meridian Commercial,Manual touch only,False,0
P001854,2026-03-27,AC0044,E013,Aurelius Korea,APAC,KRW,Northbridge Bank,Neither priority cohort,False,0
P001936,2026-03-27,AC0041,E012,Aurelius Japan,APAC,JPY,Continental Trust,Neither priority cohort,False,0
P002064,2026-03-27,AC0034,E010,Aurelius Singapore,APAC,USD,Continental Trust,Neither priority cohort,False,0
P002096,2026-03-27,AC0053,E016,Aurelius Global Sourcing,APAC,USD,Pacific Crown,Neither priority cohort,False,0
P002249,2026-03-27,AC0028,E008,Aurelius Netherlands,EMEA,EUR,Meridian Commercial,Neither priority cohort,False,0
P002267,2026-03-27,AC0035,E010,Aurelius Singapore,APAC,SGD,Pacific Crown,Neither priority cohort,False,0
P002414,2026-03-27,AC0017,E005,Aurelius UK,EMEA,GBP,Union Atlantic,Neither priority cohort,False,0
P002599,2026-03-27,AC0011,E003,Aurelius Wellness US,NA,USD,Continental Trust,Neither priority cohort,False,0
P002801,2026-03-27,AC0017,E005,Aurelius UK,EMEA,GBP,Union Atlantic,Neither priority cohort,False,0
P002816,2026-03-27,AC0018,E005,Aurelius UK,EMEA,GBP,Union Atlantic,Cross-border wire only,False,0
P002885,2026-03-27,AC0025,E007,Aurelius France,EMEA,EUR,Meridian Commercial,Neither priority cohort,False,0
P003038,2026-03-27,AC0053,E016,Aurelius Global Sourcing,APAC,USD,Pacific Crown,Neither priority cohort,False,0
P003066,2026-03-27,AC0031,E009,Aurelius Spain,EMEA,USD,Meridian Commercial,Manual touch only,False,0
P003191,2026-03-27,AC0050,E015,Aurelius Hong Kong,APAC,HKD,Union Atlantic,Neither priority cohort,False,0
P003409,2026-03-27,AC0014,E004,Aurelius Canada,NA,CAD,Union Atlantic,Neither priority cohort,False,0
P003586,2026-03-27,AC0017,E005,Aurelius UK,EMEA,GBP,Union Atlantic,Neither priority cohort,False,0
P003811,2026-03-27,AC0047,E014,Aurelius India,APAC,INR,Meridian Commercial,Neither priority cohort,False,0
P003828,2026-03-27,AC0014,E004,Aurelius Canada,NA,CAD,Union Atlantic,Neither priority cohort,False,0
P004001,2026-03-27,AC0051,E015,Aurelius Hong Kong,APAC,HKD,Pacific Crown,Cross-border wire only,False,0
P004148,2026-03-27,AC0053,E016,Aurelius Global Sourcing,APAC,USD,Pacific Crown,Neither priority cohort,True,28
P004164,2026-03-27,AC0038,E011,Aurelius Australia,APAC,USD,Pacific Crown,Neither priority cohort,False,0
P004176,2026-03-27,AC0028,E008,Aurelius Netherlands,EMEA,EUR,Meridian Commercial,Neither priority cohort,False,0
P004182,2026-03-27,AC0034,E010,Aurelius Singapore,APAC,USD,Continental Trust,Neither priority cohort,False,0
P004184,2026-03-27,AC0007,E002,Aurelius Home US,NA,USD,Northbridge Bank,Neither priority cohort,False,0
P004238,2026-03-27,AC0038,E011,Aurelius Australia,APAC,USD,Pacific Crown,Neither priority cohort,False,0
P004300,2026-03-27,AC0034,E010,Aurelius Singapore,APAC,USD,Continental Trust,Manual touch only,False,0
P004368,2026-03-27,AC0021,E006,Aurelius Germany,EMEA,EUR,Continental Trust,Neither priority cohort,False,0
P004662,2026-03-27,AC0010,E003,Aurelius Wellness US,NA,USD,Union Atlantic,Manual touch only,True,49
P004665,2026-03-27,AC0047,E014,Aurelius India,APAC,INR,Meridian Commercial,Manual touch only,True,59
P004799,2026-03-27,AC0047,E014,Aurelius India,APAC,INR,Meridian Commercial,Neither priority cohort,False,0
P004823,2026-03-27,AC0025,E007,Aurelius France,EMEA,EUR,Meridian Commercial,Manual touch only,False,0
P004870,2026-03-27,AC0001,E001,Aurelius Group Holdings,NA,USD,Union Atlantic,Neither priority cohort,False,0
P005217,2026-03-27,AC0052,E015,Aurelius Hong Kong,APAC,HKD,Continental Trust,Neither priority cohort,False,0
P005366,2026-03-27,AC0047,E014,Aurelius India,APAC,INR,Meridian Commercial,Neither priority cohort,False,0
P005562,2026-03-27,AC0039,E011,Aurelius Australia,APAC,AUD,Continental Trust,Neither priority cohort,False,0
P005588,2026-03-27,AC0045,E013,Aurelius Korea,APAC,KRW,Pacific Crown,Neither priority cohort,False,0
P005613,2026-03-27,AC0028,E008,Aurelius Netherlands,EMEA,EUR,Meridian Commercial,Neither priority cohort,False,0
P005849,2026-03-27,AC0012,E003,Aurelius Wellness US,NA,USD,Northbridge Bank,Neither priority cohort,False,0
P006462,2026-03-27,AC0038,E011,Aurelius Australia,APAC,USD,Pacific Crown,Neither priority cohort,False,0
P006465,2026-03-27,AC0047,E014,Aurelius India,APAC,INR,Meridian Commercial,Neither priority cohort,False,0
P006660,2026-03-27,AC0016,E004,Aurelius Canada,NA,CAD,Meridian Commercial,Neither priority cohort,False,0
P006911,2026-03-27,AC0041,E012,Aurelius Japan,APAC,JPY,Continental Trust,Neither priority cohort,False,0
P006991,2026-03-27,AC0025,E007,Aurelius France,EMEA,EUR,Meridian Commercial,Manual touch only,False,0
P007046,2026-03-27,AC0041,E012,Aurelius Japan,APAC,JPY,Continental Trust,Neither priority cohort,False,0
P007086,2026-03-27,AC0014,E004,Aurelius Canada,NA,CAD,Union Atlantic,Neither priority cohort,False,0
P007251,2026-03-27,AC0014,E004,Aurelius Canada,NA,CAD,Union Atlantic,Neither priority cohort,False,0
P007276,2026-03-27,AC0012,E003,Aurelius Wellness US,NA,USD,Northbridge Bank,Neither priority cohort,False,0
P007505,2026-03-27,AC0001,E001,Aurelius Group Holdings,NA,USD,Union Atlantic,Neither priority cohort,False,0
P000085,2026-03-30,AC0005,E002,Aurelius Home US,NA,USD,Continental Trust,Neither priority cohort,False,0
P000228,2026-03-30,AC0002,E001,Aurelius Group Holdings,NA,USD,Pacific Crown,Neither priority cohort,False,0
P000342,2026-03-30,AC0043,E012,Aurelius Japan,APAC,JPY,Union Atlantic,Neither priority cohort,False,0
P000527,2026-03-30,AC0042,E012,Aurelius Japan,APAC,USD,Union Atlantic,Neither priority cohort,True,40
P000591,2026-03-30,AC0010,E003,Aurelius Wellness US,NA,USD,Union Atlantic,Neither priority cohort,False,0
P000679,2026-03-30,AC0038,E011,Aurelius Australia,APAC,USD,Pacific Crown,Manual touch only,False,0
P000755,2026-03-30,AC0053,E016,Aurelius Global Sourcing,APAC,USD,Pacific Crown,Neither priority cohort,False,0
P000975,2026-03-30,AC0019,E005,Aurelius UK,EMEA,GBP,Union Atlantic,Neither priority cohort,False,0
P001052,2026-03-30,AC0053,E016,Aurelius Global Sourcing,APAC,USD,Pacific Crown,Manual touch + cross-border wire,False,0
P001090,2026-03-30,AC0010,E003,Aurelius Wellness US,NA,USD,Union Atlantic,Manual touch only,False,0
P001136,2026-03-30,AC0047,E014,Aurelius India,APAC,INR,Meridian Commercial,Neither priority cohort,False,0
P001155,2026-03-30,AC0014,E004,Aurelius Canada,NA,CAD,Union Atlantic,Neither priority cohort,False,0
P001375,2026-03-30,AC0001,E001,Aurelius Group Holdings,NA,USD,Union Atlantic,Manual touch only,False,0
P001486,2026-03-30,AC0010,E003,Aurelius Wellness US,NA,USD,Union Atlantic,Neither priority cohort,False,0
P001656,2026-03-30,AC0051,E015,Aurelius Hong Kong,APAC,HKD,Pacific Crown,Manual touch only,False,0
P001764,2026-03-30,AC0031,E009,Aurelius Spain,EMEA,USD,Meridian Commercial,Cross-border wire only,True,13
P002197,2026-03-30,AC0050,E015,Aurelius Hong Kong,APAC,HKD,Union Atlantic,Manual touch + cross-border wire,False,0
P002355,2026-03-30,AC0001,E001,Aurelius Group Holdings,NA,USD,Union Atlantic,Manual touch only,False,0
P002433,2026-03-30,AC0017,E005,Aurelius UK,EMEA,GBP,Union Atlantic,Neither priority cohort,False,0
P002451,2026-03-30,AC0027,E007,Aurelius France,EMEA,EUR,Pacific Crown,Neither priority cohort,False,0
P002498,2026-03-30,AC0017,E005,Aurelius UK,EMEA,GBP,Union Atlantic,Manual touch only,False,0
P002812,2026-03-30,AC0040,E011,Aurelius Australia,APAC,AUD,Continental Trust,Neither priority cohort,False,0
P002880,2026-03-30,AC0034,E010,Aurelius Singapore,APAC,USD,Continental Trust,Neither priority cohort,False,0
P003134,2026-03-30,AC0050,E015,Aurelius Hong Kong,APAC,HKD,Union Atlantic,Cross-border wire only,False,0
P003181,2026-03-30,AC0038,E011,Aurelius Australia,APAC,USD,Pacific Crown,Neither priority cohort,False,0
P003338,2026-03-30,AC0025,E007,Aurelius France,EMEA,EUR,Meridian Commercial,Manual touch only,True,55
P003343,2026-03-30,AC0001,E001,Aurelius Group Holdings,NA,USD,Union Atlantic,Manual touch only,False,0
P003369,2026-03-30,AC0034,E010,Aurelius Singapore,APAC,USD,Continental Trust,Neither priority cohort,False,0
P003438,2026-03-30,AC0010,E003,Aurelius Wellness US,NA,USD,Union Atlantic,Neither priority cohort,False,0
P003633,2026-03-30,AC0001,E001,Aurelius Group Holdings,NA,USD,Union Atlantic,Manual touch only,False,0
P003638,2026-03-30,AC0014,E004,Aurelius Canada,NA,CAD,Union Atlantic,Manual touch only,False,0
P003640,2026-03-30,AC0007,E002,Aurelius Home US,NA,USD,Northbridge Bank,Manual touch + cross-border wire,False,0
P003857,2026-03-30,AC0036,E010,Aurelius Singapore,APAC,SGD,Continental Trust,Cross-border wire only,False,0
P003890,2026-03-30,AC0034,E010,Aurelius Singapore,APAC,USD,Continental Trust,Manual touch only,False,0
P003973,2026-03-30,AC0005,E002,Aurelius Home US,NA,USD,Continental Trust,Neither priority cohort,False,0
P004034,2026-03-30,AC0028,E008,Aurelius Netherlands,EMEA,EUR,Meridian Commercial,Neither priority cohort,False,0
P004211,2026-03-30,AC0036,E010,Aurelius Singapore,APAC,SGD,Continental Trust,Cross-border wire only,False,0
P004216,2026-03-30,AC0001,E001,Aurelius Group Holdings,NA,USD,Union Atlantic,Neither priority cohort,False,0
P004331,2026-03-30,AC0027,E007,Aurelius France,EMEA,EUR,Pacific Crown,Neither priority cohort,False,0
P004593,2026-03-30,AC0053,E016,Aurelius Global Sourcing,APAC,USD,Pacific Crown,Neither priority cohort,False,0
P004919,2026-03-30,AC0047,E014,Aurelius India,APAC,INR,Meridian Commercial,Manual touch only,False,0
P005077,2026-03-30,AC0034,E010,Aurelius Singapore,APAC,USD,Continental Trust,Cross-border wire only,False,0
P005222,2026-03-30,AC0010,E003,Aurelius Wellness US,NA,USD,Union Atlantic,Neither priority cohort,False,0
P005253,2026-03-30,AC0034,E010,Aurelius Singapore,APAC,USD,Continental Trust,Neither priority cohort,False,0
P005467,2026-03-30,AC0031,E009,Aurelius Spain,EMEA,USD,Meridian Commercial,Manual touch + cross-border wire,False,0
P005579,2026-03-30,AC0030,E008,Aurelius Netherlands,EMEA,USD,Pacific Crown,Neither priority cohort,False,0
P005758,2026-03-30,AC0025,E007,Aurelius France,EMEA,EUR,Meridian Commercial,Neither priority cohort,False,0
P005876,2026-03-30,AC0002,E001,Aurelius Group Holdings,NA,USD,Pacific Crown,Manual touch only,False,0
P005945,2026-03-30,AC0044,E013,Aurelius Korea,APAC,KRW,Northbridge Bank,Neither priority cohort,False,0
P006459,2026-03-30,AC0028,E008,Aurelius Netherlands,EMEA,EUR,Meridian Commercial,Manual touch only,True,40
P006822,2026-03-30,AC0031,E009,Aurelius Spain,EMEA,USD,Meridian Commercial,Neither priority cohort,False,0
P006957,2026-03-30,AC0041,E012,Aurelius Japan,APAC,JPY,Continental Trust,Neither priority cohort,False,0
P007061,2026-03-30,AC0010,E003,Aurelius Wellness US,NA,USD,Union Atlantic,Neither priority cohort,False,0
P007136,2026-03-30,AC0001,E001,Aurelius Group Holdings,NA,USD,Union Atlantic,Neither priority cohort,False,0
P007359,2026-03-30,AC0001,E001,Aurelius Group Holdings,NA,USD,Union Atlantic,Neither priority cohort,False,0
P007421,2026-03-30,AC0014,E004,Aurelius Canada,NA,CAD,Union Atlantic,Neither priority cohort,False,0
P007488,2026-03-30,AC0028,E008,Aurelius Netherlands,EMEA,EUR,Meridian Commercial,Neither priority cohort,False,0
P007516,2026-03-30,AC0005,E002,Aurelius Home US,NA,USD,Continental Trust,Manual touch only,False,0
P007528,2026-03-30,AC0047,E014,Aurelius India,APAC,INR,Meridian Commercial,Neither priority cohort,False,0
P000181,2026-03-31,AC0052,E015,Aurelius Hong Kong,APAC,HKD,Continental Trust,Neither priority cohort,False,0
P000386,2026-03-31,AC0029,E008,Aurelius Netherlands,EMEA,EUR,Continental Trust,Neither priority cohort,False,0
P000632,2026-03-31,AC0017,E005,Aurelius UK,EMEA,GBP,Union Atlantic,Cross-border wire only,False,0
P000633,2026-03-31,AC0025,E007,Aurelius France,EMEA,EUR,Meridian Commercial,Neither priority cohort,False,0
P000663,2026-03-31,AC0023,E006,Aurelius Germany,EMEA,EUR,Northbridge Bank,Neither priority cohort,False,0
P000801,2026-03-31,AC0001,E001,Aurelius Group Holdings,NA,USD,Union Atlantic,Neither priority cohort,False,0
P000849,2026-03-31,AC0017,E005,Aurelius UK,EMEA,GBP,Union Atlantic,Cross-border wire only,False,0
P000989,2026-03-31,AC0053,E016,Aurelius Global Sourcing,APAC,USD,Pacific Crown,Neither priority cohort,False,0
P001033,2026-03-31,AC0034,E010,Aurelius Singapore,APAC,USD,Continental Trust,Neither priority cohort,False,0
P001147,2026-03-31,AC0025,E007,Aurelius France,EMEA,EUR,Meridian Commercial,Manual touch + cross-border wire,False,0
P001279,2026-03-31,AC0021,E006,Aurelius Germany,EMEA,EUR,Continental Trust,Manual touch only,False,0
P001335,2026-03-31,AC0017,E005,Aurelius UK,EMEA,GBP,Union Atlantic,Cross-border wire only,False,0
P001432,2026-03-31,AC0025,E007,Aurelius France,EMEA,EUR,Meridian Commercial,Manual touch + cross-border wire,False,0
P001583,2026-03-31,AC0008,E002,Aurelius Home US,NA,USD,Pacific Crown,Neither priority cohort,False,0
P001679,2026-03-31,AC0038,E011,Aurelius Australia,APAC,USD,Pacific Crown,Neither priority cohort,False,0
P001777,2026-03-31,AC0055,E016,Aurelius Global Sourcing,APAC,USD,Meridian Commercial,Manual touch only,False,0
P001855,2026-03-31,AC0052,E015,Aurelius Hong Kong,APAC,HKD,Continental Trust,Manual touch + cross-border wire,False,0
P001872,2026-03-31,AC0031,E009,Aurelius Spain,EMEA,USD,Meridian Commercial,Neither priority cohort,False,0
P001992,2026-03-31,AC0025,E007,Aurelius France,EMEA,EUR,Meridian Commercial,Manual touch only,False,0
P002391,2026-03-31,AC0010,E003,Aurelius Wellness US,NA,USD,Union Atlantic,Manual touch only,False,0
P002494,2026-03-31,AC0017,E005,Aurelius UK,EMEA,GBP,Union Atlantic,Neither priority cohort,False,0
P002566,2026-03-31,AC0033,E009,Aurelius Spain,EMEA,EUR,Meridian Commercial,Neither priority cohort,False,0
P002597,2026-03-31,AC0032,E009,Aurelius Spain,EMEA,EUR,Northbridge Bank,Neither priority cohort,False,0
P002832,2026-03-31,AC0017,E005,Aurelius UK,EMEA,GBP,Union Atlantic,Cross-border wire only,False,0
P003398,2026-03-31,AC0049,E014,Aurelius India,APAC,USD,Pacific Crown,Neither priority cohort,False,0
P003639,2026-03-31,AC0025,E007,Aurelius France,EMEA,EUR,Meridian Commercial,Neither priority cohort,False,0
P003770,2026-03-31,AC0041,E012,Aurelius Japan,APAC,JPY,Continental Trust,Neither priority cohort,False,0
P003827,2026-03-31,AC0017,E005,Aurelius UK,EMEA,GBP,Union Atlantic,Manual touch only,False,0
P003949,2026-03-31,AC0050,E015,Aurelius Hong Kong,APAC,HKD,Union Atlantic,Manual touch only,True,39
P003970,2026-03-31,AC0034,E010,Aurelius Singapore,APAC,USD,Continental Trust,Manual touch only,False,0
P004196,2026-03-31,AC0041,E012,Aurelius Japan,APAC,JPY,Continental Trust,Neither priority cohort,False,0
P004296,2026-03-31,AC0050,E015,Aurelius Hong Kong,APAC,HKD,Union Atlantic,Neither priority cohort,False,0
P004394,2026-03-31,AC0034,E010,Aurelius Singapore,APAC,USD,Continental Trust,Neither priority cohort,False,0
P004529,2026-03-31,AC0050,E015,Aurelius Hong Kong,APAC,HKD,Union Atlantic,Manual touch only,False,0
P004568,2026-03-31,AC0001,E001,Aurelius Group Holdings,NA,USD,Union Atlantic,Manual touch only,False,0
P004597,2026-03-31,AC0049,E014,Aurelius India,APAC,USD,Pacific Crown,Neither priority cohort,False,0
P004775,2026-03-31,AC0043,E012,Aurelius Japan,APAC,JPY,Union Atlantic,Neither priority cohort,False,0
P004945,2026-03-31,AC0031,E009,Aurelius Spain,EMEA,USD,Meridian Commercial,Neither priority cohort,False,0
P005254,2026-03-31,AC0030,E008,Aurelius Netherlands,EMEA,USD,Pacific Crown,Manual touch only,False,0
P005363,2026-03-31,AC0001,E001,Aurelius Group Holdings,NA,USD,Union Atlantic,Neither priority cohort,False,0
P005364,2026-03-31,AC0002,E001,Aurelius Group Holdings,NA,USD,Pacific Crown,Manual touch only,False,0
P005381,2026-03-31,AC0050,E015,Aurelius Hong Kong,APAC,HKD,Union Atlantic,Neither priority cohort,False,0
P005549,2026-03-31,AC0010,E003,Aurelius Wellness US,NA,USD,Union Atlantic,Neither priority cohort,False,0
P005954,2026-03-31,AC0010,E003,Aurelius Wellness US,NA,USD,Union Atlantic,Neither priority cohort,False,0
P006127,2026-03-31,AC0039,E011,Aurelius Australia,APAC,AUD,Continental Trust,Neither priority cohort,False,0
P006695,2026-03-31,AC0023,E006,Aurelius Germany,EMEA,EUR,Northbridge Bank,Neither priority cohort,False,0
P006956,2026-03-31,AC0041,E012,Aurelius Japan,APAC,JPY,Continental Trust,Neither priority cohort,False,0
P006999,2026-03-31,AC0017,E005,Aurelius UK,EMEA,GBP,Union Atlantic,Neither priority cohort,False,0
P007204,2026-03-31,AC0041,E012,Aurelius Japan,APAC,JPY,Continental Trust,Neither priority cohort,False,0
P007261,2026-03-31,AC0018,E005,Aurelius UK,EMEA,GBP,Union Atlantic,Manual touch only,False,0
P007570,2026-03-31,AC0017,E005,Aurelius UK,EMEA,GBP,Union Atlantic,Neither priority cohort,False,0
P000088,2026-04-01,AC0044,E013,Aurelius Korea,APAC,KRW,Northbridge Bank,Manual touch + cross-border wire,False,0
P000169,2026-04-01,AC0019,E005,Aurelius UK,EMEA,GBP,Union Atlantic,Neither priority cohort,False,0
P000259,2026-04-01,AC0023,E006,Aurelius Germany,EMEA,EUR,Northbridge Bank,Neither priority cohort,False,0
P000415,2026-04-01,AC0034,E010,Aurelius Singapore,APAC,USD,Continental Trust,Neither priority cohort,False,0
P001349,2026-04-01,AC0031,E009,Aurelius Spain,EMEA,USD,Meridian Commercial,Neither priority cohort,False,0
P001393,2026-04-01,AC0027,E007,Aurelius France,EMEA,EUR,Pacific Crown,Neither priority cohort,False,0
P001478,2026-04-01,AC0025,E007,Aurelius France,EMEA,EUR,Meridian Commercial,Neither priority cohort,False,0
P001616,2026-04-01,AC0022,E006,Aurelius Germany,EMEA,EUR,Meridian Commercial,Neither priority cohort,False,0
P001701,2026-04-01,AC0010,E003,Aurelius Wellness US,NA,USD,Union Atlantic,Neither priority cohort,False,0
P001951,2026-04-01,AC0052,E015,Aurelius Hong Kong,APAC,HKD,Continental Trust,Neither priority cohort,False,0
P002044,2026-04-01,AC0005,E002,Aurelius Home US,NA,USD,Continental Trust,Neither priority cohort,False,0
P002216,2026-04-01,AC0006,E002,Aurelius Home US,NA,USD,Pacific Crown,Neither priority cohort,False,0
P002245,2026-04-01,AC0031,E009,Aurelius Spain,EMEA,USD,Meridian Commercial,Neither priority cohort,False,0
P002631,2026-04-01,AC0017,E005,Aurelius UK,EMEA,GBP,Union Atlantic,Neither priority cohort,False,0
P002693,2026-04-01,AC0047,E014,Aurelius India,APAC,INR,Meridian Commercial,Neither priority cohort,False,0
P002774,2026-04-01,AC0017,E005,Aurelius UK,EMEA,GBP,Union Atlantic,Manual touch only,True,72
P002821,2026-04-01,AC0025,E007,Aurelius France,EMEA,EUR,Meridian Commercial,Neither priority cohort,False,0
P002980,2026-04-01,AC0042,E012,Aurelius Japan,APAC,USD,Union Atlantic,Cross-border wire only,False,0
P003009,2026-04-01,AC0015,E004,Aurelius Canada,NA,CAD,Pacific Crown,Manual touch only,False,0
P003166,2026-04-01,AC0005,E002,Aurelius Home US,NA,USD,Continental Trust,Neither priority cohort,False,0
P003217,2026-04-01,AC0001,E001,Aurelius Group Holdings,NA,USD,Union Atlantic,Neither priority cohort,False,0
P003228,2026-04-01,AC0030,E008,Aurelius Netherlands,EMEA,USD,Pacific Crown,Neither priority cohort,False,0
P003341,2026-04-01,AC0023,E006,Aurelius Germany,EMEA,EUR,Northbridge Bank,Neither priority cohort,False,0
P003427,2026-04-01,AC0047,E014,Aurelius India,APAC,INR,Meridian Commercial,Neither priority cohort,False,0
P003429,2026-04-01,AC0012,E003,Aurelius Wellness US,NA,USD,Northbridge Bank,Neither priority cohort,False,0
P003565,2026-04-01,AC0034,E010,Aurelius Singapore,APAC,USD,Continental Trust,Neither priority cohort,False,0
P003648,2026-04-01,AC0021,E006,Aurelius Germany,EMEA,EUR,Continental Trust,Manual touch + cross-border wire,False,0
P003656,2026-04-01,AC0031,E009,Aurelius Spain,EMEA,USD,Meridian Commercial,Neither priority cohort,False,0
P003719,2026-04-01,AC0005,E002,Aurelius Home US,NA,USD,Continental Trust,Neither priority cohort,False,0
P003765,2026-04-01,AC0045,E013,Aurelius Korea,APAC,KRW,Pacific Crown,Manual touch only,False,0
P003889,2026-04-01,AC0017,E005,Aurelius UK,EMEA,GBP,Union Atlantic,Neither priority cohort,False,0
P004011,2026-04-01,AC0038,E011,Aurelius Australia,APAC,USD,Pacific Crown,Neither priority cohort,False,0
P004078,2026-04-01,AC0010,E003,Aurelius Wellness US,NA,USD,Union Atlantic,Neither priority cohort,False,0
P004378,2026-04-01,AC0017,E005,Aurelius UK,EMEA,GBP,Union Atlantic,Manual touch only,False,0
P004384,2026-04-01,AC0010,E003,Aurelius Wellness US,NA,USD,Union Atlantic,Neither priority cohort,False,0
P004738,2026-04-01,AC0023,E006,Aurelius Germany,EMEA,EUR,Northbridge Bank,Cross-border wire only,False,0
P004752,2026-04-01,AC0046,E013,Aurelius Korea,APAC,KRW,Union Atlantic,Manual touch + cross-border wire,False,0
P004858,2026-04-01,AC0005,E002,Aurelius Home US,NA,USD,Continental Trust,Manual touch only,True,44
P004871,2026-04-01,AC0019,E005,Aurelius UK,EMEA,GBP,Union Atlantic,Neither priority cohort,True,25
P004877,2026-04-01,AC0033,E009,Aurelius Spain,EMEA,EUR,Meridian Commercial,Neither priority cohort,False,0
P004983,2026-04-01,AC0044,E013,Aurelius Korea,APAC,KRW,Northbridge Bank,Neither priority cohort,False,0
P005023,2026-04-01,AC0031,E009,Aurelius Spain,EMEA,USD,Meridian Commercial,Manual touch only,False,0
P005379,2026-04-01,AC0044,E013,Aurelius Korea,APAC,KRW,Northbridge Bank,Neither priority cohort,False,0
P005427,2026-04-01,AC0031,E009,Aurelius Spain,EMEA,USD,Meridian Commercial,Manual touch only,False,0
P005435,2026-04-01,AC0001,E001,Aurelius Group Holdings,NA,USD,Union Atlantic,Manual touch only,False,0
P005465,2026-04-01,AC0014,E004,Aurelius Canada,NA,CAD,Union Atlantic,Neither priority cohort,False,0
P005509,2026-04-01,AC0034,E010,Aurelius Singapore,APAC,USD,Continental Trust,Manual touch only,False,0
P005546,2026-04-01,AC0017,E005,Aurelius UK,EMEA,GBP,Union Atlantic,Neither priority cohort,False,0
P005736,2026-04-01,AC0028,E008,Aurelius Netherlands,EMEA,EUR,Meridian Commercial,Neither priority cohort,False,0
P005880,2026-04-01,AC0050,E015,Aurelius Hong Kong,APAC,HKD,Union Atlantic,Manual touch only,False,0
P006099,2026-04-01,AC0040,E011,Aurelius Australia,APAC,AUD,Continental Trust,Neither priority cohort,False,0
P006366,2026-04-01,AC0045,E013,Aurelius Korea,APAC,KRW,Pacific Crown,Neither priority cohort,False,0
P006414,2026-04-01,AC0038,E011,Aurelius Australia,APAC,USD,Pacific Crown,Neither priority cohort,False,0
P006495,2026-04-01,AC0041,E012,Aurelius Japan,APAC,JPY,Continental Trust,Neither priority cohort,False,0
P006603,2026-04-01,AC0038,E011,Aurelius Australia,APAC,USD,Pacific Crown,Manual touch only,False,0
P006967,2026-04-01,AC0031,E009,Aurelius Spain,EMEA,USD,Meridian Commercial,Manual touch only,False,0
P007012,2026-04-01,AC0033,E009,Aurelius Spain,EMEA,EUR,Meridian Commercial,Manual touch + cross-border wire,False,0
P007114,2026-04-01,AC0044,E013,Aurelius Korea,APAC,KRW,Northbridge Bank,Neither priority cohort,False,0
P007156,2026-04-01,AC0003,E001,Aurelius Group Holdings,NA,USD,Meridian Commercial,Neither priority cohort,False,0
P007161,2026-04-01,AC0028,E008,Aurelius Netherlands,EMEA,EUR,Meridian Commercial,Neither priority cohort,False,0
P007362,2026-04-01,AC0053,E016,Aurelius Global Sourcing,APAC,USD,Pacific Crown,Neither priority cohort,False,0
P007534,2026-04-01,AC0044,E013,Aurelius Korea,APAC,KRW,Northbridge Bank,Neither priority cohort,False,0
P000071,2026-04-02,AC0010,E003,Aurelius Wellness US,NA,USD,Union Atlantic,Manual touch only,True,58
P000179,2026-04-02,AC0034,E010,Aurelius Singapore,APAC,USD,Continental Trust,Manual touch only,True,29
P000253,2026-04-02,AC0049,E014,Aurelius India,APAC,USD,Pacific Crown,Neither priority cohort,False,0
P000321,2026-04-02,AC0023,E006,Aurelius Germany,EMEA,EUR,Northbridge Bank,Neither priority cohort,False,0
P000489,2026-04-02,AC0001,E001,Aurelius Group Holdings,NA,USD,Union Atlantic,Neither priority cohort,False,0
P000650,2026-04-02,AC0050,E015,Aurelius Hong Kong,APAC,HKD,Union Atlantic,Manual touch only,False,0
P000877,2026-04-02,AC0053,E016,Aurelius Global Sourcing,APAC,USD,Pacific Crown,Manual touch only,True,36
P000913,2026-04-02,AC0047,E014,Aurelius India,APAC,INR,Meridian Commercial,Cross-border wire only,False,0
P000925,2026-04-02,AC0005,E002,Aurelius Home US,NA,USD,Continental Trust,Manual touch only,False,0
P001111,2026-04-02,AC0010,E003,Aurelius Wellness US,NA,USD,Union Atlantic,Neither priority cohort,False,0
P001122,2026-04-02,AC0038,E011,Aurelius Australia,APAC,USD,Pacific Crown,Manual touch only,True,61
P001240,2026-04-02,AC0021,E006,Aurelius Germany,EMEA,EUR,Continental Trust,Neither priority cohort,False,0
P001284,2026-04-02,AC0041,E012,Aurelius Japan,APAC,JPY,Continental Trust,Neither priority cohort,False,0
P001297,2026-04-02,AC0047,E014,Aurelius India,APAC,INR,Meridian Commercial,Neither priority cohort,False,0
P001445,2026-04-02,AC0038,E011,Aurelius Australia,APAC,USD,Pacific Crown,Neither priority cohort,False,0
P001458,2026-04-02,AC0055,E016,Aurelius Global Sourcing,APAC,USD,Meridian Commercial,Manual touch only,False,0
P001515,2026-04-02,AC0041,E012,Aurelius Japan,APAC,JPY,Continental Trust,Neither priority cohort,False,0
P001546,2026-04-02,AC0005,E002,Aurelius Home US,NA,USD,Continental Trust,Neither priority cohort,False,0
P001617,2026-04-02,AC0028,E008,Aurelius Netherlands,EMEA,EUR,Meridian Commercial,Manual touch only,False,0
P001681,2026-04-02,AC0028,E008,Aurelius Netherlands,EMEA,EUR,Meridian Commercial,Neither priority cohort,False,0
P001689,2026-04-02,AC0031,E009,Aurelius Spain,EMEA,USD,Meridian Commercial,Manual touch only,False,0
P002015,2026-04-02,AC0043,E012,Aurelius Japan,APAC,JPY,Union Atlantic,Cross-border wire only,False,0
P002085,2026-04-02,AC0044,E013,Aurelius Korea,APAC,KRW,Northbridge Bank,Manual touch only,False,0
P002143,2026-04-02,AC0003,E001,Aurelius Group Holdings,NA,USD,Meridian Commercial,Cross-border wire only,False,0
P002242,2026-04-02,AC0053,E016,Aurelius Global Sourcing,APAC,USD,Pacific Crown,Neither priority cohort,False,0
P002370,2026-04-02,AC0043,E012,Aurelius Japan,APAC,JPY,Union Atlantic,Manual touch only,False,0
P002598,2026-04-02,AC0044,E013,Aurelius Korea,APAC,KRW,Northbridge Bank,Neither priority cohort,False,0
P002768,2026-04-02,AC0028,E008,Aurelius Netherlands,EMEA,EUR,Meridian Commercial,Neither priority cohort,False,0
P002920,2026-04-02,AC0036,E010,Aurelius Singapore,APAC,SGD,Continental Trust,Manual touch only,False,0
P003043,2026-04-02,AC0019,E005,Aurelius UK,EMEA,GBP,Union Atlantic,Neither priority cohort,False,0
P003139,2026-04-02,AC0010,E003,Aurelius Wellness US,NA,USD,Union Atlantic,Manual touch + cross-border wire,False,0
P004111,2026-04-02,AC0045,E013,Aurelius Korea,APAC,KRW,Pacific Crown,Neither priority cohort,False,0
P004155,2026-04-02,AC0042,E012,Aurelius Japan,APAC,USD,Union Atlantic,Neither priority cohort,False,0
P004327,2026-04-02,AC0038,E011,Aurelius Australia,APAC,USD,Pacific Crown,Manual touch only,True,25
P004512,2026-04-02,AC0016,E004,Aurelius Canada,NA,CAD,Meridian Commercial,Manual touch only,False,0
P004575,2026-04-02,AC0021,E006,Aurelius Germany,EMEA,EUR,Continental Trust,Manual touch + cross-border wire,False,0
P004602,2026-04-02,AC0044,E013,Aurelius Korea,APAC,KRW,Northbridge Bank,Cross-border wire only,False,0
P004902,2026-04-02,AC0028,E008,Aurelius Netherlands,EMEA,EUR,Meridian Commercial,Neither priority cohort,False,0
P005041,2026-04-02,AC0043,E012,Aurelius Japan,APAC,JPY,Union Atlantic,Neither priority cohort,False,0
P005101,2026-04-02,AC0014,E004,Aurelius Canada,NA,CAD,Union Atlantic,Neither priority cohort,False,0
P005291,2026-04-02,AC0047,E014,Aurelius India,APAC,INR,Meridian Commercial,Neither priority cohort,False,0
P005332,2026-04-02,AC0018,E005,Aurelius UK,EMEA,GBP,Union Atlantic,Neither priority cohort,False,0
P005371,2026-04-02,AC0044,E013,Aurelius Korea,APAC,KRW,Northbridge Bank,Manual touch only,False,0
P005442,2026-04-02,AC0032,E009,Aurelius Spain,EMEA,EUR,Northbridge Bank,Neither priority cohort,False,0
P005551,2026-04-02,AC0025,E007,Aurelius France,EMEA,EUR,Meridian Commercial,Neither priority cohort,False,0
P005586,2026-04-02,AC0031,E009,Aurelius Spain,EMEA,USD,Meridian Commercial,Neither priority cohort,False,0
P005627,2026-04-02,AC0021,E006,Aurelius Germany,EMEA,EUR,Continental Trust,Neither priority cohort,True,29
P005636,2026-04-02,AC0012,E003,Aurelius Wellness US,NA,USD,Northbridge Bank,Neither priority cohort,False,0
P005733,2026-04-02,AC0038,E011,Aurelius Australia,APAC,USD,Pacific Crown,Neither priority cohort,False,0
P005932,2026-04-02,AC0050,E015,Aurelius Hong Kong,APAC,HKD,Union Atlantic,Manual touch + cross-border wire,False,0
P006019,2026-04-02,AC0001,E001,Aurelius Group Holdings,NA,USD,Union Atlantic,Manual touch only,False,0
P006149,2026-04-02,AC0047,E014,Aurelius India,APAC,INR,Meridian Commercial,Manual touch only,True,74
P006192,2026-04-02,AC0028,E008,Aurelius Netherlands,EMEA,EUR,Meridian Commercial,Manual touch only,False,0
P006236,2026-04-02,AC0044,E013,Aurelius Korea,APAC,KRW,Northbridge Bank,Neither priority cohort,False,0
P006244,2026-04-02,AC0033,E009,Aurelius Spain,EMEA,EUR,Meridian Commercial,Manual touch only,False,0
P006452,2026-04-02,AC0053,E016,Aurelius Global Sourcing,APAC,USD,Pacific Crown,Neither priority cohort,False,0
P006636,2026-04-02,AC0035,E010,Aurelius Singapore,APAC,SGD,Pacific Crown,Manual touch only,False,0
P006715,2026-04-02,AC0044,E013,Aurelius Korea,APAC,KRW,Northbridge Bank,Neither priority cohort,False,0
P006737,2026-04-02,AC0044,E013,Aurelius Korea,APAC,KRW,Northbridge Bank,Neither priority cohort,False,0
P006802,2026-04-02,AC0010,E003,Aurelius Wellness US,NA,USD,Union Atlantic,Neither priority cohort,False,0
P007240,2026-04-02,AC0053,E016,Aurelius Global Sourcing,APAC,USD,Pacific Crown,Neither priority cohort,False,0
P007290,2026-04-02,AC0005,E002,Aurelius Home US,NA,USD,Continental Trust,Manual touch only,False,0
P007367,2026-04-02,AC0021,E006,Aurelius Germany,EMEA,EUR,Continental Trust,Cross-border wire only,True,44
P007487,2026-04-02,AC0025,E007,Aurelius France,EMEA,EUR,Meridian Commercial,Neither priority cohort,True,57
P000224,2026-04-03,AC0015,E004,Aurelius Canada,NA,CAD,Pacific Crown,Neither priority cohort,False,0
P000256,2026-04-03,AC0014,E004,Aurelius Canada,NA,CAD,Union Atlantic,Neither priority cohort,False,0
P000300,2026-04-03,AC0027,E007,Aurelius France,EMEA,EUR,Pacific Crown,Neither priority cohort,False,0
P000741,2026-04-03,AC0017,E005,Aurelius UK,EMEA,GBP,Union Atlantic,Manual touch only,False,0
P000816,2026-04-03,AC0033,E009,Aurelius Spain,EMEA,EUR,Meridian Commercial,Manual touch only,False,0
P000893,2026-04-03,AC0041,E012,Aurelius Japan,APAC,JPY,Continental Trust,Neither priority cohort,False,0
P000958,2026-04-03,AC0031,E009,Aurelius Spain,EMEA,USD,Meridian Commercial,Neither priority cohort,False,0
P000965,2026-04-03,AC0025,E007,Aurelius France,EMEA,EUR,Meridian Commercial,Neither priority cohort,False,0
P001107,2026-04-03,AC0017,E005,Aurelius UK,EMEA,GBP,Union Atlantic,Manual touch only,False,0
P001272,2026-04-03,AC0028,E008,Aurelius Netherlands,EMEA,EUR,Meridian Commercial,Neither priority cohort,False,0
P001276,2026-04-03,AC0053,E016,Aurelius Global Sourcing,APAC,USD,Pacific Crown,Neither priority cohort,False,0
P001290,2026-04-03,AC0041,E012,Aurelius Japan,APAC,JPY,Continental Trust,Neither priority cohort,False,0
P001500,2026-04-03,AC0043,E012,Aurelius Japan,APAC,JPY,Union Atlantic,Manual touch + cross-border wire,False,0
P001664,2026-04-03,AC0017,E005,Aurelius UK,EMEA,GBP,Union Atlantic,Manual touch only,False,0
P001806,2026-04-03,AC0021,E006,Aurelius Germany,EMEA,EUR,Continental Trust,Manual touch only,True,65
P001993,2026-04-03,AC0028,E008,Aurelius Netherlands,EMEA,EUR,Meridian Commercial,Neither priority cohort,False,0
P002112,2026-04-03,AC0028,E008,Aurelius Netherlands,EMEA,EUR,Meridian Commercial,Neither priority cohort,False,0
P002167,2026-04-03,AC0005,E002,Aurelius Home US,NA,USD,Continental Trust,Manual touch + cross-border wire,True,38
P002205,2026-04-03,AC0003,E001,Aurelius Group Holdings,NA,USD,Meridian Commercial,Neither priority cohort,False,0
P002438,2026-04-03,AC0038,E011,Aurelius Australia,APAC,USD,Pacific Crown,Neither priority cohort,False,0
P002459,2026-04-03,AC0005,E002,Aurelius Home US,NA,USD,Continental Trust,Cross-border wire only,False,0
P002484,2026-04-03,AC0028,E008,Aurelius Netherlands,EMEA,EUR,Meridian Commercial,Manual touch only,False,0
P002517,2026-04-03,AC0051,E015,Aurelius Hong Kong,APAC,HKD,Pacific Crown,Neither priority cohort,False,0
P002673,2026-04-03,AC0028,E008,Aurelius Netherlands,EMEA,EUR,Meridian Commercial,Cross-border wire only,True,52
P002721,2026-04-03,AC0032,E009,Aurelius Spain,EMEA,EUR,Northbridge Bank,Manual touch only,False,0
P002738,2026-04-03,AC0034,E010,Aurelius Singapore,APAC,USD,Continental Trust,Manual touch only,False,0
P002753,2026-04-03,AC0055,E016,Aurelius Global Sourcing,APAC,USD,Meridian Commercial,Neither priority cohort,True,57
P002882,2026-04-03,AC0039,E011,Aurelius Australia,APAC,AUD,Continental Trust,Neither priority cohort,False,0
P002919,2026-04-03,AC0044,E013,Aurelius Korea,APAC,KRW,Northbridge Bank,Neither priority cohort,False,0
P003091,2026-04-03,AC0002,E001,Aurelius Group Holdings,NA,USD,Pacific Crown,Neither priority cohort,False,0
P003385,2026-04-03,AC0043,E012,Aurelius Japan,APAC,JPY,Union Atlantic,Neither priority cohort,False,0
P003395,2026-04-03,AC0027,E007,Aurelius France,EMEA,EUR,Pacific Crown,Neither priority cohort,False,0
P003436,2026-04-03,AC0005,E002,Aurelius Home US,NA,USD,Continental Trust,Neither priority cohort,False,0
P003525,2026-04-03,AC0048,E014,Aurelius India,APAC,INR,Continental Trust,Neither priority cohort,False,0
P003540,2026-04-03,AC0038,E011,Aurelius Australia,APAC,USD,Pacific Crown,Neither priority cohort,False,0
P003587,2026-04-03,AC0035,E010,Aurelius Singapore,APAC,SGD,Pacific Crown,Cross-border wire only,False,0
P003815,2026-04-03,AC0005,E002,Aurelius Home US,NA,USD,Continental Trust,Neither priority cohort,False,0
P004096,2026-04-03,AC0050,E015,Aurelius Hong Kong,APAC,HKD,Union Atlantic,Manual touch only,False,0
P004103,2026-04-03,AC0001,E001,Aurelius Group Holdings,NA,USD,Union Atlantic,Neither priority cohort,False,0
P004304,2026-04-03,AC0052,E015,Aurelius Hong Kong,APAC,HKD,Continental Trust,Neither priority cohort,False,0
P004319,2026-04-03,AC0044,E013,Aurelius Korea,APAC,KRW,Northbridge Bank,Manual touch only,False,0
P004356,2026-04-03,AC0012,E003,Aurelius Wellness US,NA,USD,Northbridge Bank,Neither priority cohort,False,0
P005073,2026-04-03,AC0012,E003,Aurelius Wellness US,NA,USD,Northbridge Bank,Neither priority cohort,False,0
P005081,2026-04-03,AC0025,E007,Aurelius France,EMEA,EUR,Meridian Commercial,Neither priority cohort,False,0
P005084,2026-04-03,AC0044,E013,Aurelius Korea,APAC,KRW,Northbridge Bank,Neither priority cohort,False,0
P005168,2026-04-03,AC0026,E007,Aurelius France,EMEA,USD,Union Atlantic,Neither priority cohort,False,0
P005796,2026-04-03,AC0033,E009,Aurelius Spain,EMEA,EUR,Meridian Commercial,Manual touch only,False,0
P005862,2026-04-03,AC0018,E005,Aurelius UK,EMEA,GBP,Union Atlantic,Neither priority cohort,False,0
P005884,2026-04-03,AC0021,E006,Aurelius Germany,EMEA,EUR,Continental Trust,Neither priority cohort,False,0
P005971,2026-04-03,AC0023,E006,Aurelius Germany,EMEA,EUR,Northbridge Bank,Neither priority cohort,False,0
P006359,2026-04-03,AC0018,E005,Aurelius UK,EMEA,GBP,Union Atlantic,Neither priority cohort,False,0
P006365,2026-04-03,AC0034,E010,Aurelius Singapore,APAC,USD,Continental Trust,Neither priority cohort,False,0
P006689,2026-04-03,AC0028,E008,Aurelius Netherlands,EMEA,EUR,Meridian Commercial,Neither priority cohort,False,0
P006762,2026-04-03,AC0047,E014,Aurelius India,APAC,INR,Meridian Commercial,Manual touch only,False,0
P006832,2026-04-03,AC0018,E005,Aurelius UK,EMEA,GBP,Union Atlantic,Neither priority cohort,False,0
P006981,2026-04-03,AC0030,E008,Aurelius Netherlands,EMEA,USD,Pacific Crown,Neither priority cohort,False,0
P007010,2026-04-03,AC0040,E011,Aurelius Australia,APAC,AUD,Continental Trust,Neither priority cohort,False,0
P007497,2026-04-03,AC0034,E010,Aurelius Singapore,APAC,USD,Continental Trust,Neither priority cohort,False,0
P000095,2026-04-06,AC0017,E005,Aurelius UK,EMEA,GBP,Union Atlantic,Manual touch only,False,0
P000205,2026-04-06,AC0005,E002,Aurelius Home US,NA,USD,Continental Trust,Neither priority cohort,False,0
P000243,2026-04-06,AC0010,E003,Aurelius Wellness US,NA,USD,Union Atlantic,Neither priority cohort,False,0
P000368,2026-04-06,AC0041,E012,Aurelius Japan,APAC,JPY,Continental Trust,Neither priority cohort,False,0
P000393,2026-04-06,AC0010,E003,Aurelius Wellness US,NA,USD,Union Atlantic,Manual touch only,False,0
P000475,2026-04-06,AC0001,E001,Aurelius Group Holdings,NA,USD,Union Atlantic,Neither priority cohort,False,0
P000669,2026-04-06,AC0051,E015,Aurelius Hong Kong,APAC,HKD,Pacific Crown,Neither priority cohort,False,0
P000823,2026-04-06,AC0053,E016,Aurelius Global Sourcing,APAC,USD,Pacific Crown,Neither priority cohort,False,0
P001058,2026-04-06,AC0007,E002,Aurelius Home US,NA,USD,Northbridge Bank,Neither priority cohort,False,0
P001151,2026-04-06,AC0027,E007,Aurelius France,EMEA,EUR,Pacific Crown,Manual touch only,False,0
P001249,2026-04-06,AC0034,E010,Aurelius Singapore,APAC,USD,Continental Trust,Manual touch + cross-border wire,False,0
P001320,2026-04-06,AC0005,E002,Aurelius Home US,NA,USD,Continental Trust,Manual touch only,False,0
P001376,2026-04-06,AC0041,E012,Aurelius Japan,APAC,JPY,Continental Trust,Manual touch only,False,0
P001649,2026-04-06,AC0044,E013,Aurelius Korea,APAC,KRW,Northbridge Bank,Neither priority cohort,False,0
P002060,2026-04-06,AC0038,E011,Aurelius Australia,APAC,USD,Pacific Crown,Neither priority cohort,False,0
P002397,2026-04-06,AC0021,E006,Aurelius Germany,EMEA,EUR,Continental Trust,Manual touch only,False,0
P002408,2026-04-06,AC0047,E014,Aurelius India,APAC,INR,Meridian Commercial,Neither priority cohort,False,0
P002505,2026-04-06,AC0038,E011,Aurelius Australia,APAC,USD,Pacific Crown,Neither priority cohort,False,0
P002637,2026-04-06,AC0023,E006,Aurelius Germany,EMEA,EUR,Northbridge Bank,Cross-border wire only,False,0
P002669,2026-04-06,AC0002,E001,Aurelius Group Holdings,NA,USD,Pacific Crown,Neither priority cohort,False,0
P002743,2026-04-06,AC0041,E012,Aurelius Japan,APAC,JPY,Continental Trust,Manual touch only,False,0
P003144,2026-04-06,AC0016,E004,Aurelius Canada,NA,CAD,Meridian Commercial,Neither priority cohort,False,0
P003232,2026-04-06,AC0022,E006,Aurelius Germany,EMEA,EUR,Meridian Commercial,Manual touch only,False,0
P003482,2026-04-06,AC0038,E011,Aurelius Australia,APAC,USD,Pacific Crown,Neither priority cohort,False,0
P003490,2026-04-06,AC0014,E004,Aurelius Canada,NA,CAD,Union Atlantic,Neither priority cohort,False,0
P003668,2026-04-06,AC0010,E003,Aurelius Wellness US,NA,USD,Union Atlantic,Manual touch only,False,0
P003975,2026-04-06,AC0001,E001,Aurelius Group Holdings,NA,USD,Union Atlantic,Neither priority cohort,True,22
P004087,2026-04-06,AC0007,E002,Aurelius Home US,NA,USD,Northbridge Bank,Neither priority cohort,False,0
P004510,2026-04-06,AC0017,E005,Aurelius UK,EMEA,GBP,Union Atlantic,Manual touch only,False,0
P004747,2026-04-06,AC0001,E001,Aurelius Group Holdings,NA,USD,Union Atlantic,Manual touch + cross-border wire,False,0
P004869,2026-04-06,AC0050,E015,Aurelius Hong Kong,APAC,HKD,Union Atlantic,Neither priority cohort,False,0
P004955,2026-04-06,AC0035,E010,Aurelius Singapore,APAC,SGD,Pacific Crown,Neither priority cohort,False,0
P004981,2026-04-06,AC0021,E006,Aurelius Germany,EMEA,EUR,Continental Trust,Manual touch only,False,0
P005132,2026-04-06,AC0038,E011,Aurelius Australia,APAC,USD,Pacific Crown,Neither priority cohort,False,0
P005154,2026-04-06,AC0043,E012,Aurelius Japan,APAC,JPY,Union Atlantic,Neither priority cohort,True,54
P005294,2026-04-06,AC0010,E003,Aurelius Wellness US,NA,USD,Union Atlantic,Neither priority cohort,False,0
P005295,2026-04-06,AC0044,E013,Aurelius Korea,APAC,KRW,Northbridge Bank,Neither priority cohort,False,0
P005296,2026-04-06,AC0042,E012,Aurelius Japan,APAC,USD,Union Atlantic,Manual touch only,True,30
P005422,2026-04-06,AC0046,E013,Aurelius Korea,APAC,KRW,Union Atlantic,Neither priority cohort,False,0
P005638,2026-04-06,AC0003,E001,Aurelius Group Holdings,NA,USD,Meridian Commercial,Neither priority cohort,False,0
P005740,2026-04-06,AC0042,E012,Aurelius Japan,APAC,USD,Union Atlantic,Neither priority cohort,False,0
P005820,2026-04-06,AC0050,E015,Aurelius Hong Kong,APAC,HKD,Union Atlantic,Neither priority cohort,False,0
P005829,2026-04-06,AC0044,E013,Aurelius Korea,APAC,KRW,Northbridge Bank,Neither priority cohort,False,0
P006261,2026-04-06,AC0017,E005,Aurelius UK,EMEA,GBP,Union Atlantic,Neither priority cohort,False,0
P006381,2026-04-06,AC0028,E008,Aurelius Netherlands,EMEA,EUR,Meridian Commercial,Neither priority cohort,False,0
P006433,2026-04-06,AC0034,E010,Aurelius Singapore,APAC,USD,Continental Trust,Manual touch only,False,0
P006541,2026-04-06,AC0032,E009,Aurelius Spain,EMEA,EUR,Northbridge Bank,Neither priority cohort,False,0
P006560,2026-04-06,AC0040,E011,Aurelius Australia,APAC,AUD,Continental Trust,Neither priority cohort,False,0
P006590,2026-04-06,AC0014,E004,Aurelius Canada,NA,CAD,Union Atlantic,Neither priority cohort,False,0
P006738,2026-04-06,AC0035,E010,Aurelius Singapore,APAC,SGD,Pacific Crown,Neither priority cohort,False,0
P006845,2026-04-06,AC0050,E015,Aurelius Hong Kong,APAC,HKD,Union Atlantic,Neither priority cohort,False,0
P006852,2026-04-06,AC0014,E004,Aurelius Canada,NA,CAD,Union Atlantic,Cross-border wire only,True,21
P006870,2026-04-06,AC0001,E001,Aurelius Group Holdings,NA,USD,Union Atlantic,Manual touch only,False,0
P006940,2026-04-06,AC0014,E004,Aurelius Canada,NA,CAD,Union Atlantic,Neither priority cohort,False,0
P007097,2026-04-06,AC0017,E005,Aurelius UK,EMEA,GBP,Union Atlantic,Manual touch only,False,0
P007128,2026-04-06,AC0014,E004,Aurelius Canada,NA,CAD,Union Atlantic,Neither priority cohort,False,0
P007172,2026-04-06,AC0041,E012,Aurelius Japan,APAC,JPY,Continental Trust,Neither priority cohort,False,0
P007358,2026-04-06,AC0028,E008,Aurelius Netherlands,EMEA,EUR,Meridian Commercial,Manual touch only,False,0
P007383,2026-04-06,AC0021,E006,Aurelius Germany,EMEA,EUR,Continental Trust,Manual touch only,False,0
P007385,2026-04-06,AC0031,E009,Aurelius Spain,EMEA,USD,Meridian Commercial,Manual touch only,False,0
P007522,2026-04-06,AC0001,E001,Aurelius Group Holdings,NA,USD,Union Atlantic,Manual touch only,False,0
P000036,2026-04-07,AC0005,E002,Aurelius Home US,NA,USD,Continental Trust,Neither priority cohort,False,0
P000089,2026-04-07,AC0001,E001,Aurelius Group Holdings,NA,USD,Union Atlantic,Manual touch only,False,0
P000525,2026-04-07,AC0018,E005,Aurelius UK,EMEA,GBP,Union Atlantic,Neither priority cohort,False,0
P000709,2026-04-07,AC0030,E008,Aurelius Netherlands,EMEA,USD,Pacific Crown,Neither priority cohort,False,0
P000792,2026-04-07,AC0014,E004,Aurelius Canada,NA,CAD,Union Atlantic,Neither priority cohort,False,0
P000973,2026-04-07,AC0010,E003,Aurelius Wellness US,NA,USD,Union Atlantic,Manual touch only,False,0
P001010,2026-04-07,AC0047,E014,Aurelius India,APAC,INR,Meridian Commercial,Neither priority cohort,False,0
P001160,2026-04-07,AC0031,E009,Aurelius Spain,EMEA,USD,Meridian Commercial,Neither priority cohort,False,0
P001285,2026-04-07,AC0053,E016,Aurelius Global Sourcing,APAC,USD,Pacific Crown,Manual touch only,False,0
P001484,2026-04-07,AC0031,E009,Aurelius Spain,EMEA,USD,Meridian Commercial,Neither priority cohort,False,0
P001789,2026-04-07,AC0019,E005,Aurelius UK,EMEA,GBP,Union Atlantic,Manual touch + cross-border wire,False,0
P001826,2026-04-07,AC0044,E013,Aurelius Korea,APAC,KRW,Northbridge Bank,Neither priority cohort,False,0
P002115,2026-04-07,AC0044,E013,Aurelius Korea,APAC,KRW,Northbridge Bank,Neither priority cohort,False,0
P002157,2026-04-07,AC0047,E014,Aurelius India,APAC,INR,Meridian Commercial,Neither priority cohort,False,0
P002253,2026-04-07,AC0025,E007,Aurelius France,EMEA,EUR,Meridian Commercial,Neither priority cohort,False,0
P002389,2026-04-07,AC0020,E005,Aurelius UK,EMEA,GBP,Meridian Commercial,Cross-border wire only,False,0
P002441,2026-04-07,AC0055,E016,Aurelius Global Sourcing,APAC,USD,Meridian Commercial,Manual touch only,False,0
P002562,2026-04-07,AC0053,E016,Aurelius Global Sourcing,APAC,USD,Pacific Crown,Neither priority cohort,False,0
P002639,2026-04-07,AC0041,E012,Aurelius Japan,APAC,JPY,Continental Trust,Neither priority cohort,False,0
P002644,2026-04-07,AC0030,E008,Aurelius Netherlands,EMEA,USD,Pacific Crown,Cross-border wire only,False,0
P002696,2026-04-07,AC0001,E001,Aurelius Group Holdings,NA,USD,Union Atlantic,Neither priority cohort,False,0
P002781,2026-04-07,AC0054,E016,Aurelius Global Sourcing,APAC,USD,Northbridge Bank,Neither priority cohort,False,0
P002862,2026-04-07,AC0021,E006,Aurelius Germany,EMEA,EUR,Continental Trust,Cross-border wire only,False,0
P002937,2026-04-07,AC0013,E003,Aurelius Wellness US,NA,USD,Union Atlantic,Neither priority cohort,False,0
P003096,2026-04-07,AC0019,E005,Aurelius UK,EMEA,GBP,Union Atlantic,Neither priority cohort,False,0
P003123,2026-04-07,AC0014,E004,Aurelius Canada,NA,CAD,Union Atlantic,Neither priority cohort,False,0
P003516,2026-04-07,AC0001,E001,Aurelius Group Holdings,NA,USD,Union Atlantic,Neither priority cohort,False,0
P003553,2026-04-07,AC0025,E007,Aurelius France,EMEA,EUR,Meridian Commercial,Neither priority cohort,False,0
P003767,2026-04-07,AC0027,E007,Aurelius France,EMEA,EUR,Pacific Crown,Neither priority cohort,False,0
P003945,2026-04-07,AC0050,E015,Aurelius Hong Kong,APAC,HKD,Union Atlantic,Manual touch only,False,0
P004052,2026-04-07,AC0042,E012,Aurelius Japan,APAC,USD,Union Atlantic,Neither priority cohort,False,0
P004081,2026-04-07,AC0025,E007,Aurelius France,EMEA,EUR,Meridian Commercial,Manual touch only,False,0
P004251,2026-04-07,AC0049,E014,Aurelius India,APAC,USD,Pacific Crown,Neither priority cohort,False,0
P004362,2026-04-07,AC0044,E013,Aurelius Korea,APAC,KRW,Northbridge Bank,Manual touch + cross-border wire,False,0
P004639,2026-04-07,AC0041,E012,Aurelius Japan,APAC,JPY,Continental Trust,Neither priority cohort,False,0
P004728,2026-04-07,AC0043,E012,Aurelius Japan,APAC,JPY,Union Atlantic,Manual touch only,False,0
P004819,2026-04-07,AC0005,E002,Aurelius Home US,NA,USD,Continental Trust,Neither priority cohort,False,0
P005032,2026-04-07,AC0012,E003,Aurelius Wellness US,NA,USD,Northbridge Bank,Neither priority cohort,False,0
P005082,2026-04-07,AC0051,E015,Aurelius Hong Kong,APAC,HKD,Pacific Crown,Manual touch only,False,0
P005351,2026-04-07,AC0021,E006,Aurelius Germany,EMEA,EUR,Continental Trust,Manual touch only,False,0
P005635,2026-04-07,AC0041,E012,Aurelius Japan,APAC,JPY,Continental Trust,Neither priority cohort,False,0
P005679,2026-04-07,AC0003,E001,Aurelius Group Holdings,NA,USD,Meridian Commercial,Neither priority cohort,False,0
P005855,2026-04-07,AC0010,E003,Aurelius Wellness US,NA,USD,Union Atlantic,Neither priority cohort,False,0
P005871,2026-04-07,AC0001,E001,Aurelius Group Holdings,NA,USD,Union Atlantic,Neither priority cohort,False,0
P005887,2026-04-07,AC0053,E016,Aurelius Global Sourcing,APAC,USD,Pacific Crown,Neither priority cohort,False,0
P005910,2026-04-07,AC0030,E008,Aurelius Netherlands,EMEA,USD,Pacific Crown,Neither priority cohort,False,0
P006130,2026-04-07,AC0017,E005,Aurelius UK,EMEA,GBP,Union Atlantic,Manual touch only,False,0
P006155,2026-04-07,AC0033,E009,Aurelius Spain,EMEA,EUR,Meridian Commercial,Neither priority cohort,False,0
P006188,2026-04-07,AC0026,E007,Aurelius France,EMEA,USD,Union Atlantic,Manual touch only,False,0
P006237,2026-04-07,AC0014,E004,Aurelius Canada,NA,CAD,Union Atlantic,Neither priority cohort,False,0
P006327,2026-04-07,AC0016,E004,Aurelius Canada,NA,CAD,Meridian Commercial,Manual touch only,False,0
P006385,2026-04-07,AC0050,E015,Aurelius Hong Kong,APAC,HKD,Union Atlantic,Manual touch only,False,0
P006527,2026-04-07,AC0043,E012,Aurelius Japan,APAC,JPY,Union Atlantic,Manual touch only,False,0
P006783,2026-04-07,AC0012,E003,Aurelius Wellness US,NA,USD,Northbridge Bank,Neither priority cohort,False,0
P006871,2026-04-07,AC0044,E013,Aurelius Korea,APAC,KRW,Northbridge Bank,Neither priority cohort,False,0
P006939,2026-04-07,AC0044,E013,Aurelius Korea,APAC,KRW,Northbridge Bank,Manual touch only,False,0
P006984,2026-04-07,AC0020,E005,Aurelius UK,EMEA,GBP,Meridian Commercial,Neither priority cohort,False,0
P007157,2026-04-07,AC0043,E012,Aurelius Japan,APAC,JPY,Union Atlantic,Neither priority cohort,False,0
P007178,2026-04-07,AC0040,E011,Aurelius Australia,APAC,AUD,Continental Trust,Neither priority cohort,False,0
P007263,2026-04-07,AC0005,E002,Aurelius Home US,NA,USD,Continental Trust,Neither priority cohort,False,0
P007277,2026-04-07,AC0010,E003,Aurelius Wellness US,NA,USD,Union Atlantic,Manual touch + cross-border wire,False,0
P007283,2026-04-07,AC0044,E013,Aurelius Korea,APAC,KRW,Northbridge Bank,Manual touch only,False,0
P007409,2026-04-07,AC0010,E003,Aurelius Wellness US,NA,USD,Union Atlantic,Neither priority cohort,False,0
P007519,2026-04-07,AC0034,E010,Aurelius Singapore,APAC,USD,Continental Trust,Manual touch only,False,0
P007542,2026-04-07,AC0021,E006,Aurelius Germany,EMEA,EUR,Continental Trust,Neither priority cohort,False,0
P007580,2026-04-07,AC0014,E004,Aurelius Canada,NA,CAD,Union Atlantic,Neither priority cohort,False,0
P000107,2026-04-08,AC0012,E003,Aurelius Wellness US,NA,USD,Northbridge Bank,Neither priority cohort,False,0
P000317,2026-04-08,AC0040,E011,Aurelius Australia,APAC,AUD,Continental Trust,Neither priority cohort,False,0
P000425,2026-04-08,AC0042,E012,Aurelius Japan,APAC,USD,Union Atlantic,Cross-border wire only,False,0
P000432,2026-04-08,AC0028,E008,Aurelius Netherlands,EMEA,EUR,Meridian Commercial,Neither priority cohort,False,0
P000607,2026-04-08,AC0001,E001,Aurelius Group Holdings,NA,USD,Union Atlantic,Manual touch only,False,0
P000719,2026-04-08,AC0007,E002,Aurelius Home US,NA,USD,Northbridge Bank,Neither priority cohort,False,0
P000806,2026-04-08,AC0002,E001,Aurelius Group Holdings,NA,USD,Pacific Crown,Neither priority cohort,False,0
P000852,2026-04-08,AC0028,E008,Aurelius Netherlands,EMEA,EUR,Meridian Commercial,Neither priority cohort,False,0
P000896,2026-04-08,AC0030,E008,Aurelius Netherlands,EMEA,USD,Pacific Crown,Neither priority cohort,False,0
P000970,2026-04-08,AC0031,E009,Aurelius Spain,EMEA,USD,Meridian Commercial,Neither priority cohort,False,0
P000990,2026-04-08,AC0038,E011,Aurelius Australia,APAC,USD,Pacific Crown,Cross-border wire only,False,0
P001087,2026-04-08,AC0021,E006,Aurelius Germany,EMEA,EUR,Continental Trust,Neither priority cohort,False,0
P001241,2026-04-08,AC0038,E011,Aurelius Australia,APAC,USD,Pacific Crown,Neither priority cohort,False,0
P001388,2026-04-08,AC0001,E001,Aurelius Group Holdings,NA,USD,Union Atlantic,Manual touch only,False,0
P001537,2026-04-08,AC0038,E011,Aurelius Australia,APAC,USD,Pacific Crown,Neither priority cohort,False,0
P001687,2026-04-08,AC0014,E004,Aurelius Canada,NA,CAD,Union Atlantic,Neither priority cohort,False,0
P001843,2026-04-08,AC0017,E005,Aurelius UK,EMEA,GBP,Union Atlantic,Neither priority cohort,False,0
P001901,2026-04-08,AC0014,E004,Aurelius Canada,NA,CAD,Union Atlantic,Manual touch only,False,0
P002010,2026-04-08,AC0025,E007,Aurelius France,EMEA,EUR,Meridian Commercial,Neither priority cohort,False,0
P002088,2026-04-08,AC0046,E013,Aurelius Korea,APAC,KRW,Union Atlantic,Manual touch only,False,0
P002553,2026-04-08,AC0005,E002,Aurelius Home US,NA,USD,Continental Trust,Neither priority cohort,False,0
P002713,2026-04-08,AC0001,E001,Aurelius Group Holdings,NA,USD,Union Atlantic,Manual touch only,False,0
P003097,2026-04-08,AC0013,E003,Aurelius Wellness US,NA,USD,Union Atlantic,Neither priority cohort,False,0
P003117,2026-04-08,AC0021,E006,Aurelius Germany,EMEA,EUR,Continental Trust,Manual touch only,False,0
P003216,2026-04-08,AC0038,E011,Aurelius Australia,APAC,USD,Pacific Crown,Neither priority cohort,False,0
P003416,2026-04-08,AC0043,E012,Aurelius Japan,APAC,JPY,Union Atlantic,Manual touch only,False,0
P003432,2026-04-08,AC0034,E010,Aurelius Singapore,APAC,USD,Continental Trust,Neither priority cohort,False,0
P003513,2026-04-08,AC0053,E016,Aurelius Global Sourcing,APAC,USD,Pacific Crown,Neither priority cohort,False,0
P003803,2026-04-08,AC0014,E004,Aurelius Canada,NA,CAD,Union Atlantic,Neither priority cohort,False,0
P003876,2026-04-08,AC0014,E004,Aurelius Canada,NA,CAD,Union Atlantic,Neither priority cohort,False,0
P004014,2026-04-08,AC0010,E003,Aurelius Wellness US,NA,USD,Union Atlantic,Neither priority cohort,False,0
P004245,2026-04-08,AC0028,E008,Aurelius Netherlands,EMEA,EUR,Meridian Commercial,Neither priority cohort,False,0
P004294,2026-04-08,AC0017,E005,Aurelius UK,EMEA,GBP,Union Atlantic,Neither priority cohort,False,0
P004381,2026-04-08,AC0027,E007,Aurelius France,EMEA,EUR,Pacific Crown,Neither priority cohort,False,0
P004392,2026-04-08,AC0017,E005,Aurelius UK,EMEA,GBP,Union Atlantic,Manual touch only,True,68
P004406,2026-04-08,AC0028,E008,Aurelius Netherlands,EMEA,EUR,Meridian Commercial,Neither priority cohort,False,0
P004767,2026-04-08,AC0014,E004,Aurelius Canada,NA,CAD,Union Atlantic,Neither priority cohort,False,0
P004926,2026-04-08,AC0022,E006,Aurelius Germany,EMEA,EUR,Meridian Commercial,Cross-border wire only,False,0
P005008,2026-04-08,AC0050,E015,Aurelius Hong Kong,APAC,HKD,Union Atlantic,Neither priority cohort,False,0
P005072,2026-04-08,AC0039,E011,Aurelius Australia,APAC,AUD,Continental Trust,Neither priority cohort,False,0
P005202,2026-04-08,AC0021,E006,Aurelius Germany,EMEA,EUR,Continental Trust,Neither priority cohort,False,0
P005248,2026-04-08,AC0047,E014,Aurelius India,APAC,INR,Meridian Commercial,Neither priority cohort,False,0
P005288,2026-04-08,AC0025,E007,Aurelius France,EMEA,EUR,Meridian Commercial,Neither priority cohort,False,0
P005508,2026-04-08,AC0050,E015,Aurelius Hong Kong,APAC,HKD,Union Atlantic,Manual touch only,False,0
P005582,2026-04-08,AC0031,E009,Aurelius Spain,EMEA,USD,Meridian Commercial,Manual touch + cross-border wire,True,19
P005675,2026-04-08,AC0025,E007,Aurelius France,EMEA,EUR,Meridian Commercial,Neither priority cohort,False,0
P005950,2026-04-08,AC0012,E003,Aurelius Wellness US,NA,USD,Northbridge Bank,Neither priority cohort,False,0
P006057,2026-04-08,AC0017,E005,Aurelius UK,EMEA,GBP,Union Atlantic,Neither priority cohort,False,0
P006146,2026-04-08,AC0017,E005,Aurelius UK,EMEA,GBP,Union Atlantic,Neither priority cohort,False,0
P006545,2026-04-08,AC0031,E009,Aurelius Spain,EMEA,USD,Meridian Commercial,Manual touch only,False,0
P006609,2026-04-08,AC0025,E007,Aurelius France,EMEA,EUR,Meridian Commercial,Neither priority cohort,False,0
P006652,2026-04-08,AC0023,E006,Aurelius Germany,EMEA,EUR,Northbridge Bank,Neither priority cohort,False,0
P006683,2026-04-08,AC0005,E002,Aurelius Home US,NA,USD,Continental Trust,Neither priority cohort,False,0
P006728,2026-04-08,AC0010,E003,Aurelius Wellness US,NA,USD,Union Atlantic,Manual touch only,False,0
P006777,2026-04-08,AC0016,E004,Aurelius Canada,NA,CAD,Meridian Commercial,Neither priority cohort,False,0
P006881,2026-04-08,AC0050,E015,Aurelius Hong Kong,APAC,HKD,Union Atlantic,Neither priority cohort,False,0
P006968,2026-04-08,AC0001,E001,Aurelius Group Holdings,NA,USD,Union Atlantic,Neither priority cohort,False,0
P007118,2026-04-08,AC0019,E005,Aurelius UK,EMEA,GBP,Union Atlantic,Neither priority cohort,False,0
P007491,2026-04-08,AC0001,E001,Aurelius Group Holdings,NA,USD,Union Atlantic,Neither priority cohort,False,0
P000058,2026-04-09,AC0050,E015,Aurelius Hong Kong,APAC,HKD,Union Atlantic,Manual touch only,False,0
P000789,2026-04-09,AC0017,E005,Aurelius UK,EMEA,GBP,Union Atlantic,Manual touch only,False,0
P000836,2026-04-09,AC0021,E006,Aurelius Germany,EMEA,EUR,Continental Trust,Manual touch only,False,0
P000911,2026-04-09,AC0017,E005,Aurelius UK,EMEA,GBP,Union Atlantic,Neither priority cohort,False,0
P000912,2026-04-09,AC0021,E006,Aurelius Germany,EMEA,EUR,Continental Trust,Neither priority cohort,False,0
P000985,2026-04-09,AC0001,E001,Aurelius Group Holdings,NA,USD,Union Atlantic,Neither priority cohort,False,0
P001268,2026-04-09,AC0053,E016,Aurelius Global Sourcing,APAC,USD,Pacific Crown,Cross-border wire only,True,23
P001361,2026-04-09,AC0018,E005,Aurelius UK,EMEA,GBP,Union Atlantic,Neither priority cohort,False,0
P001399,2026-04-09,AC0044,E013,Aurelius Korea,APAC,KRW,Northbridge Bank,Neither priority cohort,False,0
P001739,2026-04-09,AC0028,E008,Aurelius Netherlands,EMEA,EUR,Meridian Commercial,Neither priority cohort,False,0
P002001,2026-04-09,AC0041,E012,Aurelius Japan,APAC,JPY,Continental Trust,Neither priority cohort,False,0
P002191,2026-04-09,AC0005,E002,Aurelius Home US,NA,USD,Continental Trust,Cross-border wire only,False,0
P002416,2026-04-09,AC0033,E009,Aurelius Spain,EMEA,EUR,Meridian Commercial,Manual touch only,False,0
P002538,2026-04-09,AC0032,E009,Aurelius Spain,EMEA,EUR,Northbridge Bank,Neither priority cohort,False,0
P002620,2026-04-09,AC0050,E015,Aurelius Hong Kong,APAC,HKD,Union Atlantic,Manual touch only,False,0
P002706,2026-04-09,AC0014,E004,Aurelius Canada,NA,CAD,Union Atlantic,Neither priority cohort,False,0
P002854,2026-04-09,AC0038,E011,Aurelius Australia,APAC,USD,Pacific Crown,Neither priority cohort,False,0
P002888,2026-04-09,AC0025,E007,Aurelius France,EMEA,EUR,Meridian Commercial,Neither priority cohort,False,0
P003032,2026-04-09,AC0010,E003,Aurelius Wellness US,NA,USD,Union Atlantic,Neither priority cohort,False,0
P003259,2026-04-09,AC0050,E015,Aurelius Hong Kong,APAC,HKD,Union Atlantic,Manual touch only,False,0
P003278,2026-04-09,AC0025,E007,Aurelius France,EMEA,EUR,Meridian Commercial,Manual touch + cross-border wire,True,74
P003479,2026-04-09,AC0040,E011,Aurelius Australia,APAC,AUD,Continental Trust,Manual touch only,True,34
P003620,2026-04-09,AC0022,E006,Aurelius Germany,EMEA,EUR,Meridian Commercial,Manual touch only,False,0
P003631,2026-04-09,AC0032,E009,Aurelius Spain,EMEA,EUR,Northbridge Bank,Manual touch + cross-border wire,False,0
P003652,2026-04-09,AC0010,E003,Aurelius Wellness US,NA,USD,Union Atlantic,Neither priority cohort,False,0
P003753,2026-04-09,AC0025,E007,Aurelius France,EMEA,EUR,Meridian Commercial,Manual touch + cross-border wire,False,0
P004006,2026-04-09,AC0027,E007,Aurelius France,EMEA,EUR,Pacific Crown,Manual touch only,False,0
P004039,2026-04-09,AC0041,E012,Aurelius Japan,APAC,JPY,Continental Trust,Cross-border wire only,False,0
P004293,2026-04-09,AC0005,E002,Aurelius Home US,NA,USD,Continental Trust,Neither priority cohort,False,0
P004313,2026-04-09,AC0031,E009,Aurelius Spain,EMEA,USD,Meridian Commercial,Manual touch only,False,0
P004477,2026-04-09,AC0010,E003,Aurelius Wellness US,NA,USD,Union Atlantic,Neither priority cohort,False,0
P004478,2026-04-09,AC0023,E006,Aurelius Germany,EMEA,EUR,Northbridge Bank,Neither priority cohort,False,0
P004612,2026-04-09,AC0025,E007,Aurelius France,EMEA,EUR,Meridian Commercial,Neither priority cohort,False,0
P004937,2026-04-09,AC0047,E014,Aurelius India,APAC,INR,Meridian Commercial,Neither priority cohort,False,0
P004977,2026-04-09,AC0031,E009,Aurelius Spain,EMEA,USD,Meridian Commercial,Neither priority cohort,False,0
P004984,2026-04-09,AC0036,E010,Aurelius Singapore,APAC,SGD,Continental Trust,Neither priority cohort,False,0
P005078,2026-04-09,AC0010,E003,Aurelius Wellness US,NA,USD,Union Atlantic,Neither priority cohort,False,0
P005135,2026-04-09,AC0001,E001,Aurelius Group Holdings,NA,USD,Union Atlantic,Neither priority cohort,False,0
P005270,2026-04-09,AC0041,E012,Aurelius Japan,APAC,JPY,Continental Trust,Neither priority cohort,False,0
P005419,2026-04-09,AC0014,E004,Aurelius Canada,NA,CAD,Union Atlantic,Manual touch + cross-border wire,False,0
P005432,2026-04-09,AC0031,E009,Aurelius Spain,EMEA,USD,Meridian Commercial,Neither priority cohort,False,0
P005448,2026-04-09,AC0055,E016,Aurelius Global Sourcing,APAC,USD,Meridian Commercial,Neither priority cohort,False,0
P005513,2026-04-09,AC0028,E008,Aurelius Netherlands,EMEA,EUR,Meridian Commercial,Neither priority cohort,True,23
P005525,2026-04-09,AC0005,E002,Aurelius Home US,NA,USD,Continental Trust,Neither priority cohort,False,0
P005647,2026-04-09,AC0005,E002,Aurelius Home US,NA,USD,Continental Trust,Neither priority cohort,False,0
P005705,2026-04-09,AC0041,E012,Aurelius Japan,APAC,JPY,Continental Trust,Neither priority cohort,True,46
P005881,2026-04-09,AC0044,E013,Aurelius Korea,APAC,KRW,Northbridge Bank,Manual touch only,False,0
P005981,2026-04-09,AC0025,E007,Aurelius France,EMEA,EUR,Meridian Commercial,Neither priority cohort,False,0
P005984,2026-04-09,AC0001,E001,Aurelius Group Holdings,NA,USD,Union Atlantic,Neither priority cohort,False,0
P006229,2026-04-09,AC0038,E011,Aurelius Australia,APAC,USD,Pacific Crown,Neither priority cohort,False,0
P006377,2026-04-09,AC0044,E013,Aurelius Korea,APAC,KRW,Northbridge Bank,Cross-border wire only,False,0
P006450,2026-04-09,AC0035,E010,Aurelius Singapore,APAC,SGD,Pacific Crown,Cross-border wire only,False,0
P006498,2026-04-09,AC0031,E009,Aurelius Spain,EMEA,USD,Meridian Commercial,Neither priority cohort,False,0
P006776,2026-04-09,AC0040,E011,Aurelius Australia,APAC,AUD,Continental Trust,Cross-border wire only,False,0
P006910,2026-04-09,AC0038,E011,Aurelius Australia,APAC,USD,Pacific Crown,Neither priority cohort,False,0
P007537,2026-04-09,AC0028,E008,Aurelius Netherlands,EMEA,EUR,Meridian Commercial,Cross-border wire only,True,50
P000174,2026-04-10,AC0016,E004,Aurelius Canada,NA,CAD,Meridian Commercial,Manual touch only,False,0
P000326,2026-04-10,AC0005,E002,Aurelius Home US,NA,USD,Continental Trust,Neither priority cohort,False,0
P000497,2026-04-10,AC0018,E005,Aurelius UK,EMEA,GBP,Union Atlantic,Neither priority cohort,False,0
P001048,2026-04-10,AC0017,E005,Aurelius UK,EMEA,GBP,Union Atlantic,Manual touch only,False,0
P001053,2026-04-10,AC0027,E007,Aurelius France,EMEA,EUR,Pacific Crown,Manual touch only,False,0
P001847,2026-04-10,AC0012,E003,Aurelius Wellness US,NA,USD,Northbridge Bank,Cross-border wire only,False,0
P001959,2026-04-10,AC0026,E007,Aurelius France,EMEA,USD,Union Atlantic,Manual touch only,False,0
P002093,2026-04-10,AC0001,E001,Aurelius Group Holdings,NA,USD,Union Atlantic,Manual touch only,False,0
P002252,2026-04-10,AC0041,E012,Aurelius Japan,APAC,JPY,Continental Trust,Neither priority cohort,False,0
P002282,2026-04-10,AC0021,E006,Aurelius Germany,EMEA,EUR,Continental Trust,Manual touch + cross-border wire,False,0
P002288,2026-04-10,AC0055,E016,Aurelius Global Sourcing,APAC,USD,Meridian Commercial,Manual touch only,False,0
P002532,2026-04-10,AC0005,E002,Aurelius Home US,NA,USD,Continental Trust,Manual touch only,False,0
P002766,2026-04-10,AC0041,E012,Aurelius Japan,APAC,JPY,Continental Trust,Neither priority cohort,False,0
P002857,2026-04-10,AC0031,E009,Aurelius Spain,EMEA,USD,Meridian Commercial,Manual touch only,False,0
P002889,2026-04-10,AC0047,E014,Aurelius India,APAC,INR,Meridian Commercial,Manual touch + cross-border wire,False,0
P002929,2026-04-10,AC0022,E006,Aurelius Germany,EMEA,EUR,Meridian Commercial,Neither priority cohort,False,0
P003140,2026-04-10,AC0041,E012,Aurelius Japan,APAC,JPY,Continental Trust,Manual touch only,False,0
P003335,2026-04-10,AC0031,E009,Aurelius Spain,EMEA,USD,Meridian Commercial,Neither priority cohort,False,0
P003550,2026-04-10,AC0044,E013,Aurelius Korea,APAC,KRW,Northbridge Bank,Neither priority cohort,False,0
P003695,2026-04-10,AC0017,E005,Aurelius UK,EMEA,GBP,Union Atlantic,Neither priority cohort,False,0
P003748,2026-04-10,AC0038,E011,Aurelius Australia,APAC,USD,Pacific Crown,Manual touch only,False,0
P003786,2026-04-10,AC0047,E014,Aurelius India,APAC,INR,Meridian Commercial,Manual touch only,True,15
P003802,2026-04-10,AC0008,E002,Aurelius Home US,NA,USD,Pacific Crown,Neither priority cohort,False,0
P003812,2026-04-10,AC0025,E007,Aurelius France,EMEA,EUR,Meridian Commercial,Manual touch only,False,0
P004173,2026-04-10,AC0051,E015,Aurelius Hong Kong,APAC,HKD,Pacific Crown,Neither priority cohort,False,0
P004349,2026-04-10,AC0052,E015,Aurelius Hong Kong,APAC,HKD,Continental Trust,Manual touch + cross-border wire,False,0
P004533,2026-04-10,AC0034,E010,Aurelius Singapore,APAC,USD,Continental Trust,Neither priority cohort,False,0
P004550,2026-04-10,AC0054,E016,Aurelius Global Sourcing,APAC,USD,Northbridge Bank,Neither priority cohort,False,0
P004589,2026-04-10,AC0021,E006,Aurelius Germany,EMEA,EUR,Continental Trust,Neither priority cohort,False,0
P004641,2026-04-10,AC0008,E002,Aurelius Home US,NA,USD,Pacific Crown,Neither priority cohort,False,0
P004709,2026-04-10,AC0031,E009,Aurelius Spain,EMEA,USD,Meridian Commercial,Manual touch only,False,0
P004736,2026-04-10,AC0040,E011,Aurelius Australia,APAC,AUD,Continental Trust,Neither priority cohort,False,0
P004831,2026-04-10,AC0049,E014,Aurelius India,APAC,USD,Pacific Crown,Neither priority cohort,False,0
P004892,2026-04-10,AC0025,E007,Aurelius France,EMEA,EUR,Meridian Commercial,Neither priority cohort,False,0
P005227,2026-04-10,AC0038,E011,Aurelius Australia,APAC,USD,Pacific Crown,Neither priority cohort,False,0
P005455,2026-04-10,AC0022,E006,Aurelius Germany,EMEA,EUR,Meridian Commercial,Manual touch only,False,0
P005670,2026-04-10,AC0001,E001,Aurelius Group Holdings,NA,USD,Union Atlantic,Neither priority cohort,False,0
P005762,2026-04-10,AC0028,E008,Aurelius Netherlands,EMEA,EUR,Meridian Commercial,Manual touch only,False,0
P005806,2026-04-10,AC0034,E010,Aurelius Singapore,APAC,USD,Continental Trust,Manual touch only,False,0
P005856,2026-04-10,AC0053,E016,Aurelius Global Sourcing,APAC,USD,Pacific Crown,Neither priority cohort,False,0
P005872,2026-04-10,AC0010,E003,Aurelius Wellness US,NA,USD,Union Atlantic,Neither priority cohort,False,0
P005911,2026-04-10,AC0050,E015,Aurelius Hong Kong,APAC,HKD,Union Atlantic,Manual touch only,True,18
P005978,2026-04-10,AC0050,E015,Aurelius Hong Kong,APAC,HKD,Union Atlantic,Neither priority cohort,False,0
P005996,2026-04-10,AC0005,E002,Aurelius Home US,NA,USD,Continental Trust,Neither priority cohort,False,0
P006024,2026-04-10,AC0049,E014,Aurelius India,APAC,USD,Pacific Crown,Cross-border wire only,False,0
P006065,2026-04-10,AC0049,E014,Aurelius India,APAC,USD,Pacific Crown,Neither priority cohort,False,0
P006101,2026-04-10,AC0031,E009,Aurelius Spain,EMEA,USD,Meridian Commercial,Neither priority cohort,False,0
P006166,2026-04-10,AC0005,E002,Aurelius Home US,NA,USD,Continental Trust,Neither priority cohort,False,0
P006295,2026-04-10,AC0010,E003,Aurelius Wellness US,NA,USD,Union Atlantic,Manual touch + cross-border wire,True,16
P006352,2026-04-10,AC0044,E013,Aurelius Korea,APAC,KRW,Northbridge Bank,Cross-border wire only,False,0
P006355,2026-04-10,AC0017,E005,Aurelius UK,EMEA,GBP,Union Atlantic,Neither priority cohort,False,0
P007478,2026-04-10,AC0033,E009,Aurelius Spain,EMEA,EUR,Meridian Commercial,Neither priority cohort,False,0
P000476,2026-04-13,AC0055,E016,Aurelius Global Sourcing,APAC,USD,Meridian Commercial,Neither priority cohort,False,0
P000615,2026-04-13,AC0012,E003,Aurelius Wellness US,NA,USD,Northbridge Bank,Neither priority cohort,False,0
P000622,2026-04-13,AC0021,E006,Aurelius Germany,EMEA,EUR,Continental Trust,Neither priority cohort,False,0
P000791,2026-04-13,AC0011,E003,Aurelius Wellness US,NA,USD,Continental Trust,Neither priority cohort,False,0
P000799,2026-04-13,AC0028,E008,Aurelius Netherlands,EMEA,EUR,Meridian Commercial,Neither priority cohort,False,0
P000891,2026-04-13,AC0018,E005,Aurelius UK,EMEA,GBP,Union Atlantic,Manual touch only,False,0
P001016,2026-04-13,AC0010,E003,Aurelius Wellness US,NA,USD,Union Atlantic,Manual touch only,True,16
P001028,2026-04-13,AC0010,E003,Aurelius Wellness US,NA,USD,Union Atlantic,Neither priority cohort,False,0
P001091,2026-04-13,AC0055,E016,Aurelius Global Sourcing,APAC,USD,Meridian Commercial,Neither priority cohort,False,0
P001103,2026-04-13,AC0025,E007,Aurelius France,EMEA,EUR,Meridian Commercial,Manual touch only,False,0
P001192,2026-04-13,AC0018,E005,Aurelius UK,EMEA,GBP,Union Atlantic,Manual touch only,False,0
P001766,2026-04-13,AC0038,E011,Aurelius Australia,APAC,USD,Pacific Crown,Manual touch only,True,17
P001784,2026-04-13,AC0039,E011,Aurelius Australia,APAC,AUD,Continental Trust,Neither priority cohort,False,0
P001790,2026-04-13,AC0031,E009,Aurelius Spain,EMEA,USD,Meridian Commercial,Manual touch only,False,0
P002018,2026-04-13,AC0038,E011,Aurelius Australia,APAC,USD,Pacific Crown,Manual touch only,True,38
P002169,2026-04-13,AC0006,E002,Aurelius Home US,NA,USD,Pacific Crown,Neither priority cohort,False,0
P002293,2026-04-13,AC0028,E008,Aurelius Netherlands,EMEA,EUR,Meridian Commercial,Neither priority cohort,False,0
P002525,2026-04-13,AC0025,E007,Aurelius France,EMEA,EUR,Meridian Commercial,Neither priority cohort,False,0
P002560,2026-04-13,AC0021,E006,Aurelius Germany,EMEA,EUR,Continental Trust,Neither priority cohort,False,0
P002655,2026-04-13,AC0021,E006,Aurelius Germany,EMEA,EUR,Continental Trust,Neither priority cohort,False,0
P003104,2026-04-13,AC0014,E004,Aurelius Canada,NA,CAD,Union Atlantic,Cross-border wire only,False,0
P003370,2026-04-13,AC0008,E002,Aurelius Home US,NA,USD,Pacific Crown,Manual touch + cross-border wire,False,0
P003548,2026-04-13,AC0017,E005,Aurelius UK,EMEA,GBP,Union Atlantic,Neither priority cohort,False,0
P003618,2026-04-13,AC0011,E003,Aurelius Wellness US,NA,USD,Continental Trust,Manual touch only,False,0
P003623,2026-04-13,AC0022,E006,Aurelius Germany,EMEA,EUR,Meridian Commercial,Neither priority cohort,False,0
P003825,2026-04-13,AC0014,E004,Aurelius Canada,NA,CAD,Union Atlantic,Neither priority cohort,False,0
P003910,2026-04-13,AC0001,E001,Aurelius Group Holdings,NA,USD,Union Atlantic,Manual touch only,False,0
P003991,2026-04-13,AC0031,E009,Aurelius Spain,EMEA,USD,Meridian Commercial,Neither priority cohort,False,0
P004129,2026-04-13,AC0053,E016,Aurelius Global Sourcing,APAC,USD,Pacific Crown,Manual touch only,False,0
P004141,2026-04-13,AC0003,E001,Aurelius Group Holdings,NA,USD,Meridian Commercial,Manual touch only,False,0
P004270,2026-04-13,AC0032,E009,Aurelius Spain,EMEA,EUR,Northbridge Bank,Neither priority cohort,False,0
P004561,2026-04-13,AC0031,E009,Aurelius Spain,EMEA,USD,Meridian Commercial,Neither priority cohort,False,0
P004867,2026-04-13,AC0016,E004,Aurelius Canada,NA,CAD,Meridian Commercial,Neither priority cohort,False,0
P004924,2026-04-13,AC0053,E016,Aurelius Global Sourcing,APAC,USD,Pacific Crown,Manual touch only,False,0
P004958,2026-04-13,AC0010,E003,Aurelius Wellness US,NA,USD,Union Atlantic,Neither priority cohort,False,0
P005174,2026-04-13,AC0038,E011,Aurelius Australia,APAC,USD,Pacific Crown,Manual touch + cross-border wire,False,0
P005175,2026-04-13,AC0019,E005,Aurelius UK,EMEA,GBP,Union Atlantic,Cross-border wire only,False,0
P005246,2026-04-13,AC0047,E014,Aurelius India,APAC,INR,Meridian Commercial,Manual touch only,False,0
P005328,2026-04-13,AC0019,E005,Aurelius UK,EMEA,GBP,Union Atlantic,Neither priority cohort,False,0
P005337,2026-04-13,AC0031,E009,Aurelius Spain,EMEA,USD,Meridian Commercial,Manual touch only,False,0
P005424,2026-04-13,AC0047,E014,Aurelius India,APAC,INR,Meridian Commercial,Manual touch only,False,0
P005683,2026-04-13,AC0021,E006,Aurelius Germany,EMEA,EUR,Continental Trust,Neither priority cohort,False,0
P005773,2026-04-13,AC0043,E012,Aurelius Japan,APAC,JPY,Union Atlantic,Manual touch only,True,53
P005857,2026-04-13,AC0001,E001,Aurelius Group Holdings,NA,USD,Union Atlantic,Manual touch + cross-border wire,True,56
P006078,2026-04-13,AC0021,E006,Aurelius Germany,EMEA,EUR,Continental Trust,Neither priority cohort,False,0
P006136,2026-04-13,AC0039,E011,Aurelius Australia,APAC,AUD,Continental Trust,Neither priority cohort,False,0
P006285,2026-04-13,AC0040,E011,Aurelius Australia,APAC,AUD,Continental Trust,Manual touch + cross-border wire,False,0
P006303,2026-04-13,AC0005,E002,Aurelius Home US,NA,USD,Continental Trust,Neither priority cohort,False,0
P006336,2026-04-13,AC0053,E016,Aurelius Global Sourcing,APAC,USD,Pacific Crown,Manual touch only,False,0
P006426,2026-04-13,AC0052,E015,Aurelius Hong Kong,APAC,HKD,Continental Trust,Neither priority cohort,False,0
P006576,2026-04-13,AC0019,E005,Aurelius UK,EMEA,GBP,Union Atlantic,Cross-border wire only,False,0
P006904,2026-04-13,AC0023,E006,Aurelius Germany,EMEA,EUR,Northbridge Bank,Neither priority cohort,False,0
P006980,2026-04-13,AC0041,E012,Aurelius Japan,APAC,JPY,Continental Trust,Neither priority cohort,False,0
P007043,2026-04-13,AC0005,E002,Aurelius Home US,NA,USD,Continental Trust,Manual touch only,False,0
P007130,2026-04-13,AC0046,E013,Aurelius Korea,APAC,KRW,Union Atlantic,Manual touch only,False,0
P007192,2026-04-13,AC0001,E001,Aurelius Group Holdings,NA,USD,Union Atlantic,Neither priority cohort,True,40
P007297,2026-04-13,AC0044,E013,Aurelius Korea,APAC,KRW,Northbridge Bank,Neither priority cohort,False,0
P007489,2026-04-13,AC0021,E006,Aurelius Germany,EMEA,EUR,Continental Trust,Manual touch only,False,0
P000063,2026-04-14,AC0021,E006,Aurelius Germany,EMEA,EUR,Continental Trust,Neither priority cohort,False,0
P000100,2026-04-14,AC0040,E011,Aurelius Australia,APAC,AUD,Continental Trust,Cross-border wire only,False,0
P000139,2026-04-14,AC0033,E009,Aurelius Spain,EMEA,EUR,Meridian Commercial,Manual touch + cross-border wire,True,45
P000227,2026-04-14,AC0025,E007,Aurelius France,EMEA,EUR,Meridian Commercial,Cross-border wire only,False,0
P000382,2026-04-14,AC0025,E007,Aurelius France,EMEA,EUR,Meridian Commercial,Manual touch only,False,0
P000454,2026-04-14,AC0041,E012,Aurelius Japan,APAC,JPY,Continental Trust,Neither priority cohort,False,0
P000492,2026-04-14,AC0007,E002,Aurelius Home US,NA,USD,Northbridge Bank,Neither priority cohort,False,0
P000618,2026-04-14,AC0014,E004,Aurelius Canada,NA,CAD,Union Atlantic,Neither priority cohort,False,0
P000954,2026-04-14,AC0047,E014,Aurelius India,APAC,INR,Meridian Commercial,Neither priority cohort,False,0
P000967,2026-04-14,AC0005,E002,Aurelius Home US,NA,USD,Continental Trust,Cross-border wire only,False,0
P001318,2026-04-14,AC0031,E009,Aurelius Spain,EMEA,USD,Meridian Commercial,Manual touch only,False,0
P001504,2026-04-14,AC0036,E010,Aurelius Singapore,APAC,SGD,Continental Trust,Neither priority cohort,False,0
P001752,2026-04-14,AC0014,E004,Aurelius Canada,NA,CAD,Union Atlantic,Manual touch only,True,72
P001786,2026-04-14,AC0054,E016,Aurelius Global Sourcing,APAC,USD,Northbridge Bank,Neither priority cohort,False,0
P001946,2026-04-14,AC0011,E003,Aurelius Wellness US,NA,USD,Continental Trust,Neither priority cohort,False,0
P002020,2026-04-14,AC0038,E011,Aurelius Australia,APAC,USD,Pacific Crown,Cross-border wire only,False,0
P002027,2026-04-14,AC0047,E014,Aurelius India,APAC,INR,Meridian Commercial,Neither priority cohort,False,0
P002048,2026-04-14,AC0002,E001,Aurelius Group Holdings,NA,USD,Pacific Crown,Manual touch only,False,0
P002052,2026-04-14,AC0030,E008,Aurelius Netherlands,EMEA,USD,Pacific Crown,Neither priority cohort,False,0
P002285,2026-04-14,AC0044,E013,Aurelius Korea,APAC,KRW,Northbridge Bank,Neither priority cohort,False,0
P002333,2026-04-14,AC0020,E005,Aurelius UK,EMEA,GBP,Meridian Commercial,Manual touch only,False,0
P002395,2026-04-14,AC0033,E009,Aurelius Spain,EMEA,EUR,Meridian Commercial,Manual touch only,False,0
P002426,2026-04-14,AC0046,E013,Aurelius Korea,APAC,KRW,Union Atlantic,Manual touch only,False,0
P002551,2026-04-14,AC0053,E016,Aurelius Global Sourcing,APAC,USD,Pacific Crown,Neither priority cohort,False,0
P002878,2026-04-14,AC0023,E006,Aurelius Germany,EMEA,EUR,Northbridge Bank,Neither priority cohort,False,0
P002886,2026-04-14,AC0053,E016,Aurelius Global Sourcing,APAC,USD,Pacific Crown,Neither priority cohort,False,0
P002914,2026-04-14,AC0034,E010,Aurelius Singapore,APAC,USD,Continental Trust,Neither priority cohort,False,0
P002954,2026-04-14,AC0005,E002,Aurelius Home US,NA,USD,Continental Trust,Neither priority cohort,False,0
P002989,2026-04-14,AC0031,E009,Aurelius Spain,EMEA,USD,Meridian Commercial,Neither priority cohort,False,0
P003128,2026-04-14,AC0020,E005,Aurelius UK,EMEA,GBP,Meridian Commercial,Neither priority cohort,False,0
P003356,2026-04-14,AC0028,E008,Aurelius Netherlands,EMEA,EUR,Meridian Commercial,Neither priority cohort,False,0
P003515,2026-04-14,AC0010,E003,Aurelius Wellness US,NA,USD,Union Atlantic,Manual touch + cross-border wire,True,49
P003809,2026-04-14,AC0041,E012,Aurelius Japan,APAC,JPY,Continental Trust,Neither priority cohort,False,0
P003896,2026-04-14,AC0028,E008,Aurelius Netherlands,EMEA,EUR,Meridian Commercial,Neither priority cohort,False,0
P004026,2026-04-14,AC0050,E015,Aurelius Hong Kong,APAC,HKD,Union Atlantic,Manual touch only,True,66
P004205,2026-04-14,AC0012,E003,Aurelius Wellness US,NA,USD,Northbridge Bank,Neither priority cohort,True,33
P004230,2026-04-14,AC0010,E003,Aurelius Wellness US,NA,USD,Union Atlantic,Neither priority cohort,False,0
P004470,2026-04-14,AC0001,E001,Aurelius Group Holdings,NA,USD,Union Atlantic,Manual touch only,False,0
P004850,2026-04-14,AC0001,E001,Aurelius Group Holdings,NA,USD,Union Atlantic,Manual touch only,False,0
P004853,2026-04-14,AC0012,E003,Aurelius Wellness US,NA,USD,Northbridge Bank,Manual touch only,False,0
P004909,2026-04-14,AC0005,E002,Aurelius Home US,NA,USD,Continental Trust,Neither priority cohort,False,0
P005016,2026-04-14,AC0016,E004,Aurelius Canada,NA,CAD,Meridian Commercial,Neither priority cohort,False,0
P005118,2026-04-14,AC0014,E004,Aurelius Canada,NA,CAD,Union Atlantic,Neither priority cohort,False,0
P005279,2026-04-14,AC0035,E010,Aurelius Singapore,APAC,SGD,Pacific Crown,Manual touch only,True,62
P005458,2026-04-14,AC0046,E013,Aurelius Korea,APAC,KRW,Union Atlantic,Manual touch only,False,0
P005536,2026-04-14,AC0036,E010,Aurelius Singapore,APAC,SGD,Continental Trust,Neither priority cohort,False,0
P005554,2026-04-14,AC0010,E003,Aurelius Wellness US,NA,USD,Union Atlantic,Manual touch only,False,0
P005578,2026-04-14,AC0034,E010,Aurelius Singapore,APAC,USD,Continental Trust,Neither priority cohort,False,0
P005597,2026-04-14,AC0014,E004,Aurelius Canada,NA,CAD,Union Atlantic,Manual touch only,False,0
P005728,2026-04-14,AC0045,E013,Aurelius Korea,APAC,KRW,Pacific Crown,Neither priority cohort,False,0
P005786,2026-04-14,AC0017,E005,Aurelius UK,EMEA,GBP,Union Atlantic,Manual touch only,False,0
P005975,2026-04-14,AC0039,E011,Aurelius Australia,APAC,AUD,Continental Trust,Manual touch + cross-border wire,True,56
P005990,2026-04-14,AC0025,E007,Aurelius France,EMEA,EUR,Meridian Commercial,Manual touch only,False,0
P006061,2026-04-14,AC0001,E001,Aurelius Group Holdings,NA,USD,Union Atlantic,Neither priority cohort,False,0
P006164,2026-04-14,AC0028,E008,Aurelius Netherlands,EMEA,EUR,Meridian Commercial,Neither priority cohort,False,0
P006223,2026-04-14,AC0001,E001,Aurelius Group Holdings,NA,USD,Union Atlantic,Neither priority cohort,False,0
P006326,2026-04-14,AC0025,E007,Aurelius France,EMEA,EUR,Meridian Commercial,Neither priority cohort,False,0
P006353,2026-04-14,AC0001,E001,Aurelius Group Holdings,NA,USD,Union Atlantic,Neither priority cohort,False,0
P006376,2026-04-14,AC0034,E010,Aurelius Singapore,APAC,USD,Continental Trust,Manual touch only,False,0
P006517,2026-04-14,AC0053,E016,Aurelius Global Sourcing,APAC,USD,Pacific Crown,Neither priority cohort,False,0
P006675,2026-04-14,AC0044,E013,Aurelius Korea,APAC,KRW,Northbridge Bank,Neither priority cohort,False,0
P006841,2026-04-14,AC0028,E008,Aurelius Netherlands,EMEA,EUR,Meridian Commercial,Neither priority cohort,False,0
P007054,2026-04-14,AC0016,E004,Aurelius Canada,NA,CAD,Meridian Commercial,Manual touch only,False,0
P007134,2026-04-14,AC0028,E008,Aurelius Netherlands,EMEA,EUR,Meridian Commercial,Neither priority cohort,False,0
P007231,2026-04-14,AC0038,E011,Aurelius Australia,APAC,USD,Pacific Crown,Neither priority cohort,False,0
P007536,2026-04-14,AC0018,E005,Aurelius UK,EMEA,GBP,Union Atlantic,Neither priority cohort,False,0
P000075,2026-04-15,AC0025,E007,Aurelius France,EMEA,EUR,Meridian Commercial,Manual touch only,False,0
P000076,2026-04-15,AC0021,E006,Aurelius Germany,EMEA,EUR,Continental Trust,Neither priority cohort,False,0
P000141,2026-04-15,AC0044,E013,Aurelius Korea,APAC,KRW,Northbridge Bank,Neither priority cohort,False,0
P000171,2026-04-15,AC0050,E015,Aurelius Hong Kong,APAC,HKD,Union Atlantic,Neither priority cohort,False,0
P000263,2026-04-15,AC0053,E016,Aurelius Global Sourcing,APAC,USD,Pacific Crown,Neither priority cohort,False,0
P000377,2026-04-15,AC0040,E011,Aurelius Australia,APAC,AUD,Continental Trust,Manual touch only,False,0
P000446,2026-04-15,AC0031,E009,Aurelius Spain,EMEA,USD,Meridian Commercial,Manual touch only,False,0
P000465,2026-04-15,AC0034,E010,Aurelius Singapore,APAC,USD,Continental Trust,Manual touch only,False,0
P000545,2026-04-15,AC0041,E012,Aurelius Japan,APAC,JPY,Continental Trust,Neither priority cohort,False,0
P000712,2026-04-15,AC0047,E014,Aurelius India,APAC,INR,Meridian Commercial,Manual touch only,False,0
P000720,2026-04-15,AC0010,E003,Aurelius Wellness US,NA,USD,Union Atlantic,Neither priority cohort,False,0
P000794,2026-04-15,AC0007,E002,Aurelius Home US,NA,USD,Northbridge Bank,Neither priority cohort,False,0
P000808,2026-04-15,AC0044,E013,Aurelius Korea,APAC,KRW,Northbridge Bank,Manual touch only,False,0
P001572,2026-04-15,AC0050,E015,Aurelius Hong Kong,APAC,HKD,Union Atlantic,Manual touch only,False,0
P001727,2026-04-15,AC0034,E010,Aurelius Singapore,APAC,USD,Continental Trust,Neither priority cohort,False,0
P001821,2026-04-15,AC0021,E006,Aurelius Germany,EMEA,EUR,Continental Trust,Neither priority cohort,False,0
P001875,2026-04-15,AC0014,E004,Aurelius Canada,NA,CAD,Union Atlantic,Manual touch only,True,32
P001878,2026-04-15,AC0034,E010,Aurelius Singapore,APAC,USD,Continental Trust,Neither priority cohort,False,0
P002135,2026-04-15,AC0047,E014,Aurelius India,APAC,INR,Meridian Commercial,Neither priority cohort,False,0
P002277,2026-04-15,AC0007,E002,Aurelius Home US,NA,USD,Northbridge Bank,Neither priority cohort,False,0
P002506,2026-04-15,AC0031,E009,Aurelius Spain,EMEA,USD,Meridian Commercial,Neither priority cohort,False,0
P002558,2026-04-15,AC0050,E015,Aurelius Hong Kong,APAC,HKD,Union Atlantic,Manual touch only,False,0
P003205,2026-04-15,AC0031,E009,Aurelius Spain,EMEA,USD,Meridian Commercial,Neither priority cohort,False,0
P003226,2026-04-15,AC0038,E011,Aurelius Australia,APAC,USD,Pacific Crown,Neither priority cohort,False,0
P003330,2026-04-15,AC0038,E011,Aurelius Australia,APAC,USD,Pacific Crown,Neither priority cohort,False,0
P003394,2026-04-15,AC0050,E015,Aurelius Hong Kong,APAC,HKD,Union Atlantic,Manual touch only,False,0
P003666,2026-04-15,AC0050,E015,Aurelius Hong Kong,APAC,HKD,Union Atlantic,Manual touch only,False,0
P003834,2026-04-15,AC0001,E001,Aurelius Group Holdings,NA,USD,Union Atlantic,Manual touch only,False,0
P003835,2026-04-15,AC0047,E014,Aurelius India,APAC,INR,Meridian Commercial,Manual touch only,False,0
P003947,2026-04-15,AC0010,E003,Aurelius Wellness US,NA,USD,Union Atlantic,Manual touch only,False,0
P004031,2026-04-15,AC0034,E010,Aurelius Singapore,APAC,USD,Continental Trust,Neither priority cohort,False,0
P004074,2026-04-15,AC0054,E016,Aurelius Global Sourcing,APAC,USD,Northbridge Bank,Neither priority cohort,False,0
P004097,2026-04-15,AC0017,E005,Aurelius UK,EMEA,GBP,Union Atlantic,Manual touch only,False,0
P004149,2026-04-15,AC0047,E014,Aurelius India,APAC,INR,Meridian Commercial,Neither priority cohort,False,0
P004203,2026-04-15,AC0017,E005,Aurelius UK,EMEA,GBP,Union Atlantic,Manual touch only,True,54
P004348,2026-04-15,AC0001,E001,Aurelius Group Holdings,NA,USD,Union Atlantic,Neither priority cohort,False,0
P004376,2026-04-15,AC0005,E002,Aurelius Home US,NA,USD,Continental Trust,Neither priority cohort,False,0
P004398,2026-04-15,AC0021,E006,Aurelius Germany,EMEA,EUR,Continental Trust,Cross-border wire only,False,0
P004671,2026-04-15,AC0017,E005,Aurelius UK,EMEA,GBP,Union Atlantic,Neither priority cohort,False,0
P004718,2026-04-15,AC0005,E002,Aurelius Home US,NA,USD,Continental Trust,Manual touch only,False,0
P004760,2026-04-15,AC0014,E004,Aurelius Canada,NA,CAD,Union Atlantic,Neither priority cohort,False,0
P005065,2026-04-15,AC0044,E013,Aurelius Korea,APAC,KRW,Northbridge Bank,Neither priority cohort,False,0
P005100,2026-04-15,AC0050,E015,Aurelius Hong Kong,APAC,HKD,Union Atlantic,Neither priority cohort,False,0
P005158,2026-04-15,AC0052,E015,Aurelius Hong Kong,APAC,HKD,Continental Trust,Neither priority cohort,False,0
P005223,2026-04-15,AC0050,E015,Aurelius Hong Kong,APAC,HKD,Union Atlantic,Neither priority cohort,False,0
P005723,2026-04-15,AC0021,E006,Aurelius Germany,EMEA,EUR,Continental Trust,Neither priority cohort,False,0
P005801,2026-04-15,AC0033,E009,Aurelius Spain,EMEA,EUR,Meridian Commercial,Cross-border wire only,False,0
P005818,2026-04-15,AC0031,E009,Aurelius Spain,EMEA,USD,Meridian Commercial,Manual touch only,False,0
P005836,2026-04-15,AC0038,E011,Aurelius Australia,APAC,USD,Pacific Crown,Cross-border wire only,False,0
P006006,2026-04-15,AC0044,E013,Aurelius Korea,APAC,KRW,Northbridge Bank,Manual touch only,False,0
P006331,2026-04-15,AC0038,E011,Aurelius Australia,APAC,USD,Pacific Crown,Neither priority cohort,False,0
P006429,2026-04-15,AC0040,E011,Aurelius Australia,APAC,AUD,Continental Trust,Manual touch only,False,0
P006589,2026-04-15,AC0025,E007,Aurelius France,EMEA,EUR,Meridian Commercial,Neither priority cohort,False,0
P006928,2026-04-15,AC0051,E015,Aurelius Hong Kong,APAC,HKD,Pacific Crown,Neither priority cohort,False,0
P007073,2026-04-15,AC0036,E010,Aurelius Singapore,APAC,SGD,Continental Trust,Manual touch only,False,0
P007085,2026-04-15,AC0031,E009,Aurelius Spain,EMEA,USD,Meridian Commercial,Neither priority cohort,False,0
P007174,2026-04-15,AC0040,E011,Aurelius Australia,APAC,AUD,Continental Trust,Neither priority cohort,False,0
P007295,2026-04-15,AC0003,E001,Aurelius Group Holdings,NA,USD,Meridian Commercial,Manual touch only,False,0
P007350,2026-04-15,AC0053,E016,Aurelius Global Sourcing,APAC,USD,Pacific Crown,Neither priority cohort,False,0
P007480,2026-04-15,AC0025,E007,Aurelius France,EMEA,EUR,Meridian Commercial,Neither priority cohort,False,0
P007553,2026-04-15,AC0016,E004,Aurelius Canada,NA,CAD,Meridian Commercial,Neither priority cohort,False,0
P000210,2026-04-16,AC0021,E006,Aurelius Germany,EMEA,EUR,Continental Trust,Manual touch only,False,0
P000351,2026-04-16,AC0010,E003,Aurelius Wellness US,NA,USD,Union Atlantic,Neither priority cohort,False,0
P000352,2026-04-16,AC0034,E010,Aurelius Singapore,APAC,USD,Continental Trust,Neither priority cohort,False,0
P000392,2026-04-16,AC0044,E013,Aurelius Korea,APAC,KRW,Northbridge Bank,Manual touch only,False,0
P000409,2026-04-16,AC0041,E012,Aurelius Japan,APAC,JPY,Continental Trust,Neither priority cohort,False,0
P000420,2026-04-16,AC0021,E006,Aurelius Germany,EMEA,EUR,Continental Trust,Manual touch only,False,0
P000486,2026-04-16,AC0001,E001,Aurelius Group Holdings,NA,USD,Union Atlantic,Neither priority cohort,False,0
P000664,2026-04-16,AC0055,E016,Aurelius Global Sourcing,APAC,USD,Meridian Commercial,Manual touch only,False,0
P000804,2026-04-16,AC0053,E016,Aurelius Global Sourcing,APAC,USD,Pacific Crown,Neither priority cohort,False,0
P000850,2026-04-16,AC0044,E013,Aurelius Korea,APAC,KRW,Northbridge Bank,Neither priority cohort,False,0
P000929,2026-04-16,AC0030,E008,Aurelius Netherlands,EMEA,USD,Pacific Crown,Neither priority cohort,False,0
P000943,2026-04-16,AC0028,E008,Aurelius Netherlands,EMEA,EUR,Meridian Commercial,Manual touch only,False,0
P001097,2026-04-16,AC0038,E011,Aurelius Australia,APAC,USD,Pacific Crown,Neither priority cohort,False,0
P001319,2026-04-16,AC0033,E009,Aurelius Spain,EMEA,EUR,Meridian Commercial,Neither priority cohort,False,0
P001330,2026-04-16,AC0014,E004,Aurelius Canada,NA,CAD,Union Atlantic,Neither priority cohort,False,0
P001441,2026-04-16,AC0030,E008,Aurelius Netherlands,EMEA,USD,Pacific Crown,Manual touch only,False,0
P001595,2026-04-16,AC0049,E014,Aurelius India,APAC,USD,Pacific Crown,Neither priority cohort,False,0
P001630,2026-04-16,AC0006,E002,Aurelius Home US,NA,USD,Pacific Crown,Neither priority cohort,False,0
P001650,2026-04-16,AC0050,E015,Aurelius Hong Kong,APAC,HKD,Union Atlantic,Manual touch + cross-border wire,False,0
P001824,2026-04-16,AC0052,E015,Aurelius Hong Kong,APAC,HKD,Continental Trust,Neither priority cohort,False,0
P002065,2026-04-16,AC0018,E005,Aurelius UK,EMEA,GBP,Union Atlantic,Manual touch only,False,0
P002231,2026-04-16,AC0050,E015,Aurelius Hong Kong,APAC,HKD,Union Atlantic,Manual touch only,False,0
P002326,2026-04-16,AC0028,E008,Aurelius Netherlands,EMEA,EUR,Meridian Commercial,Neither priority cohort,False,0
P002554,2026-04-16,AC0038,E011,Aurelius Australia,APAC,USD,Pacific Crown,Manual touch only,False,0
P002577,2026-04-16,AC0001,E001,Aurelius Group Holdings,NA,USD,Union Atlantic,Manual touch only,False,0
P002762,2026-04-16,AC0031,E009,Aurelius Spain,EMEA,USD,Meridian Commercial,Neither priority cohort,False,0
P002883,2026-04-16,AC0021,E006,Aurelius Germany,EMEA,EUR,Continental Trust,Neither priority cohort,False,0
P003270,2026-04-16,AC0053,E016,Aurelius Global Sourcing,APAC,USD,Pacific Crown,Neither priority cohort,False,0
P003365,2026-04-16,AC0017,E005,Aurelius UK,EMEA,GBP,Union Atlantic,Neither priority cohort,False,0
P003415,2026-04-16,AC0047,E014,Aurelius India,APAC,INR,Meridian Commercial,Manual touch only,False,0
P003621,2026-04-16,AC0028,E008,Aurelius Netherlands,EMEA,EUR,Meridian Commercial,Manual touch + cross-border wire,False,0
P003999,2026-04-16,AC0010,E003,Aurelius Wellness US,NA,USD,Union Atlantic,Manual touch only,False,0
P004065,2026-04-16,AC0005,E002,Aurelius Home US,NA,USD,Continental Trust,Manual touch only,False,0
P004134,2026-04-16,AC0005,E002,Aurelius Home US,NA,USD,Continental Trust,Neither priority cohort,False,0
P004475,2026-04-16,AC0053,E016,Aurelius Global Sourcing,APAC,USD,Pacific Crown,Neither priority cohort,False,0
P004494,2026-04-16,AC0028,E008,Aurelius Netherlands,EMEA,EUR,Meridian Commercial,Neither priority cohort,False,0
P004636,2026-04-16,AC0033,E009,Aurelius Spain,EMEA,EUR,Meridian Commercial,Neither priority cohort,False,0
P004675,2026-04-16,AC0010,E003,Aurelius Wellness US,NA,USD,Union Atlantic,Manual touch only,False,0
P004866,2026-04-16,AC0053,E016,Aurelius Global Sourcing,APAC,USD,Pacific Crown,Manual touch only,False,0
P004935,2026-04-16,AC0019,E005,Aurelius UK,EMEA,GBP,Union Atlantic,Neither priority cohort,True,50
P005036,2026-04-16,AC0014,E004,Aurelius Canada,NA,CAD,Union Atlantic,Neither priority cohort,False,0
P005406,2026-04-16,AC0017,E005,Aurelius UK,EMEA,GBP,Union Atlantic,Neither priority cohort,False,0
P005654,2026-04-16,AC0044,E013,Aurelius Korea,APAC,KRW,Northbridge Bank,Neither priority cohort,False,0
P005737,2026-04-16,AC0044,E013,Aurelius Korea,APAC,KRW,Northbridge Bank,Manual touch only,False,0
P006042,2026-04-16,AC0010,E003,Aurelius Wellness US,NA,USD,Union Atlantic,Manual touch only,False,0
P006251,2026-04-16,AC0051,E015,Aurelius Hong Kong,APAC,HKD,Pacific Crown,Cross-border wire only,False,0
P006382,2026-04-16,AC0005,E002,Aurelius Home US,NA,USD,Continental Trust,Neither priority cohort,False,0
P006491,2026-04-16,AC0010,E003,Aurelius Wellness US,NA,USD,Union Atlantic,Neither priority cohort,False,0
P006548,2026-04-16,AC0036,E010,Aurelius Singapore,APAC,SGD,Continental Trust,Neither priority cohort,False,0
P006926,2026-04-16,AC0021,E006,Aurelius Germany,EMEA,EUR,Continental Trust,Manual touch only,False,0
P007031,2026-04-16,AC0025,E007,Aurelius France,EMEA,EUR,Meridian Commercial,Manual touch only,False,0
P007084,2026-04-16,AC0021,E006,Aurelius Germany,EMEA,EUR,Continental Trust,Neither priority cohort,False,0
P007127,2026-04-16,AC0044,E013,Aurelius Korea,APAC,KRW,Northbridge Bank,Neither priority cohort,False,0
P007253,2026-04-16,AC0053,E016,Aurelius Global Sourcing,APAC,USD,Pacific Crown,Neither priority cohort,False,0
P007549,2026-04-16,AC0010,E003,Aurelius Wellness US,NA,USD,Union Atlantic,Manual touch only,False,0
P000077,2026-04-17,AC0047,E014,Aurelius India,APAC,INR,Meridian Commercial,Manual touch only,True,21
P000079,2026-04-17,AC0005,E002,Aurelius Home US,NA,USD,Continental Trust,Cross-border wire only,False,0
P000184,2026-04-17,AC0001,E001,Aurelius Group Holdings,NA,USD,Union Atlantic,Neither priority cohort,False,0
P000186,2026-04-17,AC0052,E015,Aurelius Hong Kong,APAC,HKD,Continental Trust,Manual touch only,False,0
P000258,2026-04-17,AC0036,E010,Aurelius Singapore,APAC,SGD,Continental Trust,Cross-border wire only,False,0
P000309,2026-04-17,AC0011,E003,Aurelius Wellness US,NA,USD,Continental Trust,Manual touch + cross-border wire,False,0
P000338,2026-04-17,AC0005,E002,Aurelius Home US,NA,USD,Continental Trust,Neither priority cohort,False,0
P000357,2026-04-17,AC0044,E013,Aurelius Korea,APAC,KRW,Northbridge Bank,Manual touch only,True,27
P001026,2026-04-17,AC0038,E011,Aurelius Australia,APAC,USD,Pacific Crown,Neither priority cohort,False,0
P001068,2026-04-17,AC0025,E007,Aurelius France,EMEA,EUR,Meridian Commercial,Cross-border wire only,False,0
P001152,2026-04-17,AC0025,E007,Aurelius France,EMEA,EUR,Meridian Commercial,Neither priority cohort,False,0
P001235,2026-04-17,AC0018,E005,Aurelius UK,EMEA,GBP,Union Atlantic,Neither priority cohort,False,0
P001530,2026-04-17,AC0054,E016,Aurelius Global Sourcing,APAC,USD,Northbridge Bank,Neither priority cohort,False,0
P001622,2026-04-17,AC0014,E004,Aurelius Canada,NA,CAD,Union Atlantic,Manual touch only,False,0
P001800,2026-04-17,AC0048,E014,Aurelius India,APAC,INR,Continental Trust,Neither priority cohort,False,0
P002247,2026-04-17,AC0042,E012,Aurelius Japan,APAC,USD,Union Atlantic,Neither priority cohort,False,0
P002262,2026-04-17,AC0046,E013,Aurelius Korea,APAC,KRW,Union Atlantic,Manual touch only,True,72
P002723,2026-04-17,AC0034,E010,Aurelius Singapore,APAC,USD,Continental Trust,Manual touch only,False,0
P002824,2026-04-17,AC0014,E004,Aurelius Canada,NA,CAD,Union Atlantic,Neither priority cohort,False,0
P002958,2026-04-17,AC0017,E005,Aurelius UK,EMEA,GBP,Union Atlantic,Manual touch only,True,22
P003006,2026-04-17,AC0025,E007,Aurelius France,EMEA,EUR,Meridian Commercial,Manual touch only,False,0
P003233,2026-04-17,AC0018,E005,Aurelius UK,EMEA,GBP,Union Atlantic,Manual touch only,False,0
P003246,2026-04-17,AC0051,E015,Aurelius Hong Kong,APAC,HKD,Pacific Crown,Manual touch only,False,0
P003544,2026-04-17,AC0014,E004,Aurelius Canada,NA,CAD,Union Atlantic,Neither priority cohort,False,0
P003589,2026-04-17,AC0028,E008,Aurelius Netherlands,EMEA,EUR,Meridian Commercial,Manual touch only,False,0
P003723,2026-04-17,AC0010,E003,Aurelius Wellness US,NA,USD,Union Atlantic,Manual touch only,False,0
P003813,2026-04-17,AC0036,E010,Aurelius Singapore,APAC,SGD,Continental Trust,Manual touch only,False,0
P003906,2026-04-17,AC0031,E009,Aurelius Spain,EMEA,USD,Meridian Commercial,Cross-border wire only,False,0
P004107,2026-04-17,AC0005,E002,Aurelius Home US,NA,USD,Continental Trust,Neither priority cohort,False,0
P004215,2026-04-17,AC0021,E006,Aurelius Germany,EMEA,EUR,Continental Trust,Neither priority cohort,False,0
P004268,2026-04-17,AC0050,E015,Aurelius Hong Kong,APAC,HKD,Union Atlantic,Manual touch only,False,0
P004275,2026-04-17,AC0046,E013,Aurelius Korea,APAC,KRW,Union Atlantic,Manual touch only,False,0
P004305,2026-04-17,AC0049,E014,Aurelius India,APAC,USD,Pacific Crown,Cross-border wire only,False,0
P004322,2026-04-17,AC0025,E007,Aurelius France,EMEA,EUR,Meridian Commercial,Cross-border wire only,False,0
P004373,2026-04-17,AC0017,E005,Aurelius UK,EMEA,GBP,Union Atlantic,Neither priority cohort,False,0
P004425,2026-04-17,AC0017,E005,Aurelius UK,EMEA,GBP,Union Atlantic,Manual touch only,True,12
P004474,2026-04-17,AC0019,E005,Aurelius UK,EMEA,GBP,Union Atlantic,Cross-border wire only,True,12
P004493,2026-04-17,AC0047,E014,Aurelius India,APAC,INR,Meridian Commercial,Manual touch only,False,0
P004750,2026-04-17,AC0028,E008,Aurelius Netherlands,EMEA,EUR,Meridian Commercial,Neither priority cohort,False,0
P005111,2026-04-17,AC0001,E001,Aurelius Group Holdings,NA,USD,Union Atlantic,Neither priority cohort,False,0
P005188,2026-04-17,AC0032,E009,Aurelius Spain,EMEA,EUR,Northbridge Bank,Manual touch only,False,0
P005431,2026-04-17,AC0014,E004,Aurelius Canada,NA,CAD,Union Atlantic,Neither priority cohort,False,0
P005530,2026-04-17,AC0043,E012,Aurelius Japan,APAC,JPY,Union Atlantic,Manual touch only,False,0
P005775,2026-04-17,AC0053,E016,Aurelius Global Sourcing,APAC,USD,Pacific Crown,Manual touch + cross-border wire,False,0
P005780,2026-04-17,AC0003,E001,Aurelius Group Holdings,NA,USD,Meridian Commercial,Neither priority cohort,False,0
P006301,2026-04-17,AC0029,E008,Aurelius Netherlands,EMEA,EUR,Continental Trust,Neither priority cohort,False,0
P006319,2026-04-17,AC0053,E016,Aurelius Global Sourcing,APAC,USD,Pacific Crown,Neither priority cohort,False,0
P006383,2026-04-17,AC0021,E006,Aurelius Germany,EMEA,EUR,Continental Trust,Manual touch only,False,0
P006533,2026-04-17,AC0028,E008,Aurelius Netherlands,EMEA,EUR,Meridian Commercial,Manual touch only,False,0
P006555,2026-04-17,AC0016,E004,Aurelius Canada,NA,CAD,Meridian Commercial,Manual touch only,False,0
P006623,2026-04-17,AC0005,E002,Aurelius Home US,NA,USD,Continental Trust,Neither priority cohort,False,0
P006682,2026-04-17,AC0052,E015,Aurelius Hong Kong,APAC,HKD,Continental Trust,Neither priority cohort,False,0
P007162,2026-04-17,AC0017,E005,Aurelius UK,EMEA,GBP,Union Atlantic,Manual touch only,False,0
P007278,2026-04-17,AC0001,E001,Aurelius Group Holdings,NA,USD,Union Atlantic,Cross-border wire only,False,0
P007339,2026-04-17,AC0038,E011,Aurelius Australia,APAC,USD,Pacific Crown,Neither priority cohort,False,0
P007531,2026-04-17,AC0010,E003,Aurelius Wellness US,NA,USD,Union Atlantic,Cross-border wire only,False,0
P007562,2026-04-17,AC0049,E014,Aurelius India,APAC,USD,Pacific Crown,Neither priority cohort,False,0
P000291,2026-04-20,AC0034,E010,Aurelius Singapore,APAC,USD,Continental Trust,Neither priority cohort,False,0
P000292,2026-04-20,AC0021,E006,Aurelius Germany,EMEA,EUR,Continental Trust,Neither priority cohort,False,0
P000474,2026-04-20,AC0053,E016,Aurelius Global Sourcing,APAC,USD,Pacific Crown,Neither priority cohort,False,0
P000550,2026-04-20,AC0001,E001,Aurelius Group Holdings,NA,USD,Union Atlantic,Neither priority cohort,False,0
P000874,2026-04-20,AC0010,E003,Aurelius Wellness US,NA,USD,Union Atlantic,Neither priority cohort,False,0
P000888,2026-04-20,AC0018,E005,Aurelius UK,EMEA,GBP,Union Atlantic,Manual touch + cross-border wire,False,0
P001034,2026-04-20,AC0045,E013,Aurelius Korea,APAC,KRW,Pacific Crown,Manual touch + cross-border wire,False,0
P001063,2026-04-20,AC0014,E004,Aurelius Canada,NA,CAD,Union Atlantic,Manual touch only,False,0
P001162,2026-04-20,AC0034,E010,Aurelius Singapore,APAC,USD,Continental Trust,Neither priority cohort,False,0
P001454,2026-04-20,AC0044,E013,Aurelius Korea,APAC,KRW,Northbridge Bank,Neither priority cohort,False,0
P001612,2026-04-20,AC0050,E015,Aurelius Hong Kong,APAC,HKD,Union Atlantic,Neither priority cohort,False,0
P001666,2026-04-20,AC0050,E015,Aurelius Hong Kong,APAC,HKD,Union Atlantic,Neither priority cohort,False,0
P002032,2026-04-20,AC0028,E008,Aurelius Netherlands,EMEA,EUR,Meridian Commercial,Neither priority cohort,False,0
P002144,2026-04-20,AC0017,E005,Aurelius UK,EMEA,GBP,Union Atlantic,Neither priority cohort,False,0
P002200,2026-04-20,AC0044,E013,Aurelius Korea,APAC,KRW,Northbridge Bank,Neither priority cohort,False,0
P002331,2026-04-20,AC0050,E015,Aurelius Hong Kong,APAC,HKD,Union Atlantic,Neither priority cohort,False,0
P002483,2026-04-20,AC0001,E001,Aurelius Group Holdings,NA,USD,Union Atlantic,Manual touch only,False,0
P002516,2026-04-20,AC0032,E009,Aurelius Spain,EMEA,EUR,Northbridge Bank,Manual touch + cross-border wire,False,0
P002622,2026-04-20,AC0034,E010,Aurelius Singapore,APAC,USD,Continental Trust,Neither priority cohort,False,0
P002791,2026-04-20,AC0025,E007,Aurelius France,EMEA,EUR,Meridian Commercial,Neither priority cohort,False,0
P002850,2026-04-20,AC0019,E005,Aurelius UK,EMEA,GBP,Union Atlantic,Neither priority cohort,False,0
P003267,2026-04-20,AC0036,E010,Aurelius Singapore,APAC,SGD,Continental Trust,Manual touch only,False,0
P003463,2026-04-20,AC0022,E006,Aurelius Germany,EMEA,EUR,Meridian Commercial,Neither priority cohort,False,0
P003562,2026-04-20,AC0053,E016,Aurelius Global Sourcing,APAC,USD,Pacific Crown,Neither priority cohort,False,0
P003799,2026-04-20,AC0010,E003,Aurelius Wellness US,NA,USD,Union Atlantic,Neither priority cohort,False,0
P003840,2026-04-20,AC0011,E003,Aurelius Wellness US,NA,USD,Continental Trust,Neither priority cohort,False,0
P003895,2026-04-20,AC0038,E011,Aurelius Australia,APAC,USD,Pacific Crown,Neither priority cohort,False,0
P004030,2026-04-20,AC0033,E009,Aurelius Spain,EMEA,EUR,Meridian Commercial,Neither priority cohort,False,0
P004035,2026-04-20,AC0047,E014,Aurelius India,APAC,INR,Meridian Commercial,Manual touch only,False,0
P004162,2026-04-20,AC0053,E016,Aurelius Global Sourcing,APAC,USD,Pacific Crown,Neither priority cohort,False,0
P004546,2026-04-20,AC0031,E009,Aurelius Spain,EMEA,USD,Meridian Commercial,Neither priority cohort,False,0
P004592,2026-04-20,AC0053,E016,Aurelius Global Sourcing,APAC,USD,Pacific Crown,Neither priority cohort,False,0
P005204,2026-04-20,AC0052,E015,Aurelius Hong Kong,APAC,HKD,Continental Trust,Neither priority cohort,False,0
P005226,2026-04-20,AC0041,E012,Aurelius Japan,APAC,JPY,Continental Trust,Neither priority cohort,False,0
P005236,2026-04-20,AC0041,E012,Aurelius Japan,APAC,JPY,Continental Trust,Neither priority cohort,False,0
P005282,2026-04-20,AC0014,E004,Aurelius Canada,NA,CAD,Union Atlantic,Neither priority cohort,True,49
P005410,2026-04-20,AC0002,E001,Aurelius Group Holdings,NA,USD,Pacific Crown,Neither priority cohort,False,0
P005710,2026-04-20,AC0050,E015,Aurelius Hong Kong,APAC,HKD,Union Atlantic,Manual touch only,True,22
P006056,2026-04-20,AC0025,E007,Aurelius France,EMEA,EUR,Meridian Commercial,Neither priority cohort,False,0
P006666,2026-04-20,AC0048,E014,Aurelius India,APAC,INR,Continental Trust,Manual touch only,False,0
P006678,2026-04-20,AC0015,E004,Aurelius Canada,NA,CAD,Pacific Crown,Neither priority cohort,False,0
P006749,2026-04-20,AC0014,E004,Aurelius Canada,NA,CAD,Union Atlantic,Manual touch + cross-border wire,False,0
P006902,2026-04-20,AC0047,E014,Aurelius India,APAC,INR,Meridian Commercial,Neither priority cohort,False,0
P006996,2026-04-20,AC0011,E003,Aurelius Wellness US,NA,USD,Continental Trust,Neither priority cohort,False,0
P007071,2026-04-20,AC0017,E005,Aurelius UK,EMEA,GBP,Union Atlantic,Manual touch only,False,0
P007365,2026-04-20,AC0007,E002,Aurelius Home US,NA,USD,Northbridge Bank,Manual touch only,False,0
P007366,2026-04-20,AC0050,E015,Aurelius Hong Kong,APAC,HKD,Union Atlantic,Manual touch only,False,0
P000025,2026-04-21,AC0051,E015,Aurelius Hong Kong,APAC,HKD,Pacific Crown,Neither priority cohort,False,0
P000027,2026-04-21,AC0010,E003,Aurelius Wellness US,NA,USD,Union Atlantic,Neither priority cohort,False,0
P000055,2026-04-21,AC0034,E010,Aurelius Singapore,APAC,USD,Continental Trust,Manual touch only,False,0
P000331,2026-04-21,AC0032,E009,Aurelius Spain,EMEA,EUR,Northbridge Bank,Cross-border wire only,True,73
P000337,2026-04-21,AC0047,E014,Aurelius India,APAC,INR,Meridian Commercial,Manual touch only,False,0
P000520,2026-04-21,AC0017,E005,Aurelius UK,EMEA,GBP,Union Atlantic,Manual touch only,True,31
P000586,2026-04-21,AC0001,E001,Aurelius Group Holdings,NA,USD,Union Atlantic,Neither priority cohort,False,0
P000653,2026-04-21,AC0018,E005,Aurelius UK,EMEA,GBP,Union Atlantic,Neither priority cohort,False,0
P000654,2026-04-21,AC0031,E009,Aurelius Spain,EMEA,USD,Meridian Commercial,Neither priority cohort,False,0
P000671,2026-04-21,AC0015,E004,Aurelius Canada,NA,CAD,Pacific Crown,Neither priority cohort,False,0
P000675,2026-04-21,AC0025,E007,Aurelius France,EMEA,EUR,Meridian Commercial,Manual touch only,False,0
P000735,2026-04-21,AC0025,E007,Aurelius France,EMEA,EUR,Meridian Commercial,Neither priority cohort,False,0
P000740,2026-04-21,AC0050,E015,Aurelius Hong Kong,APAC,HKD,Union Atlantic,Cross-border wire only,False,0
P000810,2026-04-21,AC0025,E007,Aurelius France,EMEA,EUR,Meridian Commercial,Manual touch + cross-border wire,False,0
P000842,2026-04-21,AC0017,E005,Aurelius UK,EMEA,GBP,Union Atlantic,Neither priority cohort,False,0
P000900,2026-04-21,AC0010,E003,Aurelius Wellness US,NA,USD,Union Atlantic,Neither priority cohort,False,0
P000996,2026-04-21,AC0050,E015,Aurelius Hong Kong,APAC,HKD,Union Atlantic,Neither priority cohort,True,47
P001202,2026-04-21,AC0005,E002,Aurelius Home US,NA,USD,Continental Trust,Neither priority cohort,False,0
P001378,2026-04-21,AC0027,E007,Aurelius France,EMEA,EUR,Pacific Crown,Neither priority cohort,False,0
P001437,2026-04-21,AC0053,E016,Aurelius Global Sourcing,APAC,USD,Pacific Crown,Neither priority cohort,False,0
P001803,2026-04-21,AC0001,E001,Aurelius Group Holdings,NA,USD,Union Atlantic,Manual touch only,False,0
P001940,2026-04-21,AC0031,E009,Aurelius Spain,EMEA,USD,Meridian Commercial,Neither priority cohort,False,0
P002002,2026-04-21,AC0050,E015,Aurelius Hong Kong,APAC,HKD,Union Atlantic,Manual touch only,True,65
P002038,2026-04-21,AC0038,E011,Aurelius Australia,APAC,USD,Pacific Crown,Neither priority cohort,False,0
P002092,2026-04-21,AC0054,E016,Aurelius Global Sourcing,APAC,USD,Northbridge Bank,Neither priority cohort,False,0
P002584,2026-04-21,AC0042,E012,Aurelius Japan,APAC,USD,Union Atlantic,Neither priority cohort,False,0
P002603,2026-04-21,AC0017,E005,Aurelius UK,EMEA,GBP,Union Atlantic,Manual touch only,False,0
P002626,2026-04-21,AC0044,E013,Aurelius Korea,APAC,KRW,Northbridge Bank,Neither priority cohort,False,0
P002647,2026-04-21,AC0050,E015,Aurelius Hong Kong,APAC,HKD,Union Atlantic,Neither priority cohort,False,0
P002700,2026-04-21,AC0014,E004,Aurelius Canada,NA,CAD,Union Atlantic,Neither priority cohort,False,0
P002770,2026-04-21,AC0034,E010,Aurelius Singapore,APAC,USD,Continental Trust,Neither priority cohort,False,0
P002851,2026-04-21,AC0034,E010,Aurelius Singapore,APAC,USD,Continental Trust,Manual touch only,False,0
P002861,2026-04-21,AC0044,E013,Aurelius Korea,APAC,KRW,Northbridge Bank,Cross-border wire only,False,0
P002871,2026-04-21,AC0017,E005,Aurelius UK,EMEA,GBP,Union Atlantic,Neither priority cohort,False,0
P003162,2026-04-21,AC0053,E016,Aurelius Global Sourcing,APAC,USD,Pacific Crown,Manual touch only,False,0
P003493,2026-04-21,AC0042,E012,Aurelius Japan,APAC,USD,Union Atlantic,Manual touch only,False,0
P004016,2026-04-21,AC0053,E016,Aurelius Global Sourcing,APAC,USD,Pacific Crown,Manual touch + cross-border wire,False,0
P004146,2026-04-21,AC0005,E002,Aurelius Home US,NA,USD,Continental Trust,Neither priority cohort,False,0
P004167,2026-04-21,AC0031,E009,Aurelius Spain,EMEA,USD,Meridian Commercial,Manual touch only,False,0
P004197,2026-04-21,AC0031,E009,Aurelius Spain,EMEA,USD,Meridian Commercial,Manual touch + cross-border wire,True,59
P004400,2026-04-21,AC0041,E012,Aurelius Japan,APAC,JPY,Continental Trust,Neither priority cohort,False,0
P004517,2026-04-21,AC0005,E002,Aurelius Home US,NA,USD,Continental Trust,Neither priority cohort,False,0
P004580,2026-04-21,AC0021,E006,Aurelius Germany,EMEA,EUR,Continental Trust,Neither priority cohort,False,0
P004605,2026-04-21,AC0028,E008,Aurelius Netherlands,EMEA,EUR,Meridian Commercial,Manual touch only,False,0
P004683,2026-04-21,AC0036,E010,Aurelius Singapore,APAC,SGD,Continental Trust,Neither priority cohort,False,0
P004933,2026-04-21,AC0041,E012,Aurelius Japan,APAC,JPY,Continental Trust,Neither priority cohort,False,0
P004988,2026-04-21,AC0031,E009,Aurelius Spain,EMEA,USD,Meridian Commercial,Manual touch only,False,0
P005090,2026-04-21,AC0041,E012,Aurelius Japan,APAC,JPY,Continental Trust,Neither priority cohort,False,0
P005105,2026-04-21,AC0034,E010,Aurelius Singapore,APAC,USD,Continental Trust,Neither priority cohort,False,0
P005187,2026-04-21,AC0017,E005,Aurelius UK,EMEA,GBP,Union Atlantic,Neither priority cohort,False,0
P005373,2026-04-21,AC0028,E008,Aurelius Netherlands,EMEA,EUR,Meridian Commercial,Neither priority cohort,False,0
P005445,2026-04-21,AC0005,E002,Aurelius Home US,NA,USD,Continental Trust,Neither priority cohort,False,0
P005489,2026-04-21,AC0048,E014,Aurelius India,APAC,INR,Continental Trust,Neither priority cohort,False,0
P005631,2026-04-21,AC0001,E001,Aurelius Group Holdings,NA,USD,Union Atlantic,Manual touch only,False,0
P005940,2026-04-21,AC0030,E008,Aurelius Netherlands,EMEA,USD,Pacific Crown,Neither priority cohort,False,0
P005962,2026-04-21,AC0050,E015,Aurelius Hong Kong,APAC,HKD,Union Atlantic,Neither priority cohort,False,0
P006270,2026-04-21,AC0001,E001,Aurelius Group Holdings,NA,USD,Union Atlantic,Manual touch only,False,0
P006311,2026-04-21,AC0047,E014,Aurelius India,APAC,INR,Meridian Commercial,Neither priority cohort,False,0
P006549,2026-04-21,AC0034,E010,Aurelius Singapore,APAC,USD,Continental Trust,Manual touch + cross-border wire,False,0
P006861,2026-04-21,AC0001,E001,Aurelius Group Holdings,NA,USD,Union Atlantic,Neither priority cohort,False,0
P006880,2026-04-21,AC0050,E015,Aurelius Hong Kong,APAC,HKD,Union Atlantic,Neither priority cohort,False,0
P007188,2026-04-21,AC0046,E013,Aurelius Korea,APAC,KRW,Union Atlantic,Neither priority cohort,False,0
P007303,2026-04-21,AC0034,E010,Aurelius Singapore,APAC,USD,Continental Trust,Neither priority cohort,False,0
P007332,2026-04-21,AC0001,E001,Aurelius Group Holdings,NA,USD,Union Atlantic,Manual touch only,False,0
P000052,2026-04-22,AC0047,E014,Aurelius India,APAC,INR,Meridian Commercial,Manual touch + cross-border wire,False,0
P000069,2026-04-22,AC0047,E014,Aurelius India,APAC,INR,Meridian Commercial,Neither priority cohort,False,0
P000306,2026-04-22,AC0053,E016,Aurelius Global Sourcing,APAC,USD,Pacific Crown,Manual touch only,False,0
P000536,2026-04-22,AC0031,E009,Aurelius Spain,EMEA,USD,Meridian Commercial,Neither priority cohort,False,0
P000556,2026-04-22,AC0041,E012,Aurelius Japan,APAC,JPY,Continental Trust,Neither priority cohort,False,0
P000631,2026-04-22,AC0017,E005,Aurelius UK,EMEA,GBP,Union Atlantic,Manual touch only,False,0
P000863,2026-04-22,AC0014,E004,Aurelius Canada,NA,CAD,Union Atlantic,Neither priority cohort,False,0
P000869,2026-04-22,AC0014,E004,Aurelius Canada,NA,CAD,Union Atlantic,Neither priority cohort,False,0
P000897,2026-04-22,AC0047,E014,Aurelius India,APAC,INR,Meridian Commercial,Neither priority cohort,False,0
P001098,2026-04-22,AC0005,E002,Aurelius Home US,NA,USD,Continental Trust,Neither priority cohort,False,0
P001347,2026-04-22,AC0031,E009,Aurelius Spain,EMEA,USD,Meridian Commercial,Manual touch only,False,0
P001540,2026-04-22,AC0055,E016,Aurelius Global Sourcing,APAC,USD,Meridian Commercial,Neither priority cohort,False,0
P001543,2026-04-22,AC0041,E012,Aurelius Japan,APAC,JPY,Continental Trust,Manual touch only,False,0
P001877,2026-04-22,AC0044,E013,Aurelius Korea,APAC,KRW,Northbridge Bank,Manual touch only,False,0
P001880,2026-04-22,AC0014,E004,Aurelius Canada,NA,CAD,Union Atlantic,Neither priority cohort,True,55
P001889,2026-04-22,AC0053,E016,Aurelius Global Sourcing,APAC,USD,Pacific Crown,Neither priority cohort,False,0
P001895,2026-04-22,AC0018,E005,Aurelius UK,EMEA,GBP,Union Atlantic,Manual touch only,False,0
P002376,2026-04-22,AC0038,E011,Aurelius Australia,APAC,USD,Pacific Crown,Neither priority cohort,False,0
P002394,2026-04-22,AC0017,E005,Aurelius UK,EMEA,GBP,Union Atlantic,Neither priority cohort,False,0
P002491,2026-04-22,AC0047,E014,Aurelius India,APAC,INR,Meridian Commercial,Manual touch only,False,0
P002649,2026-04-22,AC0017,E005,Aurelius UK,EMEA,GBP,Union Atlantic,Neither priority cohort,False,0
P002798,2026-04-22,AC0010,E003,Aurelius Wellness US,NA,USD,Union Atlantic,Neither priority cohort,False,0
P002949,2026-04-22,AC0033,E009,Aurelius Spain,EMEA,EUR,Meridian Commercial,Neither priority cohort,False,0
P002975,2026-04-22,AC0017,E005,Aurelius UK,EMEA,GBP,Union Atlantic,Cross-border wire only,False,0
P003018,2026-04-22,AC0047,E014,Aurelius India,APAC,INR,Meridian Commercial,Neither priority cohort,False,0
P003034,2026-04-22,AC0025,E007,Aurelius France,EMEA,EUR,Meridian Commercial,Neither priority cohort,False,0
P003520,2026-04-22,AC0021,E006,Aurelius Germany,EMEA,EUR,Continental Trust,Neither priority cohort,False,0
P003546,2026-04-22,AC0025,E007,Aurelius France,EMEA,EUR,Meridian Commercial,Neither priority cohort,False,0
P003798,2026-04-22,AC0048,E014,Aurelius India,APAC,INR,Continental Trust,Manual touch only,True,52
P003801,2026-04-22,AC0017,E005,Aurelius UK,EMEA,GBP,Union Atlantic,Manual touch only,False,0
P004243,2026-04-22,AC0031,E009,Aurelius Spain,EMEA,USD,Meridian Commercial,Manual touch only,False,0
P004311,2026-04-22,AC0045,E013,Aurelius Korea,APAC,KRW,Pacific Crown,Manual touch only,False,0
P004324,2026-04-22,AC0046,E013,Aurelius Korea,APAC,KRW,Union Atlantic,Neither priority cohort,False,0
P004345,2026-04-22,AC0041,E012,Aurelius Japan,APAC,JPY,Continental Trust,Neither priority cohort,False,0
P005063,2026-04-22,AC0041,E012,Aurelius Japan,APAC,JPY,Continental Trust,Manual touch only,True,40
P005098,2026-04-22,AC0014,E004,Aurelius Canada,NA,CAD,Union Atlantic,Neither priority cohort,False,0
P005344,2026-04-22,AC0014,E004,Aurelius Canada,NA,CAD,Union Atlantic,Cross-border wire only,True,55
P005814,2026-04-22,AC0029,E008,Aurelius Netherlands,EMEA,EUR,Continental Trust,Neither priority cohort,False,0
P005961,2026-04-22,AC0028,E008,Aurelius Netherlands,EMEA,EUR,Meridian Commercial,Cross-border wire only,False,0
P006108,2026-04-22,AC0052,E015,Aurelius Hong Kong,APAC,HKD,Continental Trust,Manual touch only,False,0
P006248,2026-04-22,AC0001,E001,Aurelius Group Holdings,NA,USD,Union Atlantic,Neither priority cohort,False,0
P006554,2026-04-22,AC0023,E006,Aurelius Germany,EMEA,EUR,Northbridge Bank,Neither priority cohort,False,0
P006593,2026-04-22,AC0007,E002,Aurelius Home US,NA,USD,Northbridge Bank,Manual touch + cross-border wire,False,0
P006729,2026-04-22,AC0036,E010,Aurelius Singapore,APAC,SGD,Continental Trust,Neither priority cohort,False,0
P006853,2026-04-22,AC0033,E009,Aurelius Spain,EMEA,EUR,Meridian Commercial,Neither priority cohort,False,0
P006977,2026-04-22,AC0034,E010,Aurelius Singapore,APAC,USD,Continental Trust,Neither priority cohort,False,0
P007081,2026-04-22,AC0047,E014,Aurelius India,APAC,INR,Meridian Commercial,Neither priority cohort,False,0
P007108,2026-04-22,AC0051,E015,Aurelius Hong Kong,APAC,HKD,Pacific Crown,Neither priority cohort,False,0
P007109,2026-04-22,AC0053,E016,Aurelius Global Sourcing,APAC,USD,Pacific Crown,Neither priority cohort,False,0
P007129,2026-04-22,AC0010,E003,Aurelius Wellness US,NA,USD,Union Atlantic,Manual touch only,False,0
P007521,2026-04-22,AC0034,E010,Aurelius Singapore,APAC,USD,Continental Trust,Neither priority cohort,False,0
P007530,2026-04-22,AC0017,E005,Aurelius UK,EMEA,GBP,Union Atlantic,Manual touch only,False,0
P007561,2026-04-22,AC0010,E003,Aurelius Wellness US,NA,USD,Union Atlantic,Manual touch only,False,0
P000064,2026-04-23,AC0006,E002,Aurelius Home US,NA,USD,Pacific Crown,Neither priority cohort,False,0
P000327,2026-04-23,AC0050,E015,Aurelius Hong Kong,APAC,HKD,Union Atlantic,Manual touch only,False,0
P000353,2026-04-23,AC0005,E002,Aurelius Home US,NA,USD,Continental Trust,Manual touch only,True,17
P001407,2026-04-23,AC0033,E009,Aurelius Spain,EMEA,EUR,Meridian Commercial,Neither priority cohort,False,0
P001734,2026-04-23,AC0021,E006,Aurelius Germany,EMEA,EUR,Continental Trust,Neither priority cohort,False,0
P001911,2026-04-23,AC0025,E007,Aurelius France,EMEA,EUR,Meridian Commercial,Cross-border wire only,False,0
P002069,2026-04-23,AC0017,E005,Aurelius UK,EMEA,GBP,Union Atlantic,Manual touch only,False,0
P002111,2026-04-23,AC0021,E006,Aurelius Germany,EMEA,EUR,Continental Trust,Neither priority cohort,False,0
P002163,2026-04-23,AC0041,E012,Aurelius Japan,APAC,JPY,Continental Trust,Manual touch only,False,0
P002195,2026-04-23,AC0047,E014,Aurelius India,APAC,INR,Meridian Commercial,Neither priority cohort,False,0
P002322,2026-04-23,AC0032,E009,Aurelius Spain,EMEA,EUR,Northbridge Bank,Neither priority cohort,False,0
P002392,2026-04-23,AC0046,E013,Aurelius Korea,APAC,KRW,Union Atlantic,Neither priority cohort,False,0
P002501,2026-04-23,AC0028,E008,Aurelius Netherlands,EMEA,EUR,Meridian Commercial,Neither priority cohort,False,0
P002716,2026-04-23,AC0025,E007,Aurelius France,EMEA,EUR,Meridian Commercial,Neither priority cohort,False,0
P003068,2026-04-23,AC0023,E006,Aurelius Germany,EMEA,EUR,Northbridge Bank,Manual touch only,True,16
P003154,2026-04-23,AC0017,E005,Aurelius UK,EMEA,GBP,Union Atlantic,Manual touch only,False,0
P003160,2026-04-23,AC0025,E007,Aurelius France,EMEA,EUR,Meridian Commercial,Manual touch only,False,0
P003183,2026-04-23,AC0017,E005,Aurelius UK,EMEA,GBP,Union Atlantic,Neither priority cohort,False,0
P003214,2026-04-23,AC0050,E015,Aurelius Hong Kong,APAC,HKD,Union Atlantic,Manual touch only,False,0
P003450,2026-04-23,AC0001,E001,Aurelius Group Holdings,NA,USD,Union Atlantic,Neither priority cohort,False,0
P003457,2026-04-23,AC0038,E011,Aurelius Australia,APAC,USD,Pacific Crown,Cross-border wire only,False,0
P003740,2026-04-23,AC0027,E007,Aurelius France,EMEA,EUR,Pacific Crown,Neither priority cohort,False,0
P003820,2026-04-23,AC0028,E008,Aurelius Netherlands,EMEA,EUR,Meridian Commercial,Neither priority cohort,False,0
P003868,2026-04-23,AC0044,E013,Aurelius Korea,APAC,KRW,Northbridge Bank,Neither priority cohort,False,0
P003875,2026-04-23,AC0035,E010,Aurelius Singapore,APAC,SGD,Pacific Crown,Neither priority cohort,False,0
P004201,2026-04-23,AC0052,E015,Aurelius Hong Kong,APAC,HKD,Continental Trust,Manual touch only,False,0
P004379,2026-04-23,AC0054,E016,Aurelius Global Sourcing,APAC,USD,Northbridge Bank,Manual touch only,False,0
P004427,2026-04-23,AC0005,E002,Aurelius Home US,NA,USD,Continental Trust,Neither priority cohort,False,0
P004459,2026-04-23,AC0050,E015,Aurelius Hong Kong,APAC,HKD,Union Atlantic,Manual touch only,False,0
P004677,2026-04-23,AC0017,E005,Aurelius UK,EMEA,GBP,Union Atlantic,Manual touch + cross-border wire,True,39
P004684,2026-04-23,AC0010,E003,Aurelius Wellness US,NA,USD,Union Atlantic,Manual touch only,False,0
P004859,2026-04-23,AC0007,E002,Aurelius Home US,NA,USD,Northbridge Bank,Neither priority cohort,True,54
P005095,2026-04-23,AC0015,E004,Aurelius Canada,NA,CAD,Pacific Crown,Neither priority cohort,False,0
P005184,2026-04-23,AC0010,E003,Aurelius Wellness US,NA,USD,Union Atlantic,Manual touch only,False,0
P005250,2026-04-23,AC0001,E001,Aurelius Group Holdings,NA,USD,Union Atlantic,Neither priority cohort,False,0
P005274,2026-04-23,AC0026,E007,Aurelius France,EMEA,USD,Union Atlantic,Neither priority cohort,False,0
P005287,2026-04-23,AC0053,E016,Aurelius Global Sourcing,APAC,USD,Pacific Crown,Neither priority cohort,False,0
P005425,2026-04-23,AC0044,E013,Aurelius Korea,APAC,KRW,Northbridge Bank,Neither priority cohort,False,0
P005482,2026-04-23,AC0021,E006,Aurelius Germany,EMEA,EUR,Continental Trust,Manual touch + cross-border wire,False,0
P005589,2026-04-23,AC0050,E015,Aurelius Hong Kong,APAC,HKD,Union Atlantic,Neither priority cohort,False,0
P005890,2026-04-23,AC0041,E012,Aurelius Japan,APAC,JPY,Continental Trust,Manual touch only,False,0
P006005,2026-04-23,AC0053,E016,Aurelius Global Sourcing,APAC,USD,Pacific Crown,Neither priority cohort,False,0
P006021,2026-04-23,AC0001,E001,Aurelius Group Holdings,NA,USD,Union Atlantic,Neither priority cohort,False,0
P006151,2026-04-23,AC0041,E012,Aurelius Japan,APAC,JPY,Continental Trust,Neither priority cohort,False,0
P006152,2026-04-23,AC0005,E002,Aurelius Home US,NA,USD,Continental Trust,Manual touch only,False,0
P006711,2026-04-23,AC0005,E002,Aurelius Home US,NA,USD,Continental Trust,Neither priority cohort,True,54
P006848,2026-04-23,AC0034,E010,Aurelius Singapore,APAC,USD,Continental Trust,Neither priority cohort,False,0
P007076,2026-04-23,AC0031,E009,Aurelius Spain,EMEA,USD,Meridian Commercial,Neither priority cohort,True,34
P007112,2026-04-23,AC0047,E014,Aurelius India,APAC,INR,Meridian Commercial,Manual touch only,True,69
P007116,2026-04-23,AC0031,E009,Aurelius Spain,EMEA,USD,Meridian Commercial,Manual touch only,False,0
P007119,2026-04-23,AC0017,E005,Aurelius UK,EMEA,GBP,Union Atlantic,Neither priority cohort,False,0
P007131,2026-04-23,AC0047,E014,Aurelius India,APAC,INR,Meridian Commercial,Manual touch only,False,0
P007167,2026-04-23,AC0041,E012,Aurelius Japan,APAC,JPY,Continental Trust,Neither priority cohort,False,0
P007268,2026-04-23,AC0040,E011,Aurelius Australia,APAC,AUD,Continental Trust,Manual touch + cross-border wire,False,0
P007269,2026-04-23,AC0014,E004,Aurelius Canada,NA,CAD,Union Atlantic,Neither priority cohort,False,0
P007527,2026-04-23,AC0001,E001,Aurelius Group Holdings,NA,USD,Union Atlantic,Neither priority cohort,False,0
P007539,2026-04-23,AC0034,E010,Aurelius Singapore,APAC,USD,Continental Trust,Neither priority cohort,True,36
P000026,2026-04-24,AC0049,E014,Aurelius India,APAC,USD,Pacific Crown,Neither priority cohort,False,0
P000053,2026-04-24,AC0023,E006,Aurelius Germany,EMEA,EUR,Northbridge Bank,Neither priority cohort,False,0
P000437,2026-04-24,AC0050,E015,Aurelius Hong Kong,APAC,HKD,Union Atlantic,Manual touch only,False,0
P000557,2026-04-24,AC0042,E012,Aurelius Japan,APAC,USD,Union Atlantic,Neither priority cohort,False,0
P000718,2026-04-24,AC0006,E002,Aurelius Home US,NA,USD,Pacific Crown,Neither priority cohort,False,0
P000739,2026-04-24,AC0001,E001,Aurelius Group Holdings,NA,USD,Union Atlantic,Manual touch only,False,0
P000786,2026-04-24,AC0022,E006,Aurelius Germany,EMEA,EUR,Meridian Commercial,Neither priority cohort,False,0
P000827,2026-04-24,AC0034,E010,Aurelius Singapore,APAC,USD,Continental Trust,Neither priority cohort,False,0
P000921,2026-04-24,AC0010,E003,Aurelius Wellness US,NA,USD,Union Atlantic,Neither priority cohort,False,0
P001178,2026-04-24,AC0033,E009,Aurelius Spain,EMEA,EUR,Meridian Commercial,Neither priority cohort,False,0
P001280,2026-04-24,AC0010,E003,Aurelius Wellness US,NA,USD,Union Atlantic,Manual touch only,False,0
P001416,2026-04-24,AC0041,E012,Aurelius Japan,APAC,JPY,Continental Trust,Neither priority cohort,False,0
P002017,2026-04-24,AC0010,E003,Aurelius Wellness US,NA,USD,Union Atlantic,Manual touch only,False,0
P002037,2026-04-24,AC0044,E013,Aurelius Korea,APAC,KRW,Northbridge Bank,Neither priority cohort,False,0
P002126,2026-04-24,AC0032,E009,Aurelius Spain,EMEA,EUR,Northbridge Bank,Manual touch only,False,0
P002129,2026-04-24,AC0022,E006,Aurelius Germany,EMEA,EUR,Meridian Commercial,Manual touch + cross-border wire,False,0
P002161,2026-04-24,AC0014,E004,Aurelius Canada,NA,CAD,Union Atlantic,Manual touch only,False,0
P002234,2026-04-24,AC0050,E015,Aurelius Hong Kong,APAC,HKD,Union Atlantic,Neither priority cohort,False,0
P002474,2026-04-24,AC0038,E011,Aurelius Australia,APAC,USD,Pacific Crown,Neither priority cohort,False,0
P002549,2026-04-24,AC0036,E010,Aurelius Singapore,APAC,SGD,Continental Trust,Neither priority cohort,False,0
P002619,2026-04-24,AC0021,E006,Aurelius Germany,EMEA,EUR,Continental Trust,Neither priority cohort,False,0
P002737,2026-04-24,AC0055,E016,Aurelius Global Sourcing,APAC,USD,Meridian Commercial,Neither priority cohort,False,0
P002822,2026-04-24,AC0027,E007,Aurelius France,EMEA,EUR,Pacific Crown,Neither priority cohort,False,0
P002984,2026-04-24,AC0031,E009,Aurelius Spain,EMEA,USD,Meridian Commercial,Cross-border wire only,False,0
P003211,2026-04-24,AC0010,E003,Aurelius Wellness US,NA,USD,Union Atlantic,Manual touch only,False,0
P003329,2026-04-24,AC0039,E011,Aurelius Australia,APAC,AUD,Continental Trust,Neither priority cohort,False,0
P003557,2026-04-24,AC0016,E004,Aurelius Canada,NA,CAD,Meridian Commercial,Neither priority cohort,False,0
P003777,2026-04-24,AC0007,E002,Aurelius Home US,NA,USD,Northbridge Bank,Neither priority cohort,False,0
P003902,2026-04-24,AC0038,E011,Aurelius Australia,APAC,USD,Pacific Crown,Neither priority cohort,False,0
P003923,2026-04-24,AC0014,E004,Aurelius Canada,NA,CAD,Union Atlantic,Neither priority cohort,False,0
P003988,2026-04-24,AC0025,E007,Aurelius France,EMEA,EUR,Meridian Commercial,Neither priority cohort,False,0
P004411,2026-04-24,AC0005,E002,Aurelius Home US,NA,USD,Continental Trust,Neither priority cohort,False,0
P004479,2026-04-24,AC0028,E008,Aurelius Netherlands,EMEA,EUR,Meridian Commercial,Neither priority cohort,False,0
P004757,2026-04-24,AC0053,E016,Aurelius Global Sourcing,APAC,USD,Pacific Crown,Neither priority cohort,False,0
P004889,2026-04-24,AC0050,E015,Aurelius Hong Kong,APAC,HKD,Union Atlantic,Manual touch only,False,0
P005062,2026-04-24,AC0027,E007,Aurelius France,EMEA,EUR,Pacific Crown,Neither priority cohort,True,49
P005203,2026-04-24,AC0010,E003,Aurelius Wellness US,NA,USD,Union Atlantic,Manual touch only,False,0
P005244,2026-04-24,AC0027,E007,Aurelius France,EMEA,EUR,Pacific Crown,Neither priority cohort,False,0
P005456,2026-04-24,AC0050,E015,Aurelius Hong Kong,APAC,HKD,Union Atlantic,Manual touch only,False,0
P005620,2026-04-24,AC0010,E003,Aurelius Wellness US,NA,USD,Union Atlantic,Neither priority cohort,False,0
P005860,2026-04-24,AC0047,E014,Aurelius India,APAC,INR,Meridian Commercial,Manual touch only,True,39
P005891,2026-04-24,AC0044,E013,Aurelius Korea,APAC,KRW,Northbridge Bank,Neither priority cohort,False,0
P005919,2026-04-24,AC0023,E006,Aurelius Germany,EMEA,EUR,Northbridge Bank,Neither priority cohort,False,0
P006067,2026-04-24,AC0047,E014,Aurelius India,APAC,INR,Meridian Commercial,Neither priority cohort,False,0
P006167,2026-04-24,AC0023,E006,Aurelius Germany,EMEA,EUR,Northbridge Bank,Neither priority cohort,False,0
P006473,2026-04-24,AC0001,E001,Aurelius Group Holdings,NA,USD,Union Atlantic,Neither priority cohort,False,0
P006516,2026-04-24,AC0010,E003,Aurelius Wellness US,NA,USD,Union Atlantic,Manual touch only,True,41
P006638,2026-04-24,AC0041,E012,Aurelius Japan,APAC,JPY,Continental Trust,Neither priority cohort,False,0
P006656,2026-04-24,AC0001,E001,Aurelius Group Holdings,NA,USD,Union Atlantic,Neither priority cohort,False,0
P006724,2026-04-24,AC0052,E015,Aurelius Hong Kong,APAC,HKD,Continental Trust,Neither priority cohort,False,0
P006827,2026-04-24,AC0014,E004,Aurelius Canada,NA,CAD,Union Atlantic,Neither priority cohort,False,0
P007323,2026-04-24,AC0049,E014,Aurelius India,APAC,USD,Pacific Crown,Neither priority cohort,False,0
P000389,2026-04-27,AC0001,E001,Aurelius Group Holdings,NA,USD,Union Atlantic,Cross-border wire only,False,0
P000439,2026-04-27,AC0043,E012,Aurelius Japan,APAC,JPY,Union Atlantic,Manual touch only,False,0
P000445,2026-04-27,AC0045,E013,Aurelius Korea,APAC,KRW,Pacific Crown,Neither priority cohort,False,0
P000464,2026-04-27,AC0053,E016,Aurelius Global Sourcing,APAC,USD,Pacific Crown,Manual touch only,True,15
P000677,2026-04-27,AC0003,E001,Aurelius Group Holdings,NA,USD,Meridian Commercial,Manual touch only,False,0
P000716,2026-04-27,AC0032,E009,Aurelius Spain,EMEA,EUR,Northbridge Bank,Neither priority cohort,False,0
P000955,2026-04-27,AC0053,E016,Aurelius Global Sourcing,APAC,USD,Pacific Crown,Neither priority cohort,False,0
P001032,2026-04-27,AC0021,E006,Aurelius Germany,EMEA,EUR,Continental Trust,Neither priority cohort,False,0
P001264,2026-04-27,AC0034,E010,Aurelius Singapore,APAC,USD,Continental Trust,Manual touch only,False,0
P001344,2026-04-27,AC0014,E004,Aurelius Canada,NA,CAD,Union Atlantic,Manual touch only,False,0
P001469,2026-04-27,AC0005,E002,Aurelius Home US,NA,USD,Continental Trust,Neither priority cohort,False,0
P001795,2026-04-27,AC0018,E005,Aurelius UK,EMEA,GBP,Union Atlantic,Neither priority cohort,False,0
P002366,2026-04-27,AC0049,E014,Aurelius India,APAC,USD,Pacific Crown,Neither priority cohort,False,0
P002589,2026-04-27,AC0034,E010,Aurelius Singapore,APAC,USD,Continental Trust,Neither priority cohort,False,0
P002829,2026-04-27,AC0025,E007,Aurelius France,EMEA,EUR,Meridian Commercial,Neither priority cohort,False,0
P003021,2026-04-27,AC0021,E006,Aurelius Germany,EMEA,EUR,Continental Trust,Manual touch only,False,0
P003143,2026-04-27,AC0053,E016,Aurelius Global Sourcing,APAC,USD,Pacific Crown,Manual touch only,False,0
P003344,2026-04-27,AC0023,E006,Aurelius Germany,EMEA,EUR,Northbridge Bank,Neither priority cohort,False,0
P003380,2026-04-27,AC0030,E008,Aurelius Netherlands,EMEA,USD,Pacific Crown,Neither priority cohort,False,0
P003521,2026-04-27,AC0028,E008,Aurelius Netherlands,EMEA,EUR,Meridian Commercial,Neither priority cohort,False,0
P003644,2026-04-27,AC0047,E014,Aurelius India,APAC,INR,Meridian Commercial,Neither priority cohort,False,0
P003878,2026-04-27,AC0051,E015,Aurelius Hong Kong,APAC,HKD,Pacific Crown,Neither priority cohort,False,0
P004088,2026-04-27,AC0014,E004,Aurelius Canada,NA,CAD,Union Atlantic,Neither priority cohort,False,0
P004139,2026-04-27,AC0041,E012,Aurelius Japan,APAC,JPY,Continental Trust,Neither priority cohort,False,0
P004226,2026-04-27,AC0038,E011,Aurelius Australia,APAC,USD,Pacific Crown,Neither priority cohort,False,0
P004280,2026-04-27,AC0034,E010,Aurelius Singapore,APAC,USD,Continental Trust,Neither priority cohort,False,0
P004320,2026-04-27,AC0010,E003,Aurelius Wellness US,NA,USD,Union Atlantic,Manual touch only,False,0
P004330,2026-04-27,AC0018,E005,Aurelius UK,EMEA,GBP,Union Atlantic,Manual touch only,False,0
P004511,2026-04-27,AC0047,E014,Aurelius India,APAC,INR,Meridian Commercial,Neither priority cohort,True,54
P004519,2026-04-27,AC0012,E003,Aurelius Wellness US,NA,USD,Northbridge Bank,Neither priority cohort,False,0
P004547,2026-04-27,AC0012,E003,Aurelius Wellness US,NA,USD,Northbridge Bank,Cross-border wire only,True,25
P004583,2026-04-27,AC0018,E005,Aurelius UK,EMEA,GBP,Union Atlantic,Neither priority cohort,False,0
P004647,2026-04-27,AC0048,E014,Aurelius India,APAC,INR,Continental Trust,Manual touch only,False,0
P004790,2026-04-27,AC0038,E011,Aurelius Australia,APAC,USD,Pacific Crown,Neither priority cohort,False,0
P004830,2026-04-27,AC0047,E014,Aurelius India,APAC,INR,Meridian Commercial,Neither priority cohort,False,0
P004855,2026-04-27,AC0021,E006,Aurelius Germany,EMEA,EUR,Continental Trust,Neither priority cohort,False,0
P004987,2026-04-27,AC0047,E014,Aurelius India,APAC,INR,Meridian Commercial,Neither priority cohort,False,0
P005124,2026-04-27,AC0038,E011,Aurelius Australia,APAC,USD,Pacific Crown,Neither priority cohort,False,0
P005268,2026-04-27,AC0050,E015,Aurelius Hong Kong,APAC,HKD,Union Atlantic,Manual touch only,False,0
P005384,2026-04-27,AC0011,E003,Aurelius Wellness US,NA,USD,Continental Trust,Cross-border wire only,False,0
P005560,2026-04-27,AC0005,E002,Aurelius Home US,NA,USD,Continental Trust,Neither priority cohort,False,0
P005663,2026-04-27,AC0021,E006,Aurelius Germany,EMEA,EUR,Continental Trust,Manual touch only,False,0
P005859,2026-04-27,AC0025,E007,Aurelius France,EMEA,EUR,Meridian Commercial,Neither priority cohort,False,0
P006606,2026-04-27,AC0019,E005,Aurelius UK,EMEA,GBP,Union Atlantic,Neither priority cohort,False,0
P006616,2026-04-27,AC0034,E010,Aurelius Singapore,APAC,USD,Continental Trust,Neither priority cohort,False,0
P006884,2026-04-27,AC0049,E014,Aurelius India,APAC,USD,Pacific Crown,Neither priority cohort,False,0
P006920,2026-04-27,AC0053,E016,Aurelius Global Sourcing,APAC,USD,Pacific Crown,Manual touch only,False,0
P007009,2026-04-27,AC0031,E009,Aurelius Spain,EMEA,USD,Meridian Commercial,Neither priority cohort,False,0
P007023,2026-04-27,AC0041,E012,Aurelius Japan,APAC,JPY,Continental Trust,Neither priority cohort,False,0
P007049,2026-04-27,AC0031,E009,Aurelius Spain,EMEA,USD,Meridian Commercial,Manual touch only,False,0
P007193,2026-04-27,AC0034,E010,Aurelius Singapore,APAC,USD,Continental Trust,Neither priority cohort,False,0
P007333,2026-04-27,AC0053,E016,Aurelius Global Sourcing,APAC,USD,Pacific Crown,Neither priority cohort,False,0
P007377,2026-04-27,AC0005,E002,Aurelius Home US,NA,USD,Continental Trust,Neither priority cohort,False,0
P007467,2026-04-27,AC0005,E002,Aurelius Home US,NA,USD,Continental Trust,Neither priority cohort,False,0
P000096,2026-04-28,AC0034,E010,Aurelius Singapore,APAC,USD,Continental Trust,Neither priority cohort,False,0
P000225,2026-04-28,AC0008,E002,Aurelius Home US,NA,USD,Pacific Crown,Manual touch only,False,0
P000293,2026-04-28,AC0014,E004,Aurelius Canada,NA,CAD,Union Atlantic,Neither priority cohort,False,0
P000555,2026-04-28,AC0052,E015,Aurelius Hong Kong,APAC,HKD,Continental Trust,Neither priority cohort,False,0
P000695,2026-04-28,AC0053,E016,Aurelius Global Sourcing,APAC,USD,Pacific Crown,Neither priority cohort,False,0
P001000,2026-04-28,AC0034,E010,Aurelius Singapore,APAC,USD,Continental Trust,Manual touch + cross-border wire,False,0
P001012,2026-04-28,AC0047,E014,Aurelius India,APAC,INR,Meridian Commercial,Neither priority cohort,False,0
P001044,2026-04-28,AC0034,E010,Aurelius Singapore,APAC,USD,Continental Trust,Manual touch only,True,57
P001257,2026-04-28,AC0050,E015,Aurelius Hong Kong,APAC,HKD,Union Atlantic,Cross-border wire only,False,0
P001518,2026-04-28,AC0044,E013,Aurelius Korea,APAC,KRW,Northbridge Bank,Neither priority cohort,False,0
P001552,2026-04-28,AC0052,E015,Aurelius Hong Kong,APAC,HKD,Continental Trust,Neither priority cohort,False,0
P001587,2026-04-28,AC0041,E012,Aurelius Japan,APAC,JPY,Continental Trust,Neither priority cohort,False,0
P001592,2026-04-28,AC0044,E013,Aurelius Korea,APAC,KRW,Northbridge Bank,Neither priority cohort,False,0
P001602,2026-04-28,AC0027,E007,Aurelius France,EMEA,EUR,Pacific Crown,Manual touch + cross-border wire,False,0
P001674,2026-04-28,AC0041,E012,Aurelius Japan,APAC,JPY,Continental Trust,Manual touch only,True,59
P001695,2026-04-28,AC0010,E003,Aurelius Wellness US,NA,USD,Union Atlantic,Neither priority cohort,False,0
P001848,2026-04-28,AC0006,E002,Aurelius Home US,NA,USD,Pacific Crown,Manual touch only,False,0
P001971,2026-04-28,AC0005,E002,Aurelius Home US,NA,USD,Continental Trust,Neither priority cohort,False,0
P002043,2026-04-28,AC0044,E013,Aurelius Korea,APAC,KRW,Northbridge Bank,Neither priority cohort,False,0
P002189,2026-04-28,AC0031,E009,Aurelius Spain,EMEA,USD,Meridian Commercial,Neither priority cohort,False,0
P002300,2026-04-28,AC0034,E010,Aurelius Singapore,APAC,USD,Continental Trust,Neither priority cohort,False,0
P002490,2026-04-28,AC0053,E016,Aurelius Global Sourcing,APAC,USD,Pacific Crown,Manual touch only,False,0
P002520,2026-04-28,AC0022,E006,Aurelius Germany,EMEA,EUR,Meridian Commercial,Manual touch only,False,0
P003012,2026-04-28,AC0014,E004,Aurelius Canada,NA,CAD,Union Atlantic,Neither priority cohort,False,0
P003155,2026-04-28,AC0032,E009,Aurelius Spain,EMEA,EUR,Northbridge Bank,Neither priority cohort,False,0
P003296,2026-04-28,AC0030,E008,Aurelius Netherlands,EMEA,USD,Pacific Crown,Neither priority cohort,False,0
P003392,2026-04-28,AC0041,E012,Aurelius Japan,APAC,JPY,Continental Trust,Neither priority cohort,False,0
P003566,2026-04-28,AC0041,E012,Aurelius Japan,APAC,JPY,Continental Trust,Neither priority cohort,False,0
P003714,2026-04-28,AC0038,E011,Aurelius Australia,APAC,USD,Pacific Crown,Neither priority cohort,False,0
P003760,2026-04-28,AC0025,E007,Aurelius France,EMEA,EUR,Meridian Commercial,Neither priority cohort,False,0
P004209,2026-04-28,AC0047,E014,Aurelius India,APAC,INR,Meridian Commercial,Neither priority cohort,False,0
P004254,2026-04-28,AC0014,E004,Aurelius Canada,NA,CAD,Union Atlantic,Manual touch + cross-border wire,False,0
P004307,2026-04-28,AC0053,E016,Aurelius Global Sourcing,APAC,USD,Pacific Crown,Neither priority cohort,False,0
P004564,2026-04-28,AC0053,E016,Aurelius Global Sourcing,APAC,USD,Pacific Crown,Neither priority cohort,False,0
P004596,2026-04-28,AC0034,E010,Aurelius Singapore,APAC,USD,Continental Trust,Manual touch only,False,0
P004778,2026-04-28,AC0031,E009,Aurelius Spain,EMEA,USD,Meridian Commercial,Neither priority cohort,False,0
P004783,2026-04-28,AC0005,E002,Aurelius Home US,NA,USD,Continental Trust,Cross-border wire only,True,64
P004861,2026-04-28,AC0017,E005,Aurelius UK,EMEA,GBP,Union Atlantic,Neither priority cohort,False,0
P005322,2026-04-28,AC0038,E011,Aurelius Australia,APAC,USD,Pacific Crown,Neither priority cohort,False,0
P005350,2026-04-28,AC0028,E008,Aurelius Netherlands,EMEA,EUR,Meridian Commercial,Neither priority cohort,False,0
P005377,2026-04-28,AC0054,E016,Aurelius Global Sourcing,APAC,USD,Northbridge Bank,Neither priority cohort,False,0
P005380,2026-04-28,AC0005,E002,Aurelius Home US,NA,USD,Continental Trust,Neither priority cohort,False,0
P005439,2026-04-28,AC0010,E003,Aurelius Wellness US,NA,USD,Union Atlantic,Manual touch only,True,44
P005550,2026-04-28,AC0003,E001,Aurelius Group Holdings,NA,USD,Meridian Commercial,Neither priority cohort,False,0
P005870,2026-04-28,AC0021,E006,Aurelius Germany,EMEA,EUR,Continental Trust,Neither priority cohort,False,0
P005928,2026-04-28,AC0053,E016,Aurelius Global Sourcing,APAC,USD,Pacific Crown,Neither priority cohort,False,0
P006044,2026-04-28,AC0030,E008,Aurelius Netherlands,EMEA,USD,Pacific Crown,Cross-border wire only,False,0
P006180,2026-04-28,AC0017,E005,Aurelius UK,EMEA,GBP,Union Atlantic,Neither priority cohort,False,0
P006600,2026-04-28,AC0047,E014,Aurelius India,APAC,INR,Meridian Commercial,Cross-border wire only,False,0
P006797,2026-04-28,AC0001,E001,Aurelius Group Holdings,NA,USD,Union Atlantic,Neither priority cohort,False,0
P007001,2026-04-28,AC0005,E002,Aurelius Home US,NA,USD,Continental Trust,Neither priority cohort,False,0
P007064,2026-04-28,AC0044,E013,Aurelius Korea,APAC,KRW,Northbridge Bank,Manual touch only,False,0
P007237,2026-04-28,AC0034,E010,Aurelius Singapore,APAC,USD,Continental Trust,Manual touch only,False,0
P007551,2026-04-28,AC0021,E006,Aurelius Germany,EMEA,EUR,Continental Trust,Neither priority cohort,False,0
P000068,2026-04-29,AC0010,E003,Aurelius Wellness US,NA,USD,Union Atlantic,Manual touch only,False,0
P000098,2026-04-29,AC0001,E001,Aurelius Group Holdings,NA,USD,Union Atlantic,Manual touch + cross-border wire,False,0
P000323,2026-04-29,AC0005,E002,Aurelius Home US,NA,USD,Continental Trust,Neither priority cohort,False,0
P000539,2026-04-29,AC0017,E005,Aurelius UK,EMEA,GBP,Union Atlantic,Manual touch only,False,0
P000763,2026-04-29,AC0040,E011,Aurelius Australia,APAC,AUD,Continental Trust,Manual touch only,True,46
P000941,2026-04-29,AC0017,E005,Aurelius UK,EMEA,GBP,Union Atlantic,Neither priority cohort,False,0
P000976,2026-04-29,AC0034,E010,Aurelius Singapore,APAC,USD,Continental Trust,Neither priority cohort,False,0
P001015,2026-04-29,AC0019,E005,Aurelius UK,EMEA,GBP,Union Atlantic,Neither priority cohort,False,0
P001121,2026-04-29,AC0053,E016,Aurelius Global Sourcing,APAC,USD,Pacific Crown,Neither priority cohort,False,0
P001125,2026-04-29,AC0006,E002,Aurelius Home US,NA,USD,Pacific Crown,Cross-border wire only,False,0
P001201,2026-04-29,AC0028,E008,Aurelius Netherlands,EMEA,EUR,Meridian Commercial,Neither priority cohort,False,0
P001453,2026-04-29,AC0041,E012,Aurelius Japan,APAC,JPY,Continental Trust,Manual touch only,False,0
P001586,2026-04-29,AC0050,E015,Aurelius Hong Kong,APAC,HKD,Union Atlantic,Manual touch only,False,0
P001611,2026-04-29,AC0022,E006,Aurelius Germany,EMEA,EUR,Meridian Commercial,Manual touch only,False,0
P001711,2026-04-29,AC0010,E003,Aurelius Wellness US,NA,USD,Union Atlantic,Manual touch only,False,0
P001906,2026-04-29,AC0044,E013,Aurelius Korea,APAC,KRW,Northbridge Bank,Neither priority cohort,False,0
P002100,2026-04-29,AC0036,E010,Aurelius Singapore,APAC,SGD,Continental Trust,Neither priority cohort,False,0
P002388,2026-04-29,AC0016,E004,Aurelius Canada,NA,CAD,Meridian Commercial,Neither priority cohort,False,0
P002424,2026-04-29,AC0025,E007,Aurelius France,EMEA,EUR,Meridian Commercial,Neither priority cohort,False,0
P002435,2026-04-29,AC0001,E001,Aurelius Group Holdings,NA,USD,Union Atlantic,Manual touch only,False,0
P002572,2026-04-29,AC0034,E010,Aurelius Singapore,APAC,USD,Continental Trust,Neither priority cohort,False,0
P002757,2026-04-29,AC0050,E015,Aurelius Hong Kong,APAC,HKD,Union Atlantic,Manual touch only,False,0
P002923,2026-04-29,AC0034,E010,Aurelius Singapore,APAC,USD,Continental Trust,Manual touch only,False,0
P003114,2026-04-29,AC0001,E001,Aurelius Group Holdings,NA,USD,Union Atlantic,Manual touch + cross-border wire,True,59
P003161,2026-04-29,AC0048,E014,Aurelius India,APAC,INR,Continental Trust,Neither priority cohort,False,0
P003237,2026-04-29,AC0027,E007,Aurelius France,EMEA,EUR,Pacific Crown,Neither priority cohort,False,0
P003434,2026-04-29,AC0010,E003,Aurelius Wellness US,NA,USD,Union Atlantic,Neither priority cohort,False,0
P003578,2026-04-29,AC0031,E009,Aurelius Spain,EMEA,USD,Meridian Commercial,Neither priority cohort,False,0
P003612,2026-04-29,AC0025,E007,Aurelius France,EMEA,EUR,Meridian Commercial,Manual touch only,False,0
P003658,2026-04-29,AC0025,E007,Aurelius France,EMEA,EUR,Meridian Commercial,Manual touch + cross-border wire,False,0
P003928,2026-04-29,AC0041,E012,Aurelius Japan,APAC,JPY,Continental Trust,Manual touch only,False,0
P003931,2026-04-29,AC0021,E006,Aurelius Germany,EMEA,EUR,Continental Trust,Manual touch only,False,0
P004033,2026-04-29,AC0035,E010,Aurelius Singapore,APAC,SGD,Pacific Crown,Neither priority cohort,False,0
P004077,2026-04-29,AC0001,E001,Aurelius Group Holdings,NA,USD,Union Atlantic,Neither priority cohort,False,0
P004246,2026-04-29,AC0020,E005,Aurelius UK,EMEA,GBP,Meridian Commercial,Neither priority cohort,False,0
P004657,2026-04-29,AC0012,E003,Aurelius Wellness US,NA,USD,Northbridge Bank,Manual touch only,False,0
P004766,2026-04-29,AC0040,E011,Aurelius Australia,APAC,AUD,Continental Trust,Neither priority cohort,False,0
P004876,2026-04-29,AC0054,E016,Aurelius Global Sourcing,APAC,USD,Northbridge Bank,Cross-border wire only,False,0
P005069,2026-04-29,AC0028,E008,Aurelius Netherlands,EMEA,EUR,Meridian Commercial,Cross-border wire only,False,0
P005109,2026-04-29,AC0031,E009,Aurelius Spain,EMEA,USD,Meridian Commercial,Manual touch only,False,0
P005412,2026-04-29,AC0044,E013,Aurelius Korea,APAC,KRW,Northbridge Bank,Neither priority cohort,False,0
P005618,2026-04-29,AC0052,E015,Aurelius Hong Kong,APAC,HKD,Continental Trust,Neither priority cohort,False,0
P005834,2026-04-29,AC0021,E006,Aurelius Germany,EMEA,EUR,Continental Trust,Manual touch only,True,16
P005922,2026-04-29,AC0005,E002,Aurelius Home US,NA,USD,Continental Trust,Neither priority cohort,False,0
P006072,2026-04-29,AC0005,E002,Aurelius Home US,NA,USD,Continental Trust,Neither priority cohort,False,0
P006131,2026-04-29,AC0014,E004,Aurelius Canada,NA,CAD,Union Atlantic,Neither priority cohort,False,0
P006234,2026-04-29,AC0019,E005,Aurelius UK,EMEA,GBP,Union Atlantic,Neither priority cohort,False,0
P006250,2026-04-29,AC0038,E011,Aurelius Australia,APAC,USD,Pacific Crown,Cross-border wire only,False,0
P006268,2026-04-29,AC0028,E008,Aurelius Netherlands,EMEA,EUR,Meridian Commercial,Neither priority cohort,False,0
P006434,2026-04-29,AC0010,E003,Aurelius Wellness US,NA,USD,Union Atlantic,Neither priority cohort,False,0
P006436,2026-04-29,AC0005,E002,Aurelius Home US,NA,USD,Continental Trust,Neither priority cohort,False,0
P006472,2026-04-29,AC0028,E008,Aurelius Netherlands,EMEA,EUR,Meridian Commercial,Neither priority cohort,False,0
P006547,2026-04-29,AC0047,E014,Aurelius India,APAC,INR,Meridian Commercial,Neither priority cohort,False,0
P006583,2026-04-29,AC0021,E006,Aurelius Germany,EMEA,EUR,Continental Trust,Manual touch only,False,0
P006674,2026-04-29,AC0051,E015,Aurelius Hong Kong,APAC,HKD,Pacific Crown,Neither priority cohort,False,0
P006946,2026-04-29,AC0022,E006,Aurelius Germany,EMEA,EUR,Meridian Commercial,Manual touch only,False,0
P007146,2026-04-29,AC0005,E002,Aurelius Home US,NA,USD,Continental Trust,Neither priority cohort,False,0
P007265,2026-04-29,AC0027,E007,Aurelius France,EMEA,EUR,Pacific Crown,Manual touch only,False,0
P007399,2026-04-29,AC0014,E004,Aurelius Canada,NA,CAD,Union Atlantic,Neither priority cohort,False,0
P007471,2026-04-29,AC0021,E006,Aurelius Germany,EMEA,EUR,Continental Trust,Neither priority cohort,False,0
P007533,2026-04-29,AC0050,E015,Aurelius Hong Kong,APAC,HKD,Union Atlantic,Neither priority cohort,False,0
P007563,2026-04-29,AC0025,E007,Aurelius France,EMEA,EUR,Meridian Commercial,Neither priority cohort,False,0
P000124,2026-04-30,AC0038,E011,Aurelius Australia,APAC,USD,Pacific Crown,Neither priority cohort,False,0
P000142,2026-04-30,AC0005,E002,Aurelius Home US,NA,USD,Continental Trust,Neither priority cohort,False,0
P000277,2026-04-30,AC0052,E015,Aurelius Hong Kong,APAC,HKD,Continental Trust,Cross-border wire only,False,0
P000367,2026-04-30,AC0028,E008,Aurelius Netherlands,EMEA,EUR,Meridian Commercial,Neither priority cohort,False,0
P000481,2026-04-30,AC0031,E009,Aurelius Spain,EMEA,USD,Meridian Commercial,Neither priority cohort,False,0
P000502,2026-04-30,AC0038,E011,Aurelius Australia,APAC,USD,Pacific Crown,Neither priority cohort,False,0
P000546,2026-04-30,AC0034,E010,Aurelius Singapore,APAC,USD,Continental Trust,Manual touch only,True,50
P000597,2026-04-30,AC0014,E004,Aurelius Canada,NA,CAD,Union Atlantic,Manual touch only,False,0
P000661,2026-04-30,AC0013,E003,Aurelius Wellness US,NA,USD,Union Atlantic,Neither priority cohort,False,0
P000910,2026-04-30,AC0044,E013,Aurelius Korea,APAC,KRW,Northbridge Bank,Cross-border wire only,False,0
P000952,2026-04-30,AC0031,E009,Aurelius Spain,EMEA,USD,Meridian Commercial,Neither priority cohort,False,0
P001127,2026-04-30,AC0001,E001,Aurelius Group Holdings,NA,USD,Union Atlantic,Neither priority cohort,False,0
P001293,2026-04-30,AC0038,E011,Aurelius Australia,APAC,USD,Pacific Crown,Neither priority cohort,False,0
P001477,2026-04-30,AC0053,E016,Aurelius Global Sourcing,APAC,USD,Pacific Crown,Neither priority cohort,False,0
P001598,2026-04-30,AC0053,E016,Aurelius Global Sourcing,APAC,USD,Pacific Crown,Neither priority cohort,False,0
P001665,2026-04-30,AC0017,E005,Aurelius UK,EMEA,GBP,Union Atlantic,Neither priority cohort,False,0
P001678,2026-04-30,AC0021,E006,Aurelius Germany,EMEA,EUR,Continental Trust,Neither priority cohort,False,0
P001703,2026-04-30,AC0017,E005,Aurelius UK,EMEA,GBP,Union Atlantic,Neither priority cohort,False,0
P001732,2026-04-30,AC0047,E014,Aurelius India,APAC,INR,Meridian Commercial,Neither priority cohort,False,0
P001827,2026-04-30,AC0005,E002,Aurelius Home US,NA,USD,Continental Trust,Neither priority cohort,False,0
P001850,2026-04-30,AC0001,E001,Aurelius Group Holdings,NA,USD,Union Atlantic,Cross-border wire only,False,0
P001879,2026-04-30,AC0031,E009,Aurelius Spain,EMEA,USD,Meridian Commercial,Neither priority cohort,False,0
P002436,2026-04-30,AC0040,E011,Aurelius Australia,APAC,AUD,Continental Trust,Neither priority cohort,False,0
P002449,2026-04-30,AC0002,E001,Aurelius Group Holdings,NA,USD,Pacific Crown,Neither priority cohort,False,0
P002456,2026-04-30,AC0050,E015,Aurelius Hong Kong,APAC,HKD,Union Atlantic,Neither priority cohort,False,0
P002521,2026-04-30,AC0047,E014,Aurelius India,APAC,INR,Meridian Commercial,Neither priority cohort,False,0
P002675,2026-04-30,AC0002,E001,Aurelius Group Holdings,NA,USD,Pacific Crown,Neither priority cohort,False,0
P002769,2026-04-30,AC0019,E005,Aurelius UK,EMEA,GBP,Union Atlantic,Manual touch only,False,0
P002870,2026-04-30,AC0003,E001,Aurelius Group Holdings,NA,USD,Meridian Commercial,Neither priority cohort,False,0
P003085,2026-04-30,AC0012,E003,Aurelius Wellness US,NA,USD,Northbridge Bank,Neither priority cohort,False,0
P003260,2026-04-30,AC0038,E011,Aurelius Australia,APAC,USD,Pacific Crown,Manual touch only,False,0
P003368,2026-04-30,AC0031,E009,Aurelius Spain,EMEA,USD,Meridian Commercial,Manual touch only,False,0
P003480,2026-04-30,AC0005,E002,Aurelius Home US,NA,USD,Continental Trust,Neither priority cohort,False,0
P003850,2026-04-30,AC0029,E008,Aurelius Netherlands,EMEA,EUR,Continental Trust,Neither priority cohort,False,0
P004484,2026-04-30,AC0014,E004,Aurelius Canada,NA,CAD,Union Atlantic,Cross-border wire only,False,0
P004695,2026-04-30,AC0017,E005,Aurelius UK,EMEA,GBP,Union Atlantic,Neither priority cohort,False,0
P004769,2026-04-30,AC0038,E011,Aurelius Australia,APAC,USD,Pacific Crown,Neither priority cohort,False,0
P004917,2026-04-30,AC0036,E010,Aurelius Singapore,APAC,SGD,Continental Trust,Neither priority cohort,False,0
P004940,2026-04-30,AC0001,E001,Aurelius Group Holdings,NA,USD,Union Atlantic,Neither priority cohort,False,0
P005165,2026-04-30,AC0044,E013,Aurelius Korea,APAC,KRW,Northbridge Bank,Neither priority cohort,False,0
P005209,2026-04-30,AC0052,E015,Aurelius Hong Kong,APAC,HKD,Continental Trust,Neither priority cohort,False,0
P005697,2026-04-30,AC0025,E007,Aurelius France,EMEA,EUR,Meridian Commercial,Neither priority cohort,False,0
P005735,2026-04-30,AC0038,E011,Aurelius Australia,APAC,USD,Pacific Crown,Neither priority cohort,False,0
P005861,2026-04-30,AC0003,E001,Aurelius Group Holdings,NA,USD,Meridian Commercial,Neither priority cohort,False,0
P005905,2026-04-30,AC0044,E013,Aurelius Korea,APAC,KRW,Northbridge Bank,Neither priority cohort,False,0
P005953,2026-04-30,AC0047,E014,Aurelius India,APAC,INR,Meridian Commercial,Cross-border wire only,False,0
P006145,2026-04-30,AC0047,E014,Aurelius India,APAC,INR,Meridian Commercial,Neither priority cohort,False,0
P006173,2026-04-30,AC0015,E004,Aurelius Canada,NA,CAD,Pacific Crown,Neither priority cohort,False,0
P006185,2026-04-30,AC0010,E003,Aurelius Wellness US,NA,USD,Union Atlantic,Neither priority cohort,False,0
P006299,2026-04-30,AC0014,E004,Aurelius Canada,NA,CAD,Union Atlantic,Manual touch only,False,0
P006345,2026-04-30,AC0028,E008,Aurelius Netherlands,EMEA,EUR,Meridian Commercial,Neither priority cohort,False,0
P006410,2026-04-30,AC0044,E013,Aurelius Korea,APAC,KRW,Northbridge Bank,Neither priority cohort,False,0
P006466,2026-04-30,AC0050,E015,Aurelius Hong Kong,APAC,HKD,Union Atlantic,Manual touch only,False,0
P006536,2026-04-30,AC0001,E001,Aurelius Group Holdings,NA,USD,Union Atlantic,Neither priority cohort,False,0
P006710,2026-04-30,AC0002,E001,Aurelius Group Holdings,NA,USD,Pacific Crown,Neither priority cohort,False,0
P006731,2026-04-30,AC0041,E012,Aurelius Japan,APAC,JPY,Continental Trust,Neither priority cohort,False,0
P006798,2026-04-30,AC0048,E014,Aurelius India,APAC,INR,Continental Trust,Manual touch only,False,0
P006929,2026-04-30,AC0050,E015,Aurelius Hong Kong,APAC,HKD,Union Atlantic,Manual touch only,False,0
P006965,2026-04-30,AC0027,E007,Aurelius France,EMEA,EUR,Pacific Crown,Neither priority cohort,False,0
P007133,2026-04-30,AC0031,E009,Aurelius Spain,EMEA,USD,Meridian Commercial,Cross-border wire only,True,28
P007266,2026-04-30,AC0010,E003,Aurelius Wellness US,NA,USD,Union Atlantic,Neither priority cohort,False,0
P007338,2026-04-30,AC0011,E003,Aurelius Wellness US,NA,USD,Continental Trust,Neither priority cohort,False,0
P000021,2026-05-01,AC0031,E009,Aurelius Spain,EMEA,USD,Meridian Commercial,Neither priority cohort,False,0
P000038,2026-05-01,AC0036,E010,Aurelius Singapore,APAC,SGD,Continental Trust,Neither priority cohort,False,0
P000057,2026-05-01,AC0049,E014,Aurelius India,APAC,USD,Pacific Crown,Neither priority cohort,False,0
P000097,2026-05-01,AC0046,E013,Aurelius Korea,APAC,KRW,Union Atlantic,Manual touch only,True,25
P000193,2026-05-01,AC0055,E016,Aurelius Global Sourcing,APAC,USD,Meridian Commercial,Manual touch only,False,0
P000279,2026-05-01,AC0053,E016,Aurelius Global Sourcing,APAC,USD,Pacific Crown,Neither priority cohort,False,0
P000329,2026-05-01,AC0028,E008,Aurelius Netherlands,EMEA,EUR,Meridian Commercial,Neither priority cohort,False,0
P000401,2026-05-01,AC0005,E002,Aurelius Home US,NA,USD,Continental Trust,Manual touch only,False,0
P000684,2026-05-01,AC0001,E001,Aurelius Group Holdings,NA,USD,Union Atlantic,Neither priority cohort,False,0
P000757,2026-05-01,AC0021,E006,Aurelius Germany,EMEA,EUR,Continental Trust,Manual touch only,False,0
P000769,2026-05-01,AC0017,E005,Aurelius UK,EMEA,GBP,Union Atlantic,Manual touch only,False,0
P000859,2026-05-01,AC0047,E014,Aurelius India,APAC,INR,Meridian Commercial,Manual touch only,False,0
P000871,2026-05-01,AC0053,E016,Aurelius Global Sourcing,APAC,USD,Pacific Crown,Neither priority cohort,False,0
P000884,2026-05-01,AC0014,E004,Aurelius Canada,NA,CAD,Union Atlantic,Neither priority cohort,False,0
P001085,2026-05-01,AC0047,E014,Aurelius India,APAC,INR,Meridian Commercial,Cross-border wire only,False,0
P001281,2026-05-01,AC0001,E001,Aurelius Group Holdings,NA,USD,Union Atlantic,Manual touch only,False,0
P001760,2026-05-01,AC0033,E009,Aurelius Spain,EMEA,EUR,Meridian Commercial,Neither priority cohort,True,26
P001913,2026-05-01,AC0038,E011,Aurelius Australia,APAC,USD,Pacific Crown,Neither priority cohort,False,0
P001927,2026-05-01,AC0027,E007,Aurelius France,EMEA,EUR,Pacific Crown,Manual touch only,False,0
P002241,2026-05-01,AC0025,E007,Aurelius France,EMEA,EUR,Meridian Commercial,Neither priority cohort,False,0
P002311,2026-05-01,AC0007,E002,Aurelius Home US,NA,USD,Northbridge Bank,Manual touch only,False,0
P002545,2026-05-01,AC0005,E002,Aurelius Home US,NA,USD,Continental Trust,Neither priority cohort,False,0
P002547,2026-05-01,AC0050,E015,Aurelius Hong Kong,APAC,HKD,Union Atlantic,Manual touch only,False,0
P002581,2026-05-01,AC0030,E008,Aurelius Netherlands,EMEA,USD,Pacific Crown,Cross-border wire only,False,0
P002613,2026-05-01,AC0047,E014,Aurelius India,APAC,INR,Meridian Commercial,Manual touch only,False,0
P002694,2026-05-01,AC0033,E009,Aurelius Spain,EMEA,EUR,Meridian Commercial,Neither priority cohort,False,0
P002867,2026-05-01,AC0033,E009,Aurelius Spain,EMEA,EUR,Meridian Commercial,Neither priority cohort,False,0
P002972,2026-05-01,AC0001,E001,Aurelius Group Holdings,NA,USD,Union Atlantic,Manual touch only,False,0
P003124,2026-05-01,AC0018,E005,Aurelius UK,EMEA,GBP,Union Atlantic,Manual touch only,True,13
P003437,2026-05-01,AC0021,E006,Aurelius Germany,EMEA,EUR,Continental Trust,Neither priority cohort,False,0
P003499,2026-05-01,AC0010,E003,Aurelius Wellness US,NA,USD,Union Atlantic,Neither priority cohort,False,0
P003693,2026-05-01,AC0025,E007,Aurelius France,EMEA,EUR,Meridian Commercial,Manual touch only,False,0
P003930,2026-05-01,AC0012,E003,Aurelius Wellness US,NA,USD,Northbridge Bank,Manual touch only,False,0
P004292,2026-05-01,AC0034,E010,Aurelius Singapore,APAC,USD,Continental Trust,Manual touch only,False,0
P004467,2026-05-01,AC0031,E009,Aurelius Spain,EMEA,USD,Meridian Commercial,Manual touch only,False,0
P004505,2026-05-01,AC0053,E016,Aurelius Global Sourcing,APAC,USD,Pacific Crown,Neither priority cohort,False,0
P004682,2026-05-01,AC0053,E016,Aurelius Global Sourcing,APAC,USD,Pacific Crown,Neither priority cohort,False,0
P004711,2026-05-01,AC0025,E007,Aurelius France,EMEA,EUR,Meridian Commercial,Manual touch only,True,21
P005058,2026-05-01,AC0021,E006,Aurelius Germany,EMEA,EUR,Continental Trust,Neither priority cohort,False,0
P005071,2026-05-01,AC0014,E004,Aurelius Canada,NA,CAD,Union Atlantic,Neither priority cohort,False,0
P005075,2026-05-01,AC0038,E011,Aurelius Australia,APAC,USD,Pacific Crown,Neither priority cohort,False,0
P005125,2026-05-01,AC0034,E010,Aurelius Singapore,APAC,USD,Continental Trust,Neither priority cohort,False,0
P005210,2026-05-01,AC0041,E012,Aurelius Japan,APAC,JPY,Continental Trust,Neither priority cohort,False,0
P005347,2026-05-01,AC0021,E006,Aurelius Germany,EMEA,EUR,Continental Trust,Neither priority cohort,False,0
P005603,2026-05-01,AC0044,E013,Aurelius Korea,APAC,KRW,Northbridge Bank,Neither priority cohort,False,0
P005642,2026-05-01,AC0054,E016,Aurelius Global Sourcing,APAC,USD,Northbridge Bank,Manual touch only,False,0
P005660,2026-05-01,AC0025,E007,Aurelius France,EMEA,EUR,Meridian Commercial,Manual touch only,False,0
P005717,2026-05-01,AC0031,E009,Aurelius Spain,EMEA,USD,Meridian Commercial,Neither priority cohort,False,0
P005977,2026-05-01,AC0048,E014,Aurelius India,APAC,INR,Continental Trust,Neither priority cohort,True,13
P006153,2026-05-01,AC0053,E016,Aurelius Global Sourcing,APAC,USD,Pacific Crown,Cross-border wire only,True,28
P006170,2026-05-01,AC0005,E002,Aurelius Home US,NA,USD,Continental Trust,Neither priority cohort,False,0
P006586,2026-05-01,AC0053,E016,Aurelius Global Sourcing,APAC,USD,Pacific Crown,Manual touch only,False,0
P006725,2026-05-01,AC0050,E015,Aurelius Hong Kong,APAC,HKD,Union Atlantic,Manual touch + cross-border wire,False,0
P006829,2026-05-01,AC0025,E007,Aurelius France,EMEA,EUR,Meridian Commercial,Manual touch only,False,0
P006983,2026-05-01,AC0017,E005,Aurelius UK,EMEA,GBP,Union Atlantic,Manual touch only,False,0
P007190,2026-05-01,AC0041,E012,Aurelius Japan,APAC,JPY,Continental Trust,Neither priority cohort,False,0
P007199,2026-05-01,AC0021,E006,Aurelius Germany,EMEA,EUR,Continental Trust,Manual touch only,False,0
P007458,2026-05-01,AC0027,E007,Aurelius France,EMEA,EUR,Pacific Crown,Neither priority cohort,False,0
P007470,2026-05-01,AC0016,E004,Aurelius Canada,NA,CAD,Meridian Commercial,Manual touch only,False,0
P007545,2026-05-01,AC0044,E013,Aurelius Korea,APAC,KRW,Northbridge Bank,Neither priority cohort,False,0
P000269,2026-05-04,AC0031,E009,Aurelius Spain,EMEA,USD,Meridian Commercial,Manual touch only,False,0
P000271,2026-05-04,AC0014,E004,Aurelius Canada,NA,CAD,Union Atlantic,Neither priority cohort,False,0
P000278,2026-05-04,AC0038,E011,Aurelius Australia,APAC,USD,Pacific Crown,Neither priority cohort,False,0
P000656,2026-05-04,AC0010,E003,Aurelius Wellness US,NA,USD,Union Atlantic,Manual touch only,False,0
P000748,2026-05-04,AC0054,E016,Aurelius Global Sourcing,APAC,USD,Northbridge Bank,Neither priority cohort,False,0
P000751,2026-05-04,AC0034,E010,Aurelius Singapore,APAC,USD,Continental Trust,Manual touch only,False,0
P000775,2026-05-04,AC0028,E008,Aurelius Netherlands,EMEA,EUR,Meridian Commercial,Manual touch only,False,0
P001037,2026-05-04,AC0012,E003,Aurelius Wellness US,NA,USD,Northbridge Bank,Manual touch only,False,0
P001131,2026-05-04,AC0017,E005,Aurelius UK,EMEA,GBP,Union Atlantic,Neither priority cohort,False,0
P001517,2026-05-04,AC0047,E014,Aurelius India,APAC,INR,Meridian Commercial,Manual touch only,False,0
P001531,2026-05-04,AC0046,E013,Aurelius Korea,APAC,KRW,Union Atlantic,Manual touch only,False,0
P001571,2026-05-04,AC0034,E010,Aurelius Singapore,APAC,USD,Continental Trust,Manual touch only,False,0
P001697,2026-05-04,AC0014,E004,Aurelius Canada,NA,CAD,Union Atlantic,Neither priority cohort,False,0
P001883,2026-05-04,AC0036,E010,Aurelius Singapore,APAC,SGD,Continental Trust,Neither priority cohort,False,0
P002237,2026-05-04,AC0021,E006,Aurelius Germany,EMEA,EUR,Continental Trust,Manual touch only,False,0
P002359,2026-05-04,AC0034,E010,Aurelius Singapore,APAC,USD,Continental Trust,Manual touch only,False,0
P002362,2026-05-04,AC0031,E009,Aurelius Spain,EMEA,USD,Meridian Commercial,Manual touch only,False,0
P002499,2026-05-04,AC0036,E010,Aurelius Singapore,APAC,SGD,Continental Trust,Manual touch only,False,0
P002741,2026-05-04,AC0021,E006,Aurelius Germany,EMEA,EUR,Continental Trust,Manual touch only,False,0
P002796,2026-05-04,AC0041,E012,Aurelius Japan,APAC,JPY,Continental Trust,Neither priority cohort,False,0
P002860,2026-05-04,AC0053,E016,Aurelius Global Sourcing,APAC,USD,Pacific Crown,Manual touch + cross-border wire,False,0
P003064,2026-05-04,AC0031,E009,Aurelius Spain,EMEA,USD,Meridian Commercial,Neither priority cohort,False,0
P003224,2026-05-04,AC0050,E015,Aurelius Hong Kong,APAC,HKD,Union Atlantic,Neither priority cohort,False,0
P003407,2026-05-04,AC0001,E001,Aurelius Group Holdings,NA,USD,Union Atlantic,Manual touch only,False,0
P003560,2026-05-04,AC0001,E001,Aurelius Group Holdings,NA,USD,Union Atlantic,Manual touch only,True,14
P003613,2026-05-04,AC0025,E007,Aurelius France,EMEA,EUR,Meridian Commercial,Manual touch only,False,0
P003686,2026-05-04,AC0021,E006,Aurelius Germany,EMEA,EUR,Continental Trust,Neither priority cohort,False,0
P003762,2026-05-04,AC0031,E009,Aurelius Spain,EMEA,USD,Meridian Commercial,Manual touch + cross-border wire,False,0
P003807,2026-05-04,AC0014,E004,Aurelius Canada,NA,CAD,Union Atlantic,Manual touch only,False,0
P003843,2026-05-04,AC0010,E003,Aurelius Wellness US,NA,USD,Union Atlantic,Manual touch only,False,0
P003883,2026-05-04,AC0028,E008,Aurelius Netherlands,EMEA,EUR,Meridian Commercial,Neither priority cohort,False,0
P003922,2026-05-04,AC0044,E013,Aurelius Korea,APAC,KRW,Northbridge Bank,Neither priority cohort,False,0
P003933,2026-05-04,AC0034,E010,Aurelius Singapore,APAC,USD,Continental Trust,Manual touch only,True,46
P003962,2026-05-04,AC0030,E008,Aurelius Netherlands,EMEA,USD,Pacific Crown,Neither priority cohort,False,0
P004029,2026-05-04,AC0053,E016,Aurelius Global Sourcing,APAC,USD,Pacific Crown,Neither priority cohort,False,0
P004099,2026-05-04,AC0001,E001,Aurelius Group Holdings,NA,USD,Union Atlantic,Manual touch only,False,0
P004114,2026-05-04,AC0055,E016,Aurelius Global Sourcing,APAC,USD,Meridian Commercial,Neither priority cohort,False,0
P004140,2026-05-04,AC0038,E011,Aurelius Australia,APAC,USD,Pacific Crown,Manual touch only,False,0
P004165,2026-05-04,AC0005,E002,Aurelius Home US,NA,USD,Continental Trust,Neither priority cohort,False,0
P004240,2026-05-04,AC0050,E015,Aurelius Hong Kong,APAC,HKD,Union Atlantic,Manual touch only,False,0
P004298,2026-05-04,AC0050,E015,Aurelius Hong Kong,APAC,HKD,Union Atlantic,Neither priority cohort,False,0
P004412,2026-05-04,AC0033,E009,Aurelius Spain,EMEA,EUR,Meridian Commercial,Neither priority cohort,True,50
P004440,2026-05-04,AC0033,E009,Aurelius Spain,EMEA,EUR,Meridian Commercial,Manual touch only,False,0
P004443,2026-05-04,AC0050,E015,Aurelius Hong Kong,APAC,HKD,Union Atlantic,Manual touch + cross-border wire,False,0
P004585,2026-05-04,AC0041,E012,Aurelius Japan,APAC,JPY,Continental Trust,Neither priority cohort,False,0
P004643,2026-05-04,AC0050,E015,Aurelius Hong Kong,APAC,HKD,Union Atlantic,Manual touch + cross-border wire,False,0
P004802,2026-05-04,AC0036,E010,Aurelius Singapore,APAC,SGD,Continental Trust,Neither priority cohort,False,0
P004810,2026-05-04,AC0053,E016,Aurelius Global Sourcing,APAC,USD,Pacific Crown,Neither priority cohort,False,0
P004991,2026-05-04,AC0047,E014,Aurelius India,APAC,INR,Meridian Commercial,Neither priority cohort,False,0
P005054,2026-05-04,AC0025,E007,Aurelius France,EMEA,EUR,Meridian Commercial,Manual touch only,False,0
P005070,2026-05-04,AC0028,E008,Aurelius Netherlands,EMEA,EUR,Meridian Commercial,Neither priority cohort,False,0
P005299,2026-05-04,AC0017,E005,Aurelius UK,EMEA,GBP,Union Atlantic,Neither priority cohort,False,0
P005405,2026-05-04,AC0043,E012,Aurelius Japan,APAC,JPY,Union Atlantic,Manual touch only,False,0
P005528,2026-05-04,AC0017,E005,Aurelius UK,EMEA,GBP,Union Atlantic,Manual touch only,False,0
P005569,2026-05-04,AC0050,E015,Aurelius Hong Kong,APAC,HKD,Union Atlantic,Manual touch only,False,0
P005596,2026-05-04,AC0003,E001,Aurelius Group Holdings,NA,USD,Meridian Commercial,Manual touch only,False,0
P005944,2026-05-04,AC0016,E004,Aurelius Canada,NA,CAD,Meridian Commercial,Neither priority cohort,False,0
P005958,2026-05-04,AC0047,E014,Aurelius India,APAC,INR,Meridian Commercial,Neither priority cohort,False,0
P005964,2026-05-04,AC0005,E002,Aurelius Home US,NA,USD,Continental Trust,Neither priority cohort,False,0
P006038,2026-05-04,AC0010,E003,Aurelius Wellness US,NA,USD,Union Atlantic,Manual touch only,False,0
P006092,2026-05-04,AC0038,E011,Aurelius Australia,APAC,USD,Pacific Crown,Neither priority cohort,False,0
P006118,2026-05-04,AC0053,E016,Aurelius Global Sourcing,APAC,USD,Pacific Crown,Neither priority cohort,False,0
P006274,2026-05-04,AC0014,E004,Aurelius Canada,NA,CAD,Union Atlantic,Neither priority cohort,False,0
P006329,2026-05-04,AC0038,E011,Aurelius Australia,APAC,USD,Pacific Crown,Cross-border wire only,False,0
P006333,2026-05-04,AC0028,E008,Aurelius Netherlands,EMEA,EUR,Meridian Commercial,Neither priority cohort,False,0
P006646,2026-05-04,AC0001,E001,Aurelius Group Holdings,NA,USD,Union Atlantic,Manual touch only,False,0
P006704,2026-05-04,AC0032,E009,Aurelius Spain,EMEA,EUR,Northbridge Bank,Neither priority cohort,False,0
P006849,2026-05-04,AC0050,E015,Aurelius Hong Kong,APAC,HKD,Union Atlantic,Neither priority cohort,False,0
P006885,2026-05-04,AC0001,E001,Aurelius Group Holdings,NA,USD,Union Atlantic,Neither priority cohort,False,0
P006990,2026-05-04,AC0038,E011,Aurelius Australia,APAC,USD,Pacific Crown,Neither priority cohort,False,0
P007055,2026-05-04,AC0021,E006,Aurelius Germany,EMEA,EUR,Continental Trust,Neither priority cohort,False,0
P007282,2026-05-04,AC0041,E012,Aurelius Japan,APAC,JPY,Continental Trust,Manual touch only,False,0
P007514,2026-05-04,AC0017,E005,Aurelius UK,EMEA,GBP,Union Atlantic,Neither priority cohort,False,0
P007523,2026-05-04,AC0031,E009,Aurelius Spain,EMEA,USD,Meridian Commercial,Neither priority cohort,False,0
P007578,2026-05-04,AC0028,E008,Aurelius Netherlands,EMEA,EUR,Meridian Commercial,Neither priority cohort,False,0
P000022,2026-05-05,AC0034,E010,Aurelius Singapore,APAC,USD,Continental Trust,Neither priority cohort,False,0
P000056,2026-05-05,AC0046,E013,Aurelius Korea,APAC,KRW,Union Atlantic,Neither priority cohort,False,0
P000103,2026-05-05,AC0047,E014,Aurelius India,APAC,INR,Meridian Commercial,Neither priority cohort,False,0
P000190,2026-05-05,AC0030,E008,Aurelius Netherlands,EMEA,USD,Pacific Crown,Manual touch only,True,47
P000222,2026-05-05,AC0017,E005,Aurelius UK,EMEA,GBP,Union Atlantic,Neither priority cohort,False,0
P000405,2026-05-05,AC0044,E013,Aurelius Korea,APAC,KRW,Northbridge Bank,Neither priority cohort,False,0
P000434,2026-05-05,AC0005,E002,Aurelius Home US,NA,USD,Continental Trust,Cross-border wire only,False,0
P000455,2026-05-05,AC0054,E016,Aurelius Global Sourcing,APAC,USD,Northbridge Bank,Neither priority cohort,False,0
P000582,2026-05-05,AC0053,E016,Aurelius Global Sourcing,APAC,USD,Pacific Crown,Neither priority cohort,False,0
P000636,2026-05-05,AC0017,E005,Aurelius UK,EMEA,GBP,Union Atlantic,Manual touch only,False,0
P000864,2026-05-05,AC0017,E005,Aurelius UK,EMEA,GBP,Union Atlantic,Manual touch only,True,32
P000957,2026-05-05,AC0010,E003,Aurelius Wellness US,NA,USD,Union Atlantic,Neither priority cohort,False,0
P001006,2026-05-05,AC0031,E009,Aurelius Spain,EMEA,USD,Meridian Commercial,Manual touch only,False,0
P001013,2026-05-05,AC0055,E016,Aurelius Global Sourcing,APAC,USD,Meridian Commercial,Cross-border wire only,False,0
P001039,2026-05-05,AC0010,E003,Aurelius Wellness US,NA,USD,Union Atlantic,Manual touch + cross-border wire,False,0
P001066,2026-05-05,AC0017,E005,Aurelius UK,EMEA,GBP,Union Atlantic,Manual touch only,False,0
P001069,2026-05-05,AC0001,E001,Aurelius Group Holdings,NA,USD,Union Atlantic,Manual touch + cross-border wire,False,0
P001311,2026-05-05,AC0034,E010,Aurelius Singapore,APAC,USD,Continental Trust,Neither priority cohort,False,0
P001580,2026-05-05,AC0017,E005,Aurelius UK,EMEA,GBP,Union Atlantic,Neither priority cohort,False,0
P001688,2026-05-05,AC0038,E011,Aurelius Australia,APAC,USD,Pacific Crown,Neither priority cohort,False,0
P001822,2026-05-05,AC0034,E010,Aurelius Singapore,APAC,USD,Continental Trust,Manual touch only,False,0
P001960,2026-05-05,AC0012,E003,Aurelius Wellness US,NA,USD,Northbridge Bank,Neither priority cohort,False,0
P002005,2026-05-05,AC0038,E011,Aurelius Australia,APAC,USD,Pacific Crown,Neither priority cohort,False,0
P002351,2026-05-05,AC0017,E005,Aurelius UK,EMEA,GBP,Union Atlantic,Neither priority cohort,False,0
P002966,2026-05-05,AC0047,E014,Aurelius India,APAC,INR,Meridian Commercial,Neither priority cohort,False,0
P002974,2026-05-05,AC0051,E015,Aurelius Hong Kong,APAC,HKD,Pacific Crown,Manual touch only,False,0
P003643,2026-05-05,AC0014,E004,Aurelius Canada,NA,CAD,Union Atlantic,Neither priority cohort,False,0
P003702,2026-05-05,AC0005,E002,Aurelius Home US,NA,USD,Continental Trust,Neither priority cohort,False,0
P003715,2026-05-05,AC0028,E008,Aurelius Netherlands,EMEA,EUR,Meridian Commercial,Manual touch only,False,0
P004433,2026-05-05,AC0010,E003,Aurelius Wellness US,NA,USD,Union Atlantic,Neither priority cohort,False,0
P004618,2026-05-05,AC0038,E011,Aurelius Australia,APAC,USD,Pacific Crown,Neither priority cohort,False,0
P004903,2026-05-05,AC0005,E002,Aurelius Home US,NA,USD,Continental Trust,Neither priority cohort,False,0
P004957,2026-05-05,AC0010,E003,Aurelius Wellness US,NA,USD,Union Atlantic,Manual touch + cross-border wire,False,0
P004986,2026-05-05,AC0048,E014,Aurelius India,APAC,INR,Continental Trust,Neither priority cohort,False,0
P005017,2026-05-05,AC0031,E009,Aurelius Spain,EMEA,USD,Meridian Commercial,Neither priority cohort,False,0
P005157,2026-05-05,AC0047,E014,Aurelius India,APAC,INR,Meridian Commercial,Manual touch only,False,0
P005403,2026-05-05,AC0029,E008,Aurelius Netherlands,EMEA,EUR,Continental Trust,Neither priority cohort,False,0
P005704,2026-05-05,AC0041,E012,Aurelius Japan,APAC,JPY,Continental Trust,Neither priority cohort,False,0
P005973,2026-05-05,AC0017,E005,Aurelius UK,EMEA,GBP,Union Atlantic,Neither priority cohort,False,0
P006242,2026-05-05,AC0010,E003,Aurelius Wellness US,NA,USD,Union Atlantic,Neither priority cohort,False,0
P006407,2026-05-05,AC0048,E014,Aurelius India,APAC,INR,Continental Trust,Neither priority cohort,False,0
P006440,2026-05-05,AC0038,E011,Aurelius Australia,APAC,USD,Pacific Crown,Manual touch only,False,0
P006531,2026-05-05,AC0038,E011,Aurelius Australia,APAC,USD,Pacific Crown,Neither priority cohort,False,0
P006632,2026-05-05,AC0038,E011,Aurelius Australia,APAC,USD,Pacific Crown,Neither priority cohort,False,0
P006653,2026-05-05,AC0050,E015,Aurelius Hong Kong,APAC,HKD,Union Atlantic,Manual touch only,False,0
P006703,2026-05-05,AC0001,E001,Aurelius Group Holdings,NA,USD,Union Atlantic,Manual touch + cross-border wire,True,59
P006962,2026-05-05,AC0005,E002,Aurelius Home US,NA,USD,Continental Trust,Neither priority cohort,False,0
P007217,2026-05-05,AC0029,E008,Aurelius Netherlands,EMEA,EUR,Continental Trust,Manual touch only,False,0
P007435,2026-05-05,AC0053,E016,Aurelius Global Sourcing,APAC,USD,Pacific Crown,Cross-border wire only,False,0
P007532,2026-05-05,AC0014,E004,Aurelius Canada,NA,CAD,Union Atlantic,Neither priority cohort,False,0
P007546,2026-05-05,AC0047,E014,Aurelius India,APAC,INR,Meridian Commercial,Manual touch only,False,0
P000091,2026-05-06,AC0019,E005,Aurelius UK,EMEA,GBP,Union Atlantic,Neither priority cohort,False,0
P000094,2026-05-06,AC0014,E004,Aurelius Canada,NA,CAD,Union Atlantic,Manual touch only,False,0
P000116,2026-05-06,AC0014,E004,Aurelius Canada,NA,CAD,Union Atlantic,Neither priority cohort,False,0
P000207,2026-05-06,AC0005,E002,Aurelius Home US,NA,USD,Continental Trust,Neither priority cohort,False,0
P000689,2026-05-06,AC0034,E010,Aurelius Singapore,APAC,USD,Continental Trust,Manual touch only,False,0
P000922,2026-05-06,AC0050,E015,Aurelius Hong Kong,APAC,HKD,Union Atlantic,Cross-border wire only,False,0
P000997,2026-05-06,AC0015,E004,Aurelius Canada,NA,CAD,Pacific Crown,Manual touch only,False,0
P001009,2026-05-06,AC0040,E011,Aurelius Australia,APAC,AUD,Continental Trust,Neither priority cohort,False,0
P001011,2026-05-06,AC0034,E010,Aurelius Singapore,APAC,USD,Continental Trust,Manual touch only,False,0
P001153,2026-05-06,AC0020,E005,Aurelius UK,EMEA,GBP,Meridian Commercial,Cross-border wire only,False,0
P001223,2026-05-06,AC0031,E009,Aurelius Spain,EMEA,USD,Meridian Commercial,Manual touch only,False,0
P001245,2026-05-06,AC0005,E002,Aurelius Home US,NA,USD,Continental Trust,Neither priority cohort,False,0
P001252,2026-05-06,AC0017,E005,Aurelius UK,EMEA,GBP,Union Atlantic,Cross-border wire only,False,0
P001302,2026-05-06,AC0017,E005,Aurelius UK,EMEA,GBP,Union Atlantic,Cross-border wire only,False,0
P001373,2026-05-06,AC0028,E008,Aurelius Netherlands,EMEA,EUR,Meridian Commercial,Manual touch only,False,0
P001430,2026-05-06,AC0014,E004,Aurelius Canada,NA,CAD,Union Atlantic,Neither priority cohort,False,0
P001547,2026-05-06,AC0031,E009,Aurelius Spain,EMEA,USD,Meridian Commercial,Manual touch + cross-border wire,False,0
P001768,2026-05-06,AC0053,E016,Aurelius Global Sourcing,APAC,USD,Pacific Crown,Neither priority cohort,False,0
P002124,2026-05-06,AC0021,E006,Aurelius Germany,EMEA,EUR,Continental Trust,Neither priority cohort,False,0
P002202,2026-05-06,AC0005,E002,Aurelius Home US,NA,USD,Continental Trust,Neither priority cohort,False,0
P002209,2026-05-06,AC0014,E004,Aurelius Canada,NA,CAD,Union Atlantic,Cross-border wire only,False,0
P002343,2026-05-06,AC0014,E004,Aurelius Canada,NA,CAD,Union Atlantic,Manual touch only,False,0
P002580,2026-05-06,AC0041,E012,Aurelius Japan,APAC,JPY,Continental Trust,Neither priority cohort,False,0
P002935,2026-05-06,AC0047,E014,Aurelius India,APAC,INR,Meridian Commercial,Manual touch only,False,0
P002995,2026-05-06,AC0050,E015,Aurelius Hong Kong,APAC,HKD,Union Atlantic,Neither priority cohort,False,0
P003528,2026-05-06,AC0041,E012,Aurelius Japan,APAC,JPY,Continental Trust,Neither priority cohort,False,0
P003653,2026-05-06,AC0038,E011,Aurelius Australia,APAC,USD,Pacific Crown,Neither priority cohort,True,19
P003704,2026-05-06,AC0017,E005,Aurelius UK,EMEA,GBP,Union Atlantic,Neither priority cohort,False,0
P003822,2026-05-06,AC0052,E015,Aurelius Hong Kong,APAC,HKD,Continental Trust,Neither priority cohort,False,0
P004007,2026-05-06,AC0041,E012,Aurelius Japan,APAC,JPY,Continental Trust,Cross-border wire only,True,38
P004135,2026-05-06,AC0020,E005,Aurelius UK,EMEA,GBP,Meridian Commercial,Neither priority cohort,False,0
P004208,2026-05-06,AC0005,E002,Aurelius Home US,NA,USD,Continental Trust,Cross-border wire only,True,55
P004283,2026-05-06,AC0001,E001,Aurelius Group Holdings,NA,USD,Union Atlantic,Manual touch only,False,0
P004312,2026-05-06,AC0047,E014,Aurelius India,APAC,INR,Meridian Commercial,Neither priority cohort,False,0
P004534,2026-05-06,AC0015,E004,Aurelius Canada,NA,CAD,Pacific Crown,Neither priority cohort,False,0
P004617,2026-05-06,AC0053,E016,Aurelius Global Sourcing,APAC,USD,Pacific Crown,Manual touch + cross-border wire,False,0
P004764,2026-05-06,AC0038,E011,Aurelius Australia,APAC,USD,Pacific Crown,Neither priority cohort,False,0
P004773,2026-05-06,AC0053,E016,Aurelius Global Sourcing,APAC,USD,Pacific Crown,Neither priority cohort,False,0
P004966,2026-05-06,AC0028,E008,Aurelius Netherlands,EMEA,EUR,Meridian Commercial,Neither priority cohort,False,0
P005033,2026-05-06,AC0005,E002,Aurelius Home US,NA,USD,Continental Trust,Cross-border wire only,False,0
P005038,2026-05-06,AC0025,E007,Aurelius France,EMEA,EUR,Meridian Commercial,Neither priority cohort,False,0
P005139,2026-05-06,AC0041,E012,Aurelius Japan,APAC,JPY,Continental Trust,Manual touch only,False,0
P005219,2026-05-06,AC0053,E016,Aurelius Global Sourcing,APAC,USD,Pacific Crown,Neither priority cohort,False,0
P005273,2026-05-06,AC0001,E001,Aurelius Group Holdings,NA,USD,Union Atlantic,Manual touch only,False,0
P005375,2026-05-06,AC0010,E003,Aurelius Wellness US,NA,USD,Union Atlantic,Neither priority cohort,False,0
P005498,2026-05-06,AC0034,E010,Aurelius Singapore,APAC,USD,Continental Trust,Manual touch only,False,0
P005561,2026-05-06,AC0047,E014,Aurelius India,APAC,INR,Meridian Commercial,Manual touch only,False,0
P005570,2026-05-06,AC0028,E008,Aurelius Netherlands,EMEA,EUR,Meridian Commercial,Neither priority cohort,False,0
P005594,2026-05-06,AC0017,E005,Aurelius UK,EMEA,GBP,Union Atlantic,Neither priority cohort,False,0
P005808,2026-05-06,AC0031,E009,Aurelius Spain,EMEA,USD,Meridian Commercial,Neither priority cohort,False,0
P006139,2026-05-06,AC0028,E008,Aurelius Netherlands,EMEA,EUR,Meridian Commercial,Manual touch only,False,0
P006350,2026-05-06,AC0005,E002,Aurelius Home US,NA,USD,Continental Trust,Manual touch + cross-border wire,False,0
P006360,2026-05-06,AC0007,E002,Aurelius Home US,NA,USD,Northbridge Bank,Neither priority cohort,False,0
P006557,2026-05-06,AC0017,E005,Aurelius UK,EMEA,GBP,Union Atlantic,Manual touch + cross-border wire,False,0
P006721,2026-05-06,AC0014,E004,Aurelius Canada,NA,CAD,Union Atlantic,Manual touch only,False,0
P006869,2026-05-06,AC0002,E001,Aurelius Group Holdings,NA,USD,Pacific Crown,Manual touch only,False,0
P007144,2026-05-06,AC0014,E004,Aurelius Canada,NA,CAD,Union Atlantic,Neither priority cohort,False,0
P007187,2026-05-06,AC0021,E006,Aurelius Germany,EMEA,EUR,Continental Trust,Manual touch + cross-border wire,False,0
P007247,2026-05-06,AC0053,E016,Aurelius Global Sourcing,APAC,USD,Pacific Crown,Manual touch + cross-border wire,False,0
P007310,2026-05-06,AC0038,E011,Aurelius Australia,APAC,USD,Pacific Crown,Neither priority cohort,False,0
P007557,2026-05-06,AC0031,E009,Aurelius Spain,EMEA,USD,Meridian Commercial,Neither priority cohort,False,0
P000015,2026-05-07,AC0038,E011,Aurelius Australia,APAC,USD,Pacific Crown,Manual touch only,False,0
P000417,2026-05-07,AC0001,E001,Aurelius Group Holdings,NA,USD,Union Atlantic,Manual touch only,False,0
P000438,2026-05-07,AC0005,E002,Aurelius Home US,NA,USD,Continental Trust,Neither priority cohort,False,0
P000624,2026-05-07,AC0045,E013,Aurelius Korea,APAC,KRW,Pacific Crown,Neither priority cohort,False,0
P000652,2026-05-07,AC0017,E005,Aurelius UK,EMEA,GBP,Union Atlantic,Manual touch only,False,0
P000828,2026-05-07,AC0038,E011,Aurelius Australia,APAC,USD,Pacific Crown,Neither priority cohort,False,0
P000901,2026-05-07,AC0035,E010,Aurelius Singapore,APAC,SGD,Pacific Crown,Neither priority cohort,False,0
P000938,2026-05-07,AC0028,E008,Aurelius Netherlands,EMEA,EUR,Meridian Commercial,Neither priority cohort,False,0
P001081,2026-05-07,AC0010,E003,Aurelius Wellness US,NA,USD,Union Atlantic,Manual touch only,False,0
P001106,2026-05-07,AC0019,E005,Aurelius UK,EMEA,GBP,Union Atlantic,Manual touch only,False,0
P001110,2026-05-07,AC0041,E012,Aurelius Japan,APAC,JPY,Continental Trust,Manual touch only,False,0
P001224,2026-05-07,AC0025,E007,Aurelius France,EMEA,EUR,Meridian Commercial,Neither priority cohort,False,0
P001383,2026-05-07,AC0038,E011,Aurelius Australia,APAC,USD,Pacific Crown,Neither priority cohort,False,0
P001420,2026-05-07,AC0019,E005,Aurelius UK,EMEA,GBP,Union Atlantic,Neither priority cohort,False,0
P001591,2026-05-07,AC0001,E001,Aurelius Group Holdings,NA,USD,Union Atlantic,Manual touch only,False,0
P001619,2026-05-07,AC0031,E009,Aurelius Spain,EMEA,USD,Meridian Commercial,Manual touch + cross-border wire,False,0
P001698,2026-05-07,AC0001,E001,Aurelius Group Holdings,NA,USD,Union Atlantic,Manual touch only,False,0
P001861,2026-05-07,AC0047,E014,Aurelius India,APAC,INR,Meridian Commercial,Neither priority cohort,False,0
P001933,2026-05-07,AC0014,E004,Aurelius Canada,NA,CAD,Union Atlantic,Neither priority cohort,False,0
P002177,2026-05-07,AC0034,E010,Aurelius Singapore,APAC,USD,Continental Trust,Neither priority cohort,False,0
P002280,2026-05-07,AC0027,E007,Aurelius France,EMEA,EUR,Pacific Crown,Neither priority cohort,False,0
P002305,2026-05-07,AC0030,E008,Aurelius Netherlands,EMEA,USD,Pacific Crown,Neither priority cohort,False,0
P002480,2026-05-07,AC0045,E013,Aurelius Korea,APAC,KRW,Pacific Crown,Neither priority cohort,False,0
P002685,2026-05-07,AC0031,E009,Aurelius Spain,EMEA,USD,Meridian Commercial,Manual touch only,False,0
P002689,2026-05-07,AC0017,E005,Aurelius UK,EMEA,GBP,Union Atlantic,Neither priority cohort,False,0
P002709,2026-05-07,AC0021,E006,Aurelius Germany,EMEA,EUR,Continental Trust,Manual touch + cross-border wire,False,0
P003080,2026-05-07,AC0031,E009,Aurelius Spain,EMEA,USD,Meridian Commercial,Manual touch only,False,0
P003190,2026-05-07,AC0031,E009,Aurelius Spain,EMEA,USD,Meridian Commercial,Cross-border wire only,False,0
P003326,2026-05-07,AC0033,E009,Aurelius Spain,EMEA,EUR,Meridian Commercial,Neither priority cohort,False,0
P003486,2026-05-07,AC0019,E005,Aurelius UK,EMEA,GBP,Union Atlantic,Neither priority cohort,False,0
P003561,2026-05-07,AC0005,E002,Aurelius Home US,NA,USD,Continental Trust,Neither priority cohort,False,0
P003571,2026-05-07,AC0034,E010,Aurelius Singapore,APAC,USD,Continental Trust,Neither priority cohort,False,0
P003736,2026-05-07,AC0055,E016,Aurelius Global Sourcing,APAC,USD,Meridian Commercial,Neither priority cohort,False,0
P003833,2026-05-07,AC0036,E010,Aurelius Singapore,APAC,SGD,Continental Trust,Neither priority cohort,False,0
P004168,2026-05-07,AC0044,E013,Aurelius Korea,APAC,KRW,Northbridge Bank,Manual touch only,False,0
P004299,2026-05-07,AC0034,E010,Aurelius Singapore,APAC,USD,Continental Trust,Manual touch + cross-border wire,False,0
P004342,2026-05-07,AC0044,E013,Aurelius Korea,APAC,KRW,Northbridge Bank,Neither priority cohort,False,0
P004355,2026-05-07,AC0031,E009,Aurelius Spain,EMEA,USD,Meridian Commercial,Manual touch + cross-border wire,False,0
P004466,2026-05-07,AC0007,E002,Aurelius Home US,NA,USD,Northbridge Bank,Neither priority cohort,False,0
P004545,2026-05-07,AC0012,E003,Aurelius Wellness US,NA,USD,Northbridge Bank,Neither priority cohort,False,0
P004679,2026-05-07,AC0046,E013,Aurelius Korea,APAC,KRW,Union Atlantic,Manual touch only,False,0
P004743,2026-05-07,AC0010,E003,Aurelius Wellness US,NA,USD,Union Atlantic,Manual touch only,False,0
P005211,2026-05-07,AC0034,E010,Aurelius Singapore,APAC,USD,Continental Trust,Manual touch only,False,0
P005229,2026-05-07,AC0035,E010,Aurelius Singapore,APAC,SGD,Pacific Crown,Neither priority cohort,False,0
P005430,2026-05-07,AC0007,E002,Aurelius Home US,NA,USD,Northbridge Bank,Neither priority cohort,False,0
P005532,2026-05-07,AC0014,E004,Aurelius Canada,NA,CAD,Union Atlantic,Manual touch + cross-border wire,False,0
P005678,2026-05-07,AC0013,E003,Aurelius Wellness US,NA,USD,Union Atlantic,Neither priority cohort,False,0
P005920,2026-05-07,AC0014,E004,Aurelius Canada,NA,CAD,Union Atlantic,Neither priority cohort,False,0
P006069,2026-05-07,AC0006,E002,Aurelius Home US,NA,USD,Pacific Crown,Neither priority cohort,False,0
P006339,2026-05-07,AC0048,E014,Aurelius India,APAC,INR,Continental Trust,Manual touch only,False,0
P006456,2026-05-07,AC0049,E014,Aurelius India,APAC,USD,Pacific Crown,Neither priority cohort,False,0
P006713,2026-05-07,AC0048,E014,Aurelius India,APAC,INR,Continental Trust,Neither priority cohort,False,0
P006788,2026-05-07,AC0041,E012,Aurelius Japan,APAC,JPY,Continental Trust,Neither priority cohort,False,0
P006947,2026-05-07,AC0034,E010,Aurelius Singapore,APAC,USD,Continental Trust,Manual touch only,False,0
P007053,2026-05-07,AC0034,E010,Aurelius Singapore,APAC,USD,Continental Trust,Neither priority cohort,False,0
P007589,2026-05-07,AC0038,E011,Aurelius Australia,APAC,USD,Pacific Crown,Neither priority cohort,False,0
P000051,2026-05-08,AC0039,E011,Aurelius Australia,APAC,AUD,Continental Trust,Neither priority cohort,False,0
P000194,2026-05-08,AC0029,E008,Aurelius Netherlands,EMEA,EUR,Continental Trust,Neither priority cohort,False,0
P000240,2026-05-08,AC0014,E004,Aurelius Canada,NA,CAD,Union Atlantic,Neither priority cohort,False,0
P000343,2026-05-08,AC0022,E006,Aurelius Germany,EMEA,EUR,Meridian Commercial,Manual touch + cross-border wire,False,0
P000360,2026-05-08,AC0032,E009,Aurelius Spain,EMEA,EUR,Northbridge Bank,Neither priority cohort,False,0
P000706,2026-05-08,AC0043,E012,Aurelius Japan,APAC,JPY,Union Atlantic,Neither priority cohort,False,0
P000781,2026-05-08,AC0001,E001,Aurelius Group Holdings,NA,USD,Union Atlantic,Neither priority cohort,False,0
P000797,2026-05-08,AC0010,E003,Aurelius Wellness US,NA,USD,Union Atlantic,Neither priority cohort,False,0
P000800,2026-05-08,AC0021,E006,Aurelius Germany,EMEA,EUR,Continental Trust,Neither priority cohort,False,0
P000936,2026-05-08,AC0041,E012,Aurelius Japan,APAC,JPY,Continental Trust,Neither priority cohort,False,0
P000963,2026-05-08,AC0005,E002,Aurelius Home US,NA,USD,Continental Trust,Neither priority cohort,False,0
P001082,2026-05-08,AC0021,E006,Aurelius Germany,EMEA,EUR,Continental Trust,Manual touch only,False,0
P001511,2026-05-08,AC0046,E013,Aurelius Korea,APAC,KRW,Union Atlantic,Cross-border wire only,False,0
P001628,2026-05-08,AC0014,E004,Aurelius Canada,NA,CAD,Union Atlantic,Neither priority cohort,False,0
P001729,2026-05-08,AC0043,E012,Aurelius Japan,APAC,JPY,Union Atlantic,Neither priority cohort,False,0
P002149,2026-05-08,AC0031,E009,Aurelius Spain,EMEA,USD,Meridian Commercial,Neither priority cohort,False,0
P002225,2026-05-08,AC0014,E004,Aurelius Canada,NA,CAD,Union Atlantic,Neither priority cohort,False,0
P002228,2026-05-08,AC0034,E010,Aurelius Singapore,APAC,USD,Continental Trust,Manual touch only,False,0
P002254,2026-05-08,AC0051,E015,Aurelius Hong Kong,APAC,HKD,Pacific Crown,Neither priority cohort,False,0
P002674,2026-05-08,AC0044,E013,Aurelius Korea,APAC,KRW,Northbridge Bank,Manual touch only,False,0
P002858,2026-05-08,AC0043,E012,Aurelius Japan,APAC,JPY,Union Atlantic,Neither priority cohort,False,0
P003210,2026-05-08,AC0028,E008,Aurelius Netherlands,EMEA,EUR,Meridian Commercial,Neither priority cohort,False,0
P003283,2026-05-08,AC0044,E013,Aurelius Korea,APAC,KRW,Northbridge Bank,Neither priority cohort,False,0
P003508,2026-05-08,AC0044,E013,Aurelius Korea,APAC,KRW,Northbridge Bank,Neither priority cohort,False,0
P003559,2026-05-08,AC0028,E008,Aurelius Netherlands,EMEA,EUR,Meridian Commercial,Neither priority cohort,False,0
P003577,2026-05-08,AC0026,E007,Aurelius France,EMEA,USD,Union Atlantic,Neither priority cohort,False,0
P003593,2026-05-08,AC0036,E010,Aurelius Singapore,APAC,SGD,Continental Trust,Neither priority cohort,False,0
P003732,2026-05-08,AC0025,E007,Aurelius France,EMEA,EUR,Meridian Commercial,Neither priority cohort,False,0
P003942,2026-05-08,AC0030,E008,Aurelius Netherlands,EMEA,USD,Pacific Crown,Neither priority cohort,False,0
P004158,2026-05-08,AC0012,E003,Aurelius Wellness US,NA,USD,Northbridge Bank,Neither priority cohort,False,0
P004161,2026-05-08,AC0032,E009,Aurelius Spain,EMEA,EUR,Northbridge Bank,Neither priority cohort,False,0
P004317,2026-05-08,AC0044,E013,Aurelius Korea,APAC,KRW,Northbridge Bank,Neither priority cohort,False,0
P004608,2026-05-08,AC0047,E014,Aurelius India,APAC,INR,Meridian Commercial,Neither priority cohort,False,0
P004673,2026-05-08,AC0044,E013,Aurelius Korea,APAC,KRW,Northbridge Bank,Neither priority cohort,False,0
P004732,2026-05-08,AC0050,E015,Aurelius Hong Kong,APAC,HKD,Union Atlantic,Neither priority cohort,False,0
P005186,2026-05-08,AC0028,E008,Aurelius Netherlands,EMEA,EUR,Meridian Commercial,Manual touch only,False,0
P005348,2026-05-08,AC0017,E005,Aurelius UK,EMEA,GBP,Union Atlantic,Neither priority cohort,False,0
P005372,2026-05-08,AC0046,E013,Aurelius Korea,APAC,KRW,Union Atlantic,Cross-border wire only,False,0
P005469,2026-05-08,AC0005,E002,Aurelius Home US,NA,USD,Continental Trust,Neither priority cohort,False,0
P005633,2026-05-08,AC0031,E009,Aurelius Spain,EMEA,USD,Meridian Commercial,Neither priority cohort,False,0
P005783,2026-05-08,AC0021,E006,Aurelius Germany,EMEA,EUR,Continental Trust,Manual touch only,False,0
P005882,2026-05-08,AC0052,E015,Aurelius Hong Kong,APAC,HKD,Continental Trust,Neither priority cohort,False,0
P005897,2026-05-08,AC0050,E015,Aurelius Hong Kong,APAC,HKD,Union Atlantic,Manual touch only,False,0
P005898,2026-05-08,AC0014,E004,Aurelius Canada,NA,CAD,Union Atlantic,Neither priority cohort,False,0
P005963,2026-05-08,AC0025,E007,Aurelius France,EMEA,EUR,Meridian Commercial,Manual touch only,False,0
P006109,2026-05-08,AC0028,E008,Aurelius Netherlands,EMEA,EUR,Meridian Commercial,Neither priority cohort,False,0
P006255,2026-05-08,AC0047,E014,Aurelius India,APAC,INR,Meridian Commercial,Manual touch + cross-border wire,False,0
P006430,2026-05-08,AC0027,E007,Aurelius France,EMEA,EUR,Pacific Crown,Neither priority cohort,False,0
P006481,2026-05-08,AC0028,E008,Aurelius Netherlands,EMEA,EUR,Meridian Commercial,Neither priority cohort,False,0
P006494,2026-05-08,AC0044,E013,Aurelius Korea,APAC,KRW,Northbridge Bank,Manual touch only,False,0
P006502,2026-05-08,AC0014,E004,Aurelius Canada,NA,CAD,Union Atlantic,Neither priority cohort,False,0
P006515,2026-05-08,AC0014,E004,Aurelius Canada,NA,CAD,Union Atlantic,Neither priority cohort,False,0
P006647,2026-05-08,AC0023,E006,Aurelius Germany,EMEA,EUR,Northbridge Bank,Neither priority cohort,False,0
P006701,2026-05-08,AC0017,E005,Aurelius UK,EMEA,GBP,Union Atlantic,Neither priority cohort,False,0
P006744,2026-05-08,AC0017,E005,Aurelius UK,EMEA,GBP,Union Atlantic,Manual touch + cross-border wire,True,73
P006752,2026-05-08,AC0014,E004,Aurelius Canada,NA,CAD,Union Atlantic,Neither priority cohort,False,0
P006856,2026-05-08,AC0050,E015,Aurelius Hong Kong,APAC,HKD,Union Atlantic,Neither priority cohort,False,0
P007067,2026-05-08,AC0001,E001,Aurelius Group Holdings,NA,USD,Union Atlantic,Neither priority cohort,False,0
P007115,2026-05-08,AC0014,E004,Aurelius Canada,NA,CAD,Union Atlantic,Neither priority cohort,False,0
P007140,2026-05-08,AC0017,E005,Aurelius UK,EMEA,GBP,Union Atlantic,Manual touch only,False,0
P007224,2026-05-08,AC0049,E014,Aurelius India,APAC,USD,Pacific Crown,Neither priority cohort,False,0
P007459,2026-05-08,AC0029,E008,Aurelius Netherlands,EMEA,EUR,Continental Trust,Neither priority cohort,True,61
P000044,2026-05-11,AC0021,E006,Aurelius Germany,EMEA,EUR,Continental Trust,Neither priority cohort,False,0
P000197,2026-05-11,AC0034,E010,Aurelius Singapore,APAC,USD,Continental Trust,Neither priority cohort,False,0
P000244,2026-05-11,AC0035,E010,Aurelius Singapore,APAC,SGD,Pacific Crown,Manual touch only,False,0
P000523,2026-05-11,AC0013,E003,Aurelius Wellness US,NA,USD,Union Atlantic,Neither priority cohort,False,0
P001092,2026-05-11,AC0028,E008,Aurelius Netherlands,EMEA,EUR,Meridian Commercial,Neither priority cohort,False,0
P001298,2026-05-11,AC0025,E007,Aurelius France,EMEA,EUR,Meridian Commercial,Neither priority cohort,False,0
P001545,2026-05-11,AC0038,E011,Aurelius Australia,APAC,USD,Pacific Crown,Neither priority cohort,False,0
P001639,2026-05-11,AC0047,E014,Aurelius India,APAC,INR,Meridian Commercial,Neither priority cohort,False,0
P002082,2026-05-11,AC0047,E014,Aurelius India,APAC,INR,Meridian Commercial,Manual touch only,True,72
P002274,2026-05-11,AC0008,E002,Aurelius Home US,NA,USD,Pacific Crown,Neither priority cohort,False,0
P002299,2026-05-11,AC0014,E004,Aurelius Canada,NA,CAD,Union Atlantic,Neither priority cohort,False,0
P002353,2026-05-11,AC0031,E009,Aurelius Spain,EMEA,USD,Meridian Commercial,Manual touch only,True,52
P002384,2026-05-11,AC0005,E002,Aurelius Home US,NA,USD,Continental Trust,Neither priority cohort,False,0
P002420,2026-05-11,AC0052,E015,Aurelius Hong Kong,APAC,HKD,Continental Trust,Neither priority cohort,False,0
P002503,2026-05-11,AC0005,E002,Aurelius Home US,NA,USD,Continental Trust,Neither priority cohort,False,0
P002665,2026-05-11,AC0047,E014,Aurelius India,APAC,INR,Meridian Commercial,Neither priority cohort,False,0
P003002,2026-05-11,AC0014,E004,Aurelius Canada,NA,CAD,Union Atlantic,Neither priority cohort,False,0
P003225,2026-05-11,AC0053,E016,Aurelius Global Sourcing,APAC,USD,Pacific Crown,Neither priority cohort,False,0
P003254,2026-05-11,AC0045,E013,Aurelius Korea,APAC,KRW,Pacific Crown,Manual touch only,False,0
P003309,2026-05-11,AC0031,E009,Aurelius Spain,EMEA,USD,Meridian Commercial,Manual touch only,False,0
P003405,2026-05-11,AC0050,E015,Aurelius Hong Kong,APAC,HKD,Union Atlantic,Manual touch + cross-border wire,False,0
P003524,2026-05-11,AC0021,E006,Aurelius Germany,EMEA,EUR,Continental Trust,Neither priority cohort,True,37
P003660,2026-05-11,AC0041,E012,Aurelius Japan,APAC,JPY,Continental Trust,Neither priority cohort,False,0
P003673,2026-05-11,AC0001,E001,Aurelius Group Holdings,NA,USD,Union Atlantic,Neither priority cohort,False,0
P003729,2026-05-11,AC0017,E005,Aurelius UK,EMEA,GBP,Union Atlantic,Neither priority cohort,False,0
P003838,2026-05-11,AC0016,E004,Aurelius Canada,NA,CAD,Meridian Commercial,Manual touch only,False,0
P003948,2026-05-11,AC0017,E005,Aurelius UK,EMEA,GBP,Union Atlantic,Neither priority cohort,False,0
P004333,2026-05-11,AC0040,E011,Aurelius Australia,APAC,AUD,Continental Trust,Manual touch only,False,0
P004565,2026-05-11,AC0005,E002,Aurelius Home US,NA,USD,Continental Trust,Neither priority cohort,False,0
P004690,2026-05-11,AC0034,E010,Aurelius Singapore,APAC,USD,Continental Trust,Neither priority cohort,False,0
P004755,2026-05-11,AC0034,E010,Aurelius Singapore,APAC,USD,Continental Trust,Neither priority cohort,False,0
P004912,2026-05-11,AC0053,E016,Aurelius Global Sourcing,APAC,USD,Pacific Crown,Cross-border wire only,True,36
P004992,2026-05-11,AC0031,E009,Aurelius Spain,EMEA,USD,Meridian Commercial,Manual touch only,False,0
P005060,2026-05-11,AC0014,E004,Aurelius Canada,NA,CAD,Union Atlantic,Neither priority cohort,False,0
P005137,2026-05-11,AC0044,E013,Aurelius Korea,APAC,KRW,Northbridge Bank,Neither priority cohort,False,0
P005286,2026-05-11,AC0044,E013,Aurelius Korea,APAC,KRW,Northbridge Bank,Neither priority cohort,False,0
P005360,2026-05-11,AC0034,E010,Aurelius Singapore,APAC,USD,Continental Trust,Manual touch only,False,0
P005475,2026-05-11,AC0031,E009,Aurelius Spain,EMEA,USD,Meridian Commercial,Manual touch only,True,36
P005593,2026-05-11,AC0017,E005,Aurelius UK,EMEA,GBP,Union Atlantic,Neither priority cohort,False,0
P005637,2026-05-11,AC0032,E009,Aurelius Spain,EMEA,EUR,Northbridge Bank,Neither priority cohort,False,0
P005666,2026-05-11,AC0034,E010,Aurelius Singapore,APAC,USD,Continental Trust,Neither priority cohort,False,0
P005772,2026-05-11,AC0034,E010,Aurelius Singapore,APAC,USD,Continental Trust,Neither priority cohort,False,0
P006096,2026-05-11,AC0034,E010,Aurelius Singapore,APAC,USD,Continental Trust,Neither priority cohort,False,0
P006114,2026-05-11,AC0044,E013,Aurelius Korea,APAC,KRW,Northbridge Bank,Neither priority cohort,False,0
P006258,2026-05-11,AC0036,E010,Aurelius Singapore,APAC,SGD,Continental Trust,Neither priority cohort,False,0
P006269,2026-05-11,AC0050,E015,Aurelius Hong Kong,APAC,HKD,Union Atlantic,Manual touch only,False,0
P006551,2026-05-11,AC0005,E002,Aurelius Home US,NA,USD,Continental Trust,Neither priority cohort,False,0
P006580,2026-05-11,AC0035,E010,Aurelius Singapore,APAC,SGD,Pacific Crown,Neither priority cohort,False,0
P006608,2026-05-11,AC0031,E009,Aurelius Spain,EMEA,USD,Meridian Commercial,Cross-border wire only,False,0
P006898,2026-05-11,AC0038,E011,Aurelius Australia,APAC,USD,Pacific Crown,Neither priority cohort,False,0
P007214,2026-05-11,AC0038,E011,Aurelius Australia,APAC,USD,Pacific Crown,Manual touch only,False,0
P007286,2026-05-11,AC0040,E011,Aurelius Australia,APAC,AUD,Continental Trust,Manual touch only,False,0
P007507,2026-05-11,AC0044,E013,Aurelius Korea,APAC,KRW,Northbridge Bank,Neither priority cohort,False,0
P000048,2026-05-12,AC0041,E012,Aurelius Japan,APAC,JPY,Continental Trust,Manual touch only,False,0
P000296,2026-05-12,AC0006,E002,Aurelius Home US,NA,USD,Pacific Crown,Neither priority cohort,False,0
P000344,2026-05-12,AC0041,E012,Aurelius Japan,APAC,JPY,Continental Trust,Neither priority cohort,False,0
P000559,2026-05-12,AC0034,E010,Aurelius Singapore,APAC,USD,Continental Trust,Neither priority cohort,False,0
P000694,2026-05-12,AC0053,E016,Aurelius Global Sourcing,APAC,USD,Pacific Crown,Neither priority cohort,False,0
P000737,2026-05-12,AC0001,E001,Aurelius Group Holdings,NA,USD,Union Atlantic,Manual touch only,False,0
P000785,2026-05-12,AC0012,E003,Aurelius Wellness US,NA,USD,Northbridge Bank,Neither priority cohort,False,0
P000983,2026-05-12,AC0028,E008,Aurelius Netherlands,EMEA,EUR,Meridian Commercial,Neither priority cohort,False,0
P000995,2026-05-12,AC0001,E001,Aurelius Group Holdings,NA,USD,Union Atlantic,Neither priority cohort,False,0
P001005,2026-05-12,AC0012,E003,Aurelius Wellness US,NA,USD,Northbridge Bank,Manual touch only,False,0
P001206,2026-05-12,AC0021,E006,Aurelius Germany,EMEA,EUR,Continental Trust,Manual touch only,False,0
P001286,2026-05-12,AC0053,E016,Aurelius Global Sourcing,APAC,USD,Pacific Crown,Manual touch only,False,0
P001380,2026-05-12,AC0022,E006,Aurelius Germany,EMEA,EUR,Meridian Commercial,Manual touch + cross-border wire,True,66
P001413,2026-05-12,AC0034,E010,Aurelius Singapore,APAC,USD,Continental Trust,Neither priority cohort,False,0
P001431,2026-05-12,AC0021,E006,Aurelius Germany,EMEA,EUR,Continental Trust,Manual touch only,False,0
P001632,2026-05-12,AC0010,E003,Aurelius Wellness US,NA,USD,Union Atlantic,Neither priority cohort,False,0
P001735,2026-05-12,AC0054,E016,Aurelius Global Sourcing,APAC,USD,Northbridge Bank,Cross-border wire only,False,0
P001737,2026-05-12,AC0053,E016,Aurelius Global Sourcing,APAC,USD,Pacific Crown,Neither priority cohort,False,0
P001805,2026-05-12,AC0044,E013,Aurelius Korea,APAC,KRW,Northbridge Bank,Neither priority cohort,False,0
P001869,2026-05-12,AC0010,E003,Aurelius Wellness US,NA,USD,Union Atlantic,Neither priority cohort,True,29
P001997,2026-05-12,AC0048,E014,Aurelius India,APAC,INR,Continental Trust,Manual touch only,False,0
P002141,2026-05-12,AC0001,E001,Aurelius Group Holdings,NA,USD,Union Atlantic,Neither priority cohort,False,0
P002272,2026-05-12,AC0023,E006,Aurelius Germany,EMEA,EUR,Northbridge Bank,Neither priority cohort,False,0
P002325,2026-05-12,AC0020,E005,Aurelius UK,EMEA,GBP,Meridian Commercial,Neither priority cohort,False,0
P002466,2026-05-12,AC0028,E008,Aurelius Netherlands,EMEA,EUR,Meridian Commercial,Neither priority cohort,False,0
P002514,2026-05-12,AC0005,E002,Aurelius Home US,NA,USD,Continental Trust,Neither priority cohort,False,0
P002621,2026-05-12,AC0001,E001,Aurelius Group Holdings,NA,USD,Union Atlantic,Neither priority cohort,False,0
P002944,2026-05-12,AC0049,E014,Aurelius India,APAC,USD,Pacific Crown,Neither priority cohort,False,0
P003056,2026-05-12,AC0010,E003,Aurelius Wellness US,NA,USD,Union Atlantic,Manual touch only,False,0
P003111,2026-05-12,AC0040,E011,Aurelius Australia,APAC,AUD,Continental Trust,Manual touch only,False,0
P003229,2026-05-12,AC0017,E005,Aurelius UK,EMEA,GBP,Union Atlantic,Neither priority cohort,False,0
P003234,2026-05-12,AC0050,E015,Aurelius Hong Kong,APAC,HKD,Union Atlantic,Neither priority cohort,False,0
P003311,2026-05-12,AC0041,E012,Aurelius Japan,APAC,JPY,Continental Trust,Neither priority cohort,False,0
P003340,2026-05-12,AC0048,E014,Aurelius India,APAC,INR,Continental Trust,Neither priority cohort,False,0
P003448,2026-05-12,AC0047,E014,Aurelius India,APAC,INR,Meridian Commercial,Manual touch only,False,0
P003514,2026-05-12,AC0044,E013,Aurelius Korea,APAC,KRW,Northbridge Bank,Neither priority cohort,False,0
P003607,2026-05-12,AC0001,E001,Aurelius Group Holdings,NA,USD,Union Atlantic,Manual touch only,False,0
P003687,2026-05-12,AC0034,E010,Aurelius Singapore,APAC,USD,Continental Trust,Manual touch only,False,0
P003703,2026-05-12,AC0028,E008,Aurelius Netherlands,EMEA,EUR,Meridian Commercial,Neither priority cohort,False,0
P003782,2026-05-12,AC0051,E015,Aurelius Hong Kong,APAC,HKD,Pacific Crown,Manual touch only,False,0
P003846,2026-05-12,AC0001,E001,Aurelius Group Holdings,NA,USD,Union Atlantic,Neither priority cohort,False,0
P003954,2026-05-12,AC0001,E001,Aurelius Group Holdings,NA,USD,Union Atlantic,Neither priority cohort,True,72
P003987,2026-05-12,AC0022,E006,Aurelius Germany,EMEA,EUR,Meridian Commercial,Neither priority cohort,False,0
P004424,2026-05-12,AC0034,E010,Aurelius Singapore,APAC,USD,Continental Trust,Neither priority cohort,False,0
P004445,2026-05-12,AC0034,E010,Aurelius Singapore,APAC,USD,Continental Trust,Neither priority cohort,False,0
P004502,2026-05-12,AC0044,E013,Aurelius Korea,APAC,KRW,Northbridge Bank,Neither priority cohort,False,0
P004586,2026-05-12,AC0008,E002,Aurelius Home US,NA,USD,Pacific Crown,Manual touch only,False,0
P004645,2026-05-12,AC0011,E003,Aurelius Wellness US,NA,USD,Continental Trust,Neither priority cohort,False,0
P004818,2026-05-12,AC0007,E002,Aurelius Home US,NA,USD,Northbridge Bank,Neither priority cohort,False,0
P005099,2026-05-12,AC0041,E012,Aurelius Japan,APAC,JPY,Continental Trust,Neither priority cohort,False,0
P005140,2026-05-12,AC0043,E012,Aurelius Japan,APAC,JPY,Union Atlantic,Neither priority cohort,False,0
P005510,2026-05-12,AC0051,E015,Aurelius Hong Kong,APAC,HKD,Pacific Crown,Manual touch only,False,0
P005535,2026-05-12,AC0014,E004,Aurelius Canada,NA,CAD,Union Atlantic,Manual touch only,False,0
P005843,2026-05-12,AC0044,E013,Aurelius Korea,APAC,KRW,Northbridge Bank,Neither priority cohort,False,0
P005873,2026-05-12,AC0053,E016,Aurelius Global Sourcing,APAC,USD,Pacific Crown,Neither priority cohort,False,0
P005935,2026-05-12,AC0017,E005,Aurelius UK,EMEA,GBP,Union Atlantic,Manual touch only,False,0
P005967,2026-05-12,AC0042,E012,Aurelius Japan,APAC,USD,Union Atlantic,Neither priority cohort,False,0
P005974,2026-05-12,AC0050,E015,Aurelius Hong Kong,APAC,HKD,Union Atlantic,Neither priority cohort,False,0
P005985,2026-05-12,AC0052,E015,Aurelius Hong Kong,APAC,HKD,Continental Trust,Manual touch only,False,0
P006401,2026-05-12,AC0050,E015,Aurelius Hong Kong,APAC,HKD,Union Atlantic,Neither priority cohort,False,0
P006504,2026-05-12,AC0044,E013,Aurelius Korea,APAC,KRW,Northbridge Bank,Neither priority cohort,False,0
P006625,2026-05-12,AC0053,E016,Aurelius Global Sourcing,APAC,USD,Pacific Crown,Neither priority cohort,False,0
P006733,2026-05-12,AC0039,E011,Aurelius Australia,APAC,AUD,Continental Trust,Neither priority cohort,False,0
P006781,2026-05-12,AC0047,E014,Aurelius India,APAC,INR,Meridian Commercial,Manual touch only,False,0
P006789,2026-05-12,AC0053,E016,Aurelius Global Sourcing,APAC,USD,Pacific Crown,Manual touch only,False,0
P006987,2026-05-12,AC0044,E013,Aurelius Korea,APAC,KRW,Northbridge Bank,Neither priority cohort,False,0
P007168,2026-05-12,AC0044,E013,Aurelius Korea,APAC,KRW,Northbridge Bank,Manual touch only,False,0
P007419,2026-05-12,AC0007,E002,Aurelius Home US,NA,USD,Northbridge Bank,Manual touch only,False,0
P007473,2026-05-12,AC0050,E015,Aurelius Hong Kong,APAC,HKD,Union Atlantic,Neither priority cohort,False,0
P000012,2026-05-13,AC0001,E001,Aurelius Group Holdings,NA,USD,Union Atlantic,Manual touch only,False,0
P000303,2026-05-13,AC0047,E014,Aurelius India,APAC,INR,Meridian Commercial,Neither priority cohort,False,0
P000449,2026-05-13,AC0050,E015,Aurelius Hong Kong,APAC,HKD,Union Atlantic,Manual touch only,False,0
P000510,2026-05-13,AC0054,E016,Aurelius Global Sourcing,APAC,USD,Northbridge Bank,Cross-border wire only,False,0
P000519,2026-05-13,AC0036,E010,Aurelius Singapore,APAC,SGD,Continental Trust,Neither priority cohort,False,0
P000577,2026-05-13,AC0035,E010,Aurelius Singapore,APAC,SGD,Pacific Crown,Manual touch only,False,0
P000614,2026-05-13,AC0023,E006,Aurelius Germany,EMEA,EUR,Northbridge Bank,Cross-border wire only,False,0
P000668,2026-05-13,AC0010,E003,Aurelius Wellness US,NA,USD,Union Atlantic,Cross-border wire only,False,0
P000753,2026-05-13,AC0005,E002,Aurelius Home US,NA,USD,Continental Trust,Manual touch only,False,0
P000783,2026-05-13,AC0047,E014,Aurelius India,APAC,INR,Meridian Commercial,Manual touch only,False,0
P000805,2026-05-13,AC0052,E015,Aurelius Hong Kong,APAC,HKD,Continental Trust,Neither priority cohort,False,0
P000822,2026-05-13,AC0046,E013,Aurelius Korea,APAC,KRW,Union Atlantic,Manual touch + cross-border wire,False,0
P000881,2026-05-13,AC0017,E005,Aurelius UK,EMEA,GBP,Union Atlantic,Neither priority cohort,False,0
P000915,2026-05-13,AC0041,E012,Aurelius Japan,APAC,JPY,Continental Trust,Cross-border wire only,True,63
P001047,2026-05-13,AC0028,E008,Aurelius Netherlands,EMEA,EUR,Meridian Commercial,Neither priority cohort,False,0
P001050,2026-05-13,AC0021,E006,Aurelius Germany,EMEA,EUR,Continental Trust,Cross-border wire only,False,0
P001238,2026-05-13,AC0053,E016,Aurelius Global Sourcing,APAC,USD,Pacific Crown,Neither priority cohort,False,0
P001343,2026-05-13,AC0031,E009,Aurelius Spain,EMEA,USD,Meridian Commercial,Neither priority cohort,False,0
P001364,2026-05-13,AC0031,E009,Aurelius Spain,EMEA,USD,Meridian Commercial,Neither priority cohort,False,0
P001421,2026-05-13,AC0031,E009,Aurelius Spain,EMEA,USD,Meridian Commercial,Manual touch only,False,0
P001490,2026-05-13,AC0028,E008,Aurelius Netherlands,EMEA,EUR,Meridian Commercial,Neither priority cohort,False,0
P001675,2026-05-13,AC0028,E008,Aurelius Netherlands,EMEA,EUR,Meridian Commercial,Neither priority cohort,False,0
P001769,2026-05-13,AC0041,E012,Aurelius Japan,APAC,JPY,Continental Trust,Neither priority cohort,False,0
P001793,2026-05-13,AC0001,E001,Aurelius Group Holdings,NA,USD,Union Atlantic,Neither priority cohort,False,0
P001860,2026-05-13,AC0034,E010,Aurelius Singapore,APAC,USD,Continental Trust,Neither priority cohort,False,0
P001924,2026-05-13,AC0017,E005,Aurelius UK,EMEA,GBP,Union Atlantic,Neither priority cohort,False,0
P002054,2026-05-13,AC0050,E015,Aurelius Hong Kong,APAC,HKD,Union Atlantic,Manual touch only,False,0
P002155,2026-05-13,AC0044,E013,Aurelius Korea,APAC,KRW,Northbridge Bank,Neither priority cohort,False,0
P002215,2026-05-13,AC0014,E004,Aurelius Canada,NA,CAD,Union Atlantic,Manual touch only,False,0
P002419,2026-05-13,AC0044,E013,Aurelius Korea,APAC,KRW,Northbridge Bank,Neither priority cohort,False,0
P002811,2026-05-13,AC0031,E009,Aurelius Spain,EMEA,USD,Meridian Commercial,Neither priority cohort,True,24
P002976,2026-05-13,AC0038,E011,Aurelius Australia,APAC,USD,Pacific Crown,Neither priority cohort,False,0
P003165,2026-05-13,AC0031,E009,Aurelius Spain,EMEA,USD,Meridian Commercial,Manual touch only,False,0
P003171,2026-05-13,AC0005,E002,Aurelius Home US,NA,USD,Continental Trust,Neither priority cohort,False,0
P003188,2026-05-13,AC0010,E003,Aurelius Wellness US,NA,USD,Union Atlantic,Manual touch only,False,0
P003239,2026-05-13,AC0005,E002,Aurelius Home US,NA,USD,Continental Trust,Neither priority cohort,False,0
P003268,2026-05-13,AC0041,E012,Aurelius Japan,APAC,JPY,Continental Trust,Neither priority cohort,False,0
P003597,2026-05-13,AC0050,E015,Aurelius Hong Kong,APAC,HKD,Union Atlantic,Manual touch only,False,0
P003700,2026-05-13,AC0028,E008,Aurelius Netherlands,EMEA,EUR,Meridian Commercial,Manual touch only,True,43
P003796,2026-05-13,AC0001,E001,Aurelius Group Holdings,NA,USD,Union Atlantic,Manual touch only,False,0
P003844,2026-05-13,AC0050,E015,Aurelius Hong Kong,APAC,HKD,Union Atlantic,Neither priority cohort,False,0
P003907,2026-05-13,AC0043,E012,Aurelius Japan,APAC,JPY,Union Atlantic,Neither priority cohort,False,0
P003950,2026-05-13,AC0049,E014,Aurelius India,APAC,USD,Pacific Crown,Neither priority cohort,False,0
P004047,2026-05-13,AC0044,E013,Aurelius Korea,APAC,KRW,Northbridge Bank,Neither priority cohort,False,0
P004267,2026-05-13,AC0053,E016,Aurelius Global Sourcing,APAC,USD,Pacific Crown,Neither priority cohort,False,0
P004385,2026-05-13,AC0014,E004,Aurelius Canada,NA,CAD,Union Atlantic,Neither priority cohort,False,0
P004396,2026-05-13,AC0031,E009,Aurelius Spain,EMEA,USD,Meridian Commercial,Manual touch only,False,0
P004721,2026-05-13,AC0031,E009,Aurelius Spain,EMEA,USD,Meridian Commercial,Manual touch only,False,0
P004737,2026-05-13,AC0044,E013,Aurelius Korea,APAC,KRW,Northbridge Bank,Manual touch only,False,0
P004745,2026-05-13,AC0031,E009,Aurelius Spain,EMEA,USD,Meridian Commercial,Manual touch + cross-border wire,False,0
P004907,2026-05-13,AC0041,E012,Aurelius Japan,APAC,JPY,Continental Trust,Neither priority cohort,False,0
P004980,2026-05-13,AC0041,E012,Aurelius Japan,APAC,JPY,Continental Trust,Neither priority cohort,False,0
P005009,2026-05-13,AC0023,E006,Aurelius Germany,EMEA,EUR,Northbridge Bank,Manual touch only,False,0
P005029,2026-05-13,AC0025,E007,Aurelius France,EMEA,EUR,Meridian Commercial,Neither priority cohort,False,0
P005178,2026-05-13,AC0042,E012,Aurelius Japan,APAC,USD,Union Atlantic,Neither priority cohort,False,0
P005269,2026-05-13,AC0043,E012,Aurelius Japan,APAC,JPY,Union Atlantic,Manual touch only,False,0
P005392,2026-05-13,AC0025,E007,Aurelius France,EMEA,EUR,Meridian Commercial,Neither priority cohort,False,0
P005900,2026-05-13,AC0031,E009,Aurelius Spain,EMEA,USD,Meridian Commercial,Neither priority cohort,False,0
P006154,2026-05-13,AC0048,E014,Aurelius India,APAC,INR,Continental Trust,Neither priority cohort,False,0
P006356,2026-05-13,AC0043,E012,Aurelius Japan,APAC,JPY,Union Atlantic,Neither priority cohort,False,0
P006487,2026-05-13,AC0017,E005,Aurelius UK,EMEA,GBP,Union Atlantic,Neither priority cohort,False,0
P006903,2026-05-13,AC0033,E009,Aurelius Spain,EMEA,EUR,Meridian Commercial,Manual touch only,False,0
P006950,2026-05-13,AC0013,E003,Aurelius Wellness US,NA,USD,Union Atlantic,Neither priority cohort,False,0
P000359,2026-05-14,AC0047,E014,Aurelius India,APAC,INR,Meridian Commercial,Cross-border wire only,False,0
P000531,2026-05-14,AC0014,E004,Aurelius Canada,NA,CAD,Union Atlantic,Neither priority cohort,False,0
P000571,2026-05-14,AC0031,E009,Aurelius Spain,EMEA,USD,Meridian Commercial,Neither priority cohort,False,0
P000645,2026-05-14,AC0001,E001,Aurelius Group Holdings,NA,USD,Union Atlantic,Manual touch only,False,0
P001161,2026-05-14,AC0042,E012,Aurelius Japan,APAC,USD,Union Atlantic,Neither priority cohort,False,0
P001187,2026-05-14,AC0001,E001,Aurelius Group Holdings,NA,USD,Union Atlantic,Manual touch only,False,0
P001208,2026-05-14,AC0025,E007,Aurelius France,EMEA,EUR,Meridian Commercial,Manual touch only,True,53
P001356,2026-05-14,AC0021,E006,Aurelius Germany,EMEA,EUR,Continental Trust,Neither priority cohort,False,0
P001573,2026-05-14,AC0017,E005,Aurelius UK,EMEA,GBP,Union Atlantic,Neither priority cohort,False,0
P001801,2026-05-14,AC0044,E013,Aurelius Korea,APAC,KRW,Northbridge Bank,Neither priority cohort,False,0
P002023,2026-05-14,AC0038,E011,Aurelius Australia,APAC,USD,Pacific Crown,Neither priority cohort,False,0
P002074,2026-05-14,AC0001,E001,Aurelius Group Holdings,NA,USD,Union Atlantic,Manual touch only,False,0
P002123,2026-05-14,AC0041,E012,Aurelius Japan,APAC,JPY,Continental Trust,Neither priority cohort,False,0
P002184,2026-05-14,AC0014,E004,Aurelius Canada,NA,CAD,Union Atlantic,Manual touch + cross-border wire,True,62
P002212,2026-05-14,AC0053,E016,Aurelius Global Sourcing,APAC,USD,Pacific Crown,Neither priority cohort,False,0
P002276,2026-05-14,AC0005,E002,Aurelius Home US,NA,USD,Continental Trust,Neither priority cohort,False,0
P002393,2026-05-14,AC0049,E014,Aurelius India,APAC,USD,Pacific Crown,Manual touch only,False,0
P002404,2026-05-14,AC0036,E010,Aurelius Singapore,APAC,SGD,Continental Trust,Neither priority cohort,False,0
P002410,2026-05-14,AC0028,E008,Aurelius Netherlands,EMEA,EUR,Meridian Commercial,Cross-border wire only,False,0
P002443,2026-05-14,AC0005,E002,Aurelius Home US,NA,USD,Continental Trust,Neither priority cohort,False,0
P002450,2026-05-14,AC0001,E001,Aurelius Group Holdings,NA,USD,Union Atlantic,Neither priority cohort,False,0
P002579,2026-05-14,AC0021,E006,Aurelius Germany,EMEA,EUR,Continental Trust,Manual touch only,False,0
P002690,2026-05-14,AC0021,E006,Aurelius Germany,EMEA,EUR,Continental Trust,Manual touch only,False,0
P002747,2026-05-14,AC0025,E007,Aurelius France,EMEA,EUR,Meridian Commercial,Neither priority cohort,False,0
P002792,2026-05-14,AC0028,E008,Aurelius Netherlands,EMEA,EUR,Meridian Commercial,Neither priority cohort,False,0
P002959,2026-05-14,AC0021,E006,Aurelius Germany,EMEA,EUR,Continental Trust,Manual touch only,False,0
P003001,2026-05-14,AC0006,E002,Aurelius Home US,NA,USD,Pacific Crown,Manual touch + cross-border wire,True,34
P003081,2026-05-14,AC0053,E016,Aurelius Global Sourcing,APAC,USD,Pacific Crown,Neither priority cohort,False,0
P003102,2026-05-14,AC0011,E003,Aurelius Wellness US,NA,USD,Continental Trust,Neither priority cohort,False,0
P003637,2026-05-14,AC0017,E005,Aurelius UK,EMEA,GBP,Union Atlantic,Manual touch only,False,0
P004036,2026-05-14,AC0038,E011,Aurelius Australia,APAC,USD,Pacific Crown,Manual touch only,False,0
P004112,2026-05-14,AC0041,E012,Aurelius Japan,APAC,JPY,Continental Trust,Neither priority cohort,False,0
P004544,2026-05-14,AC0014,E004,Aurelius Canada,NA,CAD,Union Atlantic,Manual touch + cross-border wire,False,0
P004716,2026-05-14,AC0041,E012,Aurelius Japan,APAC,JPY,Continental Trust,Neither priority cohort,False,0
P004971,2026-05-14,AC0014,E004,Aurelius Canada,NA,CAD,Union Atlantic,Cross-border wire only,False,0
P005003,2026-05-14,AC0041,E012,Aurelius Japan,APAC,JPY,Continental Trust,Neither priority cohort,False,0
P005284,2026-05-14,AC0034,E010,Aurelius Singapore,APAC,USD,Continental Trust,Manual touch only,False,0
P005417,2026-05-14,AC0044,E013,Aurelius Korea,APAC,KRW,Northbridge Bank,Neither priority cohort,False,0
P005496,2026-05-14,AC0003,E001,Aurelius Group Holdings,NA,USD,Meridian Commercial,Manual touch only,True,67
P005501,2026-05-14,AC0047,E014,Aurelius India,APAC,INR,Meridian Commercial,Cross-border wire only,False,0
P005917,2026-05-14,AC0019,E005,Aurelius UK,EMEA,GBP,Union Atlantic,Neither priority cohort,False,0
P006020,2026-05-14,AC0017,E005,Aurelius UK,EMEA,GBP,Union Atlantic,Neither priority cohort,False,0
P006478,2026-05-14,AC0031,E009,Aurelius Spain,EMEA,USD,Meridian Commercial,Manual touch only,False,0
P006543,2026-05-14,AC0014,E004,Aurelius Canada,NA,CAD,Union Atlantic,Neither priority cohort,False,0
P006667,2026-05-14,AC0011,E003,Aurelius Wellness US,NA,USD,Continental Trust,Neither priority cohort,False,0
P006671,2026-05-14,AC0017,E005,Aurelius UK,EMEA,GBP,Union Atlantic,Neither priority cohort,False,0
P006702,2026-05-14,AC0032,E009,Aurelius Spain,EMEA,EUR,Northbridge Bank,Neither priority cohort,False,0
P006758,2026-05-14,AC0028,E008,Aurelius Netherlands,EMEA,EUR,Meridian Commercial,Neither priority cohort,False,0
P006760,2026-05-14,AC0010,E003,Aurelius Wellness US,NA,USD,Union Atlantic,Neither priority cohort,False,0
P006862,2026-05-14,AC0046,E013,Aurelius Korea,APAC,KRW,Union Atlantic,Neither priority cohort,False,0
P006944,2026-05-14,AC0044,E013,Aurelius Korea,APAC,KRW,Northbridge Bank,Neither priority cohort,False,0
P007016,2026-05-14,AC0031,E009,Aurelius Spain,EMEA,USD,Meridian Commercial,Manual touch only,True,40
P007117,2026-05-14,AC0027,E007,Aurelius France,EMEA,EUR,Pacific Crown,Neither priority cohort,False,0
P007306,2026-05-14,AC0034,E010,Aurelius Singapore,APAC,USD,Continental Trust,Neither priority cohort,False,0
P007319,2026-05-14,AC0025,E007,Aurelius France,EMEA,EUR,Meridian Commercial,Manual touch only,False,0
P000050,2026-05-15,AC0047,E014,Aurelius India,APAC,INR,Meridian Commercial,Manual touch + cross-border wire,True,16
P000252,2026-05-15,AC0001,E001,Aurelius Group Holdings,NA,USD,Union Atlantic,Manual touch only,True,55
P000457,2026-05-15,AC0050,E015,Aurelius Hong Kong,APAC,HKD,Union Atlantic,Cross-border wire only,False,0
P000458,2026-05-15,AC0047,E014,Aurelius India,APAC,INR,Meridian Commercial,Manual touch only,False,0
P001072,2026-05-15,AC0005,E002,Aurelius Home US,NA,USD,Continental Trust,Neither priority cohort,False,0
P001077,2026-05-15,AC0047,E014,Aurelius India,APAC,INR,Meridian Commercial,Manual touch only,False,0
P001132,2026-05-15,AC0010,E003,Aurelius Wellness US,NA,USD,Union Atlantic,Neither priority cohort,False,0
P001196,2026-05-15,AC0051,E015,Aurelius Hong Kong,APAC,HKD,Pacific Crown,Manual touch + cross-border wire,False,0
P001242,2026-05-15,AC0001,E001,Aurelius Group Holdings,NA,USD,Union Atlantic,Manual touch only,True,70
P001248,2026-05-15,AC0050,E015,Aurelius Hong Kong,APAC,HKD,Union Atlantic,Manual touch only,False,0
P001325,2026-05-15,AC0021,E006,Aurelius Germany,EMEA,EUR,Continental Trust,Manual touch only,False,0
P001466,2026-05-15,AC0036,E010,Aurelius Singapore,APAC,SGD,Continental Trust,Neither priority cohort,False,0
P001633,2026-05-15,AC0040,E011,Aurelius Australia,APAC,AUD,Continental Trust,Cross-border wire only,False,0
P001684,2026-05-15,AC0014,E004,Aurelius Canada,NA,CAD,Union Atlantic,Neither priority cohort,False,0
P002091,2026-05-15,AC0016,E004,Aurelius Canada,NA,CAD,Meridian Commercial,Manual touch only,False,0
P002339,2026-05-15,AC0028,E008,Aurelius Netherlands,EMEA,EUR,Meridian Commercial,Neither priority cohort,False,0
P002348,2026-05-15,AC0041,E012,Aurelius Japan,APAC,JPY,Continental Trust,Neither priority cohort,False,0
P002444,2026-05-15,AC0044,E013,Aurelius Korea,APAC,KRW,Northbridge Bank,Manual touch only,False,0
P002624,2026-05-15,AC0010,E003,Aurelius Wellness US,NA,USD,Union Atlantic,Neither priority cohort,False,0
P003105,2026-05-15,AC0031,E009,Aurelius Spain,EMEA,USD,Meridian Commercial,Neither priority cohort,False,0
P003328,2026-05-15,AC0021,E006,Aurelius Germany,EMEA,EUR,Continental Trust,Neither priority cohort,False,0
P003414,2026-05-15,AC0025,E007,Aurelius France,EMEA,EUR,Meridian Commercial,Cross-border wire only,False,0
P003842,2026-05-15,AC0017,E005,Aurelius UK,EMEA,GBP,Union Atlantic,Neither priority cohort,False,0
P003940,2026-05-15,AC0005,E002,Aurelius Home US,NA,USD,Continental Trust,Neither priority cohort,False,0
P004190,2026-05-15,AC0010,E003,Aurelius Wellness US,NA,USD,Union Atlantic,Neither priority cohort,False,0
P004220,2026-05-15,AC0030,E008,Aurelius Netherlands,EMEA,USD,Pacific Crown,Neither priority cohort,False,0
P004227,2026-05-15,AC0008,E002,Aurelius Home US,NA,USD,Pacific Crown,Neither priority cohort,False,0
P004714,2026-05-15,AC0040,E011,Aurelius Australia,APAC,AUD,Continental Trust,Neither priority cohort,False,0
P004927,2026-05-15,AC0003,E001,Aurelius Group Holdings,NA,USD,Meridian Commercial,Neither priority cohort,False,0
P005216,2026-05-15,AC0031,E009,Aurelius Spain,EMEA,USD,Meridian Commercial,Neither priority cohort,False,0
P005232,2026-05-15,AC0028,E008,Aurelius Netherlands,EMEA,EUR,Meridian Commercial,Neither priority cohort,False,0
P005361,2026-05-15,AC0016,E004,Aurelius Canada,NA,CAD,Meridian Commercial,Neither priority cohort,False,0
P005438,2026-05-15,AC0044,E013,Aurelius Korea,APAC,KRW,Northbridge Bank,Neither priority cohort,False,0
P005716,2026-05-15,AC0031,E009,Aurelius Spain,EMEA,USD,Meridian Commercial,Manual touch only,False,0
P006172,2026-05-15,AC0050,E015,Aurelius Hong Kong,APAC,HKD,Union Atlantic,Manual touch only,False,0
P006202,2026-05-15,AC0028,E008,Aurelius Netherlands,EMEA,EUR,Meridian Commercial,Manual touch + cross-border wire,False,0
P006215,2026-05-15,AC0018,E005,Aurelius UK,EMEA,GBP,Union Atlantic,Manual touch only,False,0
P006266,2026-05-15,AC0001,E001,Aurelius Group Holdings,NA,USD,Union Atlantic,Manual touch only,False,0
P006402,2026-05-15,AC0039,E011,Aurelius Australia,APAC,AUD,Continental Trust,Neither priority cohort,False,0
P006680,2026-05-15,AC0050,E015,Aurelius Hong Kong,APAC,HKD,Union Atlantic,Neither priority cohort,False,0
P006927,2026-05-15,AC0053,E016,Aurelius Global Sourcing,APAC,USD,Pacific Crown,Neither priority cohort,False,0
P007091,2026-05-15,AC0050,E015,Aurelius Hong Kong,APAC,HKD,Union Atlantic,Neither priority cohort,False,0
P007165,2026-05-15,AC0031,E009,Aurelius Spain,EMEA,USD,Meridian Commercial,Neither priority cohort,False,0
P007281,2026-05-15,AC0014,E004,Aurelius Canada,NA,CAD,Union Atlantic,Neither priority cohort,True,25
P007462,2026-05-15,AC0038,E011,Aurelius Australia,APAC,USD,Pacific Crown,Neither priority cohort,False,0
P007469,2026-05-15,AC0001,E001,Aurelius Group Holdings,NA,USD,Union Atlantic,Neither priority cohort,False,0
P000287,2026-05-18,AC0028,E008,Aurelius Netherlands,EMEA,EUR,Meridian Commercial,Neither priority cohort,False,0
P000391,2026-05-18,AC0050,E015,Aurelius Hong Kong,APAC,HKD,Union Atlantic,Manual touch only,True,12
P000422,2026-05-18,AC0023,E006,Aurelius Germany,EMEA,EUR,Northbridge Bank,Neither priority cohort,False,0
P000435,2026-05-18,AC0016,E004,Aurelius Canada,NA,CAD,Meridian Commercial,Manual touch only,False,0
P000629,2026-05-18,AC0028,E008,Aurelius Netherlands,EMEA,EUR,Meridian Commercial,Neither priority cohort,False,0
P000999,2026-05-18,AC0038,E011,Aurelius Australia,APAC,USD,Pacific Crown,Manual touch only,False,0
P001036,2026-05-18,AC0038,E011,Aurelius Australia,APAC,USD,Pacific Crown,Neither priority cohort,False,0
P001045,2026-05-18,AC0053,E016,Aurelius Global Sourcing,APAC,USD,Pacific Crown,Neither priority cohort,False,0
P001123,2026-05-18,AC0038,E011,Aurelius Australia,APAC,USD,Pacific Crown,Neither priority cohort,False,0
P001372,2026-05-18,AC0005,E002,Aurelius Home US,NA,USD,Continental Trust,Neither priority cohort,False,0
P001392,2026-05-18,AC0030,E008,Aurelius Netherlands,EMEA,USD,Pacific Crown,Neither priority cohort,False,0
P001426,2026-05-18,AC0007,E002,Aurelius Home US,NA,USD,Northbridge Bank,Neither priority cohort,False,0
P001442,2026-05-18,AC0053,E016,Aurelius Global Sourcing,APAC,USD,Pacific Crown,Neither priority cohort,False,0
P001527,2026-05-18,AC0034,E010,Aurelius Singapore,APAC,USD,Continental Trust,Neither priority cohort,False,0
P001823,2026-05-18,AC0047,E014,Aurelius India,APAC,INR,Meridian Commercial,Manual touch + cross-border wire,True,18
P001862,2026-05-18,AC0005,E002,Aurelius Home US,NA,USD,Continental Trust,Neither priority cohort,False,0
P001868,2026-05-18,AC0047,E014,Aurelius India,APAC,INR,Meridian Commercial,Cross-border wire only,False,0
P002097,2026-05-18,AC0025,E007,Aurelius France,EMEA,EUR,Meridian Commercial,Neither priority cohort,False,0
P002568,2026-05-18,AC0042,E012,Aurelius Japan,APAC,USD,Union Atlantic,Neither priority cohort,False,0
P002808,2026-05-18,AC0045,E013,Aurelius Korea,APAC,KRW,Pacific Crown,Neither priority cohort,False,0
P002912,2026-05-18,AC0021,E006,Aurelius Germany,EMEA,EUR,Continental Trust,Manual touch only,False,0
P003100,2026-05-18,AC0034,E010,Aurelius Singapore,APAC,USD,Continental Trust,Neither priority cohort,False,0
P003201,2026-05-18,AC0044,E013,Aurelius Korea,APAC,KRW,Northbridge Bank,Neither priority cohort,False,0
P003301,2026-05-18,AC0034,E010,Aurelius Singapore,APAC,USD,Continental Trust,Neither priority cohort,False,0
P003527,2026-05-18,AC0031,E009,Aurelius Spain,EMEA,USD,Meridian Commercial,Manual touch only,True,57
P004053,2026-05-18,AC0050,E015,Aurelius Hong Kong,APAC,HKD,Union Atlantic,Neither priority cohort,False,0
P004109,2026-05-18,AC0003,E001,Aurelius Group Holdings,NA,USD,Meridian Commercial,Manual touch + cross-border wire,True,17
P004281,2026-05-18,AC0017,E005,Aurelius UK,EMEA,GBP,Union Atlantic,Manual touch + cross-border wire,False,0
P004286,2026-05-18,AC0018,E005,Aurelius UK,EMEA,GBP,Union Atlantic,Cross-border wire only,False,0
P004539,2026-05-18,AC0053,E016,Aurelius Global Sourcing,APAC,USD,Pacific Crown,Neither priority cohort,False,0
P004655,2026-05-18,AC0030,E008,Aurelius Netherlands,EMEA,USD,Pacific Crown,Neither priority cohort,False,0
P004689,2026-05-18,AC0047,E014,Aurelius India,APAC,INR,Meridian Commercial,Neither priority cohort,False,0
P004860,2026-05-18,AC0005,E002,Aurelius Home US,NA,USD,Continental Trust,Neither priority cohort,True,18
P005433,2026-05-18,AC0028,E008,Aurelius Netherlands,EMEA,EUR,Meridian Commercial,Manual touch only,False,0
P005457,2026-05-18,AC0025,E007,Aurelius France,EMEA,EUR,Meridian Commercial,Neither priority cohort,False,0
P005520,2026-05-18,AC0047,E014,Aurelius India,APAC,INR,Meridian Commercial,Neither priority cohort,False,0
P005577,2026-05-18,AC0047,E014,Aurelius India,APAC,INR,Meridian Commercial,Neither priority cohort,False,0
P005868,2026-05-18,AC0001,E001,Aurelius Group Holdings,NA,USD,Union Atlantic,Neither priority cohort,False,0
P006077,2026-05-18,AC0001,E001,Aurelius Group Holdings,NA,USD,Union Atlantic,Neither priority cohort,False,0
P006260,2026-05-18,AC0001,E001,Aurelius Group Holdings,NA,USD,Union Atlantic,Manual touch only,False,0
P006272,2026-05-18,AC0005,E002,Aurelius Home US,NA,USD,Continental Trust,Neither priority cohort,False,0
P006324,2026-05-18,AC0001,E001,Aurelius Group Holdings,NA,USD,Union Atlantic,Neither priority cohort,False,0
P006552,2026-05-18,AC0053,E016,Aurelius Global Sourcing,APAC,USD,Pacific Crown,Neither priority cohort,False,0
P006649,2026-05-18,AC0014,E004,Aurelius Canada,NA,CAD,Union Atlantic,Neither priority cohort,False,0
P006742,2026-05-18,AC0039,E011,Aurelius Australia,APAC,AUD,Continental Trust,Neither priority cohort,False,0
P006815,2026-05-18,AC0031,E009,Aurelius Spain,EMEA,USD,Meridian Commercial,Neither priority cohort,False,0
P006890,2026-05-18,AC0015,E004,Aurelius Canada,NA,CAD,Pacific Crown,Neither priority cohort,False,0
P006919,2026-05-18,AC0029,E008,Aurelius Netherlands,EMEA,EUR,Continental Trust,Neither priority cohort,False,0
P006963,2026-05-18,AC0028,E008,Aurelius Netherlands,EMEA,EUR,Meridian Commercial,Neither priority cohort,False,0
P007317,2026-05-18,AC0008,E002,Aurelius Home US,NA,USD,Pacific Crown,Manual touch + cross-border wire,False,0
P007326,2026-05-18,AC0042,E012,Aurelius Japan,APAC,USD,Union Atlantic,Neither priority cohort,False,0
P007355,2026-05-18,AC0038,E011,Aurelius Australia,APAC,USD,Pacific Crown,Neither priority cohort,False,0
P007592,2026-05-18,AC0005,E002,Aurelius Home US,NA,USD,Continental Trust,Neither priority cohort,False,0
P000165,2026-05-19,AC0050,E015,Aurelius Hong Kong,APAC,HKD,Union Atlantic,Neither priority cohort,False,0
P000170,2026-05-19,AC0014,E004,Aurelius Canada,NA,CAD,Union Atlantic,Manual touch only,False,0
P000232,2026-05-19,AC0028,E008,Aurelius Netherlands,EMEA,EUR,Meridian Commercial,Neither priority cohort,False,0
P000299,2026-05-19,AC0017,E005,Aurelius UK,EMEA,GBP,Union Atlantic,Manual touch only,False,0
P000600,2026-05-19,AC0014,E004,Aurelius Canada,NA,CAD,Union Atlantic,Manual touch only,False,0
P000703,2026-05-19,AC0047,E014,Aurelius India,APAC,INR,Meridian Commercial,Manual touch only,False,0
P000854,2026-05-19,AC0053,E016,Aurelius Global Sourcing,APAC,USD,Pacific Crown,Neither priority cohort,False,0
P000984,2026-05-19,AC0014,E004,Aurelius Canada,NA,CAD,Union Atlantic,Neither priority cohort,False,0
P001145,2026-05-19,AC0053,E016,Aurelius Global Sourcing,APAC,USD,Pacific Crown,Neither priority cohort,False,0
P001197,2026-05-19,AC0005,E002,Aurelius Home US,NA,USD,Continental Trust,Neither priority cohort,False,0
P001262,2026-05-19,AC0043,E012,Aurelius Japan,APAC,JPY,Union Atlantic,Manual touch only,False,0
P001305,2026-05-19,AC0010,E003,Aurelius Wellness US,NA,USD,Union Atlantic,Manual touch + cross-border wire,False,0
P001730,2026-05-19,AC0047,E014,Aurelius India,APAC,INR,Meridian Commercial,Manual touch only,True,70
P001851,2026-05-19,AC0051,E015,Aurelius Hong Kong,APAC,HKD,Pacific Crown,Neither priority cohort,False,0
P001856,2026-05-19,AC0014,E004,Aurelius Canada,NA,CAD,Union Atlantic,Neither priority cohort,False,0
P002070,2026-05-19,AC0035,E010,Aurelius Singapore,APAC,SGD,Pacific Crown,Neither priority cohort,False,0
P002211,2026-05-19,AC0016,E004,Aurelius Canada,NA,CAD,Meridian Commercial,Manual touch only,False,0
P002266,2026-05-19,AC0044,E013,Aurelius Korea,APAC,KRW,Northbridge Bank,Manual touch only,False,0
P002301,2026-05-19,AC0014,E004,Aurelius Canada,NA,CAD,Union Atlantic,Neither priority cohort,False,0
P002550,2026-05-19,AC0039,E011,Aurelius Australia,APAC,AUD,Continental Trust,Neither priority cohort,False,0
P002678,2026-05-19,AC0041,E012,Aurelius Japan,APAC,JPY,Continental Trust,Neither priority cohort,False,0
P003476,2026-05-19,AC0031,E009,Aurelius Spain,EMEA,USD,Meridian Commercial,Neither priority cohort,False,0
P003749,2026-05-19,AC0028,E008,Aurelius Netherlands,EMEA,EUR,Meridian Commercial,Neither priority cohort,False,0
P004089,2026-05-19,AC0006,E002,Aurelius Home US,NA,USD,Pacific Crown,Cross-border wire only,False,0
P004145,2026-05-19,AC0041,E012,Aurelius Japan,APAC,JPY,Continental Trust,Neither priority cohort,False,0
P004191,2026-05-19,AC0044,E013,Aurelius Korea,APAC,KRW,Northbridge Bank,Neither priority cohort,False,0
P004418,2026-05-19,AC0005,E002,Aurelius Home US,NA,USD,Continental Trust,Neither priority cohort,False,0
P004451,2026-05-19,AC0039,E011,Aurelius Australia,APAC,AUD,Continental Trust,Neither priority cohort,False,0
P004452,2026-05-19,AC0041,E012,Aurelius Japan,APAC,JPY,Continental Trust,Neither priority cohort,False,0
P004520,2026-05-19,AC0052,E015,Aurelius Hong Kong,APAC,HKD,Continental Trust,Neither priority cohort,False,0
P004663,2026-05-19,AC0021,E006,Aurelius Germany,EMEA,EUR,Continental Trust,Neither priority cohort,False,0
P004911,2026-05-19,AC0041,E012,Aurelius Japan,APAC,JPY,Continental Trust,Neither priority cohort,False,0
P005212,2026-05-19,AC0054,E016,Aurelius Global Sourcing,APAC,USD,Northbridge Bank,Manual touch only,False,0
P005252,2026-05-19,AC0038,E011,Aurelius Australia,APAC,USD,Pacific Crown,Neither priority cohort,False,0
P005313,2026-05-19,AC0033,E009,Aurelius Spain,EMEA,EUR,Meridian Commercial,Manual touch only,False,0
P005421,2026-05-19,AC0028,E008,Aurelius Netherlands,EMEA,EUR,Meridian Commercial,Manual touch + cross-border wire,False,0
P005478,2026-05-19,AC0015,E004,Aurelius Canada,NA,CAD,Pacific Crown,Neither priority cohort,False,0
P005585,2026-05-19,AC0031,E009,Aurelius Spain,EMEA,USD,Meridian Commercial,Neither priority cohort,False,0
P005610,2026-05-19,AC0031,E009,Aurelius Spain,EMEA,USD,Meridian Commercial,Manual touch only,False,0
P005626,2026-05-19,AC0034,E010,Aurelius Singapore,APAC,USD,Continental Trust,Manual touch + cross-border wire,False,0
P005686,2026-05-19,AC0034,E010,Aurelius Singapore,APAC,USD,Continental Trust,Neither priority cohort,False,0
P005706,2026-05-19,AC0021,E006,Aurelius Germany,EMEA,EUR,Continental Trust,Manual touch + cross-border wire,False,0
P005976,2026-05-19,AC0013,E003,Aurelius Wellness US,NA,USD,Union Atlantic,Neither priority cohort,False,0
P006040,2026-05-19,AC0050,E015,Aurelius Hong Kong,APAC,HKD,Union Atlantic,Neither priority cohort,False,0
P006197,2026-05-19,AC0046,E013,Aurelius Korea,APAC,KRW,Union Atlantic,Neither priority cohort,False,0
P006214,2026-05-19,AC0005,E002,Aurelius Home US,NA,USD,Continental Trust,Manual touch only,True,33
P006523,2026-05-19,AC0051,E015,Aurelius Hong Kong,APAC,HKD,Pacific Crown,Neither priority cohort,False,0
P006743,2026-05-19,AC0034,E010,Aurelius Singapore,APAC,USD,Continental Trust,Manual touch + cross-border wire,False,0
P006791,2026-05-19,AC0034,E010,Aurelius Singapore,APAC,USD,Continental Trust,Neither priority cohort,False,0
P006917,2026-05-19,AC0011,E003,Aurelius Wellness US,NA,USD,Continental Trust,Neither priority cohort,False,0
P007044,2026-05-19,AC0025,E007,Aurelius France,EMEA,EUR,Meridian Commercial,Manual touch only,False,0
P007047,2026-05-19,AC0033,E009,Aurelius Spain,EMEA,EUR,Meridian Commercial,Neither priority cohort,False,0
P007336,2026-05-19,AC0049,E014,Aurelius India,APAC,USD,Pacific Crown,Neither priority cohort,False,0
P007388,2026-05-19,AC0041,E012,Aurelius Japan,APAC,JPY,Continental Trust,Manual touch only,False,0
P007461,2026-05-19,AC0044,E013,Aurelius Korea,APAC,KRW,Northbridge Bank,Neither priority cohort,False,0
P000178,2026-05-20,AC0041,E012,Aurelius Japan,APAC,JPY,Continental Trust,Manual touch + cross-border wire,True,37
P000203,2026-05-20,AC0028,E008,Aurelius Netherlands,EMEA,EUR,Meridian Commercial,Neither priority cohort,False,0
P000209,2026-05-20,AC0021,E006,Aurelius Germany,EMEA,EUR,Continental Trust,Neither priority cohort,False,0
P000364,2026-05-20,AC0005,E002,Aurelius Home US,NA,USD,Continental Trust,Neither priority cohort,False,0
P000375,2026-05-20,AC0001,E001,Aurelius Group Holdings,NA,USD,Union Atlantic,Neither priority cohort,False,0
P000421,2026-05-20,AC0001,E001,Aurelius Group Holdings,NA,USD,Union Atlantic,Manual touch only,False,0
P000513,2026-05-20,AC0012,E003,Aurelius Wellness US,NA,USD,Northbridge Bank,Neither priority cohort,False,0
P000594,2026-05-20,AC0038,E011,Aurelius Australia,APAC,USD,Pacific Crown,Neither priority cohort,False,0
P000698,2026-05-20,AC0005,E002,Aurelius Home US,NA,USD,Continental Trust,Neither priority cohort,False,0
P000722,2026-05-20,AC0034,E010,Aurelius Singapore,APAC,USD,Continental Trust,Manual touch only,False,0
P000759,2026-05-20,AC0050,E015,Aurelius Hong Kong,APAC,HKD,Union Atlantic,Manual touch only,False,0
P001274,2026-05-20,AC0029,E008,Aurelius Netherlands,EMEA,EUR,Continental Trust,Manual touch only,False,0
P001438,2026-05-20,AC0045,E013,Aurelius Korea,APAC,KRW,Pacific Crown,Cross-border wire only,False,0
P001472,2026-05-20,AC0036,E010,Aurelius Singapore,APAC,SGD,Continental Trust,Neither priority cohort,False,0
P001676,2026-05-20,AC0052,E015,Aurelius Hong Kong,APAC,HKD,Continental Trust,Neither priority cohort,False,0
P001722,2026-05-20,AC0047,E014,Aurelius India,APAC,INR,Meridian Commercial,Neither priority cohort,False,0
P001938,2026-05-20,AC0053,E016,Aurelius Global Sourcing,APAC,USD,Pacific Crown,Manual touch + cross-border wire,True,40
P001948,2026-05-20,AC0052,E015,Aurelius Hong Kong,APAC,HKD,Continental Trust,Manual touch only,False,0
P002089,2026-05-20,AC0021,E006,Aurelius Germany,EMEA,EUR,Continental Trust,Neither priority cohort,False,0
P002114,2026-05-20,AC0021,E006,Aurelius Germany,EMEA,EUR,Continental Trust,Manual touch only,False,0
P002175,2026-05-20,AC0017,E005,Aurelius UK,EMEA,GBP,Union Atlantic,Manual touch only,False,0
P002193,2026-05-20,AC0040,E011,Aurelius Australia,APAC,AUD,Continental Trust,Manual touch only,False,0
P002356,2026-05-20,AC0038,E011,Aurelius Australia,APAC,USD,Pacific Crown,Neither priority cohort,False,0
P002418,2026-05-20,AC0003,E001,Aurelius Group Holdings,NA,USD,Meridian Commercial,Manual touch only,False,0
P002695,2026-05-20,AC0031,E009,Aurelius Spain,EMEA,USD,Meridian Commercial,Manual touch only,True,54
P002726,2026-05-20,AC0044,E013,Aurelius Korea,APAC,KRW,Northbridge Bank,Neither priority cohort,False,0
P002809,2026-05-20,AC0019,E005,Aurelius UK,EMEA,GBP,Union Atlantic,Neither priority cohort,False,0
P002997,2026-05-20,AC0042,E012,Aurelius Japan,APAC,USD,Union Atlantic,Neither priority cohort,False,0
P003402,2026-05-20,AC0044,E013,Aurelius Korea,APAC,KRW,Northbridge Bank,Neither priority cohort,False,0
P003584,2026-05-20,AC0038,E011,Aurelius Australia,APAC,USD,Pacific Crown,Neither priority cohort,False,0
P003646,2026-05-20,AC0005,E002,Aurelius Home US,NA,USD,Continental Trust,Cross-border wire only,True,61
P003735,2026-05-20,AC0049,E014,Aurelius India,APAC,USD,Pacific Crown,Neither priority cohort,False,0
P003775,2026-05-20,AC0047,E014,Aurelius India,APAC,INR,Meridian Commercial,Manual touch only,False,0
P004262,2026-05-20,AC0034,E010,Aurelius Singapore,APAC,USD,Continental Trust,Neither priority cohort,False,0
P004372,2026-05-20,AC0001,E001,Aurelius Group Holdings,NA,USD,Union Atlantic,Neither priority cohort,False,0
P004390,2026-05-20,AC0039,E011,Aurelius Australia,APAC,AUD,Continental Trust,Neither priority cohort,False,0
P004555,2026-05-20,AC0027,E007,Aurelius France,EMEA,EUR,Pacific Crown,Neither priority cohort,False,0
P004569,2026-05-20,AC0001,E001,Aurelius Group Holdings,NA,USD,Union Atlantic,Neither priority cohort,False,0
P004644,2026-05-20,AC0045,E013,Aurelius Korea,APAC,KRW,Pacific Crown,Manual touch only,False,0
P004761,2026-05-20,AC0038,E011,Aurelius Australia,APAC,USD,Pacific Crown,Cross-border wire only,True,66
P004839,2026-05-20,AC0041,E012,Aurelius Japan,APAC,JPY,Continental Trust,Manual touch only,False,0
P005005,2026-05-20,AC0047,E014,Aurelius India,APAC,INR,Meridian Commercial,Manual touch only,False,0
P005126,2026-05-20,AC0043,E012,Aurelius Japan,APAC,JPY,Union Atlantic,Manual touch only,False,0
P005177,2026-05-20,AC0038,E011,Aurelius Australia,APAC,USD,Pacific Crown,Neither priority cohort,False,0
P005231,2026-05-20,AC0041,E012,Aurelius Japan,APAC,JPY,Continental Trust,Neither priority cohort,False,0
P005323,2026-05-20,AC0028,E008,Aurelius Netherlands,EMEA,EUR,Meridian Commercial,Neither priority cohort,False,0
P005504,2026-05-20,AC0053,E016,Aurelius Global Sourcing,APAC,USD,Pacific Crown,Neither priority cohort,False,0
P005512,2026-05-20,AC0053,E016,Aurelius Global Sourcing,APAC,USD,Pacific Crown,Neither priority cohort,False,0
P005607,2026-05-20,AC0006,E002,Aurelius Home US,NA,USD,Pacific Crown,Manual touch only,False,0
P005623,2026-05-20,AC0014,E004,Aurelius Canada,NA,CAD,Union Atlantic,Neither priority cohort,False,0
P005846,2026-05-20,AC0001,E001,Aurelius Group Holdings,NA,USD,Union Atlantic,Neither priority cohort,False,0
P005957,2026-05-20,AC0010,E003,Aurelius Wellness US,NA,USD,Union Atlantic,Manual touch only,False,0
P005980,2026-05-20,AC0010,E003,Aurelius Wellness US,NA,USD,Union Atlantic,Manual touch + cross-border wire,True,44
P006058,2026-05-20,AC0034,E010,Aurelius Singapore,APAC,USD,Continental Trust,Neither priority cohort,False,0
P006094,2026-05-20,AC0038,E011,Aurelius Australia,APAC,USD,Pacific Crown,Neither priority cohort,False,0
P006390,2026-05-20,AC0031,E009,Aurelius Spain,EMEA,USD,Meridian Commercial,Neither priority cohort,True,30
P006469,2026-05-20,AC0031,E009,Aurelius Spain,EMEA,USD,Meridian Commercial,Manual touch + cross-border wire,True,41
P006512,2026-05-20,AC0006,E002,Aurelius Home US,NA,USD,Pacific Crown,Neither priority cohort,False,0
P006521,2026-05-20,AC0025,E007,Aurelius France,EMEA,EUR,Meridian Commercial,Neither priority cohort,False,0
P006582,2026-05-20,AC0028,E008,Aurelius Netherlands,EMEA,EUR,Meridian Commercial,Neither priority cohort,False,0
P006639,2026-05-20,AC0050,E015,Aurelius Hong Kong,APAC,HKD,Union Atlantic,Neither priority cohort,False,0
P006651,2026-05-20,AC0051,E015,Aurelius Hong Kong,APAC,HKD,Pacific Crown,Neither priority cohort,False,0
P007014,2026-05-20,AC0053,E016,Aurelius Global Sourcing,APAC,USD,Pacific Crown,Manual touch only,False,0
P007100,2026-05-20,AC0007,E002,Aurelius Home US,NA,USD,Northbridge Bank,Manual touch only,False,0
P007125,2026-05-20,AC0017,E005,Aurelius UK,EMEA,GBP,Union Atlantic,Neither priority cohort,False,0
P007171,2026-05-20,AC0025,E007,Aurelius France,EMEA,EUR,Meridian Commercial,Manual touch only,False,0
P007324,2026-05-20,AC0047,E014,Aurelius India,APAC,INR,Meridian Commercial,Neither priority cohort,False,0
P000023,2026-05-21,AC0044,E013,Aurelius Korea,APAC,KRW,Northbridge Bank,Manual touch + cross-border wire,False,0
P000031,2026-05-21,AC0031,E009,Aurelius Spain,EMEA,USD,Meridian Commercial,Neither priority cohort,False,0
P000101,2026-05-21,AC0034,E010,Aurelius Singapore,APAC,USD,Continental Trust,Neither priority cohort,False,0
P000220,2026-05-21,AC0047,E014,Aurelius India,APAC,INR,Meridian Commercial,Neither priority cohort,False,0
P000264,2026-05-21,AC0046,E013,Aurelius Korea,APAC,KRW,Union Atlantic,Manual touch only,False,0
P000295,2026-05-21,AC0012,E003,Aurelius Wellness US,NA,USD,Northbridge Bank,Neither priority cohort,False,0
P000424,2026-05-21,AC0028,E008,Aurelius Netherlands,EMEA,EUR,Meridian Commercial,Neither priority cohort,False,0
P000484,2026-05-21,AC0021,E006,Aurelius Germany,EMEA,EUR,Continental Trust,Neither priority cohort,False,0
P000511,2026-05-21,AC0050,E015,Aurelius Hong Kong,APAC,HKD,Union Atlantic,Neither priority cohort,False,0
P000526,2026-05-21,AC0028,E008,Aurelius Netherlands,EMEA,EUR,Meridian Commercial,Manual touch + cross-border wire,False,0
P000558,2026-05-21,AC0038,E011,Aurelius Australia,APAC,USD,Pacific Crown,Neither priority cohort,False,0
P000560,2026-05-21,AC0015,E004,Aurelius Canada,NA,CAD,Pacific Crown,Manual touch only,False,0
P000701,2026-05-21,AC0054,E016,Aurelius Global Sourcing,APAC,USD,Northbridge Bank,Neither priority cohort,False,0
P000977,2026-05-21,AC0046,E013,Aurelius Korea,APAC,KRW,Union Atlantic,Manual touch + cross-border wire,False,0
P001094,2026-05-21,AC0015,E004,Aurelius Canada,NA,CAD,Pacific Crown,Neither priority cohort,False,0
P001109,2026-05-21,AC0021,E006,Aurelius Germany,EMEA,EUR,Continental Trust,Manual touch only,False,0
P001212,2026-05-21,AC0014,E004,Aurelius Canada,NA,CAD,Union Atlantic,Neither priority cohort,False,0
P001232,2026-05-21,AC0046,E013,Aurelius Korea,APAC,KRW,Union Atlantic,Neither priority cohort,False,0
P001255,2026-05-21,AC0038,E011,Aurelius Australia,APAC,USD,Pacific Crown,Neither priority cohort,False,0
P001334,2026-05-21,AC0038,E011,Aurelius Australia,APAC,USD,Pacific Crown,Neither priority cohort,False,0
P001459,2026-05-21,AC0053,E016,Aurelius Global Sourcing,APAC,USD,Pacific Crown,Neither priority cohort,False,0
P001660,2026-05-21,AC0010,E003,Aurelius Wellness US,NA,USD,Union Atlantic,Manual touch only,False,0
P001708,2026-05-21,AC0043,E012,Aurelius Japan,APAC,JPY,Union Atlantic,Neither priority cohort,False,0
P001972,2026-05-21,AC0038,E011,Aurelius Australia,APAC,USD,Pacific Crown,Manual touch only,False,0
P002072,2026-05-21,AC0043,E012,Aurelius Japan,APAC,JPY,Union Atlantic,Manual touch only,False,0
P002079,2026-05-21,AC0010,E003,Aurelius Wellness US,NA,USD,Union Atlantic,Manual touch only,False,0
P002113,2026-05-21,AC0044,E013,Aurelius Korea,APAC,KRW,Northbridge Bank,Manual touch only,True,58
P002180,2026-05-21,AC0027,E007,Aurelius France,EMEA,EUR,Pacific Crown,Manual touch only,False,0
P002317,2026-05-21,AC0012,E003,Aurelius Wellness US,NA,USD,Northbridge Bank,Neither priority cohort,False,0
P002330,2026-05-21,AC0001,E001,Aurelius Group Holdings,NA,USD,Union Atlantic,Manual touch only,True,18
P002442,2026-05-21,AC0044,E013,Aurelius Korea,APAC,KRW,Northbridge Bank,Neither priority cohort,False,0
P002524,2026-05-21,AC0033,E009,Aurelius Spain,EMEA,EUR,Meridian Commercial,Manual touch only,False,0
P002542,2026-05-21,AC0021,E006,Aurelius Germany,EMEA,EUR,Continental Trust,Manual touch only,False,0
P002614,2026-05-21,AC0019,E005,Aurelius UK,EMEA,GBP,Union Atlantic,Neither priority cohort,False,0
P002740,2026-05-21,AC0005,E002,Aurelius Home US,NA,USD,Continental Trust,Neither priority cohort,False,0
P002755,2026-05-21,AC0010,E003,Aurelius Wellness US,NA,USD,Union Atlantic,Manual touch only,False,0
P002777,2026-05-21,AC0021,E006,Aurelius Germany,EMEA,EUR,Continental Trust,Neither priority cohort,False,0
P002818,2026-05-21,AC0001,E001,Aurelius Group Holdings,NA,USD,Union Atlantic,Manual touch only,False,0
P002836,2026-05-21,AC0047,E014,Aurelius India,APAC,INR,Meridian Commercial,Neither priority cohort,False,0
P002939,2026-05-21,AC0021,E006,Aurelius Germany,EMEA,EUR,Continental Trust,Cross-border wire only,False,0
P002943,2026-05-21,AC0027,E007,Aurelius France,EMEA,EUR,Pacific Crown,Neither priority cohort,False,0
P003039,2026-05-21,AC0047,E014,Aurelius India,APAC,INR,Meridian Commercial,Neither priority cohort,False,0
P003279,2026-05-21,AC0046,E013,Aurelius Korea,APAC,KRW,Union Atlantic,Manual touch only,False,0
P003305,2026-05-21,AC0036,E010,Aurelius Singapore,APAC,SGD,Continental Trust,Cross-border wire only,False,0
P003339,2026-05-21,AC0052,E015,Aurelius Hong Kong,APAC,HKD,Continental Trust,Manual touch only,False,0
P003519,2026-05-21,AC0030,E008,Aurelius Netherlands,EMEA,USD,Pacific Crown,Neither priority cohort,False,0
P003526,2026-05-21,AC0010,E003,Aurelius Wellness US,NA,USD,Union Atlantic,Neither priority cohort,False,0
P003534,2026-05-21,AC0016,E004,Aurelius Canada,NA,CAD,Meridian Commercial,Manual touch only,False,0
P003535,2026-05-21,AC0001,E001,Aurelius Group Holdings,NA,USD,Union Atlantic,Neither priority cohort,False,0
P003632,2026-05-21,AC0044,E013,Aurelius Korea,APAC,KRW,Northbridge Bank,Neither priority cohort,False,0
P003742,2026-05-21,AC0050,E015,Aurelius Hong Kong,APAC,HKD,Union Atlantic,Manual touch only,False,0
P003829,2026-05-21,AC0034,E010,Aurelius Singapore,APAC,USD,Continental Trust,Neither priority cohort,False,0
P003938,2026-05-21,AC0016,E004,Aurelius Canada,NA,CAD,Meridian Commercial,Manual touch + cross-border wire,False,0
P004338,2026-05-21,AC0019,E005,Aurelius UK,EMEA,GBP,Union Atlantic,Neither priority cohort,False,0
P004353,2026-05-21,AC0041,E012,Aurelius Japan,APAC,JPY,Continental Trust,Neither priority cohort,False,0
P004423,2026-05-21,AC0041,E012,Aurelius Japan,APAC,JPY,Continental Trust,Neither priority cohort,False,0
P004506,2026-05-21,AC0014,E004,Aurelius Canada,NA,CAD,Union Atlantic,Neither priority cohort,False,0
P004650,2026-05-21,AC0031,E009,Aurelius Spain,EMEA,USD,Meridian Commercial,Neither priority cohort,False,0
P004868,2026-05-21,AC0047,E014,Aurelius India,APAC,INR,Meridian Commercial,Manual touch + cross-border wire,True,45
P004921,2026-05-21,AC0018,E005,Aurelius UK,EMEA,GBP,Union Atlantic,Manual touch only,False,0
P005061,2026-05-21,AC0014,E004,Aurelius Canada,NA,CAD,Union Atlantic,Manual touch only,True,28
P005312,2026-05-21,AC0041,E012,Aurelius Japan,APAC,JPY,Continental Trust,Neither priority cohort,False,0
P005426,2026-05-21,AC0038,E011,Aurelius Australia,APAC,USD,Pacific Crown,Neither priority cohort,True,39
P005483,2026-05-21,AC0010,E003,Aurelius Wellness US,NA,USD,Union Atlantic,Manual touch + cross-border wire,False,0
P005744,2026-05-21,AC0030,E008,Aurelius Netherlands,EMEA,USD,Pacific Crown,Neither priority cohort,False,0
P006252,2026-05-21,AC0008,E002,Aurelius Home US,NA,USD,Pacific Crown,Neither priority cohort,False,0
P006297,2026-05-21,AC0005,E002,Aurelius Home US,NA,USD,Continental Trust,Manual touch only,False,0
P006342,2026-05-21,AC0021,E006,Aurelius Germany,EMEA,EUR,Continental Trust,Manual touch + cross-border wire,False,0
P006460,2026-05-21,AC0028,E008,Aurelius Netherlands,EMEA,EUR,Meridian Commercial,Cross-border wire only,False,0
P006786,2026-05-21,AC0016,E004,Aurelius Canada,NA,CAD,Meridian Commercial,Manual touch only,False,0
P006851,2026-05-21,AC0034,E010,Aurelius Singapore,APAC,USD,Continental Trust,Neither priority cohort,False,0
P006997,2026-05-21,AC0055,E016,Aurelius Global Sourcing,APAC,USD,Meridian Commercial,Neither priority cohort,False,0
P007210,2026-05-21,AC0038,E011,Aurelius Australia,APAC,USD,Pacific Crown,Neither priority cohort,False,0
P000105,2026-05-22,AC0028,E008,Aurelius Netherlands,EMEA,EUR,Meridian Commercial,Manual touch only,False,0
P000201,2026-05-22,AC0047,E014,Aurelius India,APAC,INR,Meridian Commercial,Manual touch only,False,0
P000423,2026-05-22,AC0044,E013,Aurelius Korea,APAC,KRW,Northbridge Bank,Neither priority cohort,False,0
P000442,2026-05-22,AC0047,E014,Aurelius India,APAC,INR,Meridian Commercial,Manual touch + cross-border wire,False,0
P000589,2026-05-22,AC0017,E005,Aurelius UK,EMEA,GBP,Union Atlantic,Manual touch only,False,0
P000833,2026-05-22,AC0031,E009,Aurelius Spain,EMEA,USD,Meridian Commercial,Neither priority cohort,False,0
P001227,2026-05-22,AC0028,E008,Aurelius Netherlands,EMEA,EUR,Meridian Commercial,Manual touch only,False,0
P001337,2026-05-22,AC0023,E006,Aurelius Germany,EMEA,EUR,Northbridge Bank,Neither priority cohort,False,0
P001379,2026-05-22,AC0005,E002,Aurelius Home US,NA,USD,Continental Trust,Neither priority cohort,False,0
P001597,2026-05-22,AC0010,E003,Aurelius Wellness US,NA,USD,Union Atlantic,Manual touch only,False,0
P001680,2026-05-22,AC0005,E002,Aurelius Home US,NA,USD,Continental Trust,Manual touch only,False,0
P001835,2026-05-22,AC0051,E015,Aurelius Hong Kong,APAC,HKD,Pacific Crown,Neither priority cohort,False,0
P002534,2026-05-22,AC0006,E002,Aurelius Home US,NA,USD,Pacific Crown,Neither priority cohort,False,0
P002636,2026-05-22,AC0050,E015,Aurelius Hong Kong,APAC,HKD,Union Atlantic,Neither priority cohort,False,0
P002681,2026-05-22,AC0051,E015,Aurelius Hong Kong,APAC,HKD,Pacific Crown,Neither priority cohort,False,0
P002736,2026-05-22,AC0050,E015,Aurelius Hong Kong,APAC,HKD,Union Atlantic,Neither priority cohort,False,0
P002782,2026-05-22,AC0025,E007,Aurelius France,EMEA,EUR,Meridian Commercial,Manual touch only,False,0
P002927,2026-05-22,AC0010,E003,Aurelius Wellness US,NA,USD,Union Atlantic,Manual touch only,False,0
P002952,2026-05-22,AC0044,E013,Aurelius Korea,APAC,KRW,Northbridge Bank,Neither priority cohort,False,0
P002970,2026-05-22,AC0010,E003,Aurelius Wellness US,NA,USD,Union Atlantic,Neither priority cohort,False,0
P003087,2026-05-22,AC0010,E003,Aurelius Wellness US,NA,USD,Union Atlantic,Neither priority cohort,False,0
P003092,2026-05-22,AC0045,E013,Aurelius Korea,APAC,KRW,Pacific Crown,Neither priority cohort,False,0
P003342,2026-05-22,AC0042,E012,Aurelius Japan,APAC,USD,Union Atlantic,Neither priority cohort,False,0
P003364,2026-05-22,AC0001,E001,Aurelius Group Holdings,NA,USD,Union Atlantic,Manual touch only,False,0
P003396,2026-05-22,AC0028,E008,Aurelius Netherlands,EMEA,EUR,Meridian Commercial,Neither priority cohort,False,0
P003494,2026-05-22,AC0049,E014,Aurelius India,APAC,USD,Pacific Crown,Neither priority cohort,False,0
P003925,2026-05-22,AC0028,E008,Aurelius Netherlands,EMEA,EUR,Meridian Commercial,Neither priority cohort,False,0
P004042,2026-05-22,AC0052,E015,Aurelius Hong Kong,APAC,HKD,Continental Trust,Neither priority cohort,False,0
P004171,2026-05-22,AC0053,E016,Aurelius Global Sourcing,APAC,USD,Pacific Crown,Neither priority cohort,False,0
P004177,2026-05-22,AC0010,E003,Aurelius Wellness US,NA,USD,Union Atlantic,Neither priority cohort,False,0
P004224,2026-05-22,AC0010,E003,Aurelius Wellness US,NA,USD,Union Atlantic,Neither priority cohort,False,0
P004340,2026-05-22,AC0014,E004,Aurelius Canada,NA,CAD,Union Atlantic,Neither priority cohort,False,0
P004402,2026-05-22,AC0021,E006,Aurelius Germany,EMEA,EUR,Continental Trust,Manual touch only,True,55
P004456,2026-05-22,AC0005,E002,Aurelius Home US,NA,USD,Continental Trust,Neither priority cohort,False,0
P004509,2026-05-22,AC0031,E009,Aurelius Spain,EMEA,USD,Meridian Commercial,Neither priority cohort,False,0
P004625,2026-05-22,AC0044,E013,Aurelius Korea,APAC,KRW,Northbridge Bank,Neither priority cohort,False,0
P004627,2026-05-22,AC0043,E012,Aurelius Japan,APAC,JPY,Union Atlantic,Neither priority cohort,False,0
P004777,2026-05-22,AC0005,E002,Aurelius Home US,NA,USD,Continental Trust,Neither priority cohort,False,0
P004781,2026-05-22,AC0021,E006,Aurelius Germany,EMEA,EUR,Continental Trust,Neither priority cohort,False,0
P004808,2026-05-22,AC0007,E002,Aurelius Home US,NA,USD,Northbridge Bank,Neither priority cohort,False,0
P005112,2026-05-22,AC0050,E015,Aurelius Hong Kong,APAC,HKD,Union Atlantic,Manual touch only,False,0
P005290,2026-05-22,AC0021,E006,Aurelius Germany,EMEA,EUR,Continental Trust,Manual touch only,True,73
P005411,2026-05-22,AC0046,E013,Aurelius Korea,APAC,KRW,Union Atlantic,Manual touch only,False,0
P005505,2026-05-22,AC0047,E014,Aurelius India,APAC,INR,Meridian Commercial,Neither priority cohort,False,0
P005564,2026-05-22,AC0010,E003,Aurelius Wellness US,NA,USD,Union Atlantic,Manual touch only,False,0
P005695,2026-05-22,AC0025,E007,Aurelius France,EMEA,EUR,Meridian Commercial,Manual touch only,False,0
P005746,2026-05-22,AC0031,E009,Aurelius Spain,EMEA,USD,Meridian Commercial,Manual touch only,False,0
P005769,2026-05-22,AC0053,E016,Aurelius Global Sourcing,APAC,USD,Pacific Crown,Neither priority cohort,False,0
P005779,2026-05-22,AC0044,E013,Aurelius Korea,APAC,KRW,Northbridge Bank,Manual touch only,False,0
P005825,2026-05-22,AC0031,E009,Aurelius Spain,EMEA,USD,Meridian Commercial,Manual touch only,False,0
P005934,2026-05-22,AC0043,E012,Aurelius Japan,APAC,JPY,Union Atlantic,Manual touch + cross-border wire,False,0
P006091,2026-05-22,AC0036,E010,Aurelius Singapore,APAC,SGD,Continental Trust,Manual touch only,False,0
P006102,2026-05-22,AC0017,E005,Aurelius UK,EMEA,GBP,Union Atlantic,Manual touch only,False,0
P006378,2026-05-22,AC0018,E005,Aurelius UK,EMEA,GBP,Union Atlantic,Neither priority cohort,False,0
P006453,2026-05-22,AC0017,E005,Aurelius UK,EMEA,GBP,Union Atlantic,Neither priority cohort,False,0
P006510,2026-05-22,AC0028,E008,Aurelius Netherlands,EMEA,EUR,Meridian Commercial,Neither priority cohort,False,0
P007405,2026-05-22,AC0050,E015,Aurelius Hong Kong,APAC,HKD,Union Atlantic,Neither priority cohort,False,0
P007484,2026-05-22,AC0031,E009,Aurelius Spain,EMEA,USD,Meridian Commercial,Neither priority cohort,False,0
P000108,2026-05-25,AC0047,E014,Aurelius India,APAC,INR,Meridian Commercial,Neither priority cohort,False,0
P000495,2026-05-25,AC0021,E006,Aurelius Germany,EMEA,EUR,Continental Trust,Manual touch + cross-border wire,False,0
P000626,2026-05-25,AC0001,E001,Aurelius Group Holdings,NA,USD,Union Atlantic,Neither priority cohort,False,0
P000646,2026-05-25,AC0033,E009,Aurelius Spain,EMEA,EUR,Meridian Commercial,Neither priority cohort,False,0
P000723,2026-05-25,AC0019,E005,Aurelius UK,EMEA,GBP,Union Atlantic,Manual touch only,False,0
P000904,2026-05-25,AC0052,E015,Aurelius Hong Kong,APAC,HKD,Continental Trust,Neither priority cohort,False,0
P001086,2026-05-25,AC0042,E012,Aurelius Japan,APAC,USD,Union Atlantic,Neither priority cohort,False,0
P001134,2026-05-25,AC0050,E015,Aurelius Hong Kong,APAC,HKD,Union Atlantic,Manual touch only,False,0
P001159,2026-05-25,AC0008,E002,Aurelius Home US,NA,USD,Pacific Crown,Cross-border wire only,False,0
P001188,2026-05-25,AC0031,E009,Aurelius Spain,EMEA,USD,Meridian Commercial,Manual touch only,False,0
P001193,2026-05-25,AC0019,E005,Aurelius UK,EMEA,GBP,Union Atlantic,Neither priority cohort,False,0
P001287,2026-05-25,AC0035,E010,Aurelius Singapore,APAC,SGD,Pacific Crown,Neither priority cohort,False,0
P001401,2026-05-25,AC0047,E014,Aurelius India,APAC,INR,Meridian Commercial,Neither priority cohort,False,0
P001463,2026-05-25,AC0034,E010,Aurelius Singapore,APAC,USD,Continental Trust,Manual touch only,False,0
P001479,2026-05-25,AC0033,E009,Aurelius Spain,EMEA,EUR,Meridian Commercial,Cross-border wire only,False,0
P001525,2026-05-25,AC0038,E011,Aurelius Australia,APAC,USD,Pacific Crown,Neither priority cohort,False,0
P001774,2026-05-25,AC0053,E016,Aurelius Global Sourcing,APAC,USD,Pacific Crown,Neither priority cohort,False,0
P001818,2026-05-25,AC0021,E006,Aurelius Germany,EMEA,EUR,Continental Trust,Manual touch only,False,0
P001969,2026-05-25,AC0021,E006,Aurelius Germany,EMEA,EUR,Continental Trust,Neither priority cohort,False,0
P002104,2026-05-25,AC0047,E014,Aurelius India,APAC,INR,Meridian Commercial,Manual touch only,False,0
P002139,2026-05-25,AC0031,E009,Aurelius Spain,EMEA,USD,Meridian Commercial,Manual touch only,False,0
P002170,2026-05-25,AC0034,E010,Aurelius Singapore,APAC,USD,Continental Trust,Manual touch only,False,0
P002372,2026-05-25,AC0041,E012,Aurelius Japan,APAC,JPY,Continental Trust,Neither priority cohort,False,0
P002417,2026-05-25,AC0053,E016,Aurelius Global Sourcing,APAC,USD,Pacific Crown,Manual touch only,False,0
P002574,2026-05-25,AC0014,E004,Aurelius Canada,NA,CAD,Union Atlantic,Neither priority cohort,False,0
P002609,2026-05-25,AC0014,E004,Aurelius Canada,NA,CAD,Union Atlantic,Neither priority cohort,False,0
P002756,2026-05-25,AC0034,E010,Aurelius Singapore,APAC,USD,Continental Trust,Manual touch only,False,0
P002802,2026-05-25,AC0053,E016,Aurelius Global Sourcing,APAC,USD,Pacific Crown,Manual touch only,False,0
P002828,2026-05-25,AC0014,E004,Aurelius Canada,NA,CAD,Union Atlantic,Manual touch only,False,0
P002869,2026-05-25,AC0050,E015,Aurelius Hong Kong,APAC,HKD,Union Atlantic,Manual touch only,False,0
P002872,2026-05-25,AC0031,E009,Aurelius Spain,EMEA,USD,Meridian Commercial,Manual touch only,False,0
P003024,2026-05-25,AC0029,E008,Aurelius Netherlands,EMEA,EUR,Continental Trust,Manual touch only,True,32
P003149,2026-05-25,AC0053,E016,Aurelius Global Sourcing,APAC,USD,Pacific Crown,Manual touch only,False,0
P003184,2026-05-25,AC0014,E004,Aurelius Canada,NA,CAD,Union Atlantic,Neither priority cohort,False,0
P003272,2026-05-25,AC0055,E016,Aurelius Global Sourcing,APAC,USD,Meridian Commercial,Neither priority cohort,False,0
P003733,2026-05-25,AC0031,E009,Aurelius Spain,EMEA,USD,Meridian Commercial,Manual touch only,False,0
P003898,2026-05-25,AC0047,E014,Aurelius India,APAC,INR,Meridian Commercial,Neither priority cohort,False,0
P004130,2026-05-25,AC0034,E010,Aurelius Singapore,APAC,USD,Continental Trust,Manual touch only,False,0
P004198,2026-05-25,AC0053,E016,Aurelius Global Sourcing,APAC,USD,Pacific Crown,Neither priority cohort,False,0
P004291,2026-05-25,AC0044,E013,Aurelius Korea,APAC,KRW,Northbridge Bank,Manual touch only,True,51
P004649,2026-05-25,AC0026,E007,Aurelius France,EMEA,USD,Union Atlantic,Neither priority cohort,False,0
P004722,2026-05-25,AC0025,E007,Aurelius France,EMEA,EUR,Meridian Commercial,Manual touch only,False,0
P004881,2026-05-25,AC0028,E008,Aurelius Netherlands,EMEA,EUR,Meridian Commercial,Cross-border wire only,False,0
P005224,2026-05-25,AC0017,E005,Aurelius UK,EMEA,GBP,Union Atlantic,Manual touch only,False,0
P005362,2026-05-25,AC0014,E004,Aurelius Canada,NA,CAD,Union Atlantic,Manual touch + cross-border wire,False,0
P005420,2026-05-25,AC0010,E003,Aurelius Wellness US,NA,USD,Union Atlantic,Neither priority cohort,False,0
P005677,2026-05-25,AC0025,E007,Aurelius France,EMEA,EUR,Meridian Commercial,Neither priority cohort,False,0
P005720,2026-05-25,AC0026,E007,Aurelius France,EMEA,USD,Union Atlantic,Neither priority cohort,False,0
P005901,2026-05-25,AC0038,E011,Aurelius Australia,APAC,USD,Pacific Crown,Manual touch only,False,0
P005946,2026-05-25,AC0021,E006,Aurelius Germany,EMEA,EUR,Continental Trust,Neither priority cohort,False,0
P006175,2026-05-25,AC0027,E007,Aurelius France,EMEA,EUR,Pacific Crown,Neither priority cohort,False,0
P006479,2026-05-25,AC0031,E009,Aurelius Spain,EMEA,USD,Meridian Commercial,Neither priority cohort,False,0
P006489,2026-05-25,AC0027,E007,Aurelius France,EMEA,EUR,Pacific Crown,Neither priority cohort,False,0
P006657,2026-05-25,AC0018,E005,Aurelius UK,EMEA,GBP,Union Atlantic,Cross-border wire only,False,0
P006799,2026-05-25,AC0028,E008,Aurelius Netherlands,EMEA,EUR,Meridian Commercial,Neither priority cohort,False,0
P006959,2026-05-25,AC0031,E009,Aurelius Spain,EMEA,USD,Meridian Commercial,Manual touch only,False,0
P007036,2026-05-25,AC0025,E007,Aurelius France,EMEA,EUR,Meridian Commercial,Cross-border wire only,True,65
P007181,2026-05-25,AC0044,E013,Aurelius Korea,APAC,KRW,Northbridge Bank,Neither priority cohort,False,0
P007234,2026-05-25,AC0025,E007,Aurelius France,EMEA,EUR,Meridian Commercial,Manual touch only,False,0
P000128,2026-05-26,AC0044,E013,Aurelius Korea,APAC,KRW,Northbridge Bank,Neither priority cohort,False,0
P000335,2026-05-26,AC0017,E005,Aurelius UK,EMEA,GBP,Union Atlantic,Neither priority cohort,True,39
P000593,2026-05-26,AC0038,E011,Aurelius Australia,APAC,USD,Pacific Crown,Neither priority cohort,False,0
P000674,2026-05-26,AC0047,E014,Aurelius India,APAC,INR,Meridian Commercial,Manual touch only,False,0
P000861,2026-05-26,AC0053,E016,Aurelius Global Sourcing,APAC,USD,Pacific Crown,Neither priority cohort,False,0
P000949,2026-05-26,AC0041,E012,Aurelius Japan,APAC,JPY,Continental Trust,Neither priority cohort,False,0
P001101,2026-05-26,AC0050,E015,Aurelius Hong Kong,APAC,HKD,Union Atlantic,Cross-border wire only,True,39
P001141,2026-05-26,AC0006,E002,Aurelius Home US,NA,USD,Pacific Crown,Neither priority cohort,False,0
P001246,2026-05-26,AC0031,E009,Aurelius Spain,EMEA,USD,Meridian Commercial,Neither priority cohort,False,0
P001324,2026-05-26,AC0021,E006,Aurelius Germany,EMEA,EUR,Continental Trust,Neither priority cohort,False,0
P001350,2026-05-26,AC0027,E007,Aurelius France,EMEA,EUR,Pacific Crown,Neither priority cohort,False,0
P001434,2026-05-26,AC0028,E008,Aurelius Netherlands,EMEA,EUR,Meridian Commercial,Neither priority cohort,False,0
P001465,2026-05-26,AC0053,E016,Aurelius Global Sourcing,APAC,USD,Pacific Crown,Neither priority cohort,False,0
P001912,2026-05-26,AC0047,E014,Aurelius India,APAC,INR,Meridian Commercial,Neither priority cohort,False,0
P001953,2026-05-26,AC0006,E002,Aurelius Home US,NA,USD,Pacific Crown,Manual touch only,False,0
P002021,2026-05-26,AC0036,E010,Aurelius Singapore,APAC,SGD,Continental Trust,Neither priority cohort,False,0
P002051,2026-05-26,AC0017,E005,Aurelius UK,EMEA,GBP,Union Atlantic,Manual touch only,False,0
P002323,2026-05-26,AC0014,E004,Aurelius Canada,NA,CAD,Union Atlantic,Manual touch + cross-border wire,False,0
P002482,2026-05-26,AC0001,E001,Aurelius Group Holdings,NA,USD,Union Atlantic,Neither priority cohort,False,0
P002508,2026-05-26,AC0049,E014,Aurelius India,APAC,USD,Pacific Crown,Neither priority cohort,False,0
P002656,2026-05-26,AC0046,E013,Aurelius Korea,APAC,KRW,Union Atlantic,Neither priority cohort,False,0
P002840,2026-05-26,AC0050,E015,Aurelius Hong Kong,APAC,HKD,Union Atlantic,Neither priority cohort,False,0
P002909,2026-05-26,AC0002,E001,Aurelius Group Holdings,NA,USD,Pacific Crown,Neither priority cohort,False,0
P002934,2026-05-26,AC0031,E009,Aurelius Spain,EMEA,USD,Meridian Commercial,Neither priority cohort,False,0
P002991,2026-05-26,AC0031,E009,Aurelius Spain,EMEA,USD,Meridian Commercial,Neither priority cohort,False,0
P003421,2026-05-26,AC0044,E013,Aurelius Korea,APAC,KRW,Northbridge Bank,Neither priority cohort,False,0
P003512,2026-05-26,AC0018,E005,Aurelius UK,EMEA,GBP,Union Atlantic,Manual touch only,False,0
P003804,2026-05-26,AC0005,E002,Aurelius Home US,NA,USD,Continental Trust,Neither priority cohort,False,0
P003847,2026-05-26,AC0010,E003,Aurelius Wellness US,NA,USD,Union Atlantic,Manual touch only,False,0
P003867,2026-05-26,AC0055,E016,Aurelius Global Sourcing,APAC,USD,Meridian Commercial,Cross-border wire only,False,0
P004364,2026-05-26,AC0025,E007,Aurelius France,EMEA,EUR,Meridian Commercial,Manual touch only,False,0
P004791,2026-05-26,AC0028,E008,Aurelius Netherlands,EMEA,EUR,Meridian Commercial,Neither priority cohort,False,0
P005329,2026-05-26,AC0030,E008,Aurelius Netherlands,EMEA,USD,Pacific Crown,Neither priority cohort,True,42
P005428,2026-05-26,AC0034,E010,Aurelius Singapore,APAC,USD,Continental Trust,Neither priority cohort,False,0
P005521,2026-05-26,AC0014,E004,Aurelius Canada,NA,CAD,Union Atlantic,Neither priority cohort,False,0
P005558,2026-05-26,AC0016,E004,Aurelius Canada,NA,CAD,Meridian Commercial,Neither priority cohort,False,0
P005619,2026-05-26,AC0005,E002,Aurelius Home US,NA,USD,Continental Trust,Neither priority cohort,False,0
P005703,2026-05-26,AC0053,E016,Aurelius Global Sourcing,APAC,USD,Pacific Crown,Manual touch only,False,0
P005838,2026-05-26,AC0034,E010,Aurelius Singapore,APAC,USD,Continental Trust,Neither priority cohort,False,0
P005852,2026-05-26,AC0034,E010,Aurelius Singapore,APAC,USD,Continental Trust,Neither priority cohort,False,0
P005864,2026-05-26,AC0030,E008,Aurelius Netherlands,EMEA,USD,Pacific Crown,Neither priority cohort,False,0
P005991,2026-05-26,AC0034,E010,Aurelius Singapore,APAC,USD,Continental Trust,Neither priority cohort,False,0
P006181,2026-05-26,AC0034,E010,Aurelius Singapore,APAC,USD,Continental Trust,Manual touch + cross-border wire,True,57
P006305,2026-05-26,AC0017,E005,Aurelius UK,EMEA,GBP,Union Atlantic,Neither priority cohort,False,0
P006567,2026-05-26,AC0047,E014,Aurelius India,APAC,INR,Meridian Commercial,Cross-border wire only,False,0
P006753,2026-05-26,AC0014,E004,Aurelius Canada,NA,CAD,Union Atlantic,Neither priority cohort,False,0
P007143,2026-05-26,AC0025,E007,Aurelius France,EMEA,EUR,Meridian Commercial,Neither priority cohort,False,0
P007164,2026-05-26,AC0005,E002,Aurelius Home US,NA,USD,Continental Trust,Neither priority cohort,False,0
P007304,2026-05-26,AC0005,E002,Aurelius Home US,NA,USD,Continental Trust,Neither priority cohort,False,0
P007347,2026-05-26,AC0038,E011,Aurelius Australia,APAC,USD,Pacific Crown,Neither priority cohort,False,0
P007396,2026-05-26,AC0014,E004,Aurelius Canada,NA,CAD,Union Atlantic,Neither priority cohort,False,0
P007485,2026-05-26,AC0005,E002,Aurelius Home US,NA,USD,Continental Trust,Neither priority cohort,False,0
P000066,2026-05-27,AC0025,E007,Aurelius France,EMEA,EUR,Meridian Commercial,Neither priority cohort,False,0
P000130,2026-05-27,AC0007,E002,Aurelius Home US,NA,USD,Northbridge Bank,Neither priority cohort,False,0
P000282,2026-05-27,AC0050,E015,Aurelius Hong Kong,APAC,HKD,Union Atlantic,Neither priority cohort,False,0
P000521,2026-05-27,AC0047,E014,Aurelius India,APAC,INR,Meridian Commercial,Manual touch only,False,0
P000544,2026-05-27,AC0025,E007,Aurelius France,EMEA,EUR,Meridian Commercial,Manual touch only,False,0
P000617,2026-05-27,AC0042,E012,Aurelius Japan,APAC,USD,Union Atlantic,Neither priority cohort,False,0
P000699,2026-05-27,AC0028,E008,Aurelius Netherlands,EMEA,EUR,Meridian Commercial,Neither priority cohort,False,0
P000760,2026-05-27,AC0010,E003,Aurelius Wellness US,NA,USD,Union Atlantic,Manual touch only,True,18
P001275,2026-05-27,AC0001,E001,Aurelius Group Holdings,NA,USD,Union Atlantic,Neither priority cohort,False,0
P001409,2026-05-27,AC0010,E003,Aurelius Wellness US,NA,USD,Union Atlantic,Manual touch only,True,31
P001461,2026-05-27,AC0032,E009,Aurelius Spain,EMEA,EUR,Northbridge Bank,Cross-border wire only,True,29
P001480,2026-05-27,AC0041,E012,Aurelius Japan,APAC,JPY,Continental Trust,Neither priority cohort,False,0
P001608,2026-05-27,AC0028,E008,Aurelius Netherlands,EMEA,EUR,Meridian Commercial,Neither priority cohort,False,0
P001672,2026-05-27,AC0027,E007,Aurelius France,EMEA,EUR,Pacific Crown,Manual touch only,False,0
P002094,2026-05-27,AC0010,E003,Aurelius Wellness US,NA,USD,Union Atlantic,Neither priority cohort,False,0
P002099,2026-05-27,AC0044,E013,Aurelius Korea,APAC,KRW,Northbridge Bank,Neither priority cohort,False,0
P002315,2026-05-27,AC0047,E014,Aurelius India,APAC,INR,Meridian Commercial,Neither priority cohort,False,0
P002422,2026-05-27,AC0031,E009,Aurelius Spain,EMEA,USD,Meridian Commercial,Neither priority cohort,False,0
P002457,2026-05-27,AC0038,E011,Aurelius Australia,APAC,USD,Pacific Crown,Neither priority cohort,False,0
P002462,2026-05-27,AC0034,E010,Aurelius Singapore,APAC,USD,Continental Trust,Manual touch only,True,59
P002640,2026-05-27,AC0039,E011,Aurelius Australia,APAC,AUD,Continental Trust,Neither priority cohort,False,0
P002778,2026-05-27,AC0055,E016,Aurelius Global Sourcing,APAC,USD,Meridian Commercial,Neither priority cohort,False,0
P003172,2026-05-27,AC0001,E001,Aurelius Group Holdings,NA,USD,Union Atlantic,Neither priority cohort,False,0
P003256,2026-05-27,AC0034,E010,Aurelius Singapore,APAC,USD,Continental Trust,Neither priority cohort,False,0
P003459,2026-05-27,AC0005,E002,Aurelius Home US,NA,USD,Continental Trust,Neither priority cohort,False,0
P003583,2026-05-27,AC0011,E003,Aurelius Wellness US,NA,USD,Continental Trust,Neither priority cohort,False,0
P003604,2026-05-27,AC0010,E003,Aurelius Wellness US,NA,USD,Union Atlantic,Manual touch + cross-border wire,True,70
P003663,2026-05-27,AC0010,E003,Aurelius Wellness US,NA,USD,Union Atlantic,Manual touch only,False,0
P003685,2026-05-27,AC0041,E012,Aurelius Japan,APAC,JPY,Continental Trust,Neither priority cohort,False,0
P003718,2026-05-27,AC0035,E010,Aurelius Singapore,APAC,SGD,Pacific Crown,Neither priority cohort,False,0
P003725,2026-05-27,AC0025,E007,Aurelius France,EMEA,EUR,Meridian Commercial,Manual touch only,False,0
P004022,2026-05-27,AC0044,E013,Aurelius Korea,APAC,KRW,Northbridge Bank,Neither priority cohort,False,0
P004195,2026-05-27,AC0031,E009,Aurelius Spain,EMEA,USD,Meridian Commercial,Neither priority cohort,False,0
P004248,2026-05-27,AC0038,E011,Aurelius Australia,APAC,USD,Pacific Crown,Manual touch only,False,0
P004460,2026-05-27,AC0034,E010,Aurelius Singapore,APAC,USD,Continental Trust,Manual touch + cross-border wire,False,0
P004591,2026-05-27,AC0054,E016,Aurelius Global Sourcing,APAC,USD,Northbridge Bank,Neither priority cohort,False,0
P004833,2026-05-27,AC0034,E010,Aurelius Singapore,APAC,USD,Continental Trust,Neither priority cohort,False,0
P004865,2026-05-27,AC0053,E016,Aurelius Global Sourcing,APAC,USD,Pacific Crown,Manual touch only,True,67
P004914,2026-05-27,AC0048,E014,Aurelius India,APAC,INR,Continental Trust,Neither priority cohort,False,0
P004961,2026-05-27,AC0003,E001,Aurelius Group Holdings,NA,USD,Meridian Commercial,Neither priority cohort,False,0
P005341,2026-05-27,AC0043,E012,Aurelius Japan,APAC,JPY,Union Atlantic,Manual touch only,False,0
P005385,2026-05-27,AC0044,E013,Aurelius Korea,APAC,KRW,Northbridge Bank,Neither priority cohort,False,0
P005400,2026-05-27,AC0040,E011,Aurelius Australia,APAC,AUD,Continental Trust,Manual touch only,False,0
P005655,2026-05-27,AC0031,E009,Aurelius Spain,EMEA,USD,Meridian Commercial,Neither priority cohort,False,0
P005682,2026-05-27,AC0021,E006,Aurelius Germany,EMEA,EUR,Continental Trust,Manual touch only,False,0
P005792,2026-05-27,AC0017,E005,Aurelius UK,EMEA,GBP,Union Atlantic,Neither priority cohort,False,0
P006156,2026-05-27,AC0025,E007,Aurelius France,EMEA,EUR,Meridian Commercial,Manual touch only,False,0
P006182,2026-05-27,AC0021,E006,Aurelius Germany,EMEA,EUR,Continental Trust,Neither priority cohort,False,0
P006209,2026-05-27,AC0034,E010,Aurelius Singapore,APAC,USD,Continental Trust,Manual touch only,False,0
P006338,2026-05-27,AC0021,E006,Aurelius Germany,EMEA,EUR,Continental Trust,Manual touch + cross-border wire,False,0
P006357,2026-05-27,AC0005,E002,Aurelius Home US,NA,USD,Continental Trust,Neither priority cohort,False,0
P006562,2026-05-27,AC0050,E015,Aurelius Hong Kong,APAC,HKD,Union Atlantic,Manual touch only,False,0
P006831,2026-05-27,AC0034,E010,Aurelius Singapore,APAC,USD,Continental Trust,Neither priority cohort,False,0
P007074,2026-05-27,AC0017,E005,Aurelius UK,EMEA,GBP,Union Atlantic,Manual touch only,False,0
P007393,2026-05-27,AC0015,E004,Aurelius Canada,NA,CAD,Pacific Crown,Manual touch only,False,0
P007544,2026-05-27,AC0018,E005,Aurelius UK,EMEA,GBP,Union Atlantic,Neither priority cohort,False,0
P000086,2026-05-28,AC0050,E015,Aurelius Hong Kong,APAC,HKD,Union Atlantic,Neither priority cohort,False,0
P000319,2026-05-28,AC0014,E004,Aurelius Canada,NA,CAD,Union Atlantic,Manual touch only,True,30
P000413,2026-05-28,AC0053,E016,Aurelius Global Sourcing,APAC,USD,Pacific Crown,Manual touch + cross-border wire,False,0
P000613,2026-05-28,AC0050,E015,Aurelius Hong Kong,APAC,HKD,Union Atlantic,Neither priority cohort,False,0
P000729,2026-05-28,AC0034,E010,Aurelius Singapore,APAC,USD,Continental Trust,Neither priority cohort,False,0
P000743,2026-05-28,AC0016,E004,Aurelius Canada,NA,CAD,Meridian Commercial,Neither priority cohort,False,0
P000876,2026-05-28,AC0053,E016,Aurelius Global Sourcing,APAC,USD,Pacific Crown,Neither priority cohort,False,0
P001051,2026-05-28,AC0016,E004,Aurelius Canada,NA,CAD,Meridian Commercial,Neither priority cohort,False,0
P001493,2026-05-28,AC0035,E010,Aurelius Singapore,APAC,SGD,Pacific Crown,Neither priority cohort,False,0
P001560,2026-05-28,AC0025,E007,Aurelius France,EMEA,EUR,Meridian Commercial,Neither priority cohort,False,0
P001581,2026-05-28,AC0005,E002,Aurelius Home US,NA,USD,Continental Trust,Neither priority cohort,False,0
P001694,2026-05-28,AC0041,E012,Aurelius Japan,APAC,JPY,Continental Trust,Neither priority cohort,False,0
P001811,2026-05-28,AC0034,E010,Aurelius Singapore,APAC,USD,Continental Trust,Neither priority cohort,False,0
P001919,2026-05-28,AC0006,E002,Aurelius Home US,NA,USD,Pacific Crown,Neither priority cohort,False,0
P001934,2026-05-28,AC0023,E006,Aurelius Germany,EMEA,EUR,Northbridge Bank,Neither priority cohort,False,0
P001942,2026-05-28,AC0034,E010,Aurelius Singapore,APAC,USD,Continental Trust,Manual touch only,False,0
P002003,2026-05-28,AC0040,E011,Aurelius Australia,APAC,AUD,Continental Trust,Manual touch only,False,0
P002078,2026-05-28,AC0017,E005,Aurelius UK,EMEA,GBP,Union Atlantic,Neither priority cohort,False,0
P002173,2026-05-28,AC0017,E005,Aurelius UK,EMEA,GBP,Union Atlantic,Cross-border wire only,False,0
P002269,2026-05-28,AC0007,E002,Aurelius Home US,NA,USD,Northbridge Bank,Manual touch only,False,0
P002289,2026-05-28,AC0025,E007,Aurelius France,EMEA,EUR,Meridian Commercial,Neither priority cohort,False,0
P002306,2026-05-28,AC0052,E015,Aurelius Hong Kong,APAC,HKD,Continental Trust,Cross-border wire only,False,0
P002307,2026-05-28,AC0041,E012,Aurelius Japan,APAC,JPY,Continental Trust,Manual touch only,False,0
P002406,2026-05-28,AC0025,E007,Aurelius France,EMEA,EUR,Meridian Commercial,Manual touch only,False,0
P002629,2026-05-28,AC0003,E001,Aurelius Group Holdings,NA,USD,Meridian Commercial,Neither priority cohort,False,0
P002650,2026-05-28,AC0033,E009,Aurelius Spain,EMEA,EUR,Meridian Commercial,Neither priority cohort,False,0
P003010,2026-05-28,AC0047,E014,Aurelius India,APAC,INR,Meridian Commercial,Neither priority cohort,False,0
P003023,2026-05-28,AC0003,E001,Aurelius Group Holdings,NA,USD,Meridian Commercial,Neither priority cohort,False,0
P003175,2026-05-28,AC0044,E013,Aurelius Korea,APAC,KRW,Northbridge Bank,Neither priority cohort,False,0
P003327,2026-05-28,AC0050,E015,Aurelius Hong Kong,APAC,HKD,Union Atlantic,Neither priority cohort,False,0
P003699,2026-05-28,AC0010,E003,Aurelius Wellness US,NA,USD,Union Atlantic,Manual touch only,True,26
P003892,2026-05-28,AC0005,E002,Aurelius Home US,NA,USD,Continental Trust,Cross-border wire only,False,0
P004172,2026-05-28,AC0014,E004,Aurelius Canada,NA,CAD,Union Atlantic,Neither priority cohort,False,0
P004278,2026-05-28,AC0041,E012,Aurelius Japan,APAC,JPY,Continental Trust,Cross-border wire only,True,39
P004339,2026-05-28,AC0005,E002,Aurelius Home US,NA,USD,Continental Trust,Cross-border wire only,False,0
P004343,2026-05-28,AC0047,E014,Aurelius India,APAC,INR,Meridian Commercial,Manual touch + cross-border wire,True,34
P004417,2026-05-28,AC0028,E008,Aurelius Netherlands,EMEA,EUR,Meridian Commercial,Neither priority cohort,False,0
P004446,2026-05-28,AC0053,E016,Aurelius Global Sourcing,APAC,USD,Pacific Crown,Manual touch only,False,0
P004471,2026-05-28,AC0038,E011,Aurelius Australia,APAC,USD,Pacific Crown,Neither priority cohort,False,0
P004622,2026-05-28,AC0052,E015,Aurelius Hong Kong,APAC,HKD,Continental Trust,Cross-border wire only,False,0
P004691,2026-05-28,AC0017,E005,Aurelius UK,EMEA,GBP,Union Atlantic,Neither priority cohort,False,0
P004746,2026-05-28,AC0019,E005,Aurelius UK,EMEA,GBP,Union Atlantic,Neither priority cohort,False,0
P004780,2026-05-28,AC0047,E014,Aurelius India,APAC,INR,Meridian Commercial,Neither priority cohort,False,0
P004844,2026-05-28,AC0010,E003,Aurelius Wellness US,NA,USD,Union Atlantic,Manual touch only,False,0
P004893,2026-05-28,AC0017,E005,Aurelius UK,EMEA,GBP,Union Atlantic,Neither priority cohort,False,0
P005166,2026-05-28,AC0016,E004,Aurelius Canada,NA,CAD,Meridian Commercial,Neither priority cohort,False,0
P005218,2026-05-28,AC0014,E004,Aurelius Canada,NA,CAD,Union Atlantic,Neither priority cohort,False,0
P005230,2026-05-28,AC0005,E002,Aurelius Home US,NA,USD,Continental Trust,Neither priority cohort,False,0
P005314,2026-05-28,AC0041,E012,Aurelius Japan,APAC,JPY,Continental Trust,Neither priority cohort,False,0
P005415,2026-05-28,AC0046,E013,Aurelius Korea,APAC,KRW,Union Atlantic,Neither priority cohort,False,0
P005576,2026-05-28,AC0010,E003,Aurelius Wellness US,NA,USD,Union Atlantic,Neither priority cohort,False,0
P005972,2026-05-28,AC0010,E003,Aurelius Wellness US,NA,USD,Union Atlantic,Neither priority cohort,False,0
P006100,2026-05-28,AC0047,E014,Aurelius India,APAC,INR,Meridian Commercial,Neither priority cohort,False,0
P006115,2026-05-28,AC0051,E015,Aurelius Hong Kong,APAC,HKD,Pacific Crown,Neither priority cohort,False,0
P006406,2026-05-28,AC0036,E010,Aurelius Singapore,APAC,SGD,Continental Trust,Neither priority cohort,False,0
P006573,2026-05-28,AC0053,E016,Aurelius Global Sourcing,APAC,USD,Pacific Crown,Neither priority cohort,False,0
P006634,2026-05-28,AC0031,E009,Aurelius Spain,EMEA,USD,Meridian Commercial,Manual touch only,False,0
P006806,2026-05-28,AC0001,E001,Aurelius Group Holdings,NA,USD,Union Atlantic,Neither priority cohort,False,0
P006823,2026-05-28,AC0027,E007,Aurelius France,EMEA,EUR,Pacific Crown,Neither priority cohort,False,0
P006834,2026-05-28,AC0050,E015,Aurelius Hong Kong,APAC,HKD,Union Atlantic,Manual touch only,False,0
P007315,2026-05-28,AC0053,E016,Aurelius Global Sourcing,APAC,USD,Pacific Crown,Manual touch only,False,0
P007517,2026-05-28,AC0021,E006,Aurelius Germany,EMEA,EUR,Continental Trust,Neither priority cohort,False,0
P000192,2026-05-29,AC0038,E011,Aurelius Australia,APAC,USD,Pacific Crown,Neither priority cohort,False,0
P000369,2026-05-29,AC0010,E003,Aurelius Wellness US,NA,USD,Union Atlantic,Manual touch only,False,0
P000378,2026-05-29,AC0028,E008,Aurelius Netherlands,EMEA,EUR,Meridian Commercial,Neither priority cohort,False,0
P000385,2026-05-29,AC0055,E016,Aurelius Global Sourcing,APAC,USD,Meridian Commercial,Neither priority cohort,False,0
P000490,2026-05-29,AC0050,E015,Aurelius Hong Kong,APAC,HKD,Union Atlantic,Manual touch only,False,0
P000685,2026-05-29,AC0050,E015,Aurelius Hong Kong,APAC,HKD,Union Atlantic,Cross-border wire only,False,0
P000948,2026-05-29,AC0014,E004,Aurelius Canada,NA,CAD,Union Atlantic,Neither priority cohort,False,0
P000960,2026-05-29,AC0021,E006,Aurelius Germany,EMEA,EUR,Continental Trust,Neither priority cohort,False,0
P001475,2026-05-29,AC0041,E012,Aurelius Japan,APAC,JPY,Continental Trust,Neither priority cohort,False,0
P001640,2026-05-29,AC0006,E002,Aurelius Home US,NA,USD,Pacific Crown,Neither priority cohort,True,72
P001646,2026-05-29,AC0039,E011,Aurelius Australia,APAC,AUD,Continental Trust,Neither priority cohort,False,0
P001770,2026-05-29,AC0050,E015,Aurelius Hong Kong,APAC,HKD,Union Atlantic,Cross-border wire only,False,0
P001893,2026-05-29,AC0014,E004,Aurelius Canada,NA,CAD,Union Atlantic,Manual touch only,False,0
P001989,2026-05-29,AC0047,E014,Aurelius India,APAC,INR,Meridian Commercial,Neither priority cohort,False,0
P002106,2026-05-29,AC0050,E015,Aurelius Hong Kong,APAC,HKD,Union Atlantic,Manual touch only,True,62
P002121,2026-05-29,AC0050,E015,Aurelius Hong Kong,APAC,HKD,Union Atlantic,Manual touch only,False,0
P002152,2026-05-29,AC0038,E011,Aurelius Australia,APAC,USD,Pacific Crown,Neither priority cohort,False,0
P002185,2026-05-29,AC0005,E002,Aurelius Home US,NA,USD,Continental Trust,Neither priority cohort,False,0
P002235,2026-05-29,AC0044,E013,Aurelius Korea,APAC,KRW,Northbridge Bank,Neither priority cohort,False,0
P002336,2026-05-29,AC0028,E008,Aurelius Netherlands,EMEA,EUR,Meridian Commercial,Neither priority cohort,False,0
P002439,2026-05-29,AC0031,E009,Aurelius Spain,EMEA,USD,Meridian Commercial,Cross-border wire only,True,18
P002596,2026-05-29,AC0017,E005,Aurelius UK,EMEA,GBP,Union Atlantic,Manual touch only,False,0
P002893,2026-05-29,AC0021,E006,Aurelius Germany,EMEA,EUR,Continental Trust,Manual touch only,True,71
P002925,2026-05-29,AC0047,E014,Aurelius India,APAC,INR,Meridian Commercial,Neither priority cohort,False,0
P003030,2026-05-29,AC0047,E014,Aurelius India,APAC,INR,Meridian Commercial,Neither priority cohort,False,0
P003118,2026-05-29,AC0049,E014,Aurelius India,APAC,USD,Pacific Crown,Neither priority cohort,False,0
P004119,2026-05-29,AC0028,E008,Aurelius Netherlands,EMEA,EUR,Meridian Commercial,Neither priority cohort,False,0
P004204,2026-05-29,AC0014,E004,Aurelius Canada,NA,CAD,Union Atlantic,Neither priority cohort,False,0
P004233,2026-05-29,AC0051,E015,Aurelius Hong Kong,APAC,HKD,Pacific Crown,Manual touch only,False,0
P004242,2026-05-29,AC0028,E008,Aurelius Netherlands,EMEA,EUR,Meridian Commercial,Neither priority cohort,False,0
P004453,2026-05-29,AC0025,E007,Aurelius France,EMEA,EUR,Meridian Commercial,Cross-border wire only,False,0
P004554,2026-05-29,AC0030,E008,Aurelius Netherlands,EMEA,USD,Pacific Crown,Manual touch + cross-border wire,False,0
P004640,2026-05-29,AC0001,E001,Aurelius Group Holdings,NA,USD,Union Atlantic,Neither priority cohort,False,0
P004715,2026-05-29,AC0047,E014,Aurelius India,APAC,INR,Meridian Commercial,Neither priority cohort,False,0
P004970,2026-05-29,AC0049,E014,Aurelius India,APAC,USD,Pacific Crown,Neither priority cohort,False,0
P004982,2026-05-29,AC0053,E016,Aurelius Global Sourcing,APAC,USD,Pacific Crown,Neither priority cohort,False,0
P005001,2026-05-29,AC0044,E013,Aurelius Korea,APAC,KRW,Northbridge Bank,Manual touch + cross-border wire,False,0
P005480,2026-05-29,AC0054,E016,Aurelius Global Sourcing,APAC,USD,Northbridge Bank,Neither priority cohort,False,0
P005485,2026-05-29,AC0053,E016,Aurelius Global Sourcing,APAC,USD,Pacific Crown,Neither priority cohort,False,0
P005580,2026-05-29,AC0043,E012,Aurelius Japan,APAC,JPY,Union Atlantic,Neither priority cohort,False,0
P006221,2026-05-29,AC0021,E006,Aurelius Germany,EMEA,EUR,Continental Trust,Manual touch only,False,0
P006254,2026-05-29,AC0038,E011,Aurelius Australia,APAC,USD,Pacific Crown,Neither priority cohort,False,0
P006256,2026-05-29,AC0047,E014,Aurelius India,APAC,INR,Meridian Commercial,Neither priority cohort,False,0
P006316,2026-05-29,AC0028,E008,Aurelius Netherlands,EMEA,EUR,Meridian Commercial,Neither priority cohort,False,0
P006467,2026-05-29,AC0014,E004,Aurelius Canada,NA,CAD,Union Atlantic,Neither priority cohort,False,0
P006496,2026-05-29,AC0010,E003,Aurelius Wellness US,NA,USD,Union Atlantic,Manual touch only,False,0
P006617,2026-05-29,AC0005,E002,Aurelius Home US,NA,USD,Continental Trust,Neither priority cohort,False,0
P006932,2026-05-29,AC0019,E005,Aurelius UK,EMEA,GBP,Union Atlantic,Neither priority cohort,False,0
P006935,2026-05-29,AC0047,E014,Aurelius India,APAC,INR,Meridian Commercial,Neither priority cohort,False,0
P007110,2026-05-29,AC0001,E001,Aurelius Group Holdings,NA,USD,Union Atlantic,Cross-border wire only,False,0
P007205,2026-05-29,AC0053,E016,Aurelius Global Sourcing,APAC,USD,Pacific Crown,Neither priority cohort,False,0
P007242,2026-05-29,AC0025,E007,Aurelius France,EMEA,EUR,Meridian Commercial,Neither priority cohort,False,0
P007280,2026-05-29,AC0010,E003,Aurelius Wellness US,NA,USD,Union Atlantic,Manual touch only,False,0
P000004,2026-06-01,AC0010,E003,Aurelius Wellness US,NA,USD,Union Atlantic,Manual touch + cross-border wire,False,0
P000060,2026-06-01,AC0050,E015,Aurelius Hong Kong,APAC,HKD,Union Atlantic,Manual touch only,False,0
P000129,2026-06-01,AC0044,E013,Aurelius Korea,APAC,KRW,Northbridge Bank,Neither priority cohort,False,0
P000182,2026-06-01,AC0025,E007,Aurelius France,EMEA,EUR,Meridian Commercial,Manual touch only,False,0
P000280,2026-06-01,AC0005,E002,Aurelius Home US,NA,USD,Continental Trust,Neither priority cohort,False,0
P000314,2026-06-01,AC0028,E008,Aurelius Netherlands,EMEA,EUR,Meridian Commercial,Neither priority cohort,False,0
P000325,2026-06-01,AC0017,E005,Aurelius UK,EMEA,GBP,Union Atlantic,Neither priority cohort,False,0
P000370,2026-06-01,AC0031,E009,Aurelius Spain,EMEA,USD,Meridian Commercial,Manual touch only,False,0
P000538,2026-06-01,AC0053,E016,Aurelius Global Sourcing,APAC,USD,Pacific Crown,Manual touch only,False,0
P000655,2026-06-01,AC0030,E008,Aurelius Netherlands,EMEA,USD,Pacific Crown,Neither priority cohort,False,0
P000787,2026-06-01,AC0046,E013,Aurelius Korea,APAC,KRW,Union Atlantic,Neither priority cohort,False,0
P000788,2026-06-01,AC0034,E010,Aurelius Singapore,APAC,USD,Continental Trust,Manual touch only,False,0
P000834,2026-06-01,AC0044,E013,Aurelius Korea,APAC,KRW,Northbridge Bank,Neither priority cohort,False,0
P000879,2026-06-01,AC0047,E014,Aurelius India,APAC,INR,Meridian Commercial,Neither priority cohort,False,0
P000940,2026-06-01,AC0012,E003,Aurelius Wellness US,NA,USD,Northbridge Bank,Manual touch only,False,0
P000971,2026-06-01,AC0031,E009,Aurelius Spain,EMEA,USD,Meridian Commercial,Neither priority cohort,False,0
P001117,2026-06-01,AC0031,E009,Aurelius Spain,EMEA,USD,Meridian Commercial,Manual touch only,False,0
P001215,2026-06-01,AC0027,E007,Aurelius France,EMEA,EUR,Pacific Crown,Manual touch only,False,0
P001222,2026-06-01,AC0052,E015,Aurelius Hong Kong,APAC,HKD,Continental Trust,Neither priority cohort,False,0
P001396,2026-06-01,AC0041,E012,Aurelius Japan,APAC,JPY,Continental Trust,Neither priority cohort,False,0
P001613,2026-06-01,AC0026,E007,Aurelius France,EMEA,USD,Union Atlantic,Neither priority cohort,False,0
P001865,2026-06-01,AC0005,E002,Aurelius Home US,NA,USD,Continental Trust,Neither priority cohort,False,0
P001888,2026-06-01,AC0001,E001,Aurelius Group Holdings,NA,USD,Union Atlantic,Neither priority cohort,False,0
P002102,2026-06-01,AC0018,E005,Aurelius UK,EMEA,GBP,Union Atlantic,Neither priority cohort,False,0
P002116,2026-06-01,AC0036,E010,Aurelius Singapore,APAC,SGD,Continental Trust,Manual touch only,False,0
P002208,2026-06-01,AC0053,E016,Aurelius Global Sourcing,APAC,USD,Pacific Crown,Neither priority cohort,False,0
P002251,2026-06-01,AC0053,E016,Aurelius Global Sourcing,APAC,USD,Pacific Crown,Neither priority cohort,False,0
P002310,2026-06-01,AC0017,E005,Aurelius UK,EMEA,GBP,Union Atlantic,Manual touch only,False,0
P002312,2026-06-01,AC0034,E010,Aurelius Singapore,APAC,USD,Continental Trust,Neither priority cohort,False,0
P002379,2026-06-01,AC0050,E015,Aurelius Hong Kong,APAC,HKD,Union Atlantic,Neither priority cohort,False,0
P002399,2026-06-01,AC0001,E001,Aurelius Group Holdings,NA,USD,Union Atlantic,Manual touch only,False,0
P002440,2026-06-01,AC0017,E005,Aurelius UK,EMEA,GBP,Union Atlantic,Neither priority cohort,True,23
P002504,2026-06-01,AC0050,E015,Aurelius Hong Kong,APAC,HKD,Union Atlantic,Manual touch only,True,39
P002632,2026-06-01,AC0025,E007,Aurelius France,EMEA,EUR,Meridian Commercial,Neither priority cohort,True,38
P002701,2026-06-01,AC0041,E012,Aurelius Japan,APAC,JPY,Continental Trust,Neither priority cohort,False,0
P002742,2026-06-01,AC0005,E002,Aurelius Home US,NA,USD,Continental Trust,Neither priority cohort,False,0
P002817,2026-06-01,AC0038,E011,Aurelius Australia,APAC,USD,Pacific Crown,Neither priority cohort,False,0
P002900,2026-06-01,AC0040,E011,Aurelius Australia,APAC,AUD,Continental Trust,Manual touch only,False,0
P002983,2026-06-01,AC0019,E005,Aurelius UK,EMEA,GBP,Union Atlantic,Neither priority cohort,False,0
P003004,2026-06-01,AC0017,E005,Aurelius UK,EMEA,GBP,Union Atlantic,Manual touch only,False,0
P003207,2026-06-01,AC0044,E013,Aurelius Korea,APAC,KRW,Northbridge Bank,Cross-border wire only,False,0
P003400,2026-06-01,AC0047,E014,Aurelius India,APAC,INR,Meridian Commercial,Manual touch only,False,0
P003404,2026-06-01,AC0016,E004,Aurelius Canada,NA,CAD,Meridian Commercial,Manual touch only,False,0
P003410,2026-06-01,AC0047,E014,Aurelius India,APAC,INR,Meridian Commercial,Neither priority cohort,False,0
P003467,2026-06-01,AC0028,E008,Aurelius Netherlands,EMEA,EUR,Meridian Commercial,Manual touch + cross-border wire,False,0
P003489,2026-06-01,AC0010,E003,Aurelius Wellness US,NA,USD,Union Atlantic,Manual touch only,False,0
P003706,2026-06-01,AC0050,E015,Aurelius Hong Kong,APAC,HKD,Union Atlantic,Manual touch only,False,0
P003769,2026-06-01,AC0028,E008,Aurelius Netherlands,EMEA,EUR,Meridian Commercial,Neither priority cohort,False,0
P003913,2026-06-01,AC0010,E003,Aurelius Wellness US,NA,USD,Union Atlantic,Neither priority cohort,False,0
P003969,2026-06-01,AC0010,E003,Aurelius Wellness US,NA,USD,Union Atlantic,Neither priority cohort,False,0
P004468,2026-06-01,AC0030,E008,Aurelius Netherlands,EMEA,USD,Pacific Crown,Neither priority cohort,False,0
P004542,2026-06-01,AC0044,E013,Aurelius Korea,APAC,KRW,Northbridge Bank,Neither priority cohort,False,0
P004765,2026-06-01,AC0001,E001,Aurelius Group Holdings,NA,USD,Union Atlantic,Neither priority cohort,False,0
P004874,2026-06-01,AC0005,E002,Aurelius Home US,NA,USD,Continental Trust,Neither priority cohort,False,0
P005103,2026-06-01,AC0044,E013,Aurelius Korea,APAC,KRW,Northbridge Bank,Manual touch only,False,0
P005260,2026-06-01,AC0042,E012,Aurelius Japan,APAC,USD,Union Atlantic,Neither priority cohort,False,0
P005383,2026-06-01,AC0053,E016,Aurelius Global Sourcing,APAC,USD,Pacific Crown,Neither priority cohort,False,0
P005544,2026-06-01,AC0023,E006,Aurelius Germany,EMEA,EUR,Northbridge Bank,Neither priority cohort,False,0
P005621,2026-06-01,AC0034,E010,Aurelius Singapore,APAC,USD,Continental Trust,Manual touch only,False,0
P005630,2026-06-01,AC0038,E011,Aurelius Australia,APAC,USD,Pacific Crown,Neither priority cohort,False,0
P005745,2026-06-01,AC0045,E013,Aurelius Korea,APAC,KRW,Pacific Crown,Manual touch only,False,0
P005776,2026-06-01,AC0028,E008,Aurelius Netherlands,EMEA,EUR,Meridian Commercial,Neither priority cohort,False,0
P005798,2026-06-01,AC0015,E004,Aurelius Canada,NA,CAD,Pacific Crown,Neither priority cohort,False,0
P005826,2026-06-01,AC0005,E002,Aurelius Home US,NA,USD,Continental Trust,Neither priority cohort,False,0
P005851,2026-06-01,AC0050,E015,Aurelius Hong Kong,APAC,HKD,Union Atlantic,Neither priority cohort,False,0
P005993,2026-06-01,AC0052,E015,Aurelius Hong Kong,APAC,HKD,Continental Trust,Neither priority cohort,False,0
P006048,2026-06-01,AC0041,E012,Aurelius Japan,APAC,JPY,Continental Trust,Neither priority cohort,False,0
P006059,2026-06-01,AC0005,E002,Aurelius Home US,NA,USD,Continental Trust,Neither priority cohort,False,0
P006238,2026-06-01,AC0040,E011,Aurelius Australia,APAC,AUD,Continental Trust,Neither priority cohort,False,0
P006246,2026-06-01,AC0017,E005,Aurelius UK,EMEA,GBP,Union Atlantic,Neither priority cohort,False,0
P006304,2026-06-01,AC0021,E006,Aurelius Germany,EMEA,EUR,Continental Trust,Neither priority cohort,False,0
P006317,2026-06-01,AC0032,E009,Aurelius Spain,EMEA,EUR,Northbridge Bank,Neither priority cohort,False,0
P006335,2026-06-01,AC0033,E009,Aurelius Spain,EMEA,EUR,Meridian Commercial,Neither priority cohort,False,0
P006395,2026-06-01,AC0031,E009,Aurelius Spain,EMEA,USD,Meridian Commercial,Neither priority cohort,False,0
P006637,2026-06-01,AC0001,E001,Aurelius Group Holdings,NA,USD,Union Atlantic,Manual touch only,False,0
P006976,2026-06-01,AC0015,E004,Aurelius Canada,NA,CAD,Pacific Crown,Neither priority cohort,False,0
P007011,2026-06-01,AC0003,E001,Aurelius Group Holdings,NA,USD,Meridian Commercial,Neither priority cohort,True,41
P007042,2026-06-01,AC0029,E008,Aurelius Netherlands,EMEA,EUR,Continental Trust,Neither priority cohort,False,0
P007257,2026-06-01,AC0014,E004,Aurelius Canada,NA,CAD,Union Atlantic,Neither priority cohort,False,0
P007343,2026-06-01,AC0038,E011,Aurelius Australia,APAC,USD,Pacific Crown,Neither priority cohort,False,0
P007373,2026-06-01,AC0053,E016,Aurelius Global Sourcing,APAC,USD,Pacific Crown,Manual touch + cross-border wire,False,0
P007596,2026-06-01,AC0025,E007,Aurelius France,EMEA,EUR,Meridian Commercial,Cross-border wire only,False,0
P000006,2026-06-02,AC0038,E011,Aurelius Australia,APAC,USD,Pacific Crown,Manual touch only,True,28
P000482,2026-06-02,AC0038,E011,Aurelius Australia,APAC,USD,Pacific Crown,Cross-border wire only,False,0
P000533,2026-06-02,AC0022,E006,Aurelius Germany,EMEA,EUR,Meridian Commercial,Neither priority cohort,False,0
P000717,2026-06-02,AC0031,E009,Aurelius Spain,EMEA,USD,Meridian Commercial,Manual touch only,False,0
P001067,2026-06-02,AC0041,E012,Aurelius Japan,APAC,JPY,Continental Trust,Neither priority cohort,False,0
P001079,2026-06-02,AC0038,E011,Aurelius Australia,APAC,USD,Pacific Crown,Neither priority cohort,False,0
P001168,2026-06-02,AC0010,E003,Aurelius Wellness US,NA,USD,Union Atlantic,Neither priority cohort,False,0
P001228,2026-06-02,AC0053,E016,Aurelius Global Sourcing,APAC,USD,Pacific Crown,Neither priority cohort,False,0
P001423,2026-06-02,AC0005,E002,Aurelius Home US,NA,USD,Continental Trust,Manual touch + cross-border wire,False,0
P001464,2026-06-02,AC0014,E004,Aurelius Canada,NA,CAD,Union Atlantic,Neither priority cohort,False,0
P001576,2026-06-02,AC0001,E001,Aurelius Group Holdings,NA,USD,Union Atlantic,Neither priority cohort,False,0
P001642,2026-06-02,AC0007,E002,Aurelius Home US,NA,USD,Northbridge Bank,Neither priority cohort,False,0
P001712,2026-06-02,AC0019,E005,Aurelius UK,EMEA,GBP,Union Atlantic,Neither priority cohort,False,0
P001852,2026-06-02,AC0053,E016,Aurelius Global Sourcing,APAC,USD,Pacific Crown,Manual touch only,False,0
P001962,2026-06-02,AC0051,E015,Aurelius Hong Kong,APAC,HKD,Pacific Crown,Manual touch only,False,0
P002004,2026-06-02,AC0019,E005,Aurelius UK,EMEA,GBP,Union Atlantic,Neither priority cohort,False,0
P002232,2026-06-02,AC0017,E005,Aurelius UK,EMEA,GBP,Union Atlantic,Manual touch + cross-border wire,False,0
P002268,2026-06-02,AC0040,E011,Aurelius Australia,APAC,AUD,Continental Trust,Neither priority cohort,False,0
P002354,2026-06-02,AC0031,E009,Aurelius Spain,EMEA,USD,Meridian Commercial,Neither priority cohort,False,0
P002592,2026-06-02,AC0036,E010,Aurelius Singapore,APAC,SGD,Continental Trust,Cross-border wire only,False,0
P002666,2026-06-02,AC0053,E016,Aurelius Global Sourcing,APAC,USD,Pacific Crown,Neither priority cohort,False,0
P002692,2026-06-02,AC0017,E005,Aurelius UK,EMEA,GBP,Union Atlantic,Neither priority cohort,False,0
P002759,2026-06-02,AC0031,E009,Aurelius Spain,EMEA,USD,Meridian Commercial,Manual touch only,False,0
P002847,2026-06-02,AC0038,E011,Aurelius Australia,APAC,USD,Pacific Crown,Neither priority cohort,False,0
P002873,2026-06-02,AC0038,E011,Aurelius Australia,APAC,USD,Pacific Crown,Neither priority cohort,False,0
P002887,2026-06-02,AC0003,E001,Aurelius Group Holdings,NA,USD,Meridian Commercial,Neither priority cohort,False,0
P002924,2026-06-02,AC0041,E012,Aurelius Japan,APAC,JPY,Continental Trust,Neither priority cohort,False,0
P002936,2026-06-02,AC0014,E004,Aurelius Canada,NA,CAD,Union Atlantic,Neither priority cohort,False,0
P003120,2026-06-02,AC0047,E014,Aurelius India,APAC,INR,Meridian Commercial,Neither priority cohort,False,0
P003150,2026-06-02,AC0001,E001,Aurelius Group Holdings,NA,USD,Union Atlantic,Neither priority cohort,False,0
P003176,2026-06-02,AC0041,E012,Aurelius Japan,APAC,JPY,Continental Trust,Manual touch only,False,0
P003199,2026-06-02,AC0005,E002,Aurelius Home US,NA,USD,Continental Trust,Cross-border wire only,False,0
P003422,2026-06-02,AC0038,E011,Aurelius Australia,APAC,USD,Pacific Crown,Neither priority cohort,False,0
P003431,2026-06-02,AC0010,E003,Aurelius Wellness US,NA,USD,Union Atlantic,Neither priority cohort,False,0
P003651,2026-06-02,AC0031,E009,Aurelius Spain,EMEA,USD,Meridian Commercial,Manual touch + cross-border wire,True,66
P003681,2026-06-02,AC0010,E003,Aurelius Wellness US,NA,USD,Union Atlantic,Manual touch only,False,0
P003830,2026-06-02,AC0010,E003,Aurelius Wellness US,NA,USD,Union Atlantic,Manual touch only,False,0
P004086,2026-06-02,AC0044,E013,Aurelius Korea,APAC,KRW,Northbridge Bank,Cross-border wire only,False,0
P004500,2026-06-02,AC0044,E013,Aurelius Korea,APAC,KRW,Northbridge Bank,Neither priority cohort,False,0
P004570,2026-06-02,AC0044,E013,Aurelius Korea,APAC,KRW,Northbridge Bank,Neither priority cohort,False,0
P004688,2026-06-02,AC0001,E001,Aurelius Group Holdings,NA,USD,Union Atlantic,Manual touch + cross-border wire,False,0
P004717,2026-06-02,AC0031,E009,Aurelius Spain,EMEA,USD,Meridian Commercial,Neither priority cohort,False,0
P004805,2026-06-02,AC0028,E008,Aurelius Netherlands,EMEA,EUR,Meridian Commercial,Neither priority cohort,False,0
P004864,2026-06-02,AC0042,E012,Aurelius Japan,APAC,USD,Union Atlantic,Manual touch + cross-border wire,False,0
P005042,2026-06-02,AC0021,E006,Aurelius Germany,EMEA,EUR,Continental Trust,Manual touch only,False,0
P005340,2026-06-02,AC0014,E004,Aurelius Canada,NA,CAD,Union Atlantic,Neither priority cohort,False,0
P005408,2026-06-02,AC0014,E004,Aurelius Canada,NA,CAD,Union Atlantic,Neither priority cohort,False,0
P005604,2026-06-02,AC0053,E016,Aurelius Global Sourcing,APAC,USD,Pacific Crown,Neither priority cohort,False,0
P005754,2026-06-02,AC0052,E015,Aurelius Hong Kong,APAC,HKD,Continental Trust,Cross-border wire only,False,0
P005819,2026-06-02,AC0041,E012,Aurelius Japan,APAC,JPY,Continental Trust,Neither priority cohort,False,0
P006027,2026-06-02,AC0021,E006,Aurelius Germany,EMEA,EUR,Continental Trust,Manual touch only,False,0
P006388,2026-06-02,AC0005,E002,Aurelius Home US,NA,USD,Continental Trust,Manual touch only,False,0
P006787,2026-06-02,AC0012,E003,Aurelius Wellness US,NA,USD,Northbridge Bank,Cross-border wire only,False,0
P006803,2026-06-02,AC0053,E016,Aurelius Global Sourcing,APAC,USD,Pacific Crown,Neither priority cohort,False,0
P006888,2026-06-02,AC0021,E006,Aurelius Germany,EMEA,EUR,Continental Trust,Manual touch + cross-border wire,False,0
P007137,2026-06-02,AC0017,E005,Aurelius UK,EMEA,GBP,Union Atlantic,Neither priority cohort,False,0
P007175,2026-06-02,AC0005,E002,Aurelius Home US,NA,USD,Continental Trust,Neither priority cohort,False,0
P007271,2026-06-02,AC0031,E009,Aurelius Spain,EMEA,USD,Meridian Commercial,Neither priority cohort,False,0
P007342,2026-06-02,AC0021,E006,Aurelius Germany,EMEA,EUR,Continental Trust,Manual touch only,False,0
P007501,2026-06-02,AC0038,E011,Aurelius Australia,APAC,USD,Pacific Crown,Neither priority cohort,False,0
P007512,2026-06-02,AC0052,E015,Aurelius Hong Kong,APAC,HKD,Continental Trust,Manual touch only,False,0
P007595,2026-06-02,AC0030,E008,Aurelius Netherlands,EMEA,USD,Pacific Crown,Neither priority cohort,False,0
P000059,2026-06-03,AC0044,E013,Aurelius Korea,APAC,KRW,Northbridge Bank,Neither priority cohort,True,46
P000067,2026-06-03,AC0047,E014,Aurelius India,APAC,INR,Meridian Commercial,Neither priority cohort,False,0
P000149,2026-06-03,AC0039,E011,Aurelius Australia,APAC,AUD,Continental Trust,Neither priority cohort,False,0
P000199,2026-06-03,AC0040,E011,Aurelius Australia,APAC,AUD,Continental Trust,Neither priority cohort,False,0
P000283,2026-06-03,AC0031,E009,Aurelius Spain,EMEA,USD,Meridian Commercial,Neither priority cohort,False,0
P000301,2026-06-03,AC0017,E005,Aurelius UK,EMEA,GBP,Union Atlantic,Manual touch only,False,0
P000334,2026-06-03,AC0041,E012,Aurelius Japan,APAC,JPY,Continental Trust,Neither priority cohort,False,0
P000372,2026-06-03,AC0053,E016,Aurelius Global Sourcing,APAC,USD,Pacific Crown,Neither priority cohort,False,0
P000507,2026-06-03,AC0033,E009,Aurelius Spain,EMEA,EUR,Meridian Commercial,Neither priority cohort,False,0
P000588,2026-06-03,AC0044,E013,Aurelius Korea,APAC,KRW,Northbridge Bank,Manual touch only,False,0
P000612,2026-06-03,AC0050,E015,Aurelius Hong Kong,APAC,HKD,Union Atlantic,Neither priority cohort,False,0
P000865,2026-06-03,AC0048,E014,Aurelius India,APAC,INR,Continental Trust,Manual touch + cross-border wire,False,0
P000908,2026-06-03,AC0010,E003,Aurelius Wellness US,NA,USD,Union Atlantic,Manual touch only,False,0
P000980,2026-06-03,AC0005,E002,Aurelius Home US,NA,USD,Continental Trust,Manual touch only,False,0
P001172,2026-06-03,AC0034,E010,Aurelius Singapore,APAC,USD,Continental Trust,Manual touch only,False,0
P001328,2026-06-03,AC0039,E011,Aurelius Australia,APAC,AUD,Continental Trust,Neither priority cohort,False,0
P001757,2026-06-03,AC0031,E009,Aurelius Spain,EMEA,USD,Meridian Commercial,Manual touch only,False,0
P001772,2026-06-03,AC0036,E010,Aurelius Singapore,APAC,SGD,Continental Trust,Neither priority cohort,False,0
P002053,2026-06-03,AC0021,E006,Aurelius Germany,EMEA,EUR,Continental Trust,Cross-border wire only,False,0
P002061,2026-06-03,AC0053,E016,Aurelius Global Sourcing,APAC,USD,Pacific Crown,Neither priority cohort,False,0
P002432,2026-06-03,AC0001,E001,Aurelius Group Holdings,NA,USD,Union Atlantic,Manual touch only,True,50
P002496,2026-06-03,AC0023,E006,Aurelius Germany,EMEA,EUR,Northbridge Bank,Neither priority cohort,False,0
P002643,2026-06-03,AC0021,E006,Aurelius Germany,EMEA,EUR,Continental Trust,Neither priority cohort,False,0
P002895,2026-06-03,AC0022,E006,Aurelius Germany,EMEA,EUR,Meridian Commercial,Manual touch only,False,0
P003093,2026-06-03,AC0001,E001,Aurelius Group Holdings,NA,USD,Union Atlantic,Neither priority cohort,False,0
P003271,2026-06-03,AC0023,E006,Aurelius Germany,EMEA,EUR,Northbridge Bank,Neither priority cohort,False,0
P003274,2026-06-03,AC0047,E014,Aurelius India,APAC,INR,Meridian Commercial,Neither priority cohort,False,0
P003423,2026-06-03,AC0034,E010,Aurelius Singapore,APAC,USD,Continental Trust,Neither priority cohort,False,0
P003464,2026-06-03,AC0017,E005,Aurelius UK,EMEA,GBP,Union Atlantic,Manual touch only,False,0
P003595,2026-06-03,AC0050,E015,Aurelius Hong Kong,APAC,HKD,Union Atlantic,Neither priority cohort,False,0
P003705,2026-06-03,AC0022,E006,Aurelius Germany,EMEA,EUR,Meridian Commercial,Neither priority cohort,False,0
P003778,2026-06-03,AC0017,E005,Aurelius UK,EMEA,GBP,Union Atlantic,Neither priority cohort,True,23
P003831,2026-06-03,AC0051,E015,Aurelius Hong Kong,APAC,HKD,Pacific Crown,Neither priority cohort,False,0
P003879,2026-06-03,AC0028,E008,Aurelius Netherlands,EMEA,EUR,Meridian Commercial,Manual touch only,False,0
P004123,2026-06-03,AC0023,E006,Aurelius Germany,EMEA,EUR,Northbridge Bank,Neither priority cohort,False,0
P004153,2026-06-03,AC0031,E009,Aurelius Spain,EMEA,USD,Meridian Commercial,Neither priority cohort,False,0
P004399,2026-06-03,AC0031,E009,Aurelius Spain,EMEA,USD,Meridian Commercial,Neither priority cohort,False,0
P004436,2026-06-03,AC0025,E007,Aurelius France,EMEA,EUR,Meridian Commercial,Neither priority cohort,False,0
P004447,2026-06-03,AC0012,E003,Aurelius Wellness US,NA,USD,Northbridge Bank,Neither priority cohort,False,0
P004535,2026-06-03,AC0054,E016,Aurelius Global Sourcing,APAC,USD,Northbridge Bank,Neither priority cohort,False,0
P004536,2026-06-03,AC0012,E003,Aurelius Wellness US,NA,USD,Northbridge Bank,Cross-border wire only,False,0
P004601,2026-06-03,AC0038,E011,Aurelius Australia,APAC,USD,Pacific Crown,Cross-border wire only,False,0
P005053,2026-06-03,AC0021,E006,Aurelius Germany,EMEA,EUR,Continental Trust,Manual touch only,False,0
P005257,2026-06-03,AC0041,E012,Aurelius Japan,APAC,JPY,Continental Trust,Manual touch only,False,0
P005278,2026-06-03,AC0001,E001,Aurelius Group Holdings,NA,USD,Union Atlantic,Neither priority cohort,False,0
P005311,2026-06-03,AC0010,E003,Aurelius Wellness US,NA,USD,Union Atlantic,Manual touch only,False,0
P005397,2026-06-03,AC0021,E006,Aurelius Germany,EMEA,EUR,Continental Trust,Neither priority cohort,False,0
P005584,2026-06-03,AC0017,E005,Aurelius UK,EMEA,GBP,Union Atlantic,Neither priority cohort,False,0
P005587,2026-06-03,AC0021,E006,Aurelius Germany,EMEA,EUR,Continental Trust,Neither priority cohort,False,0
P005959,2026-06-03,AC0050,E015,Aurelius Hong Kong,APAC,HKD,Union Atlantic,Cross-border wire only,False,0
P005988,2026-06-03,AC0047,E014,Aurelius India,APAC,INR,Meridian Commercial,Manual touch only,False,0
P006073,2026-06-03,AC0005,E002,Aurelius Home US,NA,USD,Continental Trust,Neither priority cohort,False,0
P006267,2026-06-03,AC0054,E016,Aurelius Global Sourcing,APAC,USD,Northbridge Bank,Manual touch only,False,0
P006294,2026-06-03,AC0053,E016,Aurelius Global Sourcing,APAC,USD,Pacific Crown,Neither priority cohort,False,0
P006511,2026-06-03,AC0053,E016,Aurelius Global Sourcing,APAC,USD,Pacific Crown,Neither priority cohort,False,0
P006565,2026-06-03,AC0005,E002,Aurelius Home US,NA,USD,Continental Trust,Manual touch only,False,0
P006614,2026-06-03,AC0001,E001,Aurelius Group Holdings,NA,USD,Union Atlantic,Manual touch + cross-border wire,False,0
P006768,2026-06-03,AC0050,E015,Aurelius Hong Kong,APAC,HKD,Union Atlantic,Manual touch only,False,0
P006784,2026-06-03,AC0001,E001,Aurelius Group Holdings,NA,USD,Union Atlantic,Neither priority cohort,False,0
P006892,2026-06-03,AC0010,E003,Aurelius Wellness US,NA,USD,Union Atlantic,Neither priority cohort,False,0
P007017,2026-06-03,AC0021,E006,Aurelius Germany,EMEA,EUR,Continental Trust,Manual touch only,False,0
P007026,2026-06-03,AC0053,E016,Aurelius Global Sourcing,APAC,USD,Pacific Crown,Neither priority cohort,False,0
P007160,2026-06-03,AC0010,E003,Aurelius Wellness US,NA,USD,Union Atlantic,Manual touch only,False,0
P007191,2026-06-03,AC0054,E016,Aurelius Global Sourcing,APAC,USD,Northbridge Bank,Neither priority cohort,False,0
P007222,2026-06-03,AC0031,E009,Aurelius Spain,EMEA,USD,Meridian Commercial,Neither priority cohort,False,0
P007390,2026-06-03,AC0038,E011,Aurelius Australia,APAC,USD,Pacific Crown,Neither priority cohort,False,0
P000047,2026-06-04,AC0016,E004,Aurelius Canada,NA,CAD,Meridian Commercial,Manual touch + cross-border wire,False,0
P000111,2026-06-04,AC0005,E002,Aurelius Home US,NA,USD,Continental Trust,Manual touch only,False,0
P000120,2026-06-04,AC0050,E015,Aurelius Hong Kong,APAC,HKD,Union Atlantic,Manual touch only,False,0
P000453,2026-06-04,AC0025,E007,Aurelius France,EMEA,EUR,Meridian Commercial,Manual touch only,False,0
P000608,2026-06-04,AC0033,E009,Aurelius Spain,EMEA,EUR,Meridian Commercial,Neither priority cohort,False,0
P000766,2026-06-04,AC0002,E001,Aurelius Group Holdings,NA,USD,Pacific Crown,Manual touch only,False,0
P000813,2026-06-04,AC0001,E001,Aurelius Group Holdings,NA,USD,Union Atlantic,Neither priority cohort,False,0
P000835,2026-06-04,AC0053,E016,Aurelius Global Sourcing,APAC,USD,Pacific Crown,Neither priority cohort,False,0
P000882,2026-06-04,AC0033,E009,Aurelius Spain,EMEA,EUR,Meridian Commercial,Manual touch only,True,39
P001744,2026-06-04,AC0021,E006,Aurelius Germany,EMEA,EUR,Continental Trust,Neither priority cohort,False,0
P001782,2026-06-04,AC0050,E015,Aurelius Hong Kong,APAC,HKD,Union Atlantic,Cross-border wire only,False,0
P001984,2026-06-04,AC0052,E015,Aurelius Hong Kong,APAC,HKD,Continental Trust,Neither priority cohort,False,0
P002068,2026-06-04,AC0025,E007,Aurelius France,EMEA,EUR,Meridian Commercial,Neither priority cohort,False,0
P002192,2026-06-04,AC0038,E011,Aurelius Australia,APAC,USD,Pacific Crown,Manual touch only,False,0
P002314,2026-06-04,AC0028,E008,Aurelius Netherlands,EMEA,EUR,Meridian Commercial,Neither priority cohort,False,0
P002381,2026-06-04,AC0025,E007,Aurelius France,EMEA,EUR,Meridian Commercial,Manual touch only,True,27
P002593,2026-06-04,AC0021,E006,Aurelius Germany,EMEA,EUR,Continental Trust,Neither priority cohort,False,0
P002722,2026-06-04,AC0014,E004,Aurelius Canada,NA,CAD,Union Atlantic,Neither priority cohort,False,0
P003094,2026-06-04,AC0034,E010,Aurelius Singapore,APAC,USD,Continental Trust,Manual touch only,False,0
P003151,2026-06-04,AC0049,E014,Aurelius India,APAC,USD,Pacific Crown,Neither priority cohort,False,0
P003304,2026-06-04,AC0011,E003,Aurelius Wellness US,NA,USD,Continental Trust,Cross-border wire only,False,0
P003337,2026-06-04,AC0053,E016,Aurelius Global Sourcing,APAC,USD,Pacific Crown,Neither priority cohort,False,0
P003475,2026-06-04,AC0001,E001,Aurelius Group Holdings,NA,USD,Union Atlantic,Manual touch only,False,0
P003717,2026-06-04,AC0036,E010,Aurelius Singapore,APAC,SGD,Continental Trust,Neither priority cohort,False,0
P003757,2026-06-04,AC0044,E013,Aurelius Korea,APAC,KRW,Northbridge Bank,Neither priority cohort,False,0
P003781,2026-06-04,AC0053,E016,Aurelius Global Sourcing,APAC,USD,Pacific Crown,Neither priority cohort,False,0
P004010,2026-06-04,AC0047,E014,Aurelius India,APAC,INR,Meridian Commercial,Manual touch only,False,0
P004012,2026-06-04,AC0038,E011,Aurelius Australia,APAC,USD,Pacific Crown,Neither priority cohort,False,0
P004076,2026-06-04,AC0019,E005,Aurelius UK,EMEA,GBP,Union Atlantic,Neither priority cohort,False,0
P004249,2026-06-04,AC0053,E016,Aurelius Global Sourcing,APAC,USD,Pacific Crown,Neither priority cohort,False,0
P004435,2026-06-04,AC0044,E013,Aurelius Korea,APAC,KRW,Northbridge Bank,Neither priority cohort,False,0
P004674,2026-06-04,AC0028,E008,Aurelius Netherlands,EMEA,EUR,Meridian Commercial,Neither priority cohort,False,0
P004735,2026-06-04,AC0017,E005,Aurelius UK,EMEA,GBP,Union Atlantic,Manual touch only,False,0
P004768,2026-06-04,AC0034,E010,Aurelius Singapore,APAC,USD,Continental Trust,Manual touch only,False,0
P004801,2026-06-04,AC0014,E004,Aurelius Canada,NA,CAD,Union Atlantic,Neither priority cohort,False,0
P005309,2026-06-04,AC0005,E002,Aurelius Home US,NA,USD,Continental Trust,Manual touch only,False,0
P005713,2026-06-04,AC0031,E009,Aurelius Spain,EMEA,USD,Meridian Commercial,Manual touch only,False,0
P005719,2026-06-04,AC0044,E013,Aurelius Korea,APAC,KRW,Northbridge Bank,Neither priority cohort,False,0
P005726,2026-06-04,AC0005,E002,Aurelius Home US,NA,USD,Continental Trust,Neither priority cohort,False,0
P005763,2026-06-04,AC0041,E012,Aurelius Japan,APAC,JPY,Continental Trust,Neither priority cohort,False,0
P005894,2026-06-04,AC0005,E002,Aurelius Home US,NA,USD,Continental Trust,Neither priority cohort,False,0
P005943,2026-06-04,AC0034,E010,Aurelius Singapore,APAC,USD,Continental Trust,Manual touch only,True,19
P005979,2026-06-04,AC0027,E007,Aurelius France,EMEA,EUR,Pacific Crown,Neither priority cohort,False,0
P006060,2026-06-04,AC0047,E014,Aurelius India,APAC,INR,Meridian Commercial,Manual touch only,False,0
P006284,2026-06-04,AC0030,E008,Aurelius Netherlands,EMEA,USD,Pacific Crown,Neither priority cohort,False,0
P006332,2026-06-04,AC0014,E004,Aurelius Canada,NA,CAD,Union Atlantic,Neither priority cohort,False,0
P006431,2026-06-04,AC0035,E010,Aurelius Singapore,APAC,SGD,Pacific Crown,Manual touch only,False,0
P006464,2026-06-04,AC0011,E003,Aurelius Wellness US,NA,USD,Continental Trust,Neither priority cohort,False,0
P006492,2026-06-04,AC0051,E015,Aurelius Hong Kong,APAC,HKD,Pacific Crown,Neither priority cohort,False,0
P006522,2026-06-04,AC0007,E002,Aurelius Home US,NA,USD,Northbridge Bank,Neither priority cohort,False,0
P006750,2026-06-04,AC0041,E012,Aurelius Japan,APAC,JPY,Continental Trust,Neither priority cohort,False,0
P007060,2026-06-04,AC0053,E016,Aurelius Global Sourcing,APAC,USD,Pacific Crown,Neither priority cohort,False,0
P007111,2026-06-04,AC0014,E004,Aurelius Canada,NA,CAD,Union Atlantic,Neither priority cohort,False,0
P007183,2026-06-04,AC0041,E012,Aurelius Japan,APAC,JPY,Continental Trust,Neither priority cohort,False,0
P007236,2026-06-04,AC0048,E014,Aurelius India,APAC,INR,Continental Trust,Neither priority cohort,False,0
P007437,2026-06-04,AC0038,E011,Aurelius Australia,APAC,USD,Pacific Crown,Manual touch only,False,0
P007586,2026-06-04,AC0017,E005,Aurelius UK,EMEA,GBP,Union Atlantic,Neither priority cohort,False,0
P000099,2026-06-05,AC0041,E012,Aurelius Japan,APAC,JPY,Continental Trust,Neither priority cohort,False,0
P000433,2026-06-05,AC0053,E016,Aurelius Global Sourcing,APAC,USD,Pacific Crown,Neither priority cohort,False,0
P000493,2026-06-05,AC0041,E012,Aurelius Japan,APAC,JPY,Continental Trust,Neither priority cohort,False,0
P000691,2026-06-05,AC0034,E010,Aurelius Singapore,APAC,USD,Continental Trust,Neither priority cohort,False,0
P001001,2026-06-05,AC0005,E002,Aurelius Home US,NA,USD,Continental Trust,Neither priority cohort,False,0
P001008,2026-06-05,AC0050,E015,Aurelius Hong Kong,APAC,HKD,Union Atlantic,Manual touch only,False,0
P001341,2026-06-05,AC0028,E008,Aurelius Netherlands,EMEA,EUR,Meridian Commercial,Neither priority cohort,False,0
P001512,2026-06-05,AC0044,E013,Aurelius Korea,APAC,KRW,Northbridge Bank,Neither priority cohort,False,0
P001575,2026-06-05,AC0053,E016,Aurelius Global Sourcing,APAC,USD,Pacific Crown,Neither priority cohort,False,0
P001596,2026-06-05,AC0021,E006,Aurelius Germany,EMEA,EUR,Continental Trust,Neither priority cohort,False,0
P001671,2026-06-05,AC0044,E013,Aurelius Korea,APAC,KRW,Northbridge Bank,Neither priority cohort,False,0
P001871,2026-06-05,AC0014,E004,Aurelius Canada,NA,CAD,Union Atlantic,Neither priority cohort,False,0
P002131,2026-06-05,AC0050,E015,Aurelius Hong Kong,APAC,HKD,Union Atlantic,Neither priority cohort,False,0
P002156,2026-06-05,AC0053,E016,Aurelius Global Sourcing,APAC,USD,Pacific Crown,Neither priority cohort,False,0
P002313,2026-06-05,AC0038,E011,Aurelius Australia,APAC,USD,Pacific Crown,Neither priority cohort,False,0
P002338,2026-06-05,AC0002,E001,Aurelius Group Holdings,NA,USD,Pacific Crown,Manual touch only,False,0
P002398,2026-06-05,AC0012,E003,Aurelius Wellness US,NA,USD,Northbridge Bank,Neither priority cohort,False,0
P002469,2026-06-05,AC0028,E008,Aurelius Netherlands,EMEA,EUR,Meridian Commercial,Neither priority cohort,False,0
P002546,2026-06-05,AC0041,E012,Aurelius Japan,APAC,JPY,Continental Trust,Neither priority cohort,False,0
P002727,2026-06-05,AC0041,E012,Aurelius Japan,APAC,JPY,Continental Trust,Cross-border wire only,False,0
P002841,2026-06-05,AC0054,E016,Aurelius Global Sourcing,APAC,USD,Northbridge Bank,Manual touch only,False,0
P002921,2026-06-05,AC0003,E001,Aurelius Group Holdings,NA,USD,Meridian Commercial,Neither priority cohort,False,0
P003025,2026-06-05,AC0038,E011,Aurelius Australia,APAC,USD,Pacific Crown,Neither priority cohort,False,0
P003238,2026-06-05,AC0031,E009,Aurelius Spain,EMEA,USD,Meridian Commercial,Neither priority cohort,False,0
P003348,2026-06-05,AC0044,E013,Aurelius Korea,APAC,KRW,Northbridge Bank,Cross-border wire only,False,0
P003708,2026-06-05,AC0025,E007,Aurelius France,EMEA,EUR,Meridian Commercial,Neither priority cohort,False,0
P003722,2026-06-05,AC0039,E011,Aurelius Australia,APAC,AUD,Continental Trust,Neither priority cohort,False,0
P003784,2026-06-05,AC0002,E001,Aurelius Group Holdings,NA,USD,Pacific Crown,Manual touch only,False,0
P003965,2026-06-05,AC0046,E013,Aurelius Korea,APAC,KRW,Union Atlantic,Neither priority cohort,False,0
P004040,2026-06-05,AC0021,E006,Aurelius Germany,EMEA,EUR,Continental Trust,Neither priority cohort,False,0
P004117,2026-06-05,AC0001,E001,Aurelius Group Holdings,NA,USD,Union Atlantic,Neither priority cohort,False,0
P004206,2026-06-05,AC0001,E001,Aurelius Group Holdings,NA,USD,Union Atlantic,Manual touch only,True,50
P004669,2026-06-05,AC0025,E007,Aurelius France,EMEA,EUR,Meridian Commercial,Neither priority cohort,False,0
P004710,2026-06-05,AC0022,E006,Aurelius Germany,EMEA,EUR,Meridian Commercial,Neither priority cohort,True,23
P004731,2026-06-05,AC0052,E015,Aurelius Hong Kong,APAC,HKD,Continental Trust,Neither priority cohort,False,0
P004733,2026-06-05,AC0041,E012,Aurelius Japan,APAC,JPY,Continental Trust,Neither priority cohort,False,0
P004795,2026-06-05,AC0031,E009,Aurelius Spain,EMEA,USD,Meridian Commercial,Manual touch only,False,0
P005089,2026-06-05,AC0047,E014,Aurelius India,APAC,INR,Meridian Commercial,Neither priority cohort,False,0
P005321,2026-06-05,AC0044,E013,Aurelius Korea,APAC,KRW,Northbridge Bank,Neither priority cohort,False,0
P005395,2026-06-05,AC0001,E001,Aurelius Group Holdings,NA,USD,Union Atlantic,Neither priority cohort,False,0
P005648,2026-06-05,AC0044,E013,Aurelius Korea,APAC,KRW,Northbridge Bank,Neither priority cohort,False,0
P005989,2026-06-05,AC0028,E008,Aurelius Netherlands,EMEA,EUR,Meridian Commercial,Manual touch only,False,0
P006025,2026-06-05,AC0044,E013,Aurelius Korea,APAC,KRW,Northbridge Bank,Neither priority cohort,False,0
P006037,2026-06-05,AC0047,E014,Aurelius India,APAC,INR,Meridian Commercial,Manual touch only,False,0
P006095,2026-06-05,AC0014,E004,Aurelius Canada,NA,CAD,Union Atlantic,Manual touch only,False,0
P006334,2026-06-05,AC0031,E009,Aurelius Spain,EMEA,USD,Meridian Commercial,Manual touch only,False,0
P006358,2026-06-05,AC0005,E002,Aurelius Home US,NA,USD,Continental Trust,Neither priority cohort,False,0
P006607,2026-06-05,AC0050,E015,Aurelius Hong Kong,APAC,HKD,Union Atlantic,Neither priority cohort,False,0
P006624,2026-06-05,AC0021,E006,Aurelius Germany,EMEA,EUR,Continental Trust,Manual touch only,False,0
P006930,2026-06-05,AC0017,E005,Aurelius UK,EMEA,GBP,Union Atlantic,Manual touch only,False,0
P006931,2026-06-05,AC0014,E004,Aurelius Canada,NA,CAD,Union Atlantic,Cross-border wire only,False,0
P006971,2026-06-05,AC0053,E016,Aurelius Global Sourcing,APAC,USD,Pacific Crown,Cross-border wire only,False,0
P007159,2026-06-05,AC0017,E005,Aurelius UK,EMEA,GBP,Union Atlantic,Manual touch only,False,0
P007370,2026-06-05,AC0041,E012,Aurelius Japan,APAC,JPY,Continental Trust,Manual touch only,False,0
P007397,2026-06-05,AC0017,E005,Aurelius UK,EMEA,GBP,Union Atlantic,Neither priority cohort,False,0
P000159,2026-06-08,AC0002,E001,Aurelius Group Holdings,NA,USD,Pacific Crown,Neither priority cohort,False,0
P000251,2026-06-08,AC0001,E001,Aurelius Group Holdings,NA,USD,Union Atlantic,Neither priority cohort,False,0
P000320,2026-06-08,AC0040,E011,Aurelius Australia,APAC,AUD,Continental Trust,Neither priority cohort,False,0
P000376,2026-06-08,AC0006,E002,Aurelius Home US,NA,USD,Pacific Crown,Manual touch only,False,0
P000450,2026-06-08,AC0047,E014,Aurelius India,APAC,INR,Meridian Commercial,Neither priority cohort,False,0
P000553,2026-06-08,AC0041,E012,Aurelius Japan,APAC,JPY,Continental Trust,Neither priority cohort,False,0
P000581,2026-06-08,AC0005,E002,Aurelius Home US,NA,USD,Continental Trust,Neither priority cohort,False,0
P000639,2026-06-08,AC0030,E008,Aurelius Netherlands,EMEA,USD,Pacific Crown,Neither priority cohort,False,0
P000657,2026-06-08,AC0031,E009,Aurelius Spain,EMEA,USD,Meridian Commercial,Manual touch only,False,0
P000772,2026-06-08,AC0014,E004,Aurelius Canada,NA,CAD,Union Atlantic,Neither priority cohort,False,0
P000867,2026-06-08,AC0028,E008,Aurelius Netherlands,EMEA,EUR,Meridian Commercial,Neither priority cohort,False,0
P000944,2026-06-08,AC0044,E013,Aurelius Korea,APAC,KRW,Northbridge Bank,Neither priority cohort,False,0
P001124,2026-06-08,AC0053,E016,Aurelius Global Sourcing,APAC,USD,Pacific Crown,Neither priority cohort,False,0
P001176,2026-06-08,AC0031,E009,Aurelius Spain,EMEA,USD,Meridian Commercial,Manual touch only,False,0
P001368,2026-06-08,AC0001,E001,Aurelius Group Holdings,NA,USD,Union Atlantic,Neither priority cohort,False,0
P001618,2026-06-08,AC0054,E016,Aurelius Global Sourcing,APAC,USD,Northbridge Bank,Neither priority cohort,False,0
P001625,2026-06-08,AC0025,E007,Aurelius France,EMEA,EUR,Meridian Commercial,Neither priority cohort,False,0
P001725,2026-06-08,AC0028,E008,Aurelius Netherlands,EMEA,EUR,Meridian Commercial,Manual touch only,False,0
P001830,2026-06-08,AC0032,E009,Aurelius Spain,EMEA,EUR,Northbridge Bank,Neither priority cohort,False,0
P002067,2026-06-08,AC0050,E015,Aurelius Hong Kong,APAC,HKD,Union Atlantic,Manual touch + cross-border wire,False,0
P002190,2026-06-08,AC0001,E001,Aurelius Group Holdings,NA,USD,Union Atlantic,Manual touch only,False,0
P002294,2026-06-08,AC0040,E011,Aurelius Australia,APAC,AUD,Continental Trust,Manual touch only,False,0
P002295,2026-06-08,AC0028,E008,Aurelius Netherlands,EMEA,EUR,Meridian Commercial,Neither priority cohort,False,0
P002585,2026-06-08,AC0040,E011,Aurelius Australia,APAC,AUD,Continental Trust,Neither priority cohort,False,0
P002684,2026-06-08,AC0047,E014,Aurelius India,APAC,INR,Meridian Commercial,Manual touch only,False,0
P003135,2026-06-08,AC0038,E011,Aurelius Australia,APAC,USD,Pacific Crown,Neither priority cohort,False,0
P003248,2026-06-08,AC0027,E007,Aurelius France,EMEA,EUR,Pacific Crown,Neither priority cohort,False,0
P003292,2026-06-08,AC0012,E003,Aurelius Wellness US,NA,USD,Northbridge Bank,Neither priority cohort,False,0
P003383,2026-06-08,AC0051,E015,Aurelius Hong Kong,APAC,HKD,Pacific Crown,Neither priority cohort,False,0
P003635,2026-06-08,AC0041,E012,Aurelius Japan,APAC,JPY,Continental Trust,Neither priority cohort,False,0
P003679,2026-06-08,AC0046,E013,Aurelius Korea,APAC,KRW,Union Atlantic,Neither priority cohort,False,0
P003727,2026-06-08,AC0014,E004,Aurelius Canada,NA,CAD,Union Atlantic,Neither priority cohort,False,0
P003779,2026-06-08,AC0038,E011,Aurelius Australia,APAC,USD,Pacific Crown,Neither priority cohort,False,0
P003787,2026-06-08,AC0041,E012,Aurelius Japan,APAC,JPY,Continental Trust,Neither priority cohort,False,0
P003845,2026-06-08,AC0032,E009,Aurelius Spain,EMEA,EUR,Northbridge Bank,Neither priority cohort,False,0
P003848,2026-06-08,AC0038,E011,Aurelius Australia,APAC,USD,Pacific Crown,Neither priority cohort,False,0
P003915,2026-06-08,AC0015,E004,Aurelius Canada,NA,CAD,Pacific Crown,Neither priority cohort,False,0
P004017,2026-06-08,AC0014,E004,Aurelius Canada,NA,CAD,Union Atlantic,Neither priority cohort,False,0
P004021,2026-06-08,AC0014,E004,Aurelius Canada,NA,CAD,Union Atlantic,Manual touch only,False,0
P004056,2026-06-08,AC0025,E007,Aurelius France,EMEA,EUR,Meridian Commercial,Manual touch only,False,0
P004229,2026-06-08,AC0044,E013,Aurelius Korea,APAC,KRW,Northbridge Bank,Neither priority cohort,False,0
P004405,2026-06-08,AC0041,E012,Aurelius Japan,APAC,JPY,Continental Trust,Neither priority cohort,False,0
P004581,2026-06-08,AC0014,E004,Aurelius Canada,NA,CAD,Union Atlantic,Cross-border wire only,False,0
P004685,2026-06-08,AC0038,E011,Aurelius Australia,APAC,USD,Pacific Crown,Manual touch only,False,0
P004693,2026-06-08,AC0014,E004,Aurelius Canada,NA,CAD,Union Atlantic,Neither priority cohort,False,0
P004776,2026-06-08,AC0007,E002,Aurelius Home US,NA,USD,Northbridge Bank,Neither priority cohort,False,0
P005021,2026-06-08,AC0017,E005,Aurelius UK,EMEA,GBP,Union Atlantic,Neither priority cohort,False,0
P005335,2026-06-08,AC0049,E014,Aurelius India,APAC,USD,Pacific Crown,Neither priority cohort,False,0
P005357,2026-06-08,AC0022,E006,Aurelius Germany,EMEA,EUR,Meridian Commercial,Neither priority cohort,False,0
P005781,2026-06-08,AC0006,E002,Aurelius Home US,NA,USD,Pacific Crown,Neither priority cohort,False,0
P005805,2026-06-08,AC0025,E007,Aurelius France,EMEA,EUR,Meridian Commercial,Neither priority cohort,False,0
P006286,2026-06-08,AC0023,E006,Aurelius Germany,EMEA,EUR,Northbridge Bank,Neither priority cohort,False,0
P006419,2026-06-08,AC0005,E002,Aurelius Home US,NA,USD,Continental Trust,Neither priority cohort,False,0
P006509,2026-06-08,AC0011,E003,Aurelius Wellness US,NA,USD,Continental Trust,Neither priority cohort,False,0
P006664,2026-06-08,AC0053,E016,Aurelius Global Sourcing,APAC,USD,Pacific Crown,Neither priority cohort,False,0
P006679,2026-06-08,AC0001,E001,Aurelius Group Holdings,NA,USD,Union Atlantic,Manual touch only,False,0
P006755,2026-06-08,AC0005,E002,Aurelius Home US,NA,USD,Continental Trust,Neither priority cohort,False,0
P006876,2026-06-08,AC0053,E016,Aurelius Global Sourcing,APAC,USD,Pacific Crown,Neither priority cohort,False,0
P007069,2026-06-08,AC0005,E002,Aurelius Home US,NA,USD,Continental Trust,Manual touch only,False,0
P007248,2026-06-08,AC0017,E005,Aurelius UK,EMEA,GBP,Union Atlantic,Neither priority cohort,False,0
P007328,2026-06-08,AC0039,E011,Aurelius Australia,APAC,AUD,Continental Trust,Cross-border wire only,False,0
P007400,2026-06-08,AC0028,E008,Aurelius Netherlands,EMEA,EUR,Meridian Commercial,Neither priority cohort,False,0
P007436,2026-06-08,AC0031,E009,Aurelius Spain,EMEA,USD,Meridian Commercial,Manual touch only,False,0
P000155,2026-06-09,AC0053,E016,Aurelius Global Sourcing,APAC,USD,Pacific Crown,Neither priority cohort,False,0
P000310,2026-06-09,AC0005,E002,Aurelius Home US,NA,USD,Continental Trust,Neither priority cohort,False,0
P000924,2026-06-09,AC0053,E016,Aurelius Global Sourcing,APAC,USD,Pacific Crown,Neither priority cohort,False,0
P000964,2026-06-09,AC0041,E012,Aurelius Japan,APAC,JPY,Continental Trust,Manual touch + cross-border wire,False,0
P001164,2026-06-09,AC0047,E014,Aurelius India,APAC,INR,Meridian Commercial,Neither priority cohort,False,0
P001209,2026-06-09,AC0021,E006,Aurelius Germany,EMEA,EUR,Continental Trust,Manual touch only,False,0
P001277,2026-06-09,AC0050,E015,Aurelius Hong Kong,APAC,HKD,Union Atlantic,Neither priority cohort,False,0
P001382,2026-06-09,AC0047,E014,Aurelius India,APAC,INR,Meridian Commercial,Neither priority cohort,False,0
P001494,2026-06-09,AC0017,E005,Aurelius UK,EMEA,GBP,Union Atlantic,Manual touch + cross-border wire,False,0
P001657,2026-06-09,AC0055,E016,Aurelius Global Sourcing,APAC,USD,Meridian Commercial,Neither priority cohort,False,0
P001740,2026-06-09,AC0019,E005,Aurelius UK,EMEA,GBP,Union Atlantic,Neither priority cohort,False,0
P001779,2026-06-09,AC0053,E016,Aurelius Global Sourcing,APAC,USD,Pacific Crown,Neither priority cohort,False,0
P001780,2026-06-09,AC0031,E009,Aurelius Spain,EMEA,USD,Meridian Commercial,Manual touch only,False,0
P001788,2026-06-09,AC0030,E008,Aurelius Netherlands,EMEA,USD,Pacific Crown,Neither priority cohort,False,0
P001814,2026-06-09,AC0006,E002,Aurelius Home US,NA,USD,Pacific Crown,Neither priority cohort,False,0
P001930,2026-06-09,AC0034,E010,Aurelius Singapore,APAC,USD,Continental Trust,Manual touch + cross-border wire,False,0
P002077,2026-06-09,AC0026,E007,Aurelius France,EMEA,USD,Union Atlantic,Neither priority cohort,False,0
P002236,2026-06-09,AC0053,E016,Aurelius Global Sourcing,APAC,USD,Pacific Crown,Manual touch only,False,0
P002292,2026-06-09,AC0052,E015,Aurelius Hong Kong,APAC,HKD,Continental Trust,Manual touch only,False,0
P002347,2026-06-09,AC0028,E008,Aurelius Netherlands,EMEA,EUR,Meridian Commercial,Neither priority cohort,False,0
P002978,2026-06-09,AC0019,E005,Aurelius UK,EMEA,GBP,Union Atlantic,Neither priority cohort,False,0
P003041,2026-06-09,AC0001,E001,Aurelius Group Holdings,NA,USD,Union Atlantic,Neither priority cohort,False,0
P003110,2026-06-09,AC0008,E002,Aurelius Home US,NA,USD,Pacific Crown,Manual touch only,False,0
P003137,2026-06-09,AC0039,E011,Aurelius Australia,APAC,AUD,Continental Trust,Neither priority cohort,False,0
P003203,2026-06-09,AC0028,E008,Aurelius Netherlands,EMEA,EUR,Meridian Commercial,Neither priority cohort,False,0
P003461,2026-06-09,AC0017,E005,Aurelius UK,EMEA,GBP,Union Atlantic,Cross-border wire only,False,0
P003473,2026-06-09,AC0052,E015,Aurelius Hong Kong,APAC,HKD,Continental Trust,Neither priority cohort,False,0
P003481,2026-06-09,AC0005,E002,Aurelius Home US,NA,USD,Continental Trust,Neither priority cohort,False,0
P003588,2026-06-09,AC0041,E012,Aurelius Japan,APAC,JPY,Continental Trust,Neither priority cohort,False,0
P003707,2026-06-09,AC0017,E005,Aurelius UK,EMEA,GBP,Union Atlantic,Neither priority cohort,False,0
P003768,2026-06-09,AC0038,E011,Aurelius Australia,APAC,USD,Pacific Crown,Neither priority cohort,False,0
P003771,2026-06-09,AC0017,E005,Aurelius UK,EMEA,GBP,Union Atlantic,Neither priority cohort,False,0
P003979,2026-06-09,AC0017,E005,Aurelius UK,EMEA,GBP,Union Atlantic,Neither priority cohort,False,0
P004241,2026-06-09,AC0041,E012,Aurelius Japan,APAC,JPY,Continental Trust,Neither priority cohort,False,0
P004541,2026-06-09,AC0005,E002,Aurelius Home US,NA,USD,Continental Trust,Cross-border wire only,False,0
P004610,2026-06-09,AC0017,E005,Aurelius UK,EMEA,GBP,Union Atlantic,Manual touch only,False,0
P004848,2026-06-09,AC0017,E005,Aurelius UK,EMEA,GBP,Union Atlantic,Manual touch only,False,0
P004895,2026-06-09,AC0005,E002,Aurelius Home US,NA,USD,Continental Trust,Manual touch only,False,0
P005002,2026-06-09,AC0028,E008,Aurelius Netherlands,EMEA,EUR,Meridian Commercial,Neither priority cohort,False,0
P005015,2026-06-09,AC0031,E009,Aurelius Spain,EMEA,USD,Meridian Commercial,Manual touch only,False,0
P005086,2026-06-09,AC0044,E013,Aurelius Korea,APAC,KRW,Northbridge Bank,Neither priority cohort,False,0
P005169,2026-06-09,AC0001,E001,Aurelius Group Holdings,NA,USD,Union Atlantic,Neither priority cohort,False,0
P005557,2026-06-09,AC0047,E014,Aurelius India,APAC,INR,Meridian Commercial,Manual touch + cross-border wire,False,0
P005616,2026-06-09,AC0032,E009,Aurelius Spain,EMEA,EUR,Northbridge Bank,Neither priority cohort,True,45
P005668,2026-06-09,AC0050,E015,Aurelius Hong Kong,APAC,HKD,Union Atlantic,Neither priority cohort,False,0
P005669,2026-06-09,AC0014,E004,Aurelius Canada,NA,CAD,Union Atlantic,Neither priority cohort,False,0
P005731,2026-06-09,AC0014,E004,Aurelius Canada,NA,CAD,Union Atlantic,Neither priority cohort,False,0
P006080,2026-06-09,AC0030,E008,Aurelius Netherlands,EMEA,USD,Pacific Crown,Neither priority cohort,False,0
P006132,2026-06-09,AC0017,E005,Aurelius UK,EMEA,GBP,Union Atlantic,Manual touch + cross-border wire,False,0
P006220,2026-06-09,AC0025,E007,Aurelius France,EMEA,EUR,Meridian Commercial,Neither priority cohort,False,0
P006677,2026-06-09,AC0047,E014,Aurelius India,APAC,INR,Meridian Commercial,Manual touch only,False,0
P006844,2026-06-09,AC0047,E014,Aurelius India,APAC,INR,Meridian Commercial,Manual touch only,True,28
P006882,2026-06-09,AC0010,E003,Aurelius Wellness US,NA,USD,Union Atlantic,Neither priority cohort,False,0
P006989,2026-06-09,AC0043,E012,Aurelius Japan,APAC,JPY,Union Atlantic,Neither priority cohort,False,0
P007149,2026-06-09,AC0021,E006,Aurelius Germany,EMEA,EUR,Continental Trust,Neither priority cohort,False,0
P007150,2026-06-09,AC0055,E016,Aurelius Global Sourcing,APAC,USD,Meridian Commercial,Cross-border wire only,False,0
P007372,2026-06-09,AC0038,E011,Aurelius Australia,APAC,USD,Pacific Crown,Manual touch only,False,0
P000070,2026-06-10,AC0021,E006,Aurelius Germany,EMEA,EUR,Continental Trust,Manual touch only,False,0
P000202,2026-06-10,AC0026,E007,Aurelius France,EMEA,USD,Union Atlantic,Cross-border wire only,False,0
P000208,2026-06-10,AC0014,E004,Aurelius Canada,NA,CAD,Union Atlantic,Manual touch only,False,0
P000288,2026-06-10,AC0001,E001,Aurelius Group Holdings,NA,USD,Union Atlantic,Neither priority cohort,False,0
P000289,2026-06-10,AC0005,E002,Aurelius Home US,NA,USD,Continental Trust,Manual touch only,True,57
P000562,2026-06-10,AC0017,E005,Aurelius UK,EMEA,GBP,Union Atlantic,Neither priority cohort,False,0
P000599,2026-06-10,AC0038,E011,Aurelius Australia,APAC,USD,Pacific Crown,Neither priority cohort,False,0
P000750,2026-06-10,AC0031,E009,Aurelius Spain,EMEA,USD,Meridian Commercial,Neither priority cohort,False,0
P000768,2026-06-10,AC0027,E007,Aurelius France,EMEA,EUR,Pacific Crown,Neither priority cohort,True,18
P000779,2026-06-10,AC0043,E012,Aurelius Japan,APAC,JPY,Union Atlantic,Manual touch only,True,42
P000784,2026-06-10,AC0034,E010,Aurelius Singapore,APAC,USD,Continental Trust,Manual touch only,False,0
P000862,2026-06-10,AC0023,E006,Aurelius Germany,EMEA,EUR,Northbridge Bank,Manual touch only,False,0
P000931,2026-06-10,AC0041,E012,Aurelius Japan,APAC,JPY,Continental Trust,Neither priority cohort,False,0
P000933,2026-06-10,AC0014,E004,Aurelius Canada,NA,CAD,Union Atlantic,Neither priority cohort,False,0
P001474,2026-06-10,AC0028,E008,Aurelius Netherlands,EMEA,EUR,Meridian Commercial,Neither priority cohort,False,0
P001817,2026-06-10,AC0014,E004,Aurelius Canada,NA,CAD,Union Atlantic,Manual touch only,False,0
P001994,2026-06-10,AC0053,E016,Aurelius Global Sourcing,APAC,USD,Pacific Crown,Manual touch only,False,0
P002008,2026-06-10,AC0053,E016,Aurelius Global Sourcing,APAC,USD,Pacific Crown,Neither priority cohort,False,0
P002226,2026-06-10,AC0050,E015,Aurelius Hong Kong,APAC,HKD,Union Atlantic,Neither priority cohort,False,0
P002271,2026-06-10,AC0014,E004,Aurelius Canada,NA,CAD,Union Atlantic,Neither priority cohort,False,0
P002642,2026-06-10,AC0034,E010,Aurelius Singapore,APAC,USD,Continental Trust,Neither priority cohort,False,0
P002668,2026-06-10,AC0014,E004,Aurelius Canada,NA,CAD,Union Atlantic,Neither priority cohort,False,0
P002845,2026-06-10,AC0005,E002,Aurelius Home US,NA,USD,Continental Trust,Manual touch only,False,0
P002855,2026-06-10,AC0008,E002,Aurelius Home US,NA,USD,Pacific Crown,Neither priority cohort,False,0
P002915,2026-06-10,AC0052,E015,Aurelius Hong Kong,APAC,HKD,Continental Trust,Neither priority cohort,False,0
P002979,2026-06-10,AC0025,E007,Aurelius France,EMEA,EUR,Meridian Commercial,Neither priority cohort,False,0
P003119,2026-06-10,AC0034,E010,Aurelius Singapore,APAC,USD,Continental Trust,Neither priority cohort,False,0
P003325,2026-06-10,AC0048,E014,Aurelius India,APAC,INR,Continental Trust,Neither priority cohort,False,0
P003384,2026-06-10,AC0047,E014,Aurelius India,APAC,INR,Meridian Commercial,Neither priority cohort,False,0
P003417,2026-06-10,AC0021,E006,Aurelius Germany,EMEA,EUR,Continental Trust,Manual touch only,False,0
P003654,2026-06-10,AC0047,E014,Aurelius India,APAC,INR,Meridian Commercial,Neither priority cohort,False,0
P004101,2026-06-10,AC0021,E006,Aurelius Germany,EMEA,EUR,Continental Trust,Neither priority cohort,False,0
P004623,2026-06-10,AC0005,E002,Aurelius Home US,NA,USD,Continental Trust,Neither priority cohort,False,0
P004653,2026-06-10,AC0021,E006,Aurelius Germany,EMEA,EUR,Continental Trust,Neither priority cohort,False,0
P004827,2026-06-10,AC0036,E010,Aurelius Singapore,APAC,SGD,Continental Trust,Manual touch only,False,0
P004890,2026-06-10,AC0031,E009,Aurelius Spain,EMEA,USD,Meridian Commercial,Neither priority cohort,False,0
P005122,2026-06-10,AC0014,E004,Aurelius Canada,NA,CAD,Union Atlantic,Neither priority cohort,False,0
P005255,2026-06-10,AC0001,E001,Aurelius Group Holdings,NA,USD,Union Atlantic,Neither priority cohort,False,0
P005369,2026-06-10,AC0050,E015,Aurelius Hong Kong,APAC,HKD,Union Atlantic,Neither priority cohort,False,0
P005386,2026-06-10,AC0025,E007,Aurelius France,EMEA,EUR,Meridian Commercial,Manual touch only,False,0
P005531,2026-06-10,AC0017,E005,Aurelius UK,EMEA,GBP,Union Atlantic,Neither priority cohort,False,0
P005581,2026-06-10,AC0047,E014,Aurelius India,APAC,INR,Meridian Commercial,Manual touch only,False,0
P005622,2026-06-10,AC0005,E002,Aurelius Home US,NA,USD,Continental Trust,Manual touch only,False,0
P005739,2026-06-10,AC0031,E009,Aurelius Spain,EMEA,USD,Meridian Commercial,Manual touch only,True,34
P006089,2026-06-10,AC0025,E007,Aurelius France,EMEA,EUR,Meridian Commercial,Manual touch only,True,58
P006158,2026-06-10,AC0022,E006,Aurelius Germany,EMEA,EUR,Meridian Commercial,Neither priority cohort,False,0
P006330,2026-06-10,AC0025,E007,Aurelius France,EMEA,EUR,Meridian Commercial,Manual touch only,False,0
P006485,2026-06-10,AC0034,E010,Aurelius Singapore,APAC,USD,Continental Trust,Neither priority cohort,False,0
P006558,2026-06-10,AC0010,E003,Aurelius Wellness US,NA,USD,Union Atlantic,Neither priority cohort,False,0
P006717,2026-06-10,AC0047,E014,Aurelius India,APAC,INR,Meridian Commercial,Manual touch only,False,0
P007145,2026-06-10,AC0010,E003,Aurelius Wellness US,NA,USD,Union Atlantic,Neither priority cohort,False,0
P007264,2026-06-10,AC0010,E003,Aurelius Wellness US,NA,USD,Union Atlantic,Manual touch only,False,0
P007429,2026-06-10,AC0045,E013,Aurelius Korea,APAC,KRW,Pacific Crown,Neither priority cohort,False,0
P007504,2026-06-10,AC0050,E015,Aurelius Hong Kong,APAC,HKD,Union Atlantic,Manual touch only,False,0
P000115,2026-06-11,AC0005,E002,Aurelius Home US,NA,USD,Continental Trust,Cross-border wire only,False,0
P000143,2026-06-11,AC0010,E003,Aurelius Wellness US,NA,USD,Union Atlantic,Neither priority cohort,False,0
P000187,2026-06-11,AC0034,E010,Aurelius Singapore,APAC,USD,Continental Trust,Manual touch only,False,0
P000266,2026-06-11,AC0044,E013,Aurelius Korea,APAC,KRW,Northbridge Bank,Manual touch only,True,63
P000509,2026-06-11,AC0051,E015,Aurelius Hong Kong,APAC,HKD,Pacific Crown,Neither priority cohort,False,0
P000602,2026-06-11,AC0012,E003,Aurelius Wellness US,NA,USD,Northbridge Bank,Neither priority cohort,False,0
P000715,2026-06-11,AC0005,E002,Aurelius Home US,NA,USD,Continental Trust,Neither priority cohort,False,0
P000909,2026-06-11,AC0021,E006,Aurelius Germany,EMEA,EUR,Continental Trust,Manual touch only,False,0
P001057,2026-06-11,AC0028,E008,Aurelius Netherlands,EMEA,EUR,Meridian Commercial,Neither priority cohort,False,0
P001064,2026-06-11,AC0031,E009,Aurelius Spain,EMEA,USD,Meridian Commercial,Neither priority cohort,False,0
P001194,2026-06-11,AC0047,E014,Aurelius India,APAC,INR,Meridian Commercial,Neither priority cohort,False,0
P001251,2026-06-11,AC0013,E003,Aurelius Wellness US,NA,USD,Union Atlantic,Neither priority cohort,False,0
P001568,2026-06-11,AC0010,E003,Aurelius Wellness US,NA,USD,Union Atlantic,Manual touch + cross-border wire,False,0
P001742,2026-06-11,AC0010,E003,Aurelius Wellness US,NA,USD,Union Atlantic,Manual touch only,True,46
P002075,2026-06-11,AC0034,E010,Aurelius Singapore,APAC,USD,Continental Trust,Neither priority cohort,False,0
P002172,2026-06-11,AC0017,E005,Aurelius UK,EMEA,GBP,Union Atlantic,Neither priority cohort,False,0
P002256,2026-06-11,AC0053,E016,Aurelius Global Sourcing,APAC,USD,Pacific Crown,Manual touch only,False,0
P002396,2026-06-11,AC0014,E004,Aurelius Canada,NA,CAD,Union Atlantic,Neither priority cohort,False,0
P002536,2026-06-11,AC0014,E004,Aurelius Canada,NA,CAD,Union Atlantic,Neither priority cohort,False,0
P002591,2026-06-11,AC0041,E012,Aurelius Japan,APAC,JPY,Continental Trust,Neither priority cohort,False,0
P002765,2026-06-11,AC0044,E013,Aurelius Korea,APAC,KRW,Northbridge Bank,Neither priority cohort,False,0
P003008,2026-06-11,AC0042,E012,Aurelius Japan,APAC,USD,Union Atlantic,Neither priority cohort,False,0
P003054,2026-06-11,AC0010,E003,Aurelius Wellness US,NA,USD,Union Atlantic,Neither priority cohort,False,0
P003141,2026-06-11,AC0045,E013,Aurelius Korea,APAC,KRW,Pacific Crown,Manual touch only,False,0
P003174,2026-06-11,AC0047,E014,Aurelius India,APAC,INR,Meridian Commercial,Cross-border wire only,False,0
P003273,2026-06-11,AC0038,E011,Aurelius Australia,APAC,USD,Pacific Crown,Neither priority cohort,False,0
P003297,2026-06-11,AC0054,E016,Aurelius Global Sourcing,APAC,USD,Northbridge Bank,Neither priority cohort,False,0
P003563,2026-06-11,AC0055,E016,Aurelius Global Sourcing,APAC,USD,Meridian Commercial,Manual touch + cross-border wire,False,0
P003659,2026-06-11,AC0038,E011,Aurelius Australia,APAC,USD,Pacific Crown,Neither priority cohort,False,0
P003698,2026-06-11,AC0020,E005,Aurelius UK,EMEA,GBP,Meridian Commercial,Neither priority cohort,False,0
P003741,2026-06-11,AC0044,E013,Aurelius Korea,APAC,KRW,Northbridge Bank,Neither priority cohort,False,0
P003805,2026-06-11,AC0050,E015,Aurelius Hong Kong,APAC,HKD,Union Atlantic,Manual touch only,False,0
P003824,2026-06-11,AC0031,E009,Aurelius Spain,EMEA,USD,Meridian Commercial,Neither priority cohort,False,0
P003983,2026-06-11,AC0038,E011,Aurelius Australia,APAC,USD,Pacific Crown,Neither priority cohort,False,0
P004282,2026-06-11,AC0047,E014,Aurelius India,APAC,INR,Meridian Commercial,Manual touch only,False,0
P004491,2026-06-11,AC0015,E004,Aurelius Canada,NA,CAD,Pacific Crown,Manual touch only,False,0
P004742,2026-06-11,AC0044,E013,Aurelius Korea,APAC,KRW,Northbridge Bank,Manual touch only,False,0
P004880,2026-06-11,AC0046,E013,Aurelius Korea,APAC,KRW,Union Atlantic,Manual touch + cross-border wire,False,0
P005030,2026-06-11,AC0005,E002,Aurelius Home US,NA,USD,Continental Trust,Manual touch only,False,0
P005147,2026-06-11,AC0050,E015,Aurelius Hong Kong,APAC,HKD,Union Atlantic,Manual touch only,False,0
P005345,2026-06-11,AC0001,E001,Aurelius Group Holdings,NA,USD,Union Atlantic,Neither priority cohort,False,0
P005462,2026-06-11,AC0050,E015,Aurelius Hong Kong,APAC,HKD,Union Atlantic,Neither priority cohort,False,0
P005463,2026-06-11,AC0025,E007,Aurelius France,EMEA,EUR,Meridian Commercial,Neither priority cohort,False,0
P005568,2026-06-11,AC0014,E004,Aurelius Canada,NA,CAD,Union Atlantic,Neither priority cohort,False,0
P005591,2026-06-11,AC0019,E005,Aurelius UK,EMEA,GBP,Union Atlantic,Neither priority cohort,False,0
P005711,2026-06-11,AC0028,E008,Aurelius Netherlands,EMEA,EUR,Meridian Commercial,Neither priority cohort,False,0
P005800,2026-06-11,AC0010,E003,Aurelius Wellness US,NA,USD,Union Atlantic,Neither priority cohort,False,0
P005831,2026-06-11,AC0031,E009,Aurelius Spain,EMEA,USD,Meridian Commercial,Neither priority cohort,False,0
P006004,2026-06-11,AC0032,E009,Aurelius Spain,EMEA,EUR,Northbridge Bank,Neither priority cohort,False,0
P006063,2026-06-11,AC0011,E003,Aurelius Wellness US,NA,USD,Continental Trust,Neither priority cohort,False,0
P006074,2026-06-11,AC0026,E007,Aurelius France,EMEA,USD,Union Atlantic,Neither priority cohort,False,0
P006110,2026-06-11,AC0016,E004,Aurelius Canada,NA,CAD,Meridian Commercial,Neither priority cohort,False,0
P006116,2026-06-11,AC0005,E002,Aurelius Home US,NA,USD,Continental Trust,Neither priority cohort,False,0
P006398,2026-06-11,AC0027,E007,Aurelius France,EMEA,EUR,Pacific Crown,Neither priority cohort,False,0
P006416,2026-06-11,AC0047,E014,Aurelius India,APAC,INR,Meridian Commercial,Neither priority cohort,False,0
P006428,2026-06-11,AC0015,E004,Aurelius Canada,NA,CAD,Pacific Crown,Manual touch only,False,0
P006500,2026-06-11,AC0016,E004,Aurelius Canada,NA,CAD,Meridian Commercial,Neither priority cohort,False,0
P006524,2026-06-11,AC0047,E014,Aurelius India,APAC,INR,Meridian Commercial,Manual touch only,True,48
P006840,2026-06-11,AC0029,E008,Aurelius Netherlands,EMEA,EUR,Continental Trust,Neither priority cohort,False,0
P006921,2026-06-11,AC0023,E006,Aurelius Germany,EMEA,EUR,Northbridge Bank,Manual touch only,True,30
P007045,2026-06-11,AC0016,E004,Aurelius Canada,NA,CAD,Meridian Commercial,Manual touch only,False,0
P007072,2026-06-11,AC0031,E009,Aurelius Spain,EMEA,USD,Meridian Commercial,Neither priority cohort,False,0
P007107,2026-06-11,AC0015,E004,Aurelius Canada,NA,CAD,Pacific Crown,Manual touch only,False,0
P007379,2026-06-11,AC0031,E009,Aurelius Spain,EMEA,USD,Meridian Commercial,Manual touch + cross-border wire,False,0
P000316,2026-06-12,AC0005,E002,Aurelius Home US,NA,USD,Continental Trust,Neither priority cohort,False,0
P000330,2026-06-12,AC0042,E012,Aurelius Japan,APAC,USD,Union Atlantic,Neither priority cohort,False,0
P000524,2026-06-12,AC0017,E005,Aurelius UK,EMEA,GBP,Union Atlantic,Manual touch only,False,0
P000648,2026-06-12,AC0021,E006,Aurelius Germany,EMEA,EUR,Continental Trust,Neither priority cohort,False,0
P000752,2026-06-12,AC0031,E009,Aurelius Spain,EMEA,USD,Meridian Commercial,Neither priority cohort,False,0
P000872,2026-06-12,AC0028,E008,Aurelius Netherlands,EMEA,EUR,Meridian Commercial,Neither priority cohort,False,0
P000946,2026-06-12,AC0050,E015,Aurelius Hong Kong,APAC,HKD,Union Atlantic,Manual touch only,False,0
P001199,2026-06-12,AC0044,E013,Aurelius Korea,APAC,KRW,Northbridge Bank,Neither priority cohort,False,0
P001210,2026-06-12,AC0006,E002,Aurelius Home US,NA,USD,Pacific Crown,Neither priority cohort,False,0
P001250,2026-06-12,AC0017,E005,Aurelius UK,EMEA,GBP,Union Atlantic,Neither priority cohort,False,0
P001321,2026-06-12,AC0034,E010,Aurelius Singapore,APAC,USD,Continental Trust,Neither priority cohort,False,0
P001601,2026-06-12,AC0044,E013,Aurelius Korea,APAC,KRW,Northbridge Bank,Neither priority cohort,False,0
P001626,2026-06-12,AC0014,E004,Aurelius Canada,NA,CAD,Union Atlantic,Manual touch only,False,0
P002047,2026-06-12,AC0040,E011,Aurelius Australia,APAC,AUD,Continental Trust,Cross-border wire only,False,0
P002136,2026-06-12,AC0050,E015,Aurelius Hong Kong,APAC,HKD,Union Atlantic,Manual touch only,False,0
P002275,2026-06-12,AC0028,E008,Aurelius Netherlands,EMEA,EUR,Meridian Commercial,Neither priority cohort,False,0
P002522,2026-06-12,AC0017,E005,Aurelius UK,EMEA,GBP,Union Atlantic,Neither priority cohort,False,0
P002541,2026-06-12,AC0012,E003,Aurelius Wellness US,NA,USD,Northbridge Bank,Neither priority cohort,False,0
P002863,2026-06-12,AC0041,E012,Aurelius Japan,APAC,JPY,Continental Trust,Neither priority cohort,False,0
P002874,2026-06-12,AC0002,E001,Aurelius Group Holdings,NA,USD,Pacific Crown,Manual touch only,False,0
P002913,2026-06-12,AC0036,E010,Aurelius Singapore,APAC,SGD,Continental Trust,Neither priority cohort,False,0
P002918,2026-06-12,AC0014,E004,Aurelius Canada,NA,CAD,Union Atlantic,Neither priority cohort,False,0
P002963,2026-06-12,AC0053,E016,Aurelius Global Sourcing,APAC,USD,Pacific Crown,Neither priority cohort,False,0
P002968,2026-06-12,AC0011,E003,Aurelius Wellness US,NA,USD,Continental Trust,Neither priority cohort,False,0
P003220,2026-06-12,AC0041,E012,Aurelius Japan,APAC,JPY,Continental Trust,Neither priority cohort,False,0
P003574,2026-06-12,AC0038,E011,Aurelius Australia,APAC,USD,Pacific Crown,Neither priority cohort,False,0
P003647,2026-06-12,AC0053,E016,Aurelius Global Sourcing,APAC,USD,Pacific Crown,Neither priority cohort,False,0
P003881,2026-06-12,AC0010,E003,Aurelius Wellness US,NA,USD,Union Atlantic,Neither priority cohort,False,0
P003977,2026-06-12,AC0017,E005,Aurelius UK,EMEA,GBP,Union Atlantic,Manual touch only,False,0
P004175,2026-06-12,AC0038,E011,Aurelius Australia,APAC,USD,Pacific Crown,Neither priority cohort,False,0
P004239,2026-06-12,AC0053,E016,Aurelius Global Sourcing,APAC,USD,Pacific Crown,Neither priority cohort,False,0
P004430,2026-06-12,AC0031,E009,Aurelius Spain,EMEA,USD,Meridian Commercial,Neither priority cohort,False,0
P004686,2026-06-12,AC0043,E012,Aurelius Japan,APAC,JPY,Union Atlantic,Manual touch only,False,0
P004964,2026-06-12,AC0029,E008,Aurelius Netherlands,EMEA,EUR,Continental Trust,Manual touch only,False,0
P005197,2026-06-12,AC0028,E008,Aurelius Netherlands,EMEA,EUR,Meridian Commercial,Neither priority cohort,False,0
P005625,2026-06-12,AC0047,E014,Aurelius India,APAC,INR,Meridian Commercial,Manual touch only,True,28
P005807,2026-06-12,AC0031,E009,Aurelius Spain,EMEA,USD,Meridian Commercial,Neither priority cohort,False,0
P005842,2026-06-12,AC0041,E012,Aurelius Japan,APAC,JPY,Continental Trust,Neither priority cohort,False,0
P005895,2026-06-12,AC0041,E012,Aurelius Japan,APAC,JPY,Continental Trust,Neither priority cohort,False,0
P006047,2026-06-12,AC0014,E004,Aurelius Canada,NA,CAD,Union Atlantic,Manual touch + cross-border wire,True,18
P006193,2026-06-12,AC0026,E007,Aurelius France,EMEA,USD,Union Atlantic,Neither priority cohort,False,0
P006341,2026-06-12,AC0036,E010,Aurelius Singapore,APAC,SGD,Continental Trust,Neither priority cohort,False,0
P006380,2026-06-12,AC0040,E011,Aurelius Australia,APAC,AUD,Continental Trust,Manual touch only,False,0
P006420,2026-06-12,AC0046,E013,Aurelius Korea,APAC,KRW,Union Atlantic,Cross-border wire only,False,0
P006508,2026-06-12,AC0035,E010,Aurelius Singapore,APAC,SGD,Pacific Crown,Neither priority cohort,False,0
P006696,2026-06-12,AC0053,E016,Aurelius Global Sourcing,APAC,USD,Pacific Crown,Neither priority cohort,False,0
P006732,2026-06-12,AC0047,E014,Aurelius India,APAC,INR,Meridian Commercial,Manual touch only,False,0
P006739,2026-06-12,AC0025,E007,Aurelius France,EMEA,EUR,Meridian Commercial,Neither priority cohort,False,0
P006818,2026-06-12,AC0027,E007,Aurelius France,EMEA,EUR,Pacific Crown,Manual touch only,False,0
P007090,2026-06-12,AC0010,E003,Aurelius Wellness US,NA,USD,Union Atlantic,Neither priority cohort,False,0
P007163,2026-06-12,AC0042,E012,Aurelius Japan,APAC,USD,Union Atlantic,Neither priority cohort,False,0
P007213,2026-06-12,AC0012,E003,Aurelius Wellness US,NA,USD,Northbridge Bank,Neither priority cohort,False,0
P007412,2026-06-12,AC0025,E007,Aurelius France,EMEA,EUR,Meridian Commercial,Manual touch only,False,0
P007511,2026-06-12,AC0014,E004,Aurelius Canada,NA,CAD,Union Atlantic,Neither priority cohort,True,38
P007598,2026-06-12,AC0025,E007,Aurelius France,EMEA,EUR,Meridian Commercial,Neither priority cohort,False,0
P000010,2026-06-15,AC0049,E014,Aurelius India,APAC,USD,Pacific Crown,Manual touch only,False,0
P000061,2026-06-15,AC0003,E001,Aurelius Group Holdings,NA,USD,Meridian Commercial,Manual touch only,False,0
P000151,2026-06-15,AC0028,E008,Aurelius Netherlands,EMEA,EUR,Meridian Commercial,Manual touch only,False,0
P000354,2026-06-15,AC0050,E015,Aurelius Hong Kong,APAC,HKD,Union Atlantic,Manual touch only,False,0
P000508,2026-06-15,AC0050,E015,Aurelius Hong Kong,APAC,HKD,Union Atlantic,Manual touch only,False,0
P000585,2026-06-15,AC0034,E010,Aurelius Singapore,APAC,USD,Continental Trust,Manual touch only,False,0
P000838,2026-06-15,AC0034,E010,Aurelius Singapore,APAC,USD,Continental Trust,Neither priority cohort,False,0
P001075,2026-06-15,AC0017,E005,Aurelius UK,EMEA,GBP,Union Atlantic,Manual touch only,False,0
P001200,2026-06-15,AC0038,E011,Aurelius Australia,APAC,USD,Pacific Crown,Neither priority cohort,False,0
P001278,2026-06-15,AC0038,E011,Aurelius Australia,APAC,USD,Pacific Crown,Manual touch only,False,0
P001467,2026-06-15,AC0010,E003,Aurelius Wellness US,NA,USD,Union Atlantic,Manual touch only,False,0
P001483,2026-06-15,AC0041,E012,Aurelius Japan,APAC,JPY,Continental Trust,Neither priority cohort,False,0
P001791,2026-06-15,AC0053,E016,Aurelius Global Sourcing,APAC,USD,Pacific Crown,Manual touch only,False,0
P001833,2026-06-15,AC0025,E007,Aurelius France,EMEA,EUR,Meridian Commercial,Manual touch only,False,0
P001923,2026-06-15,AC0021,E006,Aurelius Germany,EMEA,EUR,Continental Trust,Manual touch + cross-border wire,False,0
P001957,2026-06-15,AC0053,E016,Aurelius Global Sourcing,APAC,USD,Pacific Crown,Neither priority cohort,False,0
P002031,2026-06-15,AC0021,E006,Aurelius Germany,EMEA,EUR,Continental Trust,Manual touch only,False,0
P002145,2026-06-15,AC0002,E001,Aurelius Group Holdings,NA,USD,Pacific Crown,Neither priority cohort,False,0
P002552,2026-06-15,AC0017,E005,Aurelius UK,EMEA,GBP,Union Atlantic,Neither priority cohort,False,0
P002702,2026-06-15,AC0031,E009,Aurelius Spain,EMEA,USD,Meridian Commercial,Manual touch only,False,0
P002875,2026-06-15,AC0021,E006,Aurelius Germany,EMEA,EUR,Continental Trust,Manual touch only,False,0
P002985,2026-06-15,AC0021,E006,Aurelius Germany,EMEA,EUR,Continental Trust,Neither priority cohort,False,0
P003265,2026-06-15,AC0033,E009,Aurelius Spain,EMEA,EUR,Meridian Commercial,Manual touch only,False,0
P003401,2026-06-15,AC0010,E003,Aurelius Wellness US,NA,USD,Union Atlantic,Neither priority cohort,False,0
P003624,2026-06-15,AC0028,E008,Aurelius Netherlands,EMEA,EUR,Meridian Commercial,Neither priority cohort,False,0
P003731,2026-06-15,AC0014,E004,Aurelius Canada,NA,CAD,Union Atlantic,Neither priority cohort,False,0
P003739,2026-06-15,AC0030,E008,Aurelius Netherlands,EMEA,USD,Pacific Crown,Manual touch only,False,0
P003810,2026-06-15,AC0055,E016,Aurelius Global Sourcing,APAC,USD,Meridian Commercial,Manual touch only,True,12
P003814,2026-06-15,AC0050,E015,Aurelius Hong Kong,APAC,HKD,Union Atlantic,Neither priority cohort,False,0
P004118,2026-06-15,AC0034,E010,Aurelius Singapore,APAC,USD,Continental Trust,Neither priority cohort,False,0
P004631,2026-06-15,AC0008,E002,Aurelius Home US,NA,USD,Pacific Crown,Neither priority cohort,True,45
P004758,2026-06-15,AC0049,E014,Aurelius India,APAC,USD,Pacific Crown,Neither priority cohort,False,0
P004797,2026-06-15,AC0031,E009,Aurelius Spain,EMEA,USD,Meridian Commercial,Manual touch only,False,0
P004908,2026-06-15,AC0034,E010,Aurelius Singapore,APAC,USD,Continental Trust,Manual touch + cross-border wire,False,0
P004948,2026-06-15,AC0002,E001,Aurelius Group Holdings,NA,USD,Pacific Crown,Neither priority cohort,False,0
P005014,2026-06-15,AC0036,E010,Aurelius Singapore,APAC,SGD,Continental Trust,Manual touch only,False,0
P005051,2026-06-15,AC0014,E004,Aurelius Canada,NA,CAD,Union Atlantic,Neither priority cohort,False,0
P005087,2026-06-15,AC0047,E014,Aurelius India,APAC,INR,Meridian Commercial,Neither priority cohort,False,0
P005096,2026-06-15,AC0043,E012,Aurelius Japan,APAC,JPY,Union Atlantic,Neither priority cohort,False,0
P005117,2026-06-15,AC0031,E009,Aurelius Spain,EMEA,USD,Meridian Commercial,Neither priority cohort,False,0
P005181,2026-06-15,AC0036,E010,Aurelius Singapore,APAC,SGD,Continental Trust,Neither priority cohort,False,0
P005196,2026-06-15,AC0047,E014,Aurelius India,APAC,INR,Meridian Commercial,Neither priority cohort,False,0
P005265,2026-06-15,AC0012,E003,Aurelius Wellness US,NA,USD,Northbridge Bank,Neither priority cohort,False,0
P005500,2026-06-15,AC0038,E011,Aurelius Australia,APAC,USD,Pacific Crown,Neither priority cohort,False,0
P005515,2026-06-15,AC0041,E012,Aurelius Japan,APAC,JPY,Continental Trust,Neither priority cohort,False,0
P005693,2026-06-15,AC0010,E003,Aurelius Wellness US,NA,USD,Union Atlantic,Neither priority cohort,False,0
P005708,2026-06-15,AC0034,E010,Aurelius Singapore,APAC,USD,Continental Trust,Neither priority cohort,False,0
P005877,2026-06-15,AC0050,E015,Aurelius Hong Kong,APAC,HKD,Union Atlantic,Manual touch only,True,23
P005904,2026-06-15,AC0018,E005,Aurelius UK,EMEA,GBP,Union Atlantic,Manual touch only,False,0
P006087,2026-06-15,AC0001,E001,Aurelius Group Holdings,NA,USD,Union Atlantic,Cross-border wire only,False,0
P006129,2026-06-15,AC0019,E005,Aurelius UK,EMEA,GBP,Union Atlantic,Neither priority cohort,False,0
P006141,2026-06-15,AC0041,E012,Aurelius Japan,APAC,JPY,Continental Trust,Neither priority cohort,False,0
P006325,2026-06-15,AC0010,E003,Aurelius Wellness US,NA,USD,Union Atlantic,Manual touch only,False,0
P006757,2026-06-15,AC0055,E016,Aurelius Global Sourcing,APAC,USD,Meridian Commercial,Neither priority cohort,False,0
P006759,2026-06-15,AC0032,E009,Aurelius Spain,EMEA,EUR,Northbridge Bank,Neither priority cohort,False,0
P007124,2026-06-15,AC0021,E006,Aurelius Germany,EMEA,EUR,Continental Trust,Neither priority cohort,False,0
P007235,2026-06-15,AC0023,E006,Aurelius Germany,EMEA,EUR,Northbridge Bank,Cross-border wire only,True,68
P007394,2026-06-15,AC0023,E006,Aurelius Germany,EMEA,EUR,Northbridge Bank,Neither priority cohort,False,0
P007406,2026-06-15,AC0015,E004,Aurelius Canada,NA,CAD,Pacific Crown,Cross-border wire only,False,0
P000119,2026-06-16,AC0005,E002,Aurelius Home US,NA,USD,Continental Trust,Manual touch only,False,0
P000541,2026-06-16,AC0050,E015,Aurelius Hong Kong,APAC,HKD,Union Atlantic,Neither priority cohort,False,0
P000625,2026-06-16,AC0043,E012,Aurelius Japan,APAC,JPY,Union Atlantic,Cross-border wire only,False,0
P000627,2026-06-16,AC0025,E007,Aurelius France,EMEA,EUR,Meridian Commercial,Neither priority cohort,False,0
P000704,2026-06-16,AC0034,E010,Aurelius Singapore,APAC,USD,Continental Trust,Neither priority cohort,False,0
P000853,2026-06-16,AC0008,E002,Aurelius Home US,NA,USD,Pacific Crown,Neither priority cohort,False,0
P000937,2026-06-16,AC0028,E008,Aurelius Netherlands,EMEA,EUR,Meridian Commercial,Neither priority cohort,False,0
P001165,2026-06-16,AC0038,E011,Aurelius Australia,APAC,USD,Pacific Crown,Neither priority cohort,False,0
P001476,2026-06-16,AC0012,E003,Aurelius Wellness US,NA,USD,Northbridge Bank,Neither priority cohort,False,0
P001864,2026-06-16,AC0010,E003,Aurelius Wellness US,NA,USD,Union Atlantic,Manual touch only,True,63
P001918,2026-06-16,AC0012,E003,Aurelius Wellness US,NA,USD,Northbridge Bank,Cross-border wire only,False,0
P001947,2026-06-16,AC0040,E011,Aurelius Australia,APAC,AUD,Continental Trust,Neither priority cohort,False,0
P001950,2026-06-16,AC0025,E007,Aurelius France,EMEA,EUR,Meridian Commercial,Neither priority cohort,False,0
P001970,2026-06-16,AC0001,E001,Aurelius Group Holdings,NA,USD,Union Atlantic,Neither priority cohort,False,0
P001988,2026-06-16,AC0021,E006,Aurelius Germany,EMEA,EUR,Continental Trust,Manual touch only,True,57
P002103,2026-06-16,AC0010,E003,Aurelius Wellness US,NA,USD,Union Atlantic,Neither priority cohort,False,0
P002108,2026-06-16,AC0038,E011,Aurelius Australia,APAC,USD,Pacific Crown,Manual touch only,False,0
P002264,2026-06-16,AC0053,E016,Aurelius Global Sourcing,APAC,USD,Pacific Crown,Neither priority cohort,False,0
P002425,2026-06-16,AC0031,E009,Aurelius Spain,EMEA,USD,Meridian Commercial,Cross-border wire only,False,0
P002607,2026-06-16,AC0017,E005,Aurelius UK,EMEA,GBP,Union Atlantic,Manual touch only,False,0
P002616,2026-06-16,AC0041,E012,Aurelius Japan,APAC,JPY,Continental Trust,Neither priority cohort,False,0
P002671,2026-06-16,AC0050,E015,Aurelius Hong Kong,APAC,HKD,Union Atlantic,Neither priority cohort,False,0
P003069,2026-06-16,AC0028,E008,Aurelius Netherlands,EMEA,EUR,Meridian Commercial,Neither priority cohort,False,0
P003088,2026-06-16,AC0051,E015,Aurelius Hong Kong,APAC,HKD,Pacific Crown,Manual touch only,False,0
P003168,2026-06-16,AC0021,E006,Aurelius Germany,EMEA,EUR,Continental Trust,Neither priority cohort,False,0
P003406,2026-06-16,AC0021,E006,Aurelius Germany,EMEA,EUR,Continental Trust,Neither priority cohort,False,0
P003818,2026-06-16,AC0035,E010,Aurelius Singapore,APAC,SGD,Pacific Crown,Neither priority cohort,False,0
P003855,2026-06-16,AC0017,E005,Aurelius UK,EMEA,GBP,Union Atlantic,Cross-border wire only,False,0
P003989,2026-06-16,AC0016,E004,Aurelius Canada,NA,CAD,Meridian Commercial,Cross-border wire only,False,0
P004060,2026-06-16,AC0017,E005,Aurelius UK,EMEA,GBP,Union Atlantic,Neither priority cohort,False,0
P004234,2026-06-16,AC0049,E014,Aurelius India,APAC,USD,Pacific Crown,Neither priority cohort,False,0
P004386,2026-06-16,AC0042,E012,Aurelius Japan,APAC,USD,Union Atlantic,Neither priority cohort,False,0
P004522,2026-06-16,AC0021,E006,Aurelius Germany,EMEA,EUR,Continental Trust,Neither priority cohort,False,0
P004712,2026-06-16,AC0006,E002,Aurelius Home US,NA,USD,Pacific Crown,Neither priority cohort,False,0
P004734,2026-06-16,AC0050,E015,Aurelius Hong Kong,APAC,HKD,Union Atlantic,Neither priority cohort,False,0
P004824,2026-06-16,AC0053,E016,Aurelius Global Sourcing,APAC,USD,Pacific Crown,Neither priority cohort,False,0
P004929,2026-06-16,AC0003,E001,Aurelius Group Holdings,NA,USD,Meridian Commercial,Neither priority cohort,False,0
P004972,2026-06-16,AC0014,E004,Aurelius Canada,NA,CAD,Union Atlantic,Neither priority cohort,False,0
P005319,2026-06-16,AC0020,E005,Aurelius UK,EMEA,GBP,Meridian Commercial,Neither priority cohort,False,0
P005952,2026-06-16,AC0048,E014,Aurelius India,APAC,INR,Continental Trust,Neither priority cohort,False,0
P006147,2026-06-16,AC0053,E016,Aurelius Global Sourcing,APAC,USD,Pacific Crown,Neither priority cohort,False,0
P006249,2026-06-16,AC0053,E016,Aurelius Global Sourcing,APAC,USD,Pacific Crown,Neither priority cohort,False,0
P006287,2026-06-16,AC0034,E010,Aurelius Singapore,APAC,USD,Continental Trust,Manual touch + cross-border wire,False,0
P006309,2026-06-16,AC0053,E016,Aurelius Global Sourcing,APAC,USD,Pacific Crown,Neither priority cohort,False,0
P006373,2026-06-16,AC0041,E012,Aurelius Japan,APAC,JPY,Continental Trust,Neither priority cohort,False,0
P006553,2026-06-16,AC0023,E006,Aurelius Germany,EMEA,EUR,Northbridge Bank,Neither priority cohort,False,0
P006569,2026-06-16,AC0010,E003,Aurelius Wellness US,NA,USD,Union Atlantic,Manual touch only,False,0
P006645,2026-06-16,AC0038,E011,Aurelius Australia,APAC,USD,Pacific Crown,Neither priority cohort,False,0
P006688,2026-06-16,AC0055,E016,Aurelius Global Sourcing,APAC,USD,Meridian Commercial,Manual touch only,False,0
P006720,2026-06-16,AC0031,E009,Aurelius Spain,EMEA,USD,Meridian Commercial,Neither priority cohort,False,0
P006790,2026-06-16,AC0001,E001,Aurelius Group Holdings,NA,USD,Union Atlantic,Manual touch only,False,0
P007105,2026-06-16,AC0038,E011,Aurelius Australia,APAC,USD,Pacific Crown,Cross-border wire only,False,0
P007154,2026-06-16,AC0040,E011,Aurelius Australia,APAC,AUD,Continental Trust,Manual touch only,False,0
P007207,2026-06-16,AC0005,E002,Aurelius Home US,NA,USD,Continental Trust,Neither priority cohort,False,0
P007378,2026-06-16,AC0021,E006,Aurelius Germany,EMEA,EUR,Continental Trust,Manual touch + cross-border wire,False,0
P007443,2026-06-16,AC0025,E007,Aurelius France,EMEA,EUR,Meridian Commercial,Manual touch only,False,0
P007449,2026-06-16,AC0028,E008,Aurelius Netherlands,EMEA,EUR,Meridian Commercial,Neither priority cohort,False,0
P007498,2026-06-16,AC0014,E004,Aurelius Canada,NA,CAD,Union Atlantic,Neither priority cohort,False,0
P007526,2026-06-16,AC0032,E009,Aurelius Spain,EMEA,EUR,Northbridge Bank,Neither priority cohort,False,0
P007581,2026-06-16,AC0014,E004,Aurelius Canada,NA,CAD,Union Atlantic,Neither priority cohort,False,0
P000122,2026-06-17,AC0017,E005,Aurelius UK,EMEA,GBP,Union Atlantic,Manual touch only,False,0
P000150,2026-06-17,AC0005,E002,Aurelius Home US,NA,USD,Continental Trust,Neither priority cohort,False,0
P000322,2026-06-17,AC0030,E008,Aurelius Netherlands,EMEA,USD,Pacific Crown,Neither priority cohort,False,0
P000345,2026-06-17,AC0016,E004,Aurelius Canada,NA,CAD,Meridian Commercial,Neither priority cohort,False,0
P000418,2026-06-17,AC0045,E013,Aurelius Korea,APAC,KRW,Pacific Crown,Neither priority cohort,False,0
P000440,2026-06-17,AC0044,E013,Aurelius Korea,APAC,KRW,Northbridge Bank,Neither priority cohort,True,26
P000460,2026-06-17,AC0005,E002,Aurelius Home US,NA,USD,Continental Trust,Neither priority cohort,False,0
P000499,2026-06-17,AC0047,E014,Aurelius India,APAC,INR,Meridian Commercial,Manual touch + cross-border wire,False,0
P000534,2026-06-17,AC0026,E007,Aurelius France,EMEA,USD,Union Atlantic,Manual touch only,False,0
P000923,2026-06-17,AC0050,E015,Aurelius Hong Kong,APAC,HKD,Union Atlantic,Neither priority cohort,False,0
P001312,2026-06-17,AC0031,E009,Aurelius Spain,EMEA,USD,Meridian Commercial,Manual touch only,False,0
P001405,2026-06-17,AC0055,E016,Aurelius Global Sourcing,APAC,USD,Meridian Commercial,Manual touch + cross-border wire,False,0
P001520,2026-06-17,AC0028,E008,Aurelius Netherlands,EMEA,EUR,Meridian Commercial,Neither priority cohort,False,0
P001723,2026-06-17,AC0053,E016,Aurelius Global Sourcing,APAC,USD,Pacific Crown,Neither priority cohort,False,0
P002019,2026-06-17,AC0012,E003,Aurelius Wellness US,NA,USD,Northbridge Bank,Neither priority cohort,False,0
P002055,2026-06-17,AC0053,E016,Aurelius Global Sourcing,APAC,USD,Pacific Crown,Neither priority cohort,False,0
P002120,2026-06-17,AC0050,E015,Aurelius Hong Kong,APAC,HKD,Union Atlantic,Manual touch only,False,0
P002176,2026-06-17,AC0038,E011,Aurelius Australia,APAC,USD,Pacific Crown,Neither priority cohort,False,0
P002199,2026-06-17,AC0025,E007,Aurelius France,EMEA,EUR,Meridian Commercial,Neither priority cohort,False,0
P002221,2026-06-17,AC0017,E005,Aurelius UK,EMEA,GBP,Union Atlantic,Neither priority cohort,False,0
P002243,2026-06-17,AC0029,E008,Aurelius Netherlands,EMEA,EUR,Continental Trust,Neither priority cohort,False,0
P002278,2026-06-17,AC0031,E009,Aurelius Spain,EMEA,USD,Meridian Commercial,Neither priority cohort,False,0
P002334,2026-06-17,AC0053,E016,Aurelius Global Sourcing,APAC,USD,Pacific Crown,Neither priority cohort,False,0
P002431,2026-06-17,AC0043,E012,Aurelius Japan,APAC,JPY,Union Atlantic,Manual touch + cross-border wire,False,0
P002434,2026-06-17,AC0025,E007,Aurelius France,EMEA,EUR,Meridian Commercial,Cross-border wire only,False,0
P002605,2026-06-17,AC0001,E001,Aurelius Group Holdings,NA,USD,Union Atlantic,Neither priority cohort,False,0
P002633,2026-06-17,AC0050,E015,Aurelius Hong Kong,APAC,HKD,Union Atlantic,Neither priority cohort,False,0
P002634,2026-06-17,AC0031,E009,Aurelius Spain,EMEA,USD,Meridian Commercial,Neither priority cohort,False,0
P003011,2026-06-17,AC0013,E003,Aurelius Wellness US,NA,USD,Union Atlantic,Neither priority cohort,False,0
P003084,2026-06-17,AC0041,E012,Aurelius Japan,APAC,JPY,Continental Trust,Neither priority cohort,False,0
P003249,2026-06-17,AC0016,E004,Aurelius Canada,NA,CAD,Meridian Commercial,Neither priority cohort,False,0
P003322,2026-06-17,AC0017,E005,Aurelius UK,EMEA,GBP,Union Atlantic,Neither priority cohort,False,0
P003372,2026-06-17,AC0041,E012,Aurelius Japan,APAC,JPY,Continental Trust,Neither priority cohort,False,0
P003468,2026-06-17,AC0038,E011,Aurelius Australia,APAC,USD,Pacific Crown,Manual touch + cross-border wire,True,21
P003555,2026-06-17,AC0012,E003,Aurelius Wellness US,NA,USD,Northbridge Bank,Neither priority cohort,False,0
P003603,2026-06-17,AC0005,E002,Aurelius Home US,NA,USD,Continental Trust,Cross-border wire only,False,0
P003636,2026-06-17,AC0033,E009,Aurelius Spain,EMEA,EUR,Meridian Commercial,Manual touch only,True,74
P003738,2026-06-17,AC0003,E001,Aurelius Group Holdings,NA,USD,Meridian Commercial,Neither priority cohort,False,0
P003853,2026-06-17,AC0014,E004,Aurelius Canada,NA,CAD,Union Atlantic,Neither priority cohort,False,0
P003888,2026-06-17,AC0046,E013,Aurelius Korea,APAC,KRW,Union Atlantic,Neither priority cohort,False,0
P003946,2026-06-17,AC0010,E003,Aurelius Wellness US,NA,USD,Union Atlantic,Manual touch only,False,0
P004043,2026-06-17,AC0021,E006,Aurelius Germany,EMEA,EUR,Continental Trust,Neither priority cohort,False,0
P004067,2026-06-17,AC0030,E008,Aurelius Netherlands,EMEA,USD,Pacific Crown,Neither priority cohort,False,0
P004553,2026-06-17,AC0053,E016,Aurelius Global Sourcing,APAC,USD,Pacific Crown,Neither priority cohort,False,0
P004672,2026-06-17,AC0033,E009,Aurelius Spain,EMEA,EUR,Meridian Commercial,Neither priority cohort,False,0
P004698,2026-06-17,AC0030,E008,Aurelius Netherlands,EMEA,USD,Pacific Crown,Neither priority cohort,False,0
P004807,2026-06-17,AC0006,E002,Aurelius Home US,NA,USD,Pacific Crown,Neither priority cohort,False,0
P004815,2026-06-17,AC0032,E009,Aurelius Spain,EMEA,EUR,Northbridge Bank,Neither priority cohort,False,0
P005336,2026-06-17,AC0044,E013,Aurelius Korea,APAC,KRW,Northbridge Bank,Neither priority cohort,False,0
P005667,2026-06-17,AC0028,E008,Aurelius Netherlands,EMEA,EUR,Meridian Commercial,Cross-border wire only,False,0
P005768,2026-06-17,AC0010,E003,Aurelius Wellness US,NA,USD,Union Atlantic,Neither priority cohort,False,0
P005933,2026-06-17,AC0044,E013,Aurelius Korea,APAC,KRW,Northbridge Bank,Neither priority cohort,False,0
P006177,2026-06-17,AC0050,E015,Aurelius Hong Kong,APAC,HKD,Union Atlantic,Neither priority cohort,False,0
P006278,2026-06-17,AC0055,E016,Aurelius Global Sourcing,APAC,USD,Meridian Commercial,Neither priority cohort,False,0
P006454,2026-06-17,AC0014,E004,Aurelius Canada,NA,CAD,Union Atlantic,Neither priority cohort,False,0
P006594,2026-06-17,AC0007,E002,Aurelius Home US,NA,USD,Northbridge Bank,Neither priority cohort,False,0
P006770,2026-06-17,AC0050,E015,Aurelius Hong Kong,APAC,HKD,Union Atlantic,Manual touch only,False,0
P006778,2026-06-17,AC0050,E015,Aurelius Hong Kong,APAC,HKD,Union Atlantic,Manual touch + cross-border wire,False,0
P006900,2026-06-17,AC0010,E003,Aurelius Wellness US,NA,USD,Union Atlantic,Neither priority cohort,False,0
P007004,2026-06-17,AC0026,E007,Aurelius France,EMEA,USD,Union Atlantic,Neither priority cohort,False,0
P007123,2026-06-17,AC0025,E007,Aurelius France,EMEA,EUR,Meridian Commercial,Neither priority cohort,False,0
P007147,2026-06-17,AC0028,E008,Aurelius Netherlands,EMEA,EUR,Meridian Commercial,Neither priority cohort,False,0
P007250,2026-06-17,AC0011,E003,Aurelius Wellness US,NA,USD,Continental Trust,Neither priority cohort,False,0
P007325,2026-06-17,AC0005,E002,Aurelius Home US,NA,USD,Continental Trust,Neither priority cohort,False,0
P007369,2026-06-17,AC0025,E007,Aurelius France,EMEA,EUR,Meridian Commercial,Manual touch only,False,0
P007506,2026-06-17,AC0031,E009,Aurelius Spain,EMEA,USD,Meridian Commercial,Manual touch only,False,0
P000018,2026-06-18,AC0014,E004,Aurelius Canada,NA,CAD,Union Atlantic,Neither priority cohort,False,0
P000355,2026-06-18,AC0039,E011,Aurelius Australia,APAC,AUD,Continental Trust,Neither priority cohort,False,0
P000416,2026-06-18,AC0014,E004,Aurelius Canada,NA,CAD,Union Atlantic,Neither priority cohort,False,0
P000605,2026-06-18,AC0028,E008,Aurelius Netherlands,EMEA,EUR,Meridian Commercial,Manual touch only,False,0
P000678,2026-06-18,AC0053,E016,Aurelius Global Sourcing,APAC,USD,Pacific Crown,Manual touch only,False,0
P000829,2026-06-18,AC0014,E004,Aurelius Canada,NA,CAD,Union Atlantic,Neither priority cohort,False,0
P000914,2026-06-18,AC0001,E001,Aurelius Group Holdings,NA,USD,Union Atlantic,Neither priority cohort,False,0
P001076,2026-06-18,AC0028,E008,Aurelius Netherlands,EMEA,EUR,Meridian Commercial,Neither priority cohort,False,0
P001205,2026-06-18,AC0041,E012,Aurelius Japan,APAC,JPY,Continental Trust,Neither priority cohort,False,0
P001468,2026-06-18,AC0021,E006,Aurelius Germany,EMEA,EUR,Continental Trust,Manual touch only,False,0
P001488,2026-06-18,AC0006,E002,Aurelius Home US,NA,USD,Pacific Crown,Neither priority cohort,False,0
P001542,2026-06-18,AC0036,E010,Aurelius Singapore,APAC,SGD,Continental Trust,Neither priority cohort,False,0
P001588,2026-06-18,AC0028,E008,Aurelius Netherlands,EMEA,EUR,Meridian Commercial,Manual touch only,False,0
P001637,2026-06-18,AC0016,E004,Aurelius Canada,NA,CAD,Meridian Commercial,Manual touch only,False,0
P001706,2026-06-18,AC0038,E011,Aurelius Australia,APAC,USD,Pacific Crown,Neither priority cohort,False,0
P001828,2026-06-18,AC0048,E014,Aurelius India,APAC,INR,Continental Trust,Manual touch only,False,0
P001834,2026-06-18,AC0041,E012,Aurelius Japan,APAC,JPY,Continental Trust,Neither priority cohort,False,0
P001998,2026-06-18,AC0044,E013,Aurelius Korea,APAC,KRW,Northbridge Bank,Neither priority cohort,False,0
P002101,2026-06-18,AC0023,E006,Aurelius Germany,EMEA,EUR,Northbridge Bank,Neither priority cohort,False,0
P002233,2026-06-18,AC0041,E012,Aurelius Japan,APAC,JPY,Continental Trust,Cross-border wire only,False,0
P002400,2026-06-18,AC0031,E009,Aurelius Spain,EMEA,USD,Meridian Commercial,Neither priority cohort,False,0
P002487,2026-06-18,AC0047,E014,Aurelius India,APAC,INR,Meridian Commercial,Manual touch only,True,32
P002646,2026-06-18,AC0028,E008,Aurelius Netherlands,EMEA,EUR,Meridian Commercial,Neither priority cohort,False,0
P002719,2026-06-18,AC0001,E001,Aurelius Group Holdings,NA,USD,Union Atlantic,Manual touch + cross-border wire,True,66
P002745,2026-06-18,AC0025,E007,Aurelius France,EMEA,EUR,Meridian Commercial,Manual touch only,False,0
P002761,2026-06-18,AC0017,E005,Aurelius UK,EMEA,GBP,Union Atlantic,Neither priority cohort,False,0
P002922,2026-06-18,AC0047,E014,Aurelius India,APAC,INR,Meridian Commercial,Neither priority cohort,False,0
P002941,2026-06-18,AC0014,E004,Aurelius Canada,NA,CAD,Union Atlantic,Neither priority cohort,False,0
P003037,2026-06-18,AC0014,E004,Aurelius Canada,NA,CAD,Union Atlantic,Neither priority cohort,False,0
P003067,2026-06-18,AC0008,E002,Aurelius Home US,NA,USD,Pacific Crown,Manual touch only,False,0
P003204,2026-06-18,AC0021,E006,Aurelius Germany,EMEA,EUR,Continental Trust,Manual touch only,False,0
P003442,2026-06-18,AC0019,E005,Aurelius UK,EMEA,GBP,Union Atlantic,Cross-border wire only,False,0
P003498,2026-06-18,AC0041,E012,Aurelius Japan,APAC,JPY,Continental Trust,Neither priority cohort,False,0
P003570,2026-06-18,AC0014,E004,Aurelius Canada,NA,CAD,Union Atlantic,Neither priority cohort,False,0
P003605,2026-06-18,AC0021,E006,Aurelius Germany,EMEA,EUR,Continental Trust,Cross-border wire only,True,64
P003728,2026-06-18,AC0044,E013,Aurelius Korea,APAC,KRW,Northbridge Bank,Neither priority cohort,False,0
P004082,2026-06-18,AC0031,E009,Aurelius Spain,EMEA,USD,Meridian Commercial,Neither priority cohort,False,0
P004303,2026-06-18,AC0042,E012,Aurelius Japan,APAC,USD,Union Atlantic,Cross-border wire only,False,0
P004492,2026-06-18,AC0038,E011,Aurelius Australia,APAC,USD,Pacific Crown,Neither priority cohort,False,0
P004496,2026-06-18,AC0017,E005,Aurelius UK,EMEA,GBP,Union Atlantic,Neither priority cohort,False,0
P004498,2026-06-18,AC0034,E010,Aurelius Singapore,APAC,USD,Continental Trust,Manual touch + cross-border wire,False,0
P004787,2026-06-18,AC0034,E010,Aurelius Singapore,APAC,USD,Continental Trust,Manual touch only,False,0
P004837,2026-06-18,AC0010,E003,Aurelius Wellness US,NA,USD,Union Atlantic,Neither priority cohort,False,0
P004854,2026-06-18,AC0041,E012,Aurelius Japan,APAC,JPY,Continental Trust,Neither priority cohort,False,0
P004904,2026-06-18,AC0044,E013,Aurelius Korea,APAC,KRW,Northbridge Bank,Neither priority cohort,False,0
P004939,2026-06-18,AC0029,E008,Aurelius Netherlands,EMEA,EUR,Continental Trust,Cross-border wire only,False,0
P005043,2026-06-18,AC0001,E001,Aurelius Group Holdings,NA,USD,Union Atlantic,Manual touch only,True,21
P005151,2026-06-18,AC0025,E007,Aurelius France,EMEA,EUR,Meridian Commercial,Manual touch only,False,0
P005308,2026-06-18,AC0014,E004,Aurelius Canada,NA,CAD,Union Atlantic,Cross-border wire only,True,49
P005349,2026-06-18,AC0017,E005,Aurelius UK,EMEA,GBP,Union Atlantic,Neither priority cohort,False,0
P005507,2026-06-18,AC0053,E016,Aurelius Global Sourcing,APAC,USD,Pacific Crown,Neither priority cohort,False,0
P005658,2026-06-18,AC0017,E005,Aurelius UK,EMEA,GBP,Union Atlantic,Manual touch only,False,0
P005791,2026-06-18,AC0031,E009,Aurelius Spain,EMEA,USD,Meridian Commercial,Neither priority cohort,False,0
P005923,2026-06-18,AC0053,E016,Aurelius Global Sourcing,APAC,USD,Pacific Crown,Neither priority cohort,True,51
P005927,2026-06-18,AC0010,E003,Aurelius Wellness US,NA,USD,Union Atlantic,Manual touch only,False,0
P005929,2026-06-18,AC0005,E002,Aurelius Home US,NA,USD,Continental Trust,Neither priority cohort,False,0
P006230,2026-06-18,AC0021,E006,Aurelius Germany,EMEA,EUR,Continental Trust,Neither priority cohort,False,0
P006318,2026-06-18,AC0017,E005,Aurelius UK,EMEA,GBP,Union Atlantic,Neither priority cohort,False,0
P006322,2026-06-18,AC0025,E007,Aurelius France,EMEA,EUR,Meridian Commercial,Manual touch only,False,0
P006371,2026-06-18,AC0043,E012,Aurelius Japan,APAC,JPY,Union Atlantic,Neither priority cohort,False,0
P006437,2026-06-18,AC0025,E007,Aurelius France,EMEA,EUR,Meridian Commercial,Manual touch only,False,0
P006477,2026-06-18,AC0006,E002,Aurelius Home US,NA,USD,Pacific Crown,Neither priority cohort,False,0
P006514,2026-06-18,AC0016,E004,Aurelius Canada,NA,CAD,Meridian Commercial,Neither priority cohort,False,0
P006668,2026-06-18,AC0005,E002,Aurelius Home US,NA,USD,Continental Trust,Cross-border wire only,False,0
P006718,2026-06-18,AC0005,E002,Aurelius Home US,NA,USD,Continental Trust,Cross-border wire only,False,0
P006872,2026-06-18,AC0028,E008,Aurelius Netherlands,EMEA,EUR,Meridian Commercial,Neither priority cohort,False,0
P006936,2026-06-18,AC0023,E006,Aurelius Germany,EMEA,EUR,Northbridge Bank,Cross-border wire only,False,0
P006953,2026-06-18,AC0052,E015,Aurelius Hong Kong,APAC,HKD,Continental Trust,Manual touch only,False,0
P007000,2026-06-18,AC0019,E005,Aurelius UK,EMEA,GBP,Union Atlantic,Neither priority cohort,False,0
P007021,2026-06-18,AC0040,E011,Aurelius Australia,APAC,AUD,Continental Trust,Manual touch only,False,0
P007038,2026-06-18,AC0050,E015,Aurelius Hong Kong,APAC,HKD,Union Atlantic,Neither priority cohort,False,0
P007122,2026-06-18,AC0055,E016,Aurelius Global Sourcing,APAC,USD,Meridian Commercial,Neither priority cohort,False,0
P007508,2026-06-18,AC0050,E015,Aurelius Hong Kong,APAC,HKD,Union Atlantic,Manual touch + cross-border wire,False,0
P007565,2026-06-18,AC0044,E013,Aurelius Korea,APAC,KRW,Northbridge Bank,Neither priority cohort,False,0
P007567,2026-06-18,AC0014,E004,Aurelius Canada,NA,CAD,Union Atlantic,Neither priority cohort,False,0
P007587,2026-06-18,AC0043,E012,Aurelius Japan,APAC,JPY,Union Atlantic,Neither priority cohort,False,0
P000074,2026-06-19,AC0025,E007,Aurelius France,EMEA,EUR,Meridian Commercial,Neither priority cohort,False,0
P000268,2026-06-19,AC0034,E010,Aurelius Singapore,APAC,USD,Continental Trust,Neither priority cohort,False,0
P000517,2026-06-19,AC0055,E016,Aurelius Global Sourcing,APAC,USD,Meridian Commercial,Neither priority cohort,False,0
P000745,2026-06-19,AC0044,E013,Aurelius Korea,APAC,KRW,Northbridge Bank,Neither priority cohort,False,0
P000878,2026-06-19,AC0017,E005,Aurelius UK,EMEA,GBP,Union Atlantic,Manual touch only,False,0
P000939,2026-06-19,AC0014,E004,Aurelius Canada,NA,CAD,Union Atlantic,Cross-border wire only,False,0
P000992,2026-06-19,AC0021,E006,Aurelius Germany,EMEA,EUR,Continental Trust,Neither priority cohort,False,0
P001002,2026-06-19,AC0017,E005,Aurelius UK,EMEA,GBP,Union Atlantic,Manual touch only,False,0
P001353,2026-06-19,AC0010,E003,Aurelius Wellness US,NA,USD,Union Atlantic,Neither priority cohort,False,0
P001404,2026-06-19,AC0038,E011,Aurelius Australia,APAC,USD,Pacific Crown,Neither priority cohort,False,0
P001508,2026-06-19,AC0036,E010,Aurelius Singapore,APAC,SGD,Continental Trust,Manual touch + cross-border wire,False,0
P001781,2026-06-19,AC0028,E008,Aurelius Netherlands,EMEA,EUR,Meridian Commercial,Neither priority cohort,False,0
P001874,2026-06-19,AC0010,E003,Aurelius Wellness US,NA,USD,Union Atlantic,Neither priority cohort,False,0
P002132,2026-06-19,AC0002,E001,Aurelius Group Holdings,NA,USD,Pacific Crown,Manual touch only,False,0
P002628,2026-06-19,AC0028,E008,Aurelius Netherlands,EMEA,EUR,Meridian Commercial,Neither priority cohort,False,0
P002881,2026-06-19,AC0011,E003,Aurelius Wellness US,NA,USD,Continental Trust,Manual touch only,False,0
P002996,2026-06-19,AC0005,E002,Aurelius Home US,NA,USD,Continental Trust,Neither priority cohort,False,0
P003057,2026-06-19,AC0005,E002,Aurelius Home US,NA,USD,Continental Trust,Neither priority cohort,False,0
P003082,2026-06-19,AC0005,E002,Aurelius Home US,NA,USD,Continental Trust,Cross-border wire only,False,0
P003227,2026-06-19,AC0017,E005,Aurelius UK,EMEA,GBP,Union Atlantic,Cross-border wire only,False,0
P003303,2026-06-19,AC0050,E015,Aurelius Hong Kong,APAC,HKD,Union Atlantic,Manual touch + cross-border wire,True,26
P003388,2026-06-19,AC0053,E016,Aurelius Global Sourcing,APAC,USD,Pacific Crown,Neither priority cohort,False,0
P003455,2026-06-19,AC0050,E015,Aurelius Hong Kong,APAC,HKD,Union Atlantic,Neither priority cohort,False,0
P003558,2026-06-19,AC0047,E014,Aurelius India,APAC,INR,Meridian Commercial,Neither priority cohort,False,0
P003569,2026-06-19,AC0034,E010,Aurelius Singapore,APAC,USD,Continental Trust,Neither priority cohort,False,0
P003580,2026-06-19,AC0038,E011,Aurelius Australia,APAC,USD,Pacific Crown,Manual touch only,False,0
P003694,2026-06-19,AC0053,E016,Aurelius Global Sourcing,APAC,USD,Pacific Crown,Manual touch only,False,0
P003884,2026-06-19,AC0010,E003,Aurelius Wellness US,NA,USD,Union Atlantic,Neither priority cohort,False,0
P003921,2026-06-19,AC0044,E013,Aurelius Korea,APAC,KRW,Northbridge Bank,Neither priority cohort,False,0
P004437,2026-06-19,AC0039,E011,Aurelius Australia,APAC,AUD,Continental Trust,Neither priority cohort,False,0
P004754,2026-06-19,AC0010,E003,Aurelius Wellness US,NA,USD,Union Atlantic,Manual touch only,False,0
P004979,2026-06-19,AC0027,E007,Aurelius France,EMEA,EUR,Pacific Crown,Neither priority cohort,False,0
P005324,2026-06-19,AC0055,E016,Aurelius Global Sourcing,APAC,USD,Meridian Commercial,Neither priority cohort,False,0
P005761,2026-06-19,AC0041,E012,Aurelius Japan,APAC,JPY,Continental Trust,Neither priority cohort,False,0
P005766,2026-06-19,AC0001,E001,Aurelius Group Holdings,NA,USD,Union Atlantic,Cross-border wire only,False,0
P005968,2026-06-19,AC0002,E001,Aurelius Group Holdings,NA,USD,Pacific Crown,Manual touch only,False,0
P005994,2026-06-19,AC0038,E011,Aurelius Australia,APAC,USD,Pacific Crown,Neither priority cohort,False,0
P006023,2026-06-19,AC0050,E015,Aurelius Hong Kong,APAC,HKD,Union Atlantic,Neither priority cohort,True,72
P006046,2026-06-19,AC0038,E011,Aurelius Australia,APAC,USD,Pacific Crown,Neither priority cohort,False,0
P006111,2026-06-19,AC0027,E007,Aurelius France,EMEA,EUR,Pacific Crown,Manual touch only,False,0
P006306,2026-06-19,AC0012,E003,Aurelius Wellness US,NA,USD,Northbridge Bank,Manual touch only,False,0
P006399,2026-06-19,AC0034,E010,Aurelius Singapore,APAC,USD,Continental Trust,Neither priority cohort,False,0
P006708,2026-06-19,AC0007,E002,Aurelius Home US,NA,USD,Northbridge Bank,Neither priority cohort,False,0
P006796,2026-06-19,AC0046,E013,Aurelius Korea,APAC,KRW,Union Atlantic,Manual touch only,False,0
P006837,2026-06-19,AC0021,E006,Aurelius Germany,EMEA,EUR,Continental Trust,Neither priority cohort,False,0
P007035,2026-06-19,AC0017,E005,Aurelius UK,EMEA,GBP,Union Atlantic,Neither priority cohort,False,0
P007070,2026-06-19,AC0053,E016,Aurelius Global Sourcing,APAC,USD,Pacific Crown,Neither priority cohort,False,0
P007348,2026-06-19,AC0034,E010,Aurelius Singapore,APAC,USD,Continental Trust,Neither priority cohort,False,0
P007492,2026-06-19,AC0053,E016,Aurelius Global Sourcing,APAC,USD,Pacific Crown,Manual touch only,False,0
P007525,2026-06-19,AC0041,E012,Aurelius Japan,APAC,JPY,Continental Trust,Neither priority cohort,False,0
P000014,2026-06-22,AC0047,E014,Aurelius India,APAC,INR,Meridian Commercial,Manual touch only,False,0
P000167,2026-06-22,AC0044,E013,Aurelius Korea,APAC,KRW,Northbridge Bank,Neither priority cohort,False,0
P000373,2026-06-22,AC0026,E007,Aurelius France,EMEA,USD,Union Atlantic,Manual touch only,False,0
P000549,2026-06-22,AC0050,E015,Aurelius Hong Kong,APAC,HKD,Union Atlantic,Neither priority cohort,False,0
P000673,2026-06-22,AC0014,E004,Aurelius Canada,NA,CAD,Union Atlantic,Manual touch only,False,0
P000841,2026-06-22,AC0014,E004,Aurelius Canada,NA,CAD,Union Atlantic,Neither priority cohort,False,0
P000890,2026-06-22,AC0031,E009,Aurelius Spain,EMEA,USD,Meridian Commercial,Manual touch only,False,0
P001213,2026-06-22,AC0034,E010,Aurelius Singapore,APAC,USD,Continental Trust,Manual touch only,False,0
P001230,2026-06-22,AC0053,E016,Aurelius Global Sourcing,APAC,USD,Pacific Crown,Neither priority cohort,False,0
P001254,2026-06-22,AC0041,E012,Aurelius Japan,APAC,JPY,Continental Trust,Neither priority cohort,False,0
P001270,2026-06-22,AC0025,E007,Aurelius France,EMEA,EUR,Meridian Commercial,Neither priority cohort,False,0
P001339,2026-06-22,AC0044,E013,Aurelius Korea,APAC,KRW,Northbridge Bank,Neither priority cohort,False,0
P001415,2026-06-22,AC0034,E010,Aurelius Singapore,APAC,USD,Continental Trust,Neither priority cohort,False,0
P001456,2026-06-22,AC0044,E013,Aurelius Korea,APAC,KRW,Northbridge Bank,Neither priority cohort,False,0
P001535,2026-06-22,AC0014,E004,Aurelius Canada,NA,CAD,Union Atlantic,Neither priority cohort,False,0
P001647,2026-06-22,AC0047,E014,Aurelius India,APAC,INR,Meridian Commercial,Neither priority cohort,False,0
P001667,2026-06-22,AC0001,E001,Aurelius Group Holdings,NA,USD,Union Atlantic,Manual touch only,True,60
P002098,2026-06-22,AC0014,E004,Aurelius Canada,NA,CAD,Union Atlantic,Cross-border wire only,False,0
P002273,2026-06-22,AC0050,E015,Aurelius Hong Kong,APAC,HKD,Union Atlantic,Neither priority cohort,False,0
P002375,2026-06-22,AC0016,E004,Aurelius Canada,NA,CAD,Meridian Commercial,Manual touch only,False,0
P002537,2026-06-22,AC0031,E009,Aurelius Spain,EMEA,USD,Meridian Commercial,Neither priority cohort,False,0
P002564,2026-06-22,AC0053,E016,Aurelius Global Sourcing,APAC,USD,Pacific Crown,Neither priority cohort,False,0
P002718,2026-06-22,AC0045,E013,Aurelius Korea,APAC,KRW,Pacific Crown,Manual touch only,False,0
P002763,2026-06-22,AC0047,E014,Aurelius India,APAC,INR,Meridian Commercial,Neither priority cohort,False,0
P002835,2026-06-22,AC0048,E014,Aurelius India,APAC,INR,Continental Trust,Neither priority cohort,False,0
P003005,2026-06-22,AC0047,E014,Aurelius India,APAC,INR,Meridian Commercial,Neither priority cohort,False,0
P003031,2026-06-22,AC0010,E003,Aurelius Wellness US,NA,USD,Union Atlantic,Neither priority cohort,True,43
P003375,2026-06-22,AC0034,E010,Aurelius Singapore,APAC,USD,Continental Trust,Manual touch only,False,0
P003426,2026-06-22,AC0025,E007,Aurelius France,EMEA,EUR,Meridian Commercial,Neither priority cohort,False,0
P003487,2026-06-22,AC0005,E002,Aurelius Home US,NA,USD,Continental Trust,Neither priority cohort,False,0
P003609,2026-06-22,AC0021,E006,Aurelius Germany,EMEA,EUR,Continental Trust,Neither priority cohort,False,0
P003823,2026-06-22,AC0034,E010,Aurelius Singapore,APAC,USD,Continental Trust,Neither priority cohort,False,0
P003995,2026-06-22,AC0012,E003,Aurelius Wellness US,NA,USD,Northbridge Bank,Neither priority cohort,False,0
P004131,2026-06-22,AC0053,E016,Aurelius Global Sourcing,APAC,USD,Pacific Crown,Cross-border wire only,False,0
P004159,2026-06-22,AC0028,E008,Aurelius Netherlands,EMEA,EUR,Meridian Commercial,Neither priority cohort,False,0
P004426,2026-06-22,AC0047,E014,Aurelius India,APAC,INR,Meridian Commercial,Manual touch only,False,0
P004703,2026-06-22,AC0001,E001,Aurelius Group Holdings,NA,USD,Union Atlantic,Manual touch only,False,0
P005120,2026-06-22,AC0031,E009,Aurelius Spain,EMEA,USD,Meridian Commercial,Manual touch only,False,0
P005285,2026-06-22,AC0025,E007,Aurelius France,EMEA,EUR,Meridian Commercial,Neither priority cohort,False,0
P005590,2026-06-22,AC0031,E009,Aurelius Spain,EMEA,USD,Meridian Commercial,Manual touch only,False,0
P005662,2026-06-22,AC0001,E001,Aurelius Group Holdings,NA,USD,Union Atlantic,Manual touch only,False,0
P005696,2026-06-22,AC0053,E016,Aurelius Global Sourcing,APAC,USD,Pacific Crown,Neither priority cohort,False,0
P005732,2026-06-22,AC0006,E002,Aurelius Home US,NA,USD,Pacific Crown,Neither priority cohort,False,0
P005811,2026-06-22,AC0044,E013,Aurelius Korea,APAC,KRW,Northbridge Bank,Neither priority cohort,False,0
P006179,2026-06-22,AC0053,E016,Aurelius Global Sourcing,APAC,USD,Pacific Crown,Neither priority cohort,False,0
P006400,2026-06-22,AC0001,E001,Aurelius Group Holdings,NA,USD,Union Atlantic,Neither priority cohort,False,0
P006503,2026-06-22,AC0028,E008,Aurelius Netherlands,EMEA,EUR,Meridian Commercial,Neither priority cohort,False,0
P006631,2026-06-22,AC0044,E013,Aurelius Korea,APAC,KRW,Northbridge Bank,Neither priority cohort,False,0
P006658,2026-06-22,AC0053,E016,Aurelius Global Sourcing,APAC,USD,Pacific Crown,Neither priority cohort,False,0
P007002,2026-06-22,AC0025,E007,Aurelius France,EMEA,EUR,Meridian Commercial,Manual touch only,False,0
P007340,2026-06-22,AC0031,E009,Aurelius Spain,EMEA,USD,Meridian Commercial,Manual touch only,False,0
P007380,2026-06-22,AC0050,E015,Aurelius Hong Kong,APAC,HKD,Union Atlantic,Neither priority cohort,False,0
P007416,2026-06-22,AC0017,E005,Aurelius UK,EMEA,GBP,Union Atlantic,Manual touch only,False,0
P007451,2026-06-22,AC0019,E005,Aurelius UK,EMEA,GBP,Union Atlantic,Manual touch only,False,0
P007558,2026-06-22,AC0005,E002,Aurelius Home US,NA,USD,Continental Trust,Neither priority cohort,False,0
P007582,2026-06-22,AC0050,E015,Aurelius Hong Kong,APAC,HKD,Union Atlantic,Neither priority cohort,False,0
P000030,2026-06-23,AC0043,E012,Aurelius Japan,APAC,JPY,Union Atlantic,Neither priority cohort,False,0
P000431,2026-06-23,AC0001,E001,Aurelius Group Holdings,NA,USD,Union Atlantic,Manual touch only,False,0
P000473,2026-06-23,AC0005,E002,Aurelius Home US,NA,USD,Continental Trust,Neither priority cohort,False,0
P000811,2026-06-23,AC0047,E014,Aurelius India,APAC,INR,Meridian Commercial,Neither priority cohort,False,0
P000917,2026-06-23,AC0044,E013,Aurelius Korea,APAC,KRW,Northbridge Bank,Neither priority cohort,False,0
P001017,2026-06-23,AC0021,E006,Aurelius Germany,EMEA,EUR,Continental Trust,Manual touch only,False,0
P001189,2026-06-23,AC0031,E009,Aurelius Spain,EMEA,USD,Meridian Commercial,Neither priority cohort,False,0
P001345,2026-06-23,AC0003,E001,Aurelius Group Holdings,NA,USD,Meridian Commercial,Neither priority cohort,False,0
P001386,2026-06-23,AC0014,E004,Aurelius Canada,NA,CAD,Union Atlantic,Neither priority cohort,False,0
P001541,2026-06-23,AC0050,E015,Aurelius Hong Kong,APAC,HKD,Union Atlantic,Manual touch only,False,0
P001585,2026-06-23,AC0053,E016,Aurelius Global Sourcing,APAC,USD,Pacific Crown,Manual touch only,False,0
P002130,2026-06-23,AC0025,E007,Aurelius France,EMEA,EUR,Meridian Commercial,Manual touch only,False,0
P002186,2026-06-23,AC0055,E016,Aurelius Global Sourcing,APAC,USD,Meridian Commercial,Manual touch + cross-border wire,False,0
P002316,2026-06-23,AC0051,E015,Aurelius Hong Kong,APAC,HKD,Pacific Crown,Neither priority cohort,False,0
P002428,2026-06-23,AC0014,E004,Aurelius Canada,NA,CAD,Union Atlantic,Neither priority cohort,False,0
P002493,2026-06-23,AC0035,E010,Aurelius Singapore,APAC,SGD,Pacific Crown,Neither priority cohort,False,0
P002582,2026-06-23,AC0025,E007,Aurelius France,EMEA,EUR,Meridian Commercial,Neither priority cohort,False,0
P002588,2026-06-23,AC0012,E003,Aurelius Wellness US,NA,USD,Northbridge Bank,Neither priority cohort,False,0
P002783,2026-06-23,AC0044,E013,Aurelius Korea,APAC,KRW,Northbridge Bank,Neither priority cohort,False,0
P002973,2026-06-23,AC0021,E006,Aurelius Germany,EMEA,EUR,Continental Trust,Neither priority cohort,False,0
P002982,2026-06-23,AC0033,E009,Aurelius Spain,EMEA,EUR,Meridian Commercial,Manual touch only,False,0
P003026,2026-06-23,AC0022,E006,Aurelius Germany,EMEA,EUR,Meridian Commercial,Manual touch only,False,0
P003285,2026-06-23,AC0017,E005,Aurelius UK,EMEA,GBP,Union Atlantic,Manual touch only,False,0
P003358,2026-06-23,AC0001,E001,Aurelius Group Holdings,NA,USD,Union Atlantic,Manual touch only,False,0
P003858,2026-06-23,AC0001,E001,Aurelius Group Holdings,NA,USD,Union Atlantic,Neither priority cohort,False,0
P003873,2026-06-23,AC0043,E012,Aurelius Japan,APAC,JPY,Union Atlantic,Neither priority cohort,False,0
P003901,2026-06-23,AC0050,E015,Aurelius Hong Kong,APAC,HKD,Union Atlantic,Manual touch only,False,0
P004085,2026-06-23,AC0043,E012,Aurelius Japan,APAC,JPY,Union Atlantic,Neither priority cohort,False,0
P004253,2026-06-23,AC0034,E010,Aurelius Singapore,APAC,USD,Continental Trust,Neither priority cohort,False,0
P004259,2026-06-23,AC0031,E009,Aurelius Spain,EMEA,USD,Meridian Commercial,Neither priority cohort,False,0
P004407,2026-06-23,AC0006,E002,Aurelius Home US,NA,USD,Pacific Crown,Manual touch only,False,0
P004813,2026-06-23,AC0017,E005,Aurelius UK,EMEA,GBP,Union Atlantic,Neither priority cohort,False,0
P004841,2026-06-23,AC0030,E008,Aurelius Netherlands,EMEA,USD,Pacific Crown,Neither priority cohort,False,0
P005129,2026-06-23,AC0019,E005,Aurelius UK,EMEA,GBP,Union Atlantic,Neither priority cohort,True,41
P005306,2026-06-23,AC0041,E012,Aurelius Japan,APAC,JPY,Continental Trust,Neither priority cohort,False,0
P005634,2026-06-23,AC0005,E002,Aurelius Home US,NA,USD,Continental Trust,Neither priority cohort,False,0
P005650,2026-06-23,AC0047,E014,Aurelius India,APAC,INR,Meridian Commercial,Manual touch only,False,0
P005688,2026-06-23,AC0014,E004,Aurelius Canada,NA,CAD,Union Atlantic,Neither priority cohort,False,0
P005924,2026-06-23,AC0031,E009,Aurelius Spain,EMEA,USD,Meridian Commercial,Manual touch only,True,43
P006203,2026-06-23,AC0031,E009,Aurelius Spain,EMEA,USD,Meridian Commercial,Cross-border wire only,False,0
P006253,2026-06-23,AC0007,E002,Aurelius Home US,NA,USD,Northbridge Bank,Cross-border wire only,False,0
P006300,2026-06-23,AC0041,E012,Aurelius Japan,APAC,JPY,Continental Trust,Neither priority cohort,False,0
P006483,2026-06-23,AC0051,E015,Aurelius Hong Kong,APAC,HKD,Pacific Crown,Neither priority cohort,False,0
P006817,2026-06-23,AC0047,E014,Aurelius India,APAC,INR,Meridian Commercial,Neither priority cohort,False,0
P007352,2026-06-23,AC0041,E012,Aurelius Japan,APAC,JPY,Continental Trust,Neither priority cohort,False,0
P007414,2026-06-23,AC0036,E010,Aurelius Singapore,APAC,SGD,Continental Trust,Neither priority cohort,False,0
P007500,2026-06-23,AC0027,E007,Aurelius France,EMEA,EUR,Pacific Crown,Neither priority cohort,False,0
P000123,2026-06-24,AC0003,E001,Aurelius Group Holdings,NA,USD,Meridian Commercial,Neither priority cohort,False,0
P000140,2026-06-24,AC0017,E005,Aurelius UK,EMEA,GBP,Union Atlantic,Manual touch only,False,0
P000191,2026-06-24,AC0001,E001,Aurelius Group Holdings,NA,USD,Union Atlantic,Manual touch only,False,0
P000238,2026-06-24,AC0010,E003,Aurelius Wellness US,NA,USD,Union Atlantic,Cross-border wire only,False,0
P000384,2026-06-24,AC0053,E016,Aurelius Global Sourcing,APAC,USD,Pacific Crown,Neither priority cohort,False,0
P000406,2026-06-24,AC0017,E005,Aurelius UK,EMEA,GBP,Union Atlantic,Manual touch only,False,0
P000496,2026-06-24,AC0047,E014,Aurelius India,APAC,INR,Meridian Commercial,Neither priority cohort,False,0
P000500,2026-06-24,AC0017,E005,Aurelius UK,EMEA,GBP,Union Atlantic,Neither priority cohort,False,0
P000518,2026-06-24,AC0003,E001,Aurelius Group Holdings,NA,USD,Meridian Commercial,Neither priority cohort,False,0
P000690,2026-06-24,AC0007,E002,Aurelius Home US,NA,USD,Northbridge Bank,Neither priority cohort,False,0
P001400,2026-06-24,AC0016,E004,Aurelius Canada,NA,CAD,Meridian Commercial,Neither priority cohort,False,0
P001448,2026-06-24,AC0031,E009,Aurelius Spain,EMEA,USD,Meridian Commercial,Neither priority cohort,False,0
P001710,2026-06-24,AC0033,E009,Aurelius Spain,EMEA,EUR,Meridian Commercial,Neither priority cohort,False,0
P001815,2026-06-24,AC0014,E004,Aurelius Canada,NA,CAD,Union Atlantic,Neither priority cohort,False,0
P001841,2026-06-24,AC0021,E006,Aurelius Germany,EMEA,EUR,Continental Trust,Manual touch only,False,0
P001907,2026-06-24,AC0048,E014,Aurelius India,APAC,INR,Continental Trust,Neither priority cohort,False,0
P002187,2026-06-24,AC0049,E014,Aurelius India,APAC,USD,Pacific Crown,Manual touch only,False,0
P002526,2026-06-24,AC0038,E011,Aurelius Australia,APAC,USD,Pacific Crown,Manual touch only,False,0
P002658,2026-06-24,AC0014,E004,Aurelius Canada,NA,CAD,Union Atlantic,Neither priority cohort,False,0
P002659,2026-06-24,AC0031,E009,Aurelius Spain,EMEA,USD,Meridian Commercial,Neither priority cohort,True,16
P002754,2026-06-24,AC0005,E002,Aurelius Home US,NA,USD,Continental Trust,Neither priority cohort,False,0
P002767,2026-06-24,AC0014,E004,Aurelius Canada,NA,CAD,Union Atlantic,Neither priority cohort,False,0
P003107,2026-06-24,AC0044,E013,Aurelius Korea,APAC,KRW,Northbridge Bank,Neither priority cohort,False,0
P003177,2026-06-24,AC0038,E011,Aurelius Australia,APAC,USD,Pacific Crown,Neither priority cohort,False,0
P003236,2026-06-24,AC0005,E002,Aurelius Home US,NA,USD,Continental Trust,Neither priority cohort,False,0
P003300,2026-06-24,AC0055,E016,Aurelius Global Sourcing,APAC,USD,Meridian Commercial,Neither priority cohort,False,0
P003453,2026-06-24,AC0001,E001,Aurelius Group Holdings,NA,USD,Union Atlantic,Manual touch only,False,0
P004000,2026-06-24,AC0036,E010,Aurelius Singapore,APAC,SGD,Continental Trust,Cross-border wire only,False,0
P004225,2026-06-24,AC0017,E005,Aurelius UK,EMEA,GBP,Union Atlantic,Manual touch + cross-border wire,False,0
P004442,2026-06-24,AC0044,E013,Aurelius Korea,APAC,KRW,Northbridge Bank,Manual touch only,False,0
P004560,2026-06-24,AC0038,E011,Aurelius Australia,APAC,USD,Pacific Crown,Neither priority cohort,False,0
P005130,2026-06-24,AC0055,E016,Aurelius Global Sourcing,APAC,USD,Meridian Commercial,Manual touch only,True,27
P005320,2026-06-24,AC0010,E003,Aurelius Wellness US,NA,USD,Union Atlantic,Neither priority cohort,False,0
P005353,2026-06-24,AC0010,E003,Aurelius Wellness US,NA,USD,Union Atlantic,Neither priority cohort,False,0
P005729,2026-06-24,AC0053,E016,Aurelius Global Sourcing,APAC,USD,Pacific Crown,Manual touch only,False,0
P005782,2026-06-24,AC0021,E006,Aurelius Germany,EMEA,EUR,Continental Trust,Manual touch + cross-border wire,False,0
P005906,2026-06-24,AC0021,E006,Aurelius Germany,EMEA,EUR,Continental Trust,Neither priority cohort,False,0
P006001,2026-06-24,AC0030,E008,Aurelius Netherlands,EMEA,USD,Pacific Crown,Neither priority cohort,False,0
P006013,2026-06-24,AC0010,E003,Aurelius Wellness US,NA,USD,Union Atlantic,Manual touch only,False,0
P006104,2026-06-24,AC0031,E009,Aurelius Spain,EMEA,USD,Meridian Commercial,Neither priority cohort,False,0
P006226,2026-06-24,AC0025,E007,Aurelius France,EMEA,EUR,Meridian Commercial,Manual touch only,False,0
P006277,2026-06-24,AC0041,E012,Aurelius Japan,APAC,JPY,Continental Trust,Neither priority cohort,False,0
P006282,2026-06-24,AC0019,E005,Aurelius UK,EMEA,GBP,Union Atlantic,Neither priority cohort,False,0
P006348,2026-06-24,AC0053,E016,Aurelius Global Sourcing,APAC,USD,Pacific Crown,Neither priority cohort,False,0
P006354,2026-06-24,AC0050,E015,Aurelius Hong Kong,APAC,HKD,Union Atlantic,Neither priority cohort,False,0
P006361,2026-06-24,AC0044,E013,Aurelius Korea,APAC,KRW,Northbridge Bank,Neither priority cohort,False,0
P006579,2026-06-24,AC0053,E016,Aurelius Global Sourcing,APAC,USD,Pacific Crown,Neither priority cohort,False,0
P006605,2026-06-24,AC0041,E012,Aurelius Japan,APAC,JPY,Continental Trust,Neither priority cohort,False,0
P006891,2026-06-24,AC0034,E010,Aurelius Singapore,APAC,USD,Continental Trust,Manual touch only,False,0
P006915,2026-06-24,AC0028,E008,Aurelius Netherlands,EMEA,EUR,Meridian Commercial,Neither priority cohort,False,0
P006934,2026-06-24,AC0028,E008,Aurelius Netherlands,EMEA,EUR,Meridian Commercial,Neither priority cohort,False,0
P006969,2026-06-24,AC0017,E005,Aurelius UK,EMEA,GBP,Union Atlantic,Manual touch only,False,0
P006973,2026-06-24,AC0050,E015,Aurelius Hong Kong,APAC,HKD,Union Atlantic,Manual touch only,False,0
P007029,2026-06-24,AC0031,E009,Aurelius Spain,EMEA,USD,Meridian Commercial,Manual touch only,True,71
P007392,2026-06-24,AC0026,E007,Aurelius France,EMEA,USD,Union Atlantic,Manual touch only,True,21
P007513,2026-06-24,AC0047,E014,Aurelius India,APAC,INR,Meridian Commercial,Manual touch only,False,0
P000093,2026-06-25,AC0055,E016,Aurelius Global Sourcing,APAC,USD,Meridian Commercial,Neither priority cohort,False,0
P000318,2026-06-25,AC0031,E009,Aurelius Spain,EMEA,USD,Meridian Commercial,Neither priority cohort,False,0
P000688,2026-06-25,AC0021,E006,Aurelius Germany,EMEA,EUR,Continental Trust,Manual touch only,False,0
P000918,2026-06-25,AC0005,E002,Aurelius Home US,NA,USD,Continental Trust,Neither priority cohort,False,0
P001014,2026-06-25,AC0044,E013,Aurelius Korea,APAC,KRW,Northbridge Bank,Neither priority cohort,False,0
P001031,2026-06-25,AC0010,E003,Aurelius Wellness US,NA,USD,Union Atlantic,Manual touch only,False,0
P001439,2026-06-25,AC0026,E007,Aurelius France,EMEA,USD,Union Atlantic,Neither priority cohort,False,0
P001460,2026-06-25,AC0023,E006,Aurelius Germany,EMEA,EUR,Northbridge Bank,Neither priority cohort,False,0
P001521,2026-06-25,AC0031,E009,Aurelius Spain,EMEA,USD,Meridian Commercial,Manual touch only,False,0
P001589,2026-06-25,AC0053,E016,Aurelius Global Sourcing,APAC,USD,Pacific Crown,Neither priority cohort,False,0
P001668,2026-06-25,AC0026,E007,Aurelius France,EMEA,USD,Union Atlantic,Neither priority cohort,False,0
P001683,2026-06-25,AC0023,E006,Aurelius Germany,EMEA,EUR,Northbridge Bank,Neither priority cohort,False,0
P001719,2026-06-25,AC0016,E004,Aurelius Canada,NA,CAD,Meridian Commercial,Neither priority cohort,False,0
P001853,2026-06-25,AC0034,E010,Aurelius Singapore,APAC,USD,Continental Trust,Neither priority cohort,False,0
P002263,2026-06-25,AC0001,E001,Aurelius Group Holdings,NA,USD,Union Atlantic,Neither priority cohort,False,0
P002344,2026-06-25,AC0023,E006,Aurelius Germany,EMEA,EUR,Northbridge Bank,Neither priority cohort,False,0
P002623,2026-06-25,AC0032,E009,Aurelius Spain,EMEA,EUR,Northbridge Bank,Manual touch only,False,0
P002773,2026-06-25,AC0041,E012,Aurelius Japan,APAC,JPY,Continental Trust,Neither priority cohort,False,0
P002797,2026-06-25,AC0026,E007,Aurelius France,EMEA,USD,Union Atlantic,Neither priority cohort,False,0
P002876,2026-06-25,AC0031,E009,Aurelius Spain,EMEA,USD,Meridian Commercial,Neither priority cohort,False,0
P002940,2026-06-25,AC0047,E014,Aurelius India,APAC,INR,Meridian Commercial,Neither priority cohort,False,0
P002961,2026-06-25,AC0028,E008,Aurelius Netherlands,EMEA,EUR,Meridian Commercial,Neither priority cohort,False,0
P003020,2026-06-25,AC0052,E015,Aurelius Hong Kong,APAC,HKD,Continental Trust,Neither priority cohort,False,0
P003089,2026-06-25,AC0032,E009,Aurelius Spain,EMEA,EUR,Northbridge Bank,Neither priority cohort,False,0
P003131,2026-06-25,AC0014,E004,Aurelius Canada,NA,CAD,Union Atlantic,Neither priority cohort,False,0
P003198,2026-06-25,AC0021,E006,Aurelius Germany,EMEA,EUR,Continental Trust,Manual touch only,False,0
P003347,2026-06-25,AC0031,E009,Aurelius Spain,EMEA,USD,Meridian Commercial,Manual touch only,False,0
P003503,2026-06-25,AC0044,E013,Aurelius Korea,APAC,KRW,Northbridge Bank,Neither priority cohort,False,0
P003518,2026-06-25,AC0031,E009,Aurelius Spain,EMEA,USD,Meridian Commercial,Manual touch + cross-border wire,True,52
P003537,2026-06-25,AC0017,E005,Aurelius UK,EMEA,GBP,Union Atlantic,Neither priority cohort,False,0
P003677,2026-06-25,AC0020,E005,Aurelius UK,EMEA,GBP,Meridian Commercial,Neither priority cohort,False,0
P003734,2026-06-25,AC0017,E005,Aurelius UK,EMEA,GBP,Union Atlantic,Manual touch only,False,0
P003783,2026-06-25,AC0021,E006,Aurelius Germany,EMEA,EUR,Continental Trust,Cross-border wire only,False,0
P003859,2026-06-25,AC0028,E008,Aurelius Netherlands,EMEA,EUR,Meridian Commercial,Neither priority cohort,False,0
P004092,2026-06-25,AC0054,E016,Aurelius Global Sourcing,APAC,USD,Northbridge Bank,Neither priority cohort,False,0
P004127,2026-06-25,AC0038,E011,Aurelius Australia,APAC,USD,Pacific Crown,Neither priority cohort,False,0
P004154,2026-06-25,AC0001,E001,Aurelius Group Holdings,NA,USD,Union Atlantic,Cross-border wire only,False,0
P004792,2026-06-25,AC0010,E003,Aurelius Wellness US,NA,USD,Union Atlantic,Neither priority cohort,False,0
P004817,2026-06-25,AC0005,E002,Aurelius Home US,NA,USD,Continental Trust,Neither priority cohort,False,0
P005277,2026-06-25,AC0001,E001,Aurelius Group Holdings,NA,USD,Union Atlantic,Neither priority cohort,False,0
P005402,2026-06-25,AC0036,E010,Aurelius Singapore,APAC,SGD,Continental Trust,Manual touch only,False,0
P005914,2026-06-25,AC0052,E015,Aurelius Hong Kong,APAC,HKD,Continental Trust,Manual touch only,False,0
P006064,2026-06-25,AC0036,E010,Aurelius Singapore,APAC,SGD,Continental Trust,Neither priority cohort,False,0
P006191,2026-06-25,AC0044,E013,Aurelius Korea,APAC,KRW,Northbridge Bank,Neither priority cohort,False,0
P006211,2026-06-25,AC0025,E007,Aurelius France,EMEA,EUR,Meridian Commercial,Neither priority cohort,False,0
P006283,2026-06-25,AC0005,E002,Aurelius Home US,NA,USD,Continental Trust,Neither priority cohort,False,0
P006526,2026-06-25,AC0053,E016,Aurelius Global Sourcing,APAC,USD,Pacific Crown,Manual touch + cross-border wire,False,0
P006662,2026-06-25,AC0031,E009,Aurelius Spain,EMEA,USD,Meridian Commercial,Neither priority cohort,False,0
P006709,2026-06-25,AC0008,E002,Aurelius Home US,NA,USD,Pacific Crown,Manual touch only,False,0
P006741,2026-06-25,AC0047,E014,Aurelius India,APAC,INR,Meridian Commercial,Manual touch only,False,0
P006780,2026-06-25,AC0050,E015,Aurelius Hong Kong,APAC,HKD,Union Atlantic,Neither priority cohort,False,0
P007040,2026-06-25,AC0005,E002,Aurelius Home US,NA,USD,Continental Trust,Neither priority cohort,False,0
P007270,2026-06-25,AC0028,E008,Aurelius Netherlands,EMEA,EUR,Meridian Commercial,Manual touch only,False,0
P007559,2026-06-25,AC0034,E010,Aurelius Singapore,APAC,USD,Continental Trust,Neither priority cohort,False,0
P007575,2026-06-25,AC0034,E010,Aurelius Singapore,APAC,USD,Continental Trust,Manual touch only,False,0
P000195,2026-06-26,AC0017,E005,Aurelius UK,EMEA,GBP,Union Atlantic,Neither priority cohort,False,0
P000211,2026-06-26,AC0025,E007,Aurelius France,EMEA,EUR,Meridian Commercial,Neither priority cohort,False,0
P000290,2026-06-26,AC0013,E003,Aurelius Wellness US,NA,USD,Union Atlantic,Neither priority cohort,False,0
P000404,2026-06-26,AC0047,E014,Aurelius India,APAC,INR,Meridian Commercial,Manual touch only,True,59
P000466,2026-06-26,AC0049,E014,Aurelius India,APAC,USD,Pacific Crown,Neither priority cohort,False,0
P000532,2026-06-26,AC0016,E004,Aurelius Canada,NA,CAD,Meridian Commercial,Manual touch only,False,0
P000603,2026-06-26,AC0010,E003,Aurelius Wellness US,NA,USD,Union Atlantic,Neither priority cohort,False,0
P000623,2026-06-26,AC0014,E004,Aurelius Canada,NA,CAD,Union Atlantic,Neither priority cohort,False,0
P000697,2026-06-26,AC0005,E002,Aurelius Home US,NA,USD,Continental Trust,Neither priority cohort,False,0
P000707,2026-06-26,AC0041,E012,Aurelius Japan,APAC,JPY,Continental Trust,Manual touch only,False,0
P000961,2026-06-26,AC0028,E008,Aurelius Netherlands,EMEA,EUR,Meridian Commercial,Neither priority cohort,False,0
P001029,2026-06-26,AC0025,E007,Aurelius France,EMEA,EUR,Meridian Commercial,Manual touch only,False,0
P001119,2026-06-26,AC0026,E007,Aurelius France,EMEA,USD,Union Atlantic,Neither priority cohort,False,0
P001183,2026-06-26,AC0025,E007,Aurelius France,EMEA,EUR,Meridian Commercial,Manual touch only,False,0
P001221,2026-06-26,AC0041,E012,Aurelius Japan,APAC,JPY,Continental Trust,Cross-border wire only,False,0
P001327,2026-06-26,AC0001,E001,Aurelius Group Holdings,NA,USD,Union Atlantic,Neither priority cohort,False,0
P001359,2026-06-26,AC0041,E012,Aurelius Japan,APAC,JPY,Continental Trust,Neither priority cohort,False,0
P001403,2026-06-26,AC0005,E002,Aurelius Home US,NA,USD,Continental Trust,Neither priority cohort,False,0
P001859,2026-06-26,AC0022,E006,Aurelius Germany,EMEA,EUR,Meridian Commercial,Neither priority cohort,False,0
P001956,2026-06-26,AC0020,E005,Aurelius UK,EMEA,GBP,Meridian Commercial,Neither priority cohort,False,0
P002220,2026-06-26,AC0041,E012,Aurelius Japan,APAC,JPY,Continental Trust,Manual touch only,False,0
P002586,2026-06-26,AC0038,E011,Aurelius Australia,APAC,USD,Pacific Crown,Neither priority cohort,False,0
P002703,2026-06-26,AC0044,E013,Aurelius Korea,APAC,KRW,Northbridge Bank,Manual touch only,False,0
P002805,2026-06-26,AC0030,E008,Aurelius Netherlands,EMEA,USD,Pacific Crown,Neither priority cohort,False,0
P002865,2026-06-26,AC0038,E011,Aurelius Australia,APAC,USD,Pacific Crown,Manual touch only,False,0
P002957,2026-06-26,AC0014,E004,Aurelius Canada,NA,CAD,Union Atlantic,Neither priority cohort,False,0
P002990,2026-06-26,AC0050,E015,Aurelius Hong Kong,APAC,HKD,Union Atlantic,Manual touch only,False,0
P003022,2026-06-26,AC0003,E001,Aurelius Group Holdings,NA,USD,Meridian Commercial,Neither priority cohort,False,0
P003042,2026-06-26,AC0017,E005,Aurelius UK,EMEA,GBP,Union Atlantic,Manual touch only,False,0
P003071,2026-06-26,AC0034,E010,Aurelius Singapore,APAC,USD,Continental Trust,Neither priority cohort,False,0
P003213,2026-06-26,AC0038,E011,Aurelius Australia,APAC,USD,Pacific Crown,Neither priority cohort,False,0
P003316,2026-06-26,AC0032,E009,Aurelius Spain,EMEA,EUR,Northbridge Bank,Cross-border wire only,False,0
P003538,2026-06-26,AC0025,E007,Aurelius France,EMEA,EUR,Meridian Commercial,Neither priority cohort,False,0
P003724,2026-06-26,AC0017,E005,Aurelius UK,EMEA,GBP,Union Atlantic,Manual touch only,False,0
P003953,2026-06-26,AC0005,E002,Aurelius Home US,NA,USD,Continental Trust,Cross-border wire only,False,0
P004032,2026-06-26,AC0017,E005,Aurelius UK,EMEA,GBP,Union Atlantic,Neither priority cohort,False,0
P004388,2026-06-26,AC0049,E014,Aurelius India,APAC,USD,Pacific Crown,Neither priority cohort,False,0
P004521,2026-06-26,AC0017,E005,Aurelius UK,EMEA,GBP,Union Atlantic,Manual touch only,False,0
P004548,2026-06-26,AC0029,E008,Aurelius Netherlands,EMEA,EUR,Continental Trust,Neither priority cohort,False,0
P004720,2026-06-26,AC0001,E001,Aurelius Group Holdings,NA,USD,Union Atlantic,Manual touch only,False,0
P004786,2026-06-26,AC0017,E005,Aurelius UK,EMEA,GBP,Union Atlantic,Neither priority cohort,False,0
P004806,2026-06-26,AC0030,E008,Aurelius Netherlands,EMEA,USD,Pacific Crown,Manual touch only,True,59
P004894,2026-06-26,AC0001,E001,Aurelius Group Holdings,NA,USD,Union Atlantic,Manual touch + cross-border wire,False,0
P004930,2026-06-26,AC0055,E016,Aurelius Global Sourcing,APAC,USD,Meridian Commercial,Cross-border wire only,False,0
P004950,2026-06-26,AC0021,E006,Aurelius Germany,EMEA,EUR,Continental Trust,Manual touch only,False,0
P005044,2026-06-26,AC0001,E001,Aurelius Group Holdings,NA,USD,Union Atlantic,Manual touch + cross-border wire,False,0
P005162,2026-06-26,AC0020,E005,Aurelius UK,EMEA,GBP,Meridian Commercial,Cross-border wire only,False,0
P005301,2026-06-26,AC0041,E012,Aurelius Japan,APAC,JPY,Continental Trust,Neither priority cohort,False,0
P005390,2026-06-26,AC0025,E007,Aurelius France,EMEA,EUR,Meridian Commercial,Manual touch only,True,32
P005446,2026-06-26,AC0005,E002,Aurelius Home US,NA,USD,Continental Trust,Cross-border wire only,False,0
P005673,2026-06-26,AC0051,E015,Aurelius Hong Kong,APAC,HKD,Pacific Crown,Neither priority cohort,False,0
P005721,2026-06-26,AC0030,E008,Aurelius Netherlands,EMEA,USD,Pacific Crown,Manual touch only,False,0
P005885,2026-06-26,AC0010,E003,Aurelius Wellness US,NA,USD,Union Atlantic,Neither priority cohort,False,0
P006000,2026-06-26,AC0053,E016,Aurelius Global Sourcing,APAC,USD,Pacific Crown,Neither priority cohort,False,0
P006075,2026-06-26,AC0028,E008,Aurelius Netherlands,EMEA,EUR,Meridian Commercial,Neither priority cohort,False,0
P006218,2026-06-26,AC0003,E001,Aurelius Group Holdings,NA,USD,Meridian Commercial,Neither priority cohort,False,0
P006298,2026-06-26,AC0038,E011,Aurelius Australia,APAC,USD,Pacific Crown,Neither priority cohort,False,0
P006369,2026-06-26,AC0044,E013,Aurelius Korea,APAC,KRW,Northbridge Bank,Neither priority cohort,False,0
P006501,2026-06-26,AC0034,E010,Aurelius Singapore,APAC,USD,Continental Trust,Manual touch only,False,0
P006507,2026-06-26,AC0005,E002,Aurelius Home US,NA,USD,Continental Trust,Neither priority cohort,False,0
P006621,2026-06-26,AC0028,E008,Aurelius Netherlands,EMEA,EUR,Meridian Commercial,Neither priority cohort,False,0
P006665,2026-06-26,AC0005,E002,Aurelius Home US,NA,USD,Continental Trust,Neither priority cohort,False,0
P006769,2026-06-26,AC0041,E012,Aurelius Japan,APAC,JPY,Continental Trust,Neither priority cohort,False,0
P006863,2026-06-26,AC0041,E012,Aurelius Japan,APAC,JPY,Continental Trust,Neither priority cohort,False,0
P006868,2026-06-26,AC0028,E008,Aurelius Netherlands,EMEA,EUR,Meridian Commercial,Manual touch only,False,0
P006966,2026-06-26,AC0007,E002,Aurelius Home US,NA,USD,Northbridge Bank,Neither priority cohort,False,0
P007022,2026-06-26,AC0041,E012,Aurelius Japan,APAC,JPY,Continental Trust,Manual touch only,False,0
P007300,2026-06-26,AC0053,E016,Aurelius Global Sourcing,APAC,USD,Pacific Crown,Neither priority cohort,False,0
P007454,2026-06-26,AC0033,E009,Aurelius Spain,EMEA,EUR,Meridian Commercial,Manual touch only,True,36
P007535,2026-06-26,AC0025,E007,Aurelius France,EMEA,EUR,Meridian Commercial,Manual touch only,False,0
P000180,2026-06-29,AC0041,E012,Aurelius Japan,APAC,JPY,Continental Trust,Neither priority cohort,False,0
P000234,2026-06-29,AC0038,E011,Aurelius Australia,APAC,USD,Pacific Crown,Neither priority cohort,False,0
P000315,2026-06-29,AC0021,E006,Aurelius Germany,EMEA,EUR,Continental Trust,Manual touch only,False,0
P000451,2026-06-29,AC0026,E007,Aurelius France,EMEA,USD,Union Atlantic,Neither priority cohort,False,0
P000837,2026-06-29,AC0025,E007,Aurelius France,EMEA,EUR,Meridian Commercial,Neither priority cohort,False,0
P001024,2026-06-29,AC0040,E011,Aurelius Australia,APAC,AUD,Continental Trust,Neither priority cohort,False,0
P001214,2026-06-29,AC0028,E008,Aurelius Netherlands,EMEA,EUR,Meridian Commercial,Neither priority cohort,False,0
P001239,2026-06-29,AC0038,E011,Aurelius Australia,APAC,USD,Pacific Crown,Neither priority cohort,False,0
P001491,2026-06-29,AC0015,E004,Aurelius Canada,NA,CAD,Pacific Crown,Manual touch only,False,0
P001498,2026-06-29,AC0041,E012,Aurelius Japan,APAC,JPY,Continental Trust,Neither priority cohort,False,0
P001569,2026-06-29,AC0053,E016,Aurelius Global Sourcing,APAC,USD,Pacific Crown,Cross-border wire only,False,0
P001658,2026-06-29,AC0014,E004,Aurelius Canada,NA,CAD,Union Atlantic,Neither priority cohort,False,0
P001748,2026-06-29,AC0034,E010,Aurelius Singapore,APAC,USD,Continental Trust,Neither priority cohort,False,0
P001776,2026-06-29,AC0052,E015,Aurelius Hong Kong,APAC,HKD,Continental Trust,Neither priority cohort,False,0
P002034,2026-06-29,AC0041,E012,Aurelius Japan,APAC,JPY,Continental Trust,Neither priority cohort,False,0
P002035,2026-06-29,AC0017,E005,Aurelius UK,EMEA,GBP,Union Atlantic,Manual touch only,False,0
P002134,2026-06-29,AC0005,E002,Aurelius Home US,NA,USD,Continental Trust,Manual touch only,False,0
P002219,2026-06-29,AC0050,E015,Aurelius Hong Kong,APAC,HKD,Union Atlantic,Neither priority cohort,False,0
P002223,2026-06-29,AC0049,E014,Aurelius India,APAC,USD,Pacific Crown,Neither priority cohort,False,0
P002411,2026-06-29,AC0039,E011,Aurelius Australia,APAC,AUD,Continental Trust,Neither priority cohort,False,0
P002502,2026-06-29,AC0040,E011,Aurelius Australia,APAC,AUD,Continental Trust,Manual touch only,False,0
P002630,2026-06-29,AC0038,E011,Aurelius Australia,APAC,USD,Pacific Crown,Manual touch only,False,0
P002731,2026-06-29,AC0038,E011,Aurelius Australia,APAC,USD,Pacific Crown,Neither priority cohort,False,0
P002752,2026-06-29,AC0028,E008,Aurelius Netherlands,EMEA,EUR,Meridian Commercial,Manual touch only,False,0
P003049,2026-06-29,AC0031,E009,Aurelius Spain,EMEA,USD,Meridian Commercial,Manual touch + cross-border wire,False,0
P003060,2026-06-29,AC0038,E011,Aurelius Australia,APAC,USD,Pacific Crown,Manual touch only,False,0
P003129,2026-06-29,AC0022,E006,Aurelius Germany,EMEA,EUR,Meridian Commercial,Neither priority cohort,False,0
P003132,2026-06-29,AC0047,E014,Aurelius India,APAC,INR,Meridian Commercial,Neither priority cohort,False,0
P003179,2026-06-29,AC0025,E007,Aurelius France,EMEA,EUR,Meridian Commercial,Manual touch only,False,0
P003349,2026-06-29,AC0018,E005,Aurelius UK,EMEA,GBP,Union Atlantic,Manual touch only,False,0
P003366,2026-06-29,AC0005,E002,Aurelius Home US,NA,USD,Continental Trust,Neither priority cohort,False,0
P003545,2026-06-29,AC0001,E001,Aurelius Group Holdings,NA,USD,Union Atlantic,Manual touch only,False,0
P003622,2026-06-29,AC0049,E014,Aurelius India,APAC,USD,Pacific Crown,Neither priority cohort,False,0
P003726,2026-06-29,AC0044,E013,Aurelius Korea,APAC,KRW,Northbridge Bank,Neither priority cohort,False,0
P004116,2026-06-29,AC0014,E004,Aurelius Canada,NA,CAD,Union Atlantic,Neither priority cohort,False,0
P004132,2026-06-29,AC0047,E014,Aurelius India,APAC,INR,Meridian Commercial,Neither priority cohort,False,0
P004247,2026-06-29,AC0031,E009,Aurelius Spain,EMEA,USD,Meridian Commercial,Neither priority cohort,False,0
P004439,2026-06-29,AC0041,E012,Aurelius Japan,APAC,JPY,Continental Trust,Cross-border wire only,True,60
P004488,2026-06-29,AC0053,E016,Aurelius Global Sourcing,APAC,USD,Pacific Crown,Manual touch only,False,0
P004668,2026-06-29,AC0041,E012,Aurelius Japan,APAC,JPY,Continental Trust,Neither priority cohort,False,0
P004702,2026-06-29,AC0050,E015,Aurelius Hong Kong,APAC,HKD,Union Atlantic,Neither priority cohort,False,0
P004708,2026-06-29,AC0047,E014,Aurelius India,APAC,INR,Meridian Commercial,Manual touch only,False,0
P004862,2026-06-29,AC0025,E007,Aurelius France,EMEA,EUR,Meridian Commercial,Manual touch only,False,0
P004872,2026-06-29,AC0036,E010,Aurelius Singapore,APAC,SGD,Continental Trust,Neither priority cohort,False,0
P005026,2026-06-29,AC0010,E003,Aurelius Wellness US,NA,USD,Union Atlantic,Neither priority cohort,False,0
P005144,2026-06-29,AC0010,E003,Aurelius Wellness US,NA,USD,Union Atlantic,Neither priority cohort,False,0
P005659,2026-06-29,AC0047,E014,Aurelius India,APAC,INR,Meridian Commercial,Manual touch only,False,0
P005749,2026-06-29,AC0050,E015,Aurelius Hong Kong,APAC,HKD,Union Atlantic,Manual touch only,True,15
P005938,2026-06-29,AC0028,E008,Aurelius Netherlands,EMEA,EUR,Meridian Commercial,Neither priority cohort,False,0
P005966,2026-06-29,AC0048,E014,Aurelius India,APAC,INR,Continental Trust,Neither priority cohort,False,0
P006022,2026-06-29,AC0005,E002,Aurelius Home US,NA,USD,Continental Trust,Manual touch + cross-border wire,True,46
P006126,2026-06-29,AC0028,E008,Aurelius Netherlands,EMEA,EUR,Meridian Commercial,Neither priority cohort,False,0
P006142,2026-06-29,AC0017,E005,Aurelius UK,EMEA,GBP,Union Atlantic,Neither priority cohort,False,0
P006367,2026-06-29,AC0005,E002,Aurelius Home US,NA,USD,Continental Trust,Neither priority cohort,False,0
P006602,2026-06-29,AC0047,E014,Aurelius India,APAC,INR,Meridian Commercial,Manual touch only,False,0
P006748,2026-06-29,AC0038,E011,Aurelius Australia,APAC,USD,Pacific Crown,Neither priority cohort,False,0
P006774,2026-06-29,AC0047,E014,Aurelius India,APAC,INR,Meridian Commercial,Manual touch only,True,47
P006867,2026-06-29,AC0053,E016,Aurelius Global Sourcing,APAC,USD,Pacific Crown,Manual touch only,False,0
P007048,2026-06-29,AC0032,E009,Aurelius Spain,EMEA,EUR,Northbridge Bank,Neither priority cohort,False,0
P007241,2026-06-29,AC0054,E016,Aurelius Global Sourcing,APAC,USD,Northbridge Bank,Neither priority cohort,False,0
P007262,2026-06-29,AC0005,E002,Aurelius Home US,NA,USD,Continental Trust,Manual touch only,False,0
P007368,2026-06-29,AC0014,E004,Aurelius Canada,NA,CAD,Union Atlantic,Neither priority cohort,False,0
P007417,2026-06-29,AC0050,E015,Aurelius Hong Kong,APAC,HKD,Union Atlantic,Neither priority cohort,False,0
P007520,2026-06-29,AC0030,E008,Aurelius Netherlands,EMEA,USD,Pacific Crown,Cross-border wire only,False,0
P007540,2026-06-29,AC0038,E011,Aurelius Australia,APAC,USD,Pacific Crown,Neither priority cohort,False,0
P007566,2026-06-29,AC0034,E010,Aurelius Singapore,APAC,USD,Continental Trust,Neither priority cohort,False,0
P000118,2026-06-30,AC0005,E002,Aurelius Home US,NA,USD,Continental Trust,Neither priority cohort,False,0
P000156,2026-06-30,AC0038,E011,Aurelius Australia,APAC,USD,Pacific Crown,Neither priority cohort,False,0
P000953,2026-06-30,AC0047,E014,Aurelius India,APAC,INR,Meridian Commercial,Manual touch only,False,0
P000962,2026-06-30,AC0032,E009,Aurelius Spain,EMEA,EUR,Northbridge Bank,Neither priority cohort,False,0
P001128,2026-06-30,AC0028,E008,Aurelius Netherlands,EMEA,EUR,Meridian Commercial,Neither priority cohort,False,0
P001256,2026-06-30,AC0031,E009,Aurelius Spain,EMEA,USD,Meridian Commercial,Cross-border wire only,False,0
P001301,2026-06-30,AC0031,E009,Aurelius Spain,EMEA,USD,Meridian Commercial,Manual touch only,True,33
P001450,2026-06-30,AC0006,E002,Aurelius Home US,NA,USD,Pacific Crown,Manual touch only,False,0
P001941,2026-06-30,AC0046,E013,Aurelius Korea,APAC,KRW,Union Atlantic,Manual touch only,False,0
P002324,2026-06-30,AC0046,E013,Aurelius Korea,APAC,KRW,Union Atlantic,Neither priority cohort,False,0
P002590,2026-06-30,AC0001,E001,Aurelius Group Holdings,NA,USD,Union Atlantic,Manual touch only,True,20
P002672,2026-06-30,AC0038,E011,Aurelius Australia,APAC,USD,Pacific Crown,Manual touch only,False,0
P002772,2026-06-30,AC0023,E006,Aurelius Germany,EMEA,EUR,Northbridge Bank,Neither priority cohort,False,0
P002852,2026-06-30,AC0032,E009,Aurelius Spain,EMEA,EUR,Northbridge Bank,Cross-border wire only,False,0
P003194,2026-06-30,AC0019,E005,Aurelius UK,EMEA,GBP,Union Atlantic,Neither priority cohort,False,0
P003196,2026-06-30,AC0025,E007,Aurelius France,EMEA,EUR,Meridian Commercial,Manual touch only,False,0
P003202,2026-06-30,AC0014,E004,Aurelius Canada,NA,CAD,Union Atlantic,Neither priority cohort,False,0
P003293,2026-06-30,AC0053,E016,Aurelius Global Sourcing,APAC,USD,Pacific Crown,Neither priority cohort,False,0
P003964,2026-06-30,AC0050,E015,Aurelius Hong Kong,APAC,HKD,Union Atlantic,Manual touch only,False,0
P004163,2026-06-30,AC0050,E015,Aurelius Hong Kong,APAC,HKD,Union Atlantic,Neither priority cohort,False,0
P004212,2026-06-30,AC0053,E016,Aurelius Global Sourcing,APAC,USD,Pacific Crown,Neither priority cohort,False,0
P004578,2026-06-30,AC0005,E002,Aurelius Home US,NA,USD,Continental Trust,Cross-border wire only,False,0
P004796,2026-06-30,AC0053,E016,Aurelius Global Sourcing,APAC,USD,Pacific Crown,Neither priority cohort,False,0
P004845,2026-06-30,AC0001,E001,Aurelius Group Holdings,NA,USD,Union Atlantic,Manual touch only,False,0
P004891,2026-06-30,AC0008,E002,Aurelius Home US,NA,USD,Pacific Crown,Neither priority cohort,False,0
P004913,2026-06-30,AC0034,E010,Aurelius Singapore,APAC,USD,Continental Trust,Neither priority cohort,False,0
P005552,2026-06-30,AC0003,E001,Aurelius Group Holdings,NA,USD,Meridian Commercial,Cross-border wire only,False,0
P005601,2026-06-30,AC0021,E006,Aurelius Germany,EMEA,EUR,Continental Trust,Manual touch only,False,0
P005656,2026-06-30,AC0028,E008,Aurelius Netherlands,EMEA,EUR,Meridian Commercial,Neither priority cohort,False,0
P005789,2026-06-30,AC0050,E015,Aurelius Hong Kong,APAC,HKD,Union Atlantic,Manual touch + cross-border wire,False,0
P005858,2026-06-30,AC0007,E002,Aurelius Home US,NA,USD,Northbridge Bank,Neither priority cohort,False,0
P006017,2026-06-30,AC0043,E012,Aurelius Japan,APAC,JPY,Union Atlantic,Neither priority cohort,False,0
P006233,2026-06-30,AC0055,E016,Aurelius Global Sourcing,APAC,USD,Meridian Commercial,Neither priority cohort,False,0
P006393,2026-06-30,AC0034,E010,Aurelius Singapore,APAC,USD,Continental Trust,Neither priority cohort,False,0
P006418,2026-06-30,AC0021,E006,Aurelius Germany,EMEA,EUR,Continental Trust,Manual touch only,False,0
P006443,2026-06-30,AC0021,E006,Aurelius Germany,EMEA,EUR,Continental Trust,Neither priority cohort,False,0
P006561,2026-06-30,AC0012,E003,Aurelius Wellness US,NA,USD,Northbridge Bank,Cross-border wire only,False,0
P006839,2026-06-30,AC0014,E004,Aurelius Canada,NA,CAD,Union Atlantic,Neither priority cohort,False,0
P006893,2026-06-30,AC0036,E010,Aurelius Singapore,APAC,SGD,Continental Trust,Neither priority cohort,False,0
P006906,2026-06-30,AC0047,E014,Aurelius India,APAC,INR,Meridian Commercial,Neither priority cohort,False,0
P006924,2026-06-30,AC0034,E010,Aurelius Singapore,APAC,USD,Continental Trust,Neither priority cohort,False,0
P006933,2026-06-30,AC0014,E004,Aurelius Canada,NA,CAD,Union Atlantic,Neither priority cohort,False,0
P007078,2026-06-30,AC0034,E010,Aurelius Singapore,APAC,USD,Continental Trust,Neither priority cohort,False,0
P007321,2026-06-30,AC0021,E006,Aurelius Germany,EMEA,EUR,Continental Trust,Manual touch only,False,0
P007354,2026-06-30,AC0025,E007,Aurelius France,EMEA,EUR,Meridian Commercial,Neither priority cohort,False,0
