date,entity_id,entity_name,region,account_count,positive_account_count,negative_account_count,gross_account_positive_available_usd,gross_account_negative_available_usd,entity_net_estimated_available_usd,within_entity_mixed_sign_flag,entity_net_deficit_flag,evidence_label,decision_boundary
2026-01-01,E001,Aurelius Group Holdings,NA,4,4,0,4008486.04,0.0,4008486.04,False,False,ANALYST-CALC,"Entity deficit is an estimated position, not evidence of facility use or avoidable funding cost"
2026-01-01,E002,Aurelius Home US,NA,5,5,0,7465463.92,0.0,7465463.92,False,False,ANALYST-CALC,"Entity deficit is an estimated position, not evidence of facility use or avoidable funding cost"
2026-01-01,E003,Aurelius Wellness US,NA,4,4,0,6327089.64,0.0,6327089.64,False,False,ANALYST-CALC,"Entity deficit is an estimated position, not evidence of facility use or avoidable funding cost"
2026-01-01,E004,Aurelius Canada,NA,3,3,0,2415057.0310912635,0.0,2415057.0310912635,False,False,ANALYST-CALC,"Entity deficit is an estimated position, not evidence of facility use or avoidable funding cost"
2026-01-01,E005,Aurelius UK,EMEA,4,4,0,5225994.952010909,0.0,5225994.952010909,False,False,ANALYST-CALC,"Entity deficit is an estimated position, not evidence of facility use or avoidable funding cost"
2026-01-01,E006,Aurelius Germany,EMEA,4,4,0,7529175.308273213,0.0,7529175.308273213,False,False,ANALYST-CALC,"Entity deficit is an estimated position, not evidence of facility use or avoidable funding cost"
2026-01-01,E007,Aurelius France,EMEA,3,2,1,1304874.682381728,-1212167.6577296145,92707.02465211344,True,False,ANALYST-CALC,"Entity deficit is an estimated position, not evidence of facility use or avoidable funding cost"
2026-01-01,E008,Aurelius Netherlands,EMEA,3,3,0,6596324.26699273,0.0,6596324.26699273,False,False,ANALYST-CALC,"Entity deficit is an estimated position, not evidence of facility use or avoidable funding cost"
2026-01-01,E009,Aurelius Spain,EMEA,3,3,0,3930284.339199344,0.0,3930284.339199344,False,False,ANALYST-CALC,"Entity deficit is an estimated position, not evidence of facility use or avoidable funding cost"
2026-01-01,E010,Aurelius Singapore,APAC,4,3,1,1080821.0154598164,-1007116.49,73704.52545981636,True,False,ANALYST-CALC,"Entity deficit is an estimated position, not evidence of facility use or avoidable funding cost"
2026-01-01,E011,Aurelius Australia,APAC,3,3,0,7400180.203951449,0.0,7400180.203951449,False,False,ANALYST-CALC,"Entity deficit is an estimated position, not evidence of facility use or avoidable funding cost"
2026-01-01,E012,Aurelius Japan,APAC,3,3,0,499082.621005954,0.0,499082.621005954,False,False,ANALYST-CALC,"Entity deficit is an estimated position, not evidence of facility use or avoidable funding cost"
2026-01-01,E013,Aurelius Korea,APAC,3,3,0,2876.862633348,0.0,2876.862633348,False,False,ANALYST-CALC,"Entity deficit is an estimated position, not evidence of facility use or avoidable funding cost"
2026-01-01,E014,Aurelius India,APAC,3,3,0,530188.4783499663,0.0,530188.4783499663,False,False,ANALYST-CALC,"Entity deficit is an estimated position, not evidence of facility use or avoidable funding cost"
2026-01-01,E015,Aurelius Hong Kong,APAC,3,3,0,507703.9892779428,0.0,507703.9892779428,False,False,ANALYST-CALC,"Entity deficit is an estimated position, not evidence of facility use or avoidable funding cost"
2026-01-01,E016,Aurelius Global Sourcing,APAC,3,3,0,2568386.66,0.0,2568386.66,False,False,ANALYST-CALC,"Entity deficit is an estimated position, not evidence of facility use or avoidable funding cost"
2026-01-02,E001,Aurelius Group Holdings,NA,4,4,0,3868281.34,0.0,3868281.34,False,False,ANALYST-CALC,"Entity deficit is an estimated position, not evidence of facility use or avoidable funding cost"
2026-01-02,E002,Aurelius Home US,NA,5,5,0,7759208.9,0.0,7759208.9,False,False,ANALYST-CALC,"Entity deficit is an estimated position, not evidence of facility use or avoidable funding cost"
2026-01-02,E003,Aurelius Wellness US,NA,4,4,0,6402272.02,0.0,6402272.02,False,False,ANALYST-CALC,"Entity deficit is an estimated position, not evidence of facility use or avoidable funding cost"
2026-01-02,E004,Aurelius Canada,NA,3,3,0,2306176.019117031,0.0,2306176.019117031,False,False,ANALYST-CALC,"Entity deficit is an estimated position, not evidence of facility use or avoidable funding cost"
2026-01-02,E005,Aurelius UK,EMEA,4,4,0,4734359.328300947,0.0,4734359.328300947,False,False,ANALYST-CALC,"Entity deficit is an estimated position, not evidence of facility use or avoidable funding cost"
2026-01-02,E006,Aurelius Germany,EMEA,4,4,0,9630498.77741975,0.0,9630498.77741975,False,False,ANALYST-CALC,"Entity deficit is an estimated position, not evidence of facility use or avoidable funding cost"
2026-01-02,E007,Aurelius France,EMEA,3,2,1,1352877.0128679024,-1258836.0037052447,94041.0091626576,True,False,ANALYST-CALC,"Entity deficit is an estimated position, not evidence of facility use or avoidable funding cost"
2026-01-02,E008,Aurelius Netherlands,EMEA,3,3,0,6070579.849918411,0.0,6070579.849918411,False,False,ANALYST-CALC,"Entity deficit is an estimated position, not evidence of facility use or avoidable funding cost"
2026-01-02,E009,Aurelius Spain,EMEA,3,3,0,3576409.6631741733,0.0,3576409.6631741733,False,False,ANALYST-CALC,"Entity deficit is an estimated position, not evidence of facility use or avoidable funding cost"
2026-01-02,E010,Aurelius Singapore,APAC,4,3,1,1225582.680489545,-821912.11,403670.5704895449,True,False,ANALYST-CALC,"Entity deficit is an estimated position, not evidence of facility use or avoidable funding cost"
2026-01-02,E011,Aurelius Australia,APAC,3,3,0,7257404.512126018,0.0,7257404.512126018,False,False,ANALYST-CALC,"Entity deficit is an estimated position, not evidence of facility use or avoidable funding cost"
2026-01-02,E012,Aurelius Japan,APAC,3,3,0,546223.2262424391,0.0,546223.2262424391,False,False,ANALYST-CALC,"Entity deficit is an estimated position, not evidence of facility use or avoidable funding cost"
2026-01-02,E013,Aurelius Korea,APAC,3,3,0,3215.6052466710003,0.0,3215.6052466710003,False,False,ANALYST-CALC,"Entity deficit is an estimated position, not evidence of facility use or avoidable funding cost"
2026-01-02,E014,Aurelius India,APAC,3,3,0,599112.8765126892,0.0,599112.8765126892,False,False,ANALYST-CALC,"Entity deficit is an estimated position, not evidence of facility use or avoidable funding cost"
2026-01-02,E015,Aurelius Hong Kong,APAC,3,3,0,484279.93569585093,0.0,484279.93569585093,False,False,ANALYST-CALC,"Entity deficit is an estimated position, not evidence of facility use or avoidable funding cost"
2026-01-02,E016,Aurelius Global Sourcing,APAC,3,3,0,2682643.6399999997,0.0,2682643.6399999997,False,False,ANALYST-CALC,"Entity deficit is an estimated position, not evidence of facility use or avoidable funding cost"
2026-01-03,E001,Aurelius Group Holdings,NA,4,4,0,3486630.26,0.0,3486630.26,False,False,ANALYST-CALC,"Entity deficit is an estimated position, not evidence of facility use or avoidable funding cost"
2026-01-03,E002,Aurelius Home US,NA,5,5,0,8029151.16,0.0,8029151.16,False,False,ANALYST-CALC,"Entity deficit is an estimated position, not evidence of facility use or avoidable funding cost"
2026-01-03,E003,Aurelius Wellness US,NA,4,4,0,7539303.56,0.0,7539303.56,False,False,ANALYST-CALC,"Entity deficit is an estimated position, not evidence of facility use or avoidable funding cost"
2026-01-03,E004,Aurelius Canada,NA,3,3,0,2497117.446657472,0.0,2497117.446657472,False,False,ANALYST-CALC,"Entity deficit is an estimated position, not evidence of facility use or avoidable funding cost"
2026-01-03,E005,Aurelius UK,EMEA,4,4,0,4865255.036568766,0.0,4865255.036568766,False,False,ANALYST-CALC,"Entity deficit is an estimated position, not evidence of facility use or avoidable funding cost"
2026-01-03,E006,Aurelius Germany,EMEA,4,4,0,8297430.360812227,0.0,8297430.360812227,False,False,ANALYST-CALC,"Entity deficit is an estimated position, not evidence of facility use or avoidable funding cost"
2026-01-03,E007,Aurelius France,EMEA,3,2,1,1189311.3573062203,-1051051.1072895024,138260.25001671794,True,False,ANALYST-CALC,"Entity deficit is an estimated position, not evidence of facility use or avoidable funding cost"
2026-01-03,E008,Aurelius Netherlands,EMEA,3,3,0,6647988.329627805,0.0,6647988.329627805,False,False,ANALYST-CALC,"Entity deficit is an estimated position, not evidence of facility use or avoidable funding cost"
2026-01-03,E009,Aurelius Spain,EMEA,3,3,0,3751879.8600612925,0.0,3751879.8600612925,False,False,ANALYST-CALC,"Entity deficit is an estimated position, not evidence of facility use or avoidable funding cost"
2026-01-03,E010,Aurelius Singapore,APAC,4,3,1,1380430.789065088,-801375.82,579054.969065088,True,False,ANALYST-CALC,"Entity deficit is an estimated position, not evidence of facility use or avoidable funding cost"
2026-01-03,E011,Aurelius Australia,APAC,3,3,0,6608468.150368432,0.0,6608468.150368432,False,False,ANALYST-CALC,"Entity deficit is an estimated position, not evidence of facility use or avoidable funding cost"
2026-01-03,E012,Aurelius Japan,APAC,3,3,0,503712.3452969048,0.0,503712.3452969048,False,False,ANALYST-CALC,"Entity deficit is an estimated position, not evidence of facility use or avoidable funding cost"
2026-01-03,E013,Aurelius Korea,APAC,3,3,0,3005.4225128310004,0.0,3005.4225128310004,False,False,ANALYST-CALC,"Entity deficit is an estimated position, not evidence of facility use or avoidable funding cost"
2026-01-03,E014,Aurelius India,APAC,3,3,0,513270.00643385027,0.0,513270.00643385027,False,False,ANALYST-CALC,"Entity deficit is an estimated position, not evidence of facility use or avoidable funding cost"
2026-01-03,E015,Aurelius Hong Kong,APAC,3,3,0,475417.4882929696,0.0,475417.4882929696,False,False,ANALYST-CALC,"Entity deficit is an estimated position, not evidence of facility use or avoidable funding cost"
2026-01-03,E016,Aurelius Global Sourcing,APAC,3,3,0,2791611.62,0.0,2791611.62,False,False,ANALYST-CALC,"Entity deficit is an estimated position, not evidence of facility use or avoidable funding cost"
2026-01-04,E001,Aurelius Group Holdings,NA,4,4,0,3391149.52,0.0,3391149.52,False,False,ANALYST-CALC,"Entity deficit is an estimated position, not evidence of facility use or avoidable funding cost"
2026-01-04,E002,Aurelius Home US,NA,5,5,0,7837358.53,0.0,7837358.53,False,False,ANALYST-CALC,"Entity deficit is an estimated position, not evidence of facility use or avoidable funding cost"
2026-01-04,E003,Aurelius Wellness US,NA,4,4,0,7744601.08,0.0,7744601.08,False,False,ANALYST-CALC,"Entity deficit is an estimated position, not evidence of facility use or avoidable funding cost"
2026-01-04,E004,Aurelius Canada,NA,3,3,0,2307579.5210630037,0.0,2307579.5210630037,False,False,ANALYST-CALC,"Entity deficit is an estimated position, not evidence of facility use or avoidable funding cost"
2026-01-04,E005,Aurelius UK,EMEA,4,4,0,5073186.006166252,0.0,5073186.006166252,False,False,ANALYST-CALC,"Entity deficit is an estimated position, not evidence of facility use or avoidable funding cost"
2026-01-04,E006,Aurelius Germany,EMEA,4,4,0,8399025.167070972,0.0,8399025.167070972,False,False,ANALYST-CALC,"Entity deficit is an estimated position, not evidence of facility use or avoidable funding cost"
2026-01-04,E007,Aurelius France,EMEA,3,2,1,1154035.404193515,-834626.7324263745,319408.6717671404,True,False,ANALYST-CALC,"Entity deficit is an estimated position, not evidence of facility use or avoidable funding cost"
2026-01-04,E008,Aurelius Netherlands,EMEA,3,3,0,5319816.854745242,0.0,5319816.854745242,False,False,ANALYST-CALC,"Entity deficit is an estimated position, not evidence of facility use or avoidable funding cost"
2026-01-04,E009,Aurelius Spain,EMEA,3,3,0,3944440.554252958,0.0,3944440.554252958,False,False,ANALYST-CALC,"Entity deficit is an estimated position, not evidence of facility use or avoidable funding cost"
2026-01-04,E010,Aurelius Singapore,APAC,4,3,1,1162806.258521696,-815563.2,347243.0585216961,True,False,ANALYST-CALC,"Entity deficit is an estimated position, not evidence of facility use or avoidable funding cost"
2026-01-04,E011,Aurelius Australia,APAC,3,3,0,6360309.150751184,0.0,6360309.150751184,False,False,ANALYST-CALC,"Entity deficit is an estimated position, not evidence of facility use or avoidable funding cost"
2026-01-04,E012,Aurelius Japan,APAC,3,3,0,549727.9588563711,0.0,549727.9588563711,False,False,ANALYST-CALC,"Entity deficit is an estimated position, not evidence of facility use or avoidable funding cost"
2026-01-04,E013,Aurelius Korea,APAC,3,3,0,3366.1068733162,0.0,3366.1068733162,False,False,ANALYST-CALC,"Entity deficit is an estimated position, not evidence of facility use or avoidable funding cost"
2026-01-04,E014,Aurelius India,APAC,3,3,0,563269.4721689123,0.0,563269.4721689123,False,False,ANALYST-CALC,"Entity deficit is an estimated position, not evidence of facility use or avoidable funding cost"
2026-01-04,E015,Aurelius Hong Kong,APAC,3,3,0,482700.8528522446,0.0,482700.8528522446,False,False,ANALYST-CALC,"Entity deficit is an estimated position, not evidence of facility use or avoidable funding cost"
2026-01-04,E016,Aurelius Global Sourcing,APAC,3,3,0,2625675.71,0.0,2625675.71,False,False,ANALYST-CALC,"Entity deficit is an estimated position, not evidence of facility use or avoidable funding cost"
2026-01-05,E001,Aurelius Group Holdings,NA,4,4,0,3519259.9,0.0,3519259.9,False,False,ANALYST-CALC,"Entity deficit is an estimated position, not evidence of facility use or avoidable funding cost"
2026-01-05,E002,Aurelius Home US,NA,5,5,0,6599869.43,0.0,6599869.43,False,False,ANALYST-CALC,"Entity deficit is an estimated position, not evidence of facility use or avoidable funding cost"
2026-01-05,E003,Aurelius Wellness US,NA,4,4,0,7645856.79,0.0,7645856.79,False,False,ANALYST-CALC,"Entity deficit is an estimated position, not evidence of facility use or avoidable funding cost"
2026-01-05,E004,Aurelius Canada,NA,3,3,0,2232418.8269714615,0.0,2232418.8269714615,False,False,ANALYST-CALC,"Entity deficit is an estimated position, not evidence of facility use or avoidable funding cost"
2026-01-05,E005,Aurelius UK,EMEA,4,4,0,4781678.168610863,0.0,4781678.168610863,False,False,ANALYST-CALC,"Entity deficit is an estimated position, not evidence of facility use or avoidable funding cost"
2026-01-05,E006,Aurelius Germany,EMEA,4,4,0,7853701.320904313,0.0,7853701.320904313,False,False,ANALYST-CALC,"Entity deficit is an estimated position, not evidence of facility use or avoidable funding cost"
2026-01-05,E007,Aurelius France,EMEA,3,2,1,1118401.3985351739,-966365.0950009825,152036.30353419133,True,False,ANALYST-CALC,"Entity deficit is an estimated position, not evidence of facility use or avoidable funding cost"
2026-01-05,E008,Aurelius Netherlands,EMEA,3,3,0,5053366.979748641,0.0,5053366.979748641,False,False,ANALYST-CALC,"Entity deficit is an estimated position, not evidence of facility use or avoidable funding cost"
2026-01-05,E009,Aurelius Spain,EMEA,3,3,0,4105232.9145756727,0.0,4105232.9145756727,False,False,ANALYST-CALC,"Entity deficit is an estimated position, not evidence of facility use or avoidable funding cost"
2026-01-05,E010,Aurelius Singapore,APAC,4,3,1,1141885.3004691554,-889252.92,252632.38046915544,True,False,ANALYST-CALC,"Entity deficit is an estimated position, not evidence of facility use or avoidable funding cost"
2026-01-05,E011,Aurelius Australia,APAC,3,3,0,7894619.672431487,0.0,7894619.672431487,False,False,ANALYST-CALC,"Entity deficit is an estimated position, not evidence of facility use or avoidable funding cost"
2026-01-05,E012,Aurelius Japan,APAC,3,3,0,551212.6507774997,0.0,551212.6507774997,False,False,ANALYST-CALC,"Entity deficit is an estimated position, not evidence of facility use or avoidable funding cost"
2026-01-05,E013,Aurelius Korea,APAC,3,3,0,3253.0726745735,0.0,3253.0726745735,False,False,ANALYST-CALC,"Entity deficit is an estimated position, not evidence of facility use or avoidable funding cost"
2026-01-05,E014,Aurelius India,APAC,3,3,0,515303.08943673735,0.0,515303.08943673735,False,False,ANALYST-CALC,"Entity deficit is an estimated position, not evidence of facility use or avoidable funding cost"
2026-01-05,E015,Aurelius Hong Kong,APAC,3,3,0,439522.5675737747,0.0,439522.5675737747,False,False,ANALYST-CALC,"Entity deficit is an estimated position, not evidence of facility use or avoidable funding cost"
2026-01-05,E016,Aurelius Global Sourcing,APAC,3,3,0,2822274.57,0.0,2822274.57,False,False,ANALYST-CALC,"Entity deficit is an estimated position, not evidence of facility use or avoidable funding cost"
2026-01-06,E001,Aurelius Group Holdings,NA,4,4,0,3955436.47,0.0,3955436.47,False,False,ANALYST-CALC,"Entity deficit is an estimated position, not evidence of facility use or avoidable funding cost"
2026-01-06,E002,Aurelius Home US,NA,5,5,0,7399598.27,0.0,7399598.27,False,False,ANALYST-CALC,"Entity deficit is an estimated position, not evidence of facility use or avoidable funding cost"
2026-01-06,E003,Aurelius Wellness US,NA,4,4,0,6858726.23,0.0,6858726.23,False,False,ANALYST-CALC,"Entity deficit is an estimated position, not evidence of facility use or avoidable funding cost"
2026-01-06,E004,Aurelius Canada,NA,3,3,0,2253798.266693021,0.0,2253798.266693021,False,False,ANALYST-CALC,"Entity deficit is an estimated position, not evidence of facility use or avoidable funding cost"
2026-01-06,E005,Aurelius UK,EMEA,4,4,0,4819780.469259084,0.0,4819780.469259084,False,False,ANALYST-CALC,"Entity deficit is an estimated position, not evidence of facility use or avoidable funding cost"
2026-01-06,E006,Aurelius Germany,EMEA,4,4,0,8257158.8293954665,0.0,8257158.8293954665,False,False,ANALYST-CALC,"Entity deficit is an estimated position, not evidence of facility use or avoidable funding cost"
2026-01-06,E007,Aurelius France,EMEA,3,2,1,1175389.1487366597,-1207305.7406528534,-31916.591916193778,True,True,ANALYST-CALC,"Entity deficit is an estimated position, not evidence of facility use or avoidable funding cost"
2026-01-06,E008,Aurelius Netherlands,EMEA,3,3,0,5296085.775514377,0.0,5296085.775514377,False,False,ANALYST-CALC,"Entity deficit is an estimated position, not evidence of facility use or avoidable funding cost"
2026-01-06,E009,Aurelius Spain,EMEA,3,3,0,3537958.0468943184,0.0,3537958.0468943184,False,False,ANALYST-CALC,"Entity deficit is an estimated position, not evidence of facility use or avoidable funding cost"
2026-01-06,E010,Aurelius Singapore,APAC,4,3,1,1200248.408228069,-1059337.87,140910.53822806902,True,False,ANALYST-CALC,"Entity deficit is an estimated position, not evidence of facility use or avoidable funding cost"
2026-01-06,E011,Aurelius Australia,APAC,3,3,0,6841431.110253237,0.0,6841431.110253237,False,False,ANALYST-CALC,"Entity deficit is an estimated position, not evidence of facility use or avoidable funding cost"
2026-01-06,E012,Aurelius Japan,APAC,3,3,0,554081.5337629741,0.0,554081.5337629741,False,False,ANALYST-CALC,"Entity deficit is an estimated position, not evidence of facility use or avoidable funding cost"
2026-01-06,E013,Aurelius Korea,APAC,3,3,0,3075.6231174606,0.0,3075.6231174606,False,False,ANALYST-CALC,"Entity deficit is an estimated position, not evidence of facility use or avoidable funding cost"
2026-01-06,E014,Aurelius India,APAC,3,3,0,483430.473612886,0.0,483430.473612886,False,False,ANALYST-CALC,"Entity deficit is an estimated position, not evidence of facility use or avoidable funding cost"
2026-01-06,E015,Aurelius Hong Kong,APAC,3,3,0,423769.59311883495,0.0,423769.59311883495,False,False,ANALYST-CALC,"Entity deficit is an estimated position, not evidence of facility use or avoidable funding cost"
2026-01-06,E016,Aurelius Global Sourcing,APAC,3,3,0,2888980.33,0.0,2888980.33,False,False,ANALYST-CALC,"Entity deficit is an estimated position, not evidence of facility use or avoidable funding cost"
2026-01-07,E001,Aurelius Group Holdings,NA,4,4,0,3831668.45,0.0,3831668.45,False,False,ANALYST-CALC,"Entity deficit is an estimated position, not evidence of facility use or avoidable funding cost"
2026-01-07,E002,Aurelius Home US,NA,5,5,0,6564872.680000001,0.0,6564872.680000001,False,False,ANALYST-CALC,"Entity deficit is an estimated position, not evidence of facility use or avoidable funding cost"
2026-01-07,E003,Aurelius Wellness US,NA,4,4,0,6571908.51,0.0,6571908.51,False,False,ANALYST-CALC,"Entity deficit is an estimated position, not evidence of facility use or avoidable funding cost"
2026-01-07,E004,Aurelius Canada,NA,3,3,0,2291439.27620426,0.0,2291439.27620426,False,False,ANALYST-CALC,"Entity deficit is an estimated position, not evidence of facility use or avoidable funding cost"
2026-01-07,E005,Aurelius UK,EMEA,4,4,0,4657664.255307841,0.0,4657664.255307841,False,False,ANALYST-CALC,"Entity deficit is an estimated position, not evidence of facility use or avoidable funding cost"
2026-01-07,E006,Aurelius Germany,EMEA,4,4,0,8202251.398791275,0.0,8202251.398791275,False,False,ANALYST-CALC,"Entity deficit is an estimated position, not evidence of facility use or avoidable funding cost"
2026-01-07,E007,Aurelius France,EMEA,3,2,1,1219756.7788491752,-1177183.999083999,42572.77976517612,True,False,ANALYST-CALC,"Entity deficit is an estimated position, not evidence of facility use or avoidable funding cost"
2026-01-07,E008,Aurelius Netherlands,EMEA,3,3,0,5732885.97291645,0.0,5732885.97291645,False,False,ANALYST-CALC,"Entity deficit is an estimated position, not evidence of facility use or avoidable funding cost"
2026-01-07,E009,Aurelius Spain,EMEA,3,3,0,3789238.5818192777,0.0,3789238.5818192777,False,False,ANALYST-CALC,"Entity deficit is an estimated position, not evidence of facility use or avoidable funding cost"
2026-01-07,E010,Aurelius Singapore,APAC,4,3,1,1174671.1548873617,-1045401.53,129269.62488736169,True,False,ANALYST-CALC,"Entity deficit is an estimated position, not evidence of facility use or avoidable funding cost"
2026-01-07,E011,Aurelius Australia,APAC,3,3,0,8444231.752069402,0.0,8444231.752069402,False,False,ANALYST-CALC,"Entity deficit is an estimated position, not evidence of facility use or avoidable funding cost"
2026-01-07,E012,Aurelius Japan,APAC,3,3,0,595633.081841796,0.0,595633.081841796,False,False,ANALYST-CALC,"Entity deficit is an estimated position, not evidence of facility use or avoidable funding cost"
2026-01-07,E013,Aurelius Korea,APAC,3,3,0,2795.65034508,0.0,2795.65034508,False,False,ANALYST-CALC,"Entity deficit is an estimated position, not evidence of facility use or avoidable funding cost"
2026-01-07,E014,Aurelius India,APAC,3,3,0,461408.90035563137,0.0,461408.90035563137,False,False,ANALYST-CALC,"Entity deficit is an estimated position, not evidence of facility use or avoidable funding cost"
2026-01-07,E015,Aurelius Hong Kong,APAC,3,3,0,405476.76649042504,0.0,405476.76649042504,False,False,ANALYST-CALC,"Entity deficit is an estimated position, not evidence of facility use or avoidable funding cost"
2026-01-07,E016,Aurelius Global Sourcing,APAC,3,3,0,2450827.59,0.0,2450827.59,False,False,ANALYST-CALC,"Entity deficit is an estimated position, not evidence of facility use or avoidable funding cost"
2026-01-08,E001,Aurelius Group Holdings,NA,4,4,0,3847843.56,0.0,3847843.56,False,False,ANALYST-CALC,"Entity deficit is an estimated position, not evidence of facility use or avoidable funding cost"
2026-01-08,E002,Aurelius Home US,NA,5,5,0,6684684.08,0.0,6684684.08,False,False,ANALYST-CALC,"Entity deficit is an estimated position, not evidence of facility use or avoidable funding cost"
2026-01-08,E003,Aurelius Wellness US,NA,4,4,0,7364921.22,0.0,7364921.22,False,False,ANALYST-CALC,"Entity deficit is an estimated position, not evidence of facility use or avoidable funding cost"
2026-01-08,E004,Aurelius Canada,NA,3,3,0,2422319.614910436,0.0,2422319.614910436,False,False,ANALYST-CALC,"Entity deficit is an estimated position, not evidence of facility use or avoidable funding cost"
2026-01-08,E005,Aurelius UK,EMEA,4,4,0,5060128.686496131,0.0,5060128.686496131,False,False,ANALYST-CALC,"Entity deficit is an estimated position, not evidence of facility use or avoidable funding cost"
2026-01-08,E006,Aurelius Germany,EMEA,4,4,0,8612519.546119165,0.0,8612519.546119165,False,False,ANALYST-CALC,"Entity deficit is an estimated position, not evidence of facility use or avoidable funding cost"
2026-01-08,E007,Aurelius France,EMEA,3,2,1,1337378.6112581193,-1275824.4619002012,61554.14935791807,True,False,ANALYST-CALC,"Entity deficit is an estimated position, not evidence of facility use or avoidable funding cost"
2026-01-08,E008,Aurelius Netherlands,EMEA,3,3,0,6347005.788576196,0.0,6347005.788576196,False,False,ANALYST-CALC,"Entity deficit is an estimated position, not evidence of facility use or avoidable funding cost"
2026-01-08,E009,Aurelius Spain,EMEA,3,3,0,4166314.4528125185,0.0,4166314.4528125185,False,False,ANALYST-CALC,"Entity deficit is an estimated position, not evidence of facility use or avoidable funding cost"
2026-01-08,E010,Aurelius Singapore,APAC,4,3,1,1146010.0845053073,-1028877.76,117132.32450530717,True,False,ANALYST-CALC,"Entity deficit is an estimated position, not evidence of facility use or avoidable funding cost"
2026-01-08,E011,Aurelius Australia,APAC,3,3,0,7057899.460692666,0.0,7057899.460692666,False,False,ANALYST-CALC,"Entity deficit is an estimated position, not evidence of facility use or avoidable funding cost"
2026-01-08,E012,Aurelius Japan,APAC,3,3,0,493692.030215064,0.0,493692.030215064,False,False,ANALYST-CALC,"Entity deficit is an estimated position, not evidence of facility use or avoidable funding cost"
2026-01-08,E013,Aurelius Korea,APAC,3,3,0,2883.8017169325,0.0,2883.8017169325,False,False,ANALYST-CALC,"Entity deficit is an estimated position, not evidence of facility use or avoidable funding cost"
2026-01-08,E014,Aurelius India,APAC,3,3,0,524136.234345605,0.0,524136.234345605,False,False,ANALYST-CALC,"Entity deficit is an estimated position, not evidence of facility use or avoidable funding cost"
2026-01-08,E015,Aurelius Hong Kong,APAC,3,3,0,469622.89716023626,0.0,469622.89716023626,False,False,ANALYST-CALC,"Entity deficit is an estimated position, not evidence of facility use or avoidable funding cost"
2026-01-08,E016,Aurelius Global Sourcing,APAC,3,3,0,2475754.74,0.0,2475754.74,False,False,ANALYST-CALC,"Entity deficit is an estimated position, not evidence of facility use or avoidable funding cost"
2026-01-09,E001,Aurelius Group Holdings,NA,4,4,0,3456806.12,0.0,3456806.12,False,False,ANALYST-CALC,"Entity deficit is an estimated position, not evidence of facility use or avoidable funding cost"
2026-01-09,E002,Aurelius Home US,NA,5,5,0,7469746.0,0.0,7469746.0,False,False,ANALYST-CALC,"Entity deficit is an estimated position, not evidence of facility use or avoidable funding cost"
2026-01-09,E003,Aurelius Wellness US,NA,4,4,0,7581675.63,0.0,7581675.63,False,False,ANALYST-CALC,"Entity deficit is an estimated position, not evidence of facility use or avoidable funding cost"
2026-01-09,E004,Aurelius Canada,NA,3,3,0,2292094.4148872932,0.0,2292094.4148872932,False,False,ANALYST-CALC,"Entity deficit is an estimated position, not evidence of facility use or avoidable funding cost"
2026-01-09,E005,Aurelius UK,EMEA,4,4,0,4768944.538874514,0.0,4768944.538874514,False,False,ANALYST-CALC,"Entity deficit is an estimated position, not evidence of facility use or avoidable funding cost"
2026-01-09,E006,Aurelius Germany,EMEA,4,4,0,8786250.154822454,0.0,8786250.154822454,False,False,ANALYST-CALC,"Entity deficit is an estimated position, not evidence of facility use or avoidable funding cost"
2026-01-09,E007,Aurelius France,EMEA,3,2,1,1367356.9598831795,-1253100.4576820321,114256.50220114744,True,False,ANALYST-CALC,"Entity deficit is an estimated position, not evidence of facility use or avoidable funding cost"
2026-01-09,E008,Aurelius Netherlands,EMEA,3,3,0,6543029.582343018,0.0,6543029.582343018,False,False,ANALYST-CALC,"Entity deficit is an estimated position, not evidence of facility use or avoidable funding cost"
2026-01-09,E009,Aurelius Spain,EMEA,3,3,0,3585180.8040650506,0.0,3585180.8040650506,False,False,ANALYST-CALC,"Entity deficit is an estimated position, not evidence of facility use or avoidable funding cost"
2026-01-09,E010,Aurelius Singapore,APAC,4,3,1,1226703.961993913,-868013.81,358690.1519939129,True,False,ANALYST-CALC,"Entity deficit is an estimated position, not evidence of facility use or avoidable funding cost"
2026-01-09,E011,Aurelius Australia,APAC,3,3,0,7199179.653761966,0.0,7199179.653761966,False,False,ANALYST-CALC,"Entity deficit is an estimated position, not evidence of facility use or avoidable funding cost"
2026-01-09,E012,Aurelius Japan,APAC,3,3,0,555525.2408066903,0.0,555525.2408066903,False,False,ANALYST-CALC,"Entity deficit is an estimated position, not evidence of facility use or avoidable funding cost"
2026-01-09,E013,Aurelius Korea,APAC,3,3,0,3139.1706973440005,0.0,3139.1706973440005,False,False,ANALYST-CALC,"Entity deficit is an estimated position, not evidence of facility use or avoidable funding cost"
2026-01-09,E014,Aurelius India,APAC,3,3,0,520991.190253695,0.0,520991.190253695,False,False,ANALYST-CALC,"Entity deficit is an estimated position, not evidence of facility use or avoidable funding cost"
2026-01-09,E015,Aurelius Hong Kong,APAC,3,3,0,474417.8702907516,0.0,474417.8702907516,False,False,ANALYST-CALC,"Entity deficit is an estimated position, not evidence of facility use or avoidable funding cost"
2026-01-09,E016,Aurelius Global Sourcing,APAC,3,3,0,2745889.09,0.0,2745889.09,False,False,ANALYST-CALC,"Entity deficit is an estimated position, not evidence of facility use or avoidable funding cost"
2026-01-10,E001,Aurelius Group Holdings,NA,4,4,0,3306114.38,0.0,3306114.38,False,False,ANALYST-CALC,"Entity deficit is an estimated position, not evidence of facility use or avoidable funding cost"
2026-01-10,E002,Aurelius Home US,NA,5,5,0,8670930.84,0.0,8670930.84,False,False,ANALYST-CALC,"Entity deficit is an estimated position, not evidence of facility use or avoidable funding cost"
2026-01-10,E003,Aurelius Wellness US,NA,4,4,0,7707788.01,0.0,7707788.01,False,False,ANALYST-CALC,"Entity deficit is an estimated position, not evidence of facility use or avoidable funding cost"
2026-01-10,E004,Aurelius Canada,NA,3,3,0,2160365.088850541,0.0,2160365.088850541,False,False,ANALYST-CALC,"Entity deficit is an estimated position, not evidence of facility use or avoidable funding cost"
2026-01-10,E005,Aurelius UK,EMEA,4,4,0,5314349.2092262395,0.0,5314349.2092262395,False,False,ANALYST-CALC,"Entity deficit is an estimated position, not evidence of facility use or avoidable funding cost"
2026-01-10,E006,Aurelius Germany,EMEA,4,4,0,8665783.458657015,0.0,8665783.458657015,False,False,ANALYST-CALC,"Entity deficit is an estimated position, not evidence of facility use or avoidable funding cost"
2026-01-10,E007,Aurelius France,EMEA,3,2,1,1331299.6608243333,-1090634.0723839668,240665.58844036644,True,False,ANALYST-CALC,"Entity deficit is an estimated position, not evidence of facility use or avoidable funding cost"
2026-01-10,E008,Aurelius Netherlands,EMEA,3,3,0,6436445.764631157,0.0,6436445.764631157,False,False,ANALYST-CALC,"Entity deficit is an estimated position, not evidence of facility use or avoidable funding cost"
2026-01-10,E009,Aurelius Spain,EMEA,3,3,0,3494294.6347695645,0.0,3494294.6347695645,False,False,ANALYST-CALC,"Entity deficit is an estimated position, not evidence of facility use or avoidable funding cost"
2026-01-10,E010,Aurelius Singapore,APAC,4,3,1,1335115.0074427323,-820151.44,514963.5674427325,True,False,ANALYST-CALC,"Entity deficit is an estimated position, not evidence of facility use or avoidable funding cost"
2026-01-10,E011,Aurelius Australia,APAC,3,3,0,7688077.66515432,0.0,7688077.66515432,False,False,ANALYST-CALC,"Entity deficit is an estimated position, not evidence of facility use or avoidable funding cost"
2026-01-10,E012,Aurelius Japan,APAC,3,3,0,593528.5591050368,0.0,593528.5591050368,False,False,ANALYST-CALC,"Entity deficit is an estimated position, not evidence of facility use or avoidable funding cost"
2026-01-10,E013,Aurelius Korea,APAC,3,3,0,3609.69988858,0.0,3609.69988858,False,False,ANALYST-CALC,"Entity deficit is an estimated position, not evidence of facility use or avoidable funding cost"
2026-01-10,E014,Aurelius India,APAC,3,3,0,527288.0891111374,0.0,527288.0891111374,False,False,ANALYST-CALC,"Entity deficit is an estimated position, not evidence of facility use or avoidable funding cost"
2026-01-10,E015,Aurelius Hong Kong,APAC,3,3,0,448777.4531854795,0.0,448777.4531854795,False,False,ANALYST-CALC,"Entity deficit is an estimated position, not evidence of facility use or avoidable funding cost"
2026-01-10,E016,Aurelius Global Sourcing,APAC,3,3,0,2834034.0,0.0,2834034.0,False,False,ANALYST-CALC,"Entity deficit is an estimated position, not evidence of facility use or avoidable funding cost"
2026-01-11,E001,Aurelius Group Holdings,NA,4,4,0,3357809.07,0.0,3357809.07,False,False,ANALYST-CALC,"Entity deficit is an estimated position, not evidence of facility use or avoidable funding cost"
2026-01-11,E002,Aurelius Home US,NA,5,5,0,7372672.4799999995,0.0,7372672.4799999995,False,False,ANALYST-CALC,"Entity deficit is an estimated position, not evidence of facility use or avoidable funding cost"
2026-01-11,E003,Aurelius Wellness US,NA,4,4,0,8109090.97,0.0,8109090.97,False,False,ANALYST-CALC,"Entity deficit is an estimated position, not evidence of facility use or avoidable funding cost"
2026-01-11,E004,Aurelius Canada,NA,3,3,0,2352419.9071756797,0.0,2352419.9071756797,False,False,ANALYST-CALC,"Entity deficit is an estimated position, not evidence of facility use or avoidable funding cost"
2026-01-11,E005,Aurelius UK,EMEA,4,4,0,4471286.297481677,0.0,4471286.297481677,False,False,ANALYST-CALC,"Entity deficit is an estimated position, not evidence of facility use or avoidable funding cost"
2026-01-11,E006,Aurelius Germany,EMEA,4,4,0,7563792.818071028,0.0,7563792.818071028,False,False,ANALYST-CALC,"Entity deficit is an estimated position, not evidence of facility use or avoidable funding cost"
2026-01-11,E007,Aurelius France,EMEA,3,2,1,1118588.324333784,-1023893.0742449332,94695.25008885073,True,False,ANALYST-CALC,"Entity deficit is an estimated position, not evidence of facility use or avoidable funding cost"
2026-01-11,E008,Aurelius Netherlands,EMEA,3,3,0,6160760.441821519,0.0,6160760.441821519,False,False,ANALYST-CALC,"Entity deficit is an estimated position, not evidence of facility use or avoidable funding cost"
2026-01-11,E009,Aurelius Spain,EMEA,3,3,0,3668151.92159035,0.0,3668151.92159035,False,False,ANALYST-CALC,"Entity deficit is an estimated position, not evidence of facility use or avoidable funding cost"
2026-01-11,E010,Aurelius Singapore,APAC,4,3,1,1225834.4789761428,-786099.54,439734.93897614273,True,False,ANALYST-CALC,"Entity deficit is an estimated position, not evidence of facility use or avoidable funding cost"
2026-01-11,E011,Aurelius Australia,APAC,3,3,0,6826822.0174428485,0.0,6826822.0174428485,False,False,ANALYST-CALC,"Entity deficit is an estimated position, not evidence of facility use or avoidable funding cost"
2026-01-11,E012,Aurelius Japan,APAC,3,3,0,548066.072727415,0.0,548066.072727415,False,False,ANALYST-CALC,"Entity deficit is an estimated position, not evidence of facility use or avoidable funding cost"
2026-01-11,E013,Aurelius Korea,APAC,3,3,0,3519.1113945660004,0.0,3519.1113945660004,False,False,ANALYST-CALC,"Entity deficit is an estimated position, not evidence of facility use or avoidable funding cost"
2026-01-11,E014,Aurelius India,APAC,3,3,0,483957.22041970363,0.0,483957.22041970363,False,False,ANALYST-CALC,"Entity deficit is an estimated position, not evidence of facility use or avoidable funding cost"
2026-01-11,E015,Aurelius Hong Kong,APAC,3,3,0,460133.05097753287,0.0,460133.05097753287,False,False,ANALYST-CALC,"Entity deficit is an estimated position, not evidence of facility use or avoidable funding cost"
2026-01-11,E016,Aurelius Global Sourcing,APAC,3,3,0,2737918.75,0.0,2737918.75,False,False,ANALYST-CALC,"Entity deficit is an estimated position, not evidence of facility use or avoidable funding cost"
2026-01-12,E001,Aurelius Group Holdings,NA,4,4,0,3405906.3,0.0,3405906.3,False,False,ANALYST-CALC,"Entity deficit is an estimated position, not evidence of facility use or avoidable funding cost"
2026-01-12,E002,Aurelius Home US,NA,5,5,0,7549275.63,0.0,7549275.63,False,False,ANALYST-CALC,"Entity deficit is an estimated position, not evidence of facility use or avoidable funding cost"
2026-01-12,E003,Aurelius Wellness US,NA,4,4,0,7855488.21,0.0,7855488.21,False,False,ANALYST-CALC,"Entity deficit is an estimated position, not evidence of facility use or avoidable funding cost"
2026-01-12,E004,Aurelius Canada,NA,3,3,0,2338957.403009175,0.0,2338957.403009175,False,False,ANALYST-CALC,"Entity deficit is an estimated position, not evidence of facility use or avoidable funding cost"
2026-01-12,E005,Aurelius UK,EMEA,4,4,0,4572391.345477664,0.0,4572391.345477664,False,False,ANALYST-CALC,"Entity deficit is an estimated position, not evidence of facility use or avoidable funding cost"
2026-01-12,E006,Aurelius Germany,EMEA,4,4,0,7965638.7755427845,0.0,7965638.7755427845,False,False,ANALYST-CALC,"Entity deficit is an estimated position, not evidence of facility use or avoidable funding cost"
2026-01-12,E007,Aurelius France,EMEA,3,2,1,1186038.7680219212,-1197386.7182173324,-11347.950195411104,True,True,ANALYST-CALC,"Entity deficit is an estimated position, not evidence of facility use or avoidable funding cost"
2026-01-12,E008,Aurelius Netherlands,EMEA,3,3,0,5106727.688246438,0.0,5106727.688246438,False,False,ANALYST-CALC,"Entity deficit is an estimated position, not evidence of facility use or avoidable funding cost"
2026-01-12,E009,Aurelius Spain,EMEA,3,3,0,3981488.848179356,0.0,3981488.848179356,False,False,ANALYST-CALC,"Entity deficit is an estimated position, not evidence of facility use or avoidable funding cost"
2026-01-12,E010,Aurelius Singapore,APAC,4,3,1,1243482.5932471997,-945760.91,297721.68324719975,True,False,ANALYST-CALC,"Entity deficit is an estimated position, not evidence of facility use or avoidable funding cost"
2026-01-12,E011,Aurelius Australia,APAC,3,3,0,6582530.016109263,0.0,6582530.016109263,False,False,ANALYST-CALC,"Entity deficit is an estimated position, not evidence of facility use or avoidable funding cost"
2026-01-12,E012,Aurelius Japan,APAC,3,3,0,507156.483532972,0.0,507156.483532972,False,False,ANALYST-CALC,"Entity deficit is an estimated position, not evidence of facility use or avoidable funding cost"
2026-01-12,E013,Aurelius Korea,APAC,3,3,0,3112.1918219304002,0.0,3112.1918219304002,False,False,ANALYST-CALC,"Entity deficit is an estimated position, not evidence of facility use or avoidable funding cost"
2026-01-12,E014,Aurelius India,APAC,3,3,0,506651.7332991385,0.0,506651.7332991385,False,False,ANALYST-CALC,"Entity deficit is an estimated position, not evidence of facility use or avoidable funding cost"
2026-01-12,E015,Aurelius Hong Kong,APAC,3,3,0,429017.34899218497,0.0,429017.34899218497,False,False,ANALYST-CALC,"Entity deficit is an estimated position, not evidence of facility use or avoidable funding cost"
2026-01-12,E016,Aurelius Global Sourcing,APAC,3,3,0,2981841.91,0.0,2981841.91,False,False,ANALYST-CALC,"Entity deficit is an estimated position, not evidence of facility use or avoidable funding cost"
2026-01-13,E001,Aurelius Group Holdings,NA,4,4,0,3811262.3200000003,0.0,3811262.3200000003,False,False,ANALYST-CALC,"Entity deficit is an estimated position, not evidence of facility use or avoidable funding cost"
2026-01-13,E002,Aurelius Home US,NA,5,5,0,6535996.720000001,0.0,6535996.720000001,False,False,ANALYST-CALC,"Entity deficit is an estimated position, not evidence of facility use or avoidable funding cost"
2026-01-13,E003,Aurelius Wellness US,NA,4,4,0,7145245.76,0.0,7145245.76,False,False,ANALYST-CALC,"Entity deficit is an estimated position, not evidence of facility use or avoidable funding cost"
2026-01-13,E004,Aurelius Canada,NA,3,3,0,2059438.0746521868,0.0,2059438.0746521868,False,False,ANALYST-CALC,"Entity deficit is an estimated position, not evidence of facility use or avoidable funding cost"
2026-01-13,E005,Aurelius UK,EMEA,4,4,0,5180208.457109572,0.0,5180208.457109572,False,False,ANALYST-CALC,"Entity deficit is an estimated position, not evidence of facility use or avoidable funding cost"
2026-01-13,E006,Aurelius Germany,EMEA,4,4,0,8382327.887909891,0.0,8382327.887909891,False,False,ANALYST-CALC,"Entity deficit is an estimated position, not evidence of facility use or avoidable funding cost"
2026-01-13,E007,Aurelius France,EMEA,3,2,1,1281501.4559280626,-1298225.9627391298,-16724.50681106723,True,True,ANALYST-CALC,"Entity deficit is an estimated position, not evidence of facility use or avoidable funding cost"
2026-01-13,E008,Aurelius Netherlands,EMEA,3,3,0,6073775.960642863,0.0,6073775.960642863,False,False,ANALYST-CALC,"Entity deficit is an estimated position, not evidence of facility use or avoidable funding cost"
2026-01-13,E009,Aurelius Spain,EMEA,3,3,0,4146102.8589126025,0.0,4146102.8589126025,False,False,ANALYST-CALC,"Entity deficit is an estimated position, not evidence of facility use or avoidable funding cost"
2026-01-13,E010,Aurelius Singapore,APAC,4,3,1,1047476.9051296165,-1029437.21,18039.6951296165,True,False,ANALYST-CALC,"Entity deficit is an estimated position, not evidence of facility use or avoidable funding cost"
2026-01-13,E011,Aurelius Australia,APAC,3,3,0,6937418.536194784,0.0,6937418.536194784,False,False,ANALYST-CALC,"Entity deficit is an estimated position, not evidence of facility use or avoidable funding cost"
2026-01-13,E012,Aurelius Japan,APAC,3,3,0,534987.0198533869,0.0,534987.0198533869,False,False,ANALYST-CALC,"Entity deficit is an estimated position, not evidence of facility use or avoidable funding cost"
2026-01-13,E013,Aurelius Korea,APAC,3,3,0,2900.800331694,0.0,2900.800331694,False,False,ANALYST-CALC,"Entity deficit is an estimated position, not evidence of facility use or avoidable funding cost"
2026-01-13,E014,Aurelius India,APAC,3,3,0,450631.668789218,0.0,450631.668789218,False,False,ANALYST-CALC,"Entity deficit is an estimated position, not evidence of facility use or avoidable funding cost"
2026-01-13,E015,Aurelius Hong Kong,APAC,3,3,0,381642.86048858124,0.0,381642.86048858124,False,False,ANALYST-CALC,"Entity deficit is an estimated position, not evidence of facility use or avoidable funding cost"
2026-01-13,E016,Aurelius Global Sourcing,APAC,3,3,0,2672146.1100000003,0.0,2672146.1100000003,False,False,ANALYST-CALC,"Entity deficit is an estimated position, not evidence of facility use or avoidable funding cost"
2026-01-14,E001,Aurelius Group Holdings,NA,4,4,0,3981642.09,0.0,3981642.09,False,False,ANALYST-CALC,"Entity deficit is an estimated position, not evidence of facility use or avoidable funding cost"
2026-01-14,E002,Aurelius Home US,NA,5,5,0,7034763.08,0.0,7034763.08,False,False,ANALYST-CALC,"Entity deficit is an estimated position, not evidence of facility use or avoidable funding cost"
2026-01-14,E003,Aurelius Wellness US,NA,4,4,0,7229666.29,0.0,7229666.29,False,False,ANALYST-CALC,"Entity deficit is an estimated position, not evidence of facility use or avoidable funding cost"
2026-01-14,E004,Aurelius Canada,NA,3,3,0,2204642.147060173,0.0,2204642.147060173,False,False,ANALYST-CALC,"Entity deficit is an estimated position, not evidence of facility use or avoidable funding cost"
2026-01-14,E005,Aurelius UK,EMEA,4,4,0,5011357.935020913,0.0,5011357.935020913,False,False,ANALYST-CALC,"Entity deficit is an estimated position, not evidence of facility use or avoidable funding cost"
2026-01-14,E006,Aurelius Germany,EMEA,4,4,0,8057068.942157087,0.0,8057068.942157087,False,False,ANALYST-CALC,"Entity deficit is an estimated position, not evidence of facility use or avoidable funding cost"
2026-01-14,E007,Aurelius France,EMEA,3,2,1,1116752.3315331768,-1358079.707315347,-241327.37578217016,True,True,ANALYST-CALC,"Entity deficit is an estimated position, not evidence of facility use or avoidable funding cost"
2026-01-14,E008,Aurelius Netherlands,EMEA,3,3,0,5889561.721326112,0.0,5889561.721326112,False,False,ANALYST-CALC,"Entity deficit is an estimated position, not evidence of facility use or avoidable funding cost"
2026-01-14,E009,Aurelius Spain,EMEA,3,3,0,3954033.723815214,0.0,3954033.723815214,False,False,ANALYST-CALC,"Entity deficit is an estimated position, not evidence of facility use or avoidable funding cost"
2026-01-14,E010,Aurelius Singapore,APAC,4,3,1,1073936.2360355442,-1043800.89,30135.34603554424,True,False,ANALYST-CALC,"Entity deficit is an estimated position, not evidence of facility use or avoidable funding cost"
2026-01-14,E011,Aurelius Australia,APAC,3,3,0,7080136.81800986,0.0,7080136.81800986,False,False,ANALYST-CALC,"Entity deficit is an estimated position, not evidence of facility use or avoidable funding cost"
2026-01-14,E012,Aurelius Japan,APAC,3,3,0,438741.5470469427,0.0,438741.5470469427,False,False,ANALYST-CALC,"Entity deficit is an estimated position, not evidence of facility use or avoidable funding cost"
2026-01-14,E013,Aurelius Korea,APAC,3,3,0,2948.171980248,0.0,2948.171980248,False,False,ANALYST-CALC,"Entity deficit is an estimated position, not evidence of facility use or avoidable funding cost"
2026-01-14,E014,Aurelius India,APAC,3,3,0,465640.9888627224,0.0,465640.9888627224,False,False,ANALYST-CALC,"Entity deficit is an estimated position, not evidence of facility use or avoidable funding cost"
2026-01-14,E015,Aurelius Hong Kong,APAC,3,3,0,444035.9003556927,0.0,444035.9003556927,False,False,ANALYST-CALC,"Entity deficit is an estimated position, not evidence of facility use or avoidable funding cost"
2026-01-14,E016,Aurelius Global Sourcing,APAC,3,3,0,2538261.11,0.0,2538261.11,False,False,ANALYST-CALC,"Entity deficit is an estimated position, not evidence of facility use or avoidable funding cost"
2026-01-15,E001,Aurelius Group Holdings,NA,4,4,0,3482063.9,0.0,3482063.9,False,False,ANALYST-CALC,"Entity deficit is an estimated position, not evidence of facility use or avoidable funding cost"
2026-01-15,E002,Aurelius Home US,NA,5,5,0,6784365.029999999,0.0,6784365.029999999,False,False,ANALYST-CALC,"Entity deficit is an estimated position, not evidence of facility use or avoidable funding cost"
2026-01-15,E003,Aurelius Wellness US,NA,4,4,0,7119064.4,0.0,7119064.4,False,False,ANALYST-CALC,"Entity deficit is an estimated position, not evidence of facility use or avoidable funding cost"
2026-01-15,E004,Aurelius Canada,NA,3,3,0,2352444.0145138996,0.0,2352444.0145138996,False,False,ANALYST-CALC,"Entity deficit is an estimated position, not evidence of facility use or avoidable funding cost"
2026-01-15,E005,Aurelius UK,EMEA,4,4,0,4704110.2857527295,0.0,4704110.2857527295,False,False,ANALYST-CALC,"Entity deficit is an estimated position, not evidence of facility use or avoidable funding cost"
2026-01-15,E006,Aurelius Germany,EMEA,4,4,0,7620387.603645263,0.0,7620387.603645263,False,False,ANALYST-CALC,"Entity deficit is an estimated position, not evidence of facility use or avoidable funding cost"
2026-01-15,E007,Aurelius France,EMEA,3,2,1,1338264.8677662872,-1322961.498869361,15303.368896926288,True,False,ANALYST-CALC,"Entity deficit is an estimated position, not evidence of facility use or avoidable funding cost"
2026-01-15,E008,Aurelius Netherlands,EMEA,3,3,0,6525232.246105574,0.0,6525232.246105574,False,False,ANALYST-CALC,"Entity deficit is an estimated position, not evidence of facility use or avoidable funding cost"
2026-01-15,E009,Aurelius Spain,EMEA,3,3,0,3876535.5505190417,0.0,3876535.5505190417,False,False,ANALYST-CALC,"Entity deficit is an estimated position, not evidence of facility use or avoidable funding cost"
2026-01-15,E010,Aurelius Singapore,APAC,4,3,1,1201678.5265049818,-1071417.41,130261.1165049818,True,False,ANALYST-CALC,"Entity deficit is an estimated position, not evidence of facility use or avoidable funding cost"
2026-01-15,E011,Aurelius Australia,APAC,3,3,0,7366498.957258283,0.0,7366498.957258283,False,False,ANALYST-CALC,"Entity deficit is an estimated position, not evidence of facility use or avoidable funding cost"
2026-01-15,E012,Aurelius Japan,APAC,3,3,0,549219.6991079908,0.0,549219.6991079908,False,False,ANALYST-CALC,"Entity deficit is an estimated position, not evidence of facility use or avoidable funding cost"
2026-01-15,E013,Aurelius Korea,APAC,3,3,0,2992.0734012464,0.0,2992.0734012464,False,False,ANALYST-CALC,"Entity deficit is an estimated position, not evidence of facility use or avoidable funding cost"
2026-01-15,E014,Aurelius India,APAC,3,3,0,502563.14658152,0.0,502563.14658152,False,False,ANALYST-CALC,"Entity deficit is an estimated position, not evidence of facility use or avoidable funding cost"
2026-01-15,E015,Aurelius Hong Kong,APAC,3,3,0,505774.192727111,0.0,505774.192727111,False,False,ANALYST-CALC,"Entity deficit is an estimated position, not evidence of facility use or avoidable funding cost"
2026-01-15,E016,Aurelius Global Sourcing,APAC,3,3,0,2272710.77,0.0,2272710.77,False,False,ANALYST-CALC,"Entity deficit is an estimated position, not evidence of facility use or avoidable funding cost"
2026-01-16,E001,Aurelius Group Holdings,NA,4,4,0,3573334.0100000002,0.0,3573334.0100000002,False,False,ANALYST-CALC,"Entity deficit is an estimated position, not evidence of facility use or avoidable funding cost"
2026-01-16,E002,Aurelius Home US,NA,5,5,0,8036091.41,0.0,8036091.41,False,False,ANALYST-CALC,"Entity deficit is an estimated position, not evidence of facility use or avoidable funding cost"
2026-01-16,E003,Aurelius Wellness US,NA,4,4,0,6204337.529999999,0.0,6204337.529999999,False,False,ANALYST-CALC,"Entity deficit is an estimated position, not evidence of facility use or avoidable funding cost"
2026-01-16,E004,Aurelius Canada,NA,3,3,0,2509748.2364995563,0.0,2509748.2364995563,False,False,ANALYST-CALC,"Entity deficit is an estimated position, not evidence of facility use or avoidable funding cost"
2026-01-16,E005,Aurelius UK,EMEA,4,4,0,5276780.230990337,0.0,5276780.230990337,False,False,ANALYST-CALC,"Entity deficit is an estimated position, not evidence of facility use or avoidable funding cost"
2026-01-16,E006,Aurelius Germany,EMEA,4,4,0,7914845.178402235,0.0,7914845.178402235,False,False,ANALYST-CALC,"Entity deficit is an estimated position, not evidence of facility use or avoidable funding cost"
2026-01-16,E007,Aurelius France,EMEA,3,2,1,1391273.0426416537,-1059214.9438267024,332058.09881495114,True,False,ANALYST-CALC,"Entity deficit is an estimated position, not evidence of facility use or avoidable funding cost"
2026-01-16,E008,Aurelius Netherlands,EMEA,3,3,0,6897471.819061322,0.0,6897471.819061322,False,False,ANALYST-CALC,"Entity deficit is an estimated position, not evidence of facility use or avoidable funding cost"
2026-01-16,E009,Aurelius Spain,EMEA,3,3,0,3910720.211655353,0.0,3910720.211655353,False,False,ANALYST-CALC,"Entity deficit is an estimated position, not evidence of facility use or avoidable funding cost"
2026-01-16,E010,Aurelius Singapore,APAC,4,3,1,1166423.0842227961,-953982.7,212440.38422279616,True,False,ANALYST-CALC,"Entity deficit is an estimated position, not evidence of facility use or avoidable funding cost"
2026-01-16,E011,Aurelius Australia,APAC,3,3,0,7025674.266871677,0.0,7025674.266871677,False,False,ANALYST-CALC,"Entity deficit is an estimated position, not evidence of facility use or avoidable funding cost"
2026-01-16,E012,Aurelius Japan,APAC,3,3,0,473771.7497444352,0.0,473771.7497444352,False,False,ANALYST-CALC,"Entity deficit is an estimated position, not evidence of facility use or avoidable funding cost"
2026-01-16,E013,Aurelius Korea,APAC,3,3,0,3059.6191878923996,0.0,3059.6191878923996,False,False,ANALYST-CALC,"Entity deficit is an estimated position, not evidence of facility use or avoidable funding cost"
2026-01-16,E014,Aurelius India,APAC,3,3,0,461583.1500906612,0.0,461583.1500906612,False,False,ANALYST-CALC,"Entity deficit is an estimated position, not evidence of facility use or avoidable funding cost"
2026-01-16,E015,Aurelius Hong Kong,APAC,3,3,0,459067.0723788262,0.0,459067.0723788262,False,False,ANALYST-CALC,"Entity deficit is an estimated position, not evidence of facility use or avoidable funding cost"
2026-01-16,E016,Aurelius Global Sourcing,APAC,3,3,0,2573006.0999999996,0.0,2573006.0999999996,False,False,ANALYST-CALC,"Entity deficit is an estimated position, not evidence of facility use or avoidable funding cost"
2026-01-17,E001,Aurelius Group Holdings,NA,4,4,0,2960798.5,0.0,2960798.5,False,False,ANALYST-CALC,"Entity deficit is an estimated position, not evidence of facility use or avoidable funding cost"
2026-01-17,E002,Aurelius Home US,NA,5,5,0,8222828.41,0.0,8222828.41,False,False,ANALYST-CALC,"Entity deficit is an estimated position, not evidence of facility use or avoidable funding cost"
2026-01-17,E003,Aurelius Wellness US,NA,4,4,0,7064451.57,0.0,7064451.57,False,False,ANALYST-CALC,"Entity deficit is an estimated position, not evidence of facility use or avoidable funding cost"
2026-01-17,E004,Aurelius Canada,NA,3,3,0,2484023.801655393,0.0,2484023.801655393,False,False,ANALYST-CALC,"Entity deficit is an estimated position, not evidence of facility use or avoidable funding cost"
2026-01-17,E005,Aurelius UK,EMEA,4,4,0,4703256.11731198,0.0,4703256.11731198,False,False,ANALYST-CALC,"Entity deficit is an estimated position, not evidence of facility use or avoidable funding cost"
2026-01-17,E006,Aurelius Germany,EMEA,4,4,0,8652790.502373295,0.0,8652790.502373295,False,False,ANALYST-CALC,"Entity deficit is an estimated position, not evidence of facility use or avoidable funding cost"
2026-01-17,E007,Aurelius France,EMEA,3,2,1,1327376.499138975,-1119350.0519060176,208026.44723295758,True,False,ANALYST-CALC,"Entity deficit is an estimated position, not evidence of facility use or avoidable funding cost"
2026-01-17,E008,Aurelius Netherlands,EMEA,3,3,0,6495458.142853363,0.0,6495458.142853363,False,False,ANALYST-CALC,"Entity deficit is an estimated position, not evidence of facility use or avoidable funding cost"
2026-01-17,E009,Aurelius Spain,EMEA,3,3,0,3549701.786332376,0.0,3549701.786332376,False,False,ANALYST-CALC,"Entity deficit is an estimated position, not evidence of facility use or avoidable funding cost"
2026-01-17,E010,Aurelius Singapore,APAC,4,3,1,1261458.9162089026,-922212.42,339246.49620890245,True,False,ANALYST-CALC,"Entity deficit is an estimated position, not evidence of facility use or avoidable funding cost"
2026-01-17,E011,Aurelius Australia,APAC,3,3,0,6375511.616149704,0.0,6375511.616149704,False,False,ANALYST-CALC,"Entity deficit is an estimated position, not evidence of facility use or avoidable funding cost"
2026-01-17,E012,Aurelius Japan,APAC,3,3,0,544138.0889394527,0.0,544138.0889394527,False,False,ANALYST-CALC,"Entity deficit is an estimated position, not evidence of facility use or avoidable funding cost"
2026-01-17,E013,Aurelius Korea,APAC,3,3,0,3331.7128239912004,0.0,3331.7128239912004,False,False,ANALYST-CALC,"Entity deficit is an estimated position, not evidence of facility use or avoidable funding cost"
2026-01-17,E014,Aurelius India,APAC,3,3,0,529445.0157497132,0.0,529445.0157497132,False,False,ANALYST-CALC,"Entity deficit is an estimated position, not evidence of facility use or avoidable funding cost"
2026-01-17,E015,Aurelius Hong Kong,APAC,3,3,0,468454.34478636,0.0,468454.34478636,False,False,ANALYST-CALC,"Entity deficit is an estimated position, not evidence of facility use or avoidable funding cost"
2026-01-17,E016,Aurelius Global Sourcing,APAC,3,3,0,2736202.7,0.0,2736202.7,False,False,ANALYST-CALC,"Entity deficit is an estimated position, not evidence of facility use or avoidable funding cost"
2026-01-18,E001,Aurelius Group Holdings,NA,4,4,0,3149164.4200000004,0.0,3149164.4200000004,False,False,ANALYST-CALC,"Entity deficit is an estimated position, not evidence of facility use or avoidable funding cost"
2026-01-18,E002,Aurelius Home US,NA,5,5,0,7169321.04,0.0,7169321.04,False,False,ANALYST-CALC,"Entity deficit is an estimated position, not evidence of facility use or avoidable funding cost"
2026-01-18,E003,Aurelius Wellness US,NA,4,4,0,8003832.13,0.0,8003832.13,False,False,ANALYST-CALC,"Entity deficit is an estimated position, not evidence of facility use or avoidable funding cost"
2026-01-18,E004,Aurelius Canada,NA,3,3,0,2310327.325244248,0.0,2310327.325244248,False,False,ANALYST-CALC,"Entity deficit is an estimated position, not evidence of facility use or avoidable funding cost"
2026-01-18,E005,Aurelius UK,EMEA,4,4,0,4866747.2350564115,0.0,4866747.2350564115,False,False,ANALYST-CALC,"Entity deficit is an estimated position, not evidence of facility use or avoidable funding cost"
2026-01-18,E006,Aurelius Germany,EMEA,4,4,0,8401072.772257492,0.0,8401072.772257492,False,False,ANALYST-CALC,"Entity deficit is an estimated position, not evidence of facility use or avoidable funding cost"
2026-01-18,E007,Aurelius France,EMEA,3,2,1,1143561.4008984184,-935993.677008126,207567.72389029246,True,False,ANALYST-CALC,"Entity deficit is an estimated position, not evidence of facility use or avoidable funding cost"
2026-01-18,E008,Aurelius Netherlands,EMEA,3,3,0,6019356.214985392,0.0,6019356.214985392,False,False,ANALYST-CALC,"Entity deficit is an estimated position, not evidence of facility use or avoidable funding cost"
2026-01-18,E009,Aurelius Spain,EMEA,3,3,0,3774787.247565287,0.0,3774787.247565287,False,False,ANALYST-CALC,"Entity deficit is an estimated position, not evidence of facility use or avoidable funding cost"
2026-01-18,E010,Aurelius Singapore,APAC,4,3,1,1256048.9059377168,-885735.62,370313.28593771695,True,False,ANALYST-CALC,"Entity deficit is an estimated position, not evidence of facility use or avoidable funding cost"
2026-01-18,E011,Aurelius Australia,APAC,3,3,0,6810113.418128299,0.0,6810113.418128299,False,False,ANALYST-CALC,"Entity deficit is an estimated position, not evidence of facility use or avoidable funding cost"
2026-01-18,E012,Aurelius Japan,APAC,3,3,0,568063.1908182584,0.0,568063.1908182584,False,False,ANALYST-CALC,"Entity deficit is an estimated position, not evidence of facility use or avoidable funding cost"
2026-01-18,E013,Aurelius Korea,APAC,3,3,0,3535.9108581573,0.0,3535.9108581573,False,False,ANALYST-CALC,"Entity deficit is an estimated position, not evidence of facility use or avoidable funding cost"
2026-01-18,E014,Aurelius India,APAC,3,3,0,516844.6865132326,0.0,516844.6865132326,False,False,ANALYST-CALC,"Entity deficit is an estimated position, not evidence of facility use or avoidable funding cost"
2026-01-18,E015,Aurelius Hong Kong,APAC,3,3,0,441004.4165599488,0.0,441004.4165599488,False,False,ANALYST-CALC,"Entity deficit is an estimated position, not evidence of facility use or avoidable funding cost"
2026-01-18,E016,Aurelius Global Sourcing,APAC,3,3,0,2877232.14,0.0,2877232.14,False,False,ANALYST-CALC,"Entity deficit is an estimated position, not evidence of facility use or avoidable funding cost"
2026-01-19,E001,Aurelius Group Holdings,NA,4,4,0,3978647.15,0.0,3978647.15,False,False,ANALYST-CALC,"Entity deficit is an estimated position, not evidence of facility use or avoidable funding cost"
2026-01-19,E002,Aurelius Home US,NA,5,5,0,7813482.3,0.0,7813482.3,False,False,ANALYST-CALC,"Entity deficit is an estimated position, not evidence of facility use or avoidable funding cost"
2026-01-19,E003,Aurelius Wellness US,NA,4,4,0,7947356.92,0.0,7947356.92,False,False,ANALYST-CALC,"Entity deficit is an estimated position, not evidence of facility use or avoidable funding cost"
2026-01-19,E004,Aurelius Canada,NA,3,3,0,2327446.652324212,0.0,2327446.652324212,False,False,ANALYST-CALC,"Entity deficit is an estimated position, not evidence of facility use or avoidable funding cost"
2026-01-19,E005,Aurelius UK,EMEA,4,4,0,5044264.097781254,0.0,5044264.097781254,False,False,ANALYST-CALC,"Entity deficit is an estimated position, not evidence of facility use or avoidable funding cost"
2026-01-19,E006,Aurelius Germany,EMEA,4,4,0,8089575.105481923,0.0,8089575.105481923,False,False,ANALYST-CALC,"Entity deficit is an estimated position, not evidence of facility use or avoidable funding cost"
2026-01-19,E007,Aurelius France,EMEA,3,2,1,1150343.967617381,-1220234.2405429734,-69890.27292559255,True,True,ANALYST-CALC,"Entity deficit is an estimated position, not evidence of facility use or avoidable funding cost"
2026-01-19,E008,Aurelius Netherlands,EMEA,3,3,0,5390994.405823697,0.0,5390994.405823697,False,False,ANALYST-CALC,"Entity deficit is an estimated position, not evidence of facility use or avoidable funding cost"
2026-01-19,E009,Aurelius Spain,EMEA,3,3,0,3661448.5354660098,0.0,3661448.5354660098,False,False,ANALYST-CALC,"Entity deficit is an estimated position, not evidence of facility use or avoidable funding cost"
2026-01-19,E010,Aurelius Singapore,APAC,4,3,1,1309014.7755737891,-802576.15,506438.625573789,True,False,ANALYST-CALC,"Entity deficit is an estimated position, not evidence of facility use or avoidable funding cost"
2026-01-19,E011,Aurelius Australia,APAC,3,3,0,7157815.698106969,0.0,7157815.698106969,False,False,ANALYST-CALC,"Entity deficit is an estimated position, not evidence of facility use or avoidable funding cost"
2026-01-19,E012,Aurelius Japan,APAC,3,3,0,584126.8553515216,0.0,584126.8553515216,False,False,ANALYST-CALC,"Entity deficit is an estimated position, not evidence of facility use or avoidable funding cost"
2026-01-19,E013,Aurelius Korea,APAC,3,3,0,3520.0387578091995,0.0,3520.0387578091995,False,False,ANALYST-CALC,"Entity deficit is an estimated position, not evidence of facility use or avoidable funding cost"
2026-01-19,E014,Aurelius India,APAC,3,3,0,536441.0541019188,0.0,536441.0541019188,False,False,ANALYST-CALC,"Entity deficit is an estimated position, not evidence of facility use or avoidable funding cost"
2026-01-19,E015,Aurelius Hong Kong,APAC,3,3,0,441548.05983772496,0.0,441548.05983772496,False,False,ANALYST-CALC,"Entity deficit is an estimated position, not evidence of facility use or avoidable funding cost"
2026-01-19,E016,Aurelius Global Sourcing,APAC,3,3,0,2971251.24,0.0,2971251.24,False,False,ANALYST-CALC,"Entity deficit is an estimated position, not evidence of facility use or avoidable funding cost"
2026-01-20,E001,Aurelius Group Holdings,NA,4,4,0,3894383.14,0.0,3894383.14,False,False,ANALYST-CALC,"Entity deficit is an estimated position, not evidence of facility use or avoidable funding cost"
2026-01-20,E002,Aurelius Home US,NA,5,5,0,6623792.71,0.0,6623792.71,False,False,ANALYST-CALC,"Entity deficit is an estimated position, not evidence of facility use or avoidable funding cost"
2026-01-20,E003,Aurelius Wellness US,NA,4,4,0,7955685.18,0.0,7955685.18,False,False,ANALYST-CALC,"Entity deficit is an estimated position, not evidence of facility use or avoidable funding cost"
2026-01-20,E004,Aurelius Canada,NA,3,3,0,1976330.0243138443,0.0,1976330.0243138443,False,False,ANALYST-CALC,"Entity deficit is an estimated position, not evidence of facility use or avoidable funding cost"
2026-01-20,E005,Aurelius UK,EMEA,4,4,0,4740060.811742176,0.0,4740060.811742176,False,False,ANALYST-CALC,"Entity deficit is an estimated position, not evidence of facility use or avoidable funding cost"
2026-01-20,E006,Aurelius Germany,EMEA,4,4,0,8617484.635888001,0.0,8617484.635888001,False,False,ANALYST-CALC,"Entity deficit is an estimated position, not evidence of facility use or avoidable funding cost"
2026-01-20,E007,Aurelius France,EMEA,3,2,1,1251203.1144464735,-1232399.6483546512,18803.466091822425,True,False,ANALYST-CALC,"Entity deficit is an estimated position, not evidence of facility use or avoidable funding cost"
2026-01-20,E008,Aurelius Netherlands,EMEA,3,3,0,5275342.272079979,0.0,5275342.272079979,False,False,ANALYST-CALC,"Entity deficit is an estimated position, not evidence of facility use or avoidable funding cost"
2026-01-20,E009,Aurelius Spain,EMEA,3,3,0,3974465.350832329,0.0,3974465.350832329,False,False,ANALYST-CALC,"Entity deficit is an estimated position, not evidence of facility use or avoidable funding cost"
2026-01-20,E010,Aurelius Singapore,APAC,4,3,1,1157106.8687818234,-922832.29,234274.5787818234,True,False,ANALYST-CALC,"Entity deficit is an estimated position, not evidence of facility use or avoidable funding cost"
2026-01-20,E011,Aurelius Australia,APAC,3,3,0,7176322.408194655,0.0,7176322.408194655,False,False,ANALYST-CALC,"Entity deficit is an estimated position, not evidence of facility use or avoidable funding cost"
2026-01-20,E012,Aurelius Japan,APAC,3,3,0,569911.3228498149,0.0,569911.3228498149,False,False,ANALYST-CALC,"Entity deficit is an estimated position, not evidence of facility use or avoidable funding cost"
2026-01-20,E013,Aurelius Korea,APAC,3,3,0,3121.7871192,0.0,3121.7871192,False,False,ANALYST-CALC,"Entity deficit is an estimated position, not evidence of facility use or avoidable funding cost"
2026-01-20,E014,Aurelius India,APAC,3,3,0,456232.3178286684,0.0,456232.3178286684,False,False,ANALYST-CALC,"Entity deficit is an estimated position, not evidence of facility use or avoidable funding cost"
2026-01-20,E015,Aurelius Hong Kong,APAC,3,3,0,393594.7160313586,0.0,393594.7160313586,False,False,ANALYST-CALC,"Entity deficit is an estimated position, not evidence of facility use or avoidable funding cost"
2026-01-20,E016,Aurelius Global Sourcing,APAC,3,3,0,2857739.15,0.0,2857739.15,False,False,ANALYST-CALC,"Entity deficit is an estimated position, not evidence of facility use or avoidable funding cost"
2026-01-21,E001,Aurelius Group Holdings,NA,4,4,0,3838298.85,0.0,3838298.85,False,False,ANALYST-CALC,"Entity deficit is an estimated position, not evidence of facility use or avoidable funding cost"
2026-01-21,E002,Aurelius Home US,NA,5,5,0,7138075.39,0.0,7138075.39,False,False,ANALYST-CALC,"Entity deficit is an estimated position, not evidence of facility use or avoidable funding cost"
2026-01-21,E003,Aurelius Wellness US,NA,4,4,0,6267065.9399999995,0.0,6267065.9399999995,False,False,ANALYST-CALC,"Entity deficit is an estimated position, not evidence of facility use or avoidable funding cost"
2026-01-21,E004,Aurelius Canada,NA,3,3,0,2366311.510638996,0.0,2366311.510638996,False,False,ANALYST-CALC,"Entity deficit is an estimated position, not evidence of facility use or avoidable funding cost"
2026-01-21,E005,Aurelius UK,EMEA,4,4,0,5095106.444456867,0.0,5095106.444456867,False,False,ANALYST-CALC,"Entity deficit is an estimated position, not evidence of facility use or avoidable funding cost"
2026-01-21,E006,Aurelius Germany,EMEA,4,4,0,9183336.940577954,0.0,9183336.940577954,False,False,ANALYST-CALC,"Entity deficit is an estimated position, not evidence of facility use or avoidable funding cost"
2026-01-21,E007,Aurelius France,EMEA,3,2,1,1232797.1979854263,-1247311.816636308,-14514.618650881806,True,True,ANALYST-CALC,"Entity deficit is an estimated position, not evidence of facility use or avoidable funding cost"
2026-01-21,E008,Aurelius Netherlands,EMEA,3,3,0,5905380.699061473,0.0,5905380.699061473,False,False,ANALYST-CALC,"Entity deficit is an estimated position, not evidence of facility use or avoidable funding cost"
2026-01-21,E009,Aurelius Spain,EMEA,3,3,0,4041741.4550680392,0.0,4041741.4550680392,False,False,ANALYST-CALC,"Entity deficit is an estimated position, not evidence of facility use or avoidable funding cost"
2026-01-21,E010,Aurelius Singapore,APAC,4,3,1,1111856.9380681876,-933825.33,178031.60806818758,True,False,ANALYST-CALC,"Entity deficit is an estimated position, not evidence of facility use or avoidable funding cost"
2026-01-21,E011,Aurelius Australia,APAC,3,3,0,7792608.927424632,0.0,7792608.927424632,False,False,ANALYST-CALC,"Entity deficit is an estimated position, not evidence of facility use or avoidable funding cost"
2026-01-21,E012,Aurelius Japan,APAC,3,3,0,533704.8925754619,0.0,533704.8925754619,False,False,ANALYST-CALC,"Entity deficit is an estimated position, not evidence of facility use or avoidable funding cost"
2026-01-21,E013,Aurelius Korea,APAC,3,3,0,3040.7361697296,0.0,3040.7361697296,False,False,ANALYST-CALC,"Entity deficit is an estimated position, not evidence of facility use or avoidable funding cost"
2026-01-21,E014,Aurelius India,APAC,3,3,0,517391.9547035196,0.0,517391.9547035196,False,False,ANALYST-CALC,"Entity deficit is an estimated position, not evidence of facility use or avoidable funding cost"
2026-01-21,E015,Aurelius Hong Kong,APAC,3,3,0,398945.96242451994,0.0,398945.96242451994,False,False,ANALYST-CALC,"Entity deficit is an estimated position, not evidence of facility use or avoidable funding cost"
2026-01-21,E016,Aurelius Global Sourcing,APAC,3,3,0,2408779.99,0.0,2408779.99,False,False,ANALYST-CALC,"Entity deficit is an estimated position, not evidence of facility use or avoidable funding cost"
2026-01-22,E001,Aurelius Group Holdings,NA,4,4,0,3665061.43,0.0,3665061.43,False,False,ANALYST-CALC,"Entity deficit is an estimated position, not evidence of facility use or avoidable funding cost"
2026-01-22,E002,Aurelius Home US,NA,5,5,0,7334104.92,0.0,7334104.92,False,False,ANALYST-CALC,"Entity deficit is an estimated position, not evidence of facility use or avoidable funding cost"
2026-01-22,E003,Aurelius Wellness US,NA,4,4,0,6633875.26,0.0,6633875.26,False,False,ANALYST-CALC,"Entity deficit is an estimated position, not evidence of facility use or avoidable funding cost"
2026-01-22,E004,Aurelius Canada,NA,3,3,0,2445102.123400063,0.0,2445102.123400063,False,False,ANALYST-CALC,"Entity deficit is an estimated position, not evidence of facility use or avoidable funding cost"
2026-01-22,E005,Aurelius UK,EMEA,4,4,0,5213284.657590304,0.0,5213284.657590304,False,False,ANALYST-CALC,"Entity deficit is an estimated position, not evidence of facility use or avoidable funding cost"
2026-01-22,E006,Aurelius Germany,EMEA,4,4,0,9628267.335548446,0.0,9628267.335548446,False,False,ANALYST-CALC,"Entity deficit is an estimated position, not evidence of facility use or avoidable funding cost"
2026-01-22,E007,Aurelius France,EMEA,3,2,1,1347061.1347816736,-1272868.0411334336,74193.09364824009,True,False,ANALYST-CALC,"Entity deficit is an estimated position, not evidence of facility use or avoidable funding cost"
2026-01-22,E008,Aurelius Netherlands,EMEA,3,3,0,6304262.063556537,0.0,6304262.063556537,False,False,ANALYST-CALC,"Entity deficit is an estimated position, not evidence of facility use or avoidable funding cost"
2026-01-22,E009,Aurelius Spain,EMEA,3,3,0,4124619.263606787,0.0,4124619.263606787,False,False,ANALYST-CALC,"Entity deficit is an estimated position, not evidence of facility use or avoidable funding cost"
2026-01-22,E010,Aurelius Singapore,APAC,4,3,1,1126470.4490783096,-994043.18,132427.26907830941,True,False,ANALYST-CALC,"Entity deficit is an estimated position, not evidence of facility use or avoidable funding cost"
2026-01-22,E011,Aurelius Australia,APAC,3,3,0,7356867.500673199,0.0,7356867.500673199,False,False,ANALYST-CALC,"Entity deficit is an estimated position, not evidence of facility use or avoidable funding cost"
2026-01-22,E012,Aurelius Japan,APAC,3,3,0,506817.0738998909,0.0,506817.0738998909,False,False,ANALYST-CALC,"Entity deficit is an estimated position, not evidence of facility use or avoidable funding cost"
2026-01-22,E013,Aurelius Korea,APAC,3,3,0,3008.0587593862,0.0,3008.0587593862,False,False,ANALYST-CALC,"Entity deficit is an estimated position, not evidence of facility use or avoidable funding cost"
2026-01-22,E014,Aurelius India,APAC,3,3,0,566865.56724133,0.0,566865.56724133,False,False,ANALYST-CALC,"Entity deficit is an estimated position, not evidence of facility use or avoidable funding cost"
2026-01-22,E015,Aurelius Hong Kong,APAC,3,3,0,446732.9938805535,0.0,446732.9938805535,False,False,ANALYST-CALC,"Entity deficit is an estimated position, not evidence of facility use or avoidable funding cost"
2026-01-22,E016,Aurelius Global Sourcing,APAC,3,3,0,2675056.6599999997,0.0,2675056.6599999997,False,False,ANALYST-CALC,"Entity deficit is an estimated position, not evidence of facility use or avoidable funding cost"
2026-01-23,E001,Aurelius Group Holdings,NA,4,4,0,3468453.65,0.0,3468453.65,False,False,ANALYST-CALC,"Entity deficit is an estimated position, not evidence of facility use or avoidable funding cost"
2026-01-23,E002,Aurelius Home US,NA,5,5,0,8020270.48,0.0,8020270.48,False,False,ANALYST-CALC,"Entity deficit is an estimated position, not evidence of facility use or avoidable funding cost"
2026-01-23,E003,Aurelius Wellness US,NA,4,4,0,6884947.11,0.0,6884947.11,False,False,ANALYST-CALC,"Entity deficit is an estimated position, not evidence of facility use or avoidable funding cost"
2026-01-23,E004,Aurelius Canada,NA,3,3,0,2255062.7270616153,0.0,2255062.7270616153,False,False,ANALYST-CALC,"Entity deficit is an estimated position, not evidence of facility use or avoidable funding cost"
2026-01-23,E005,Aurelius UK,EMEA,4,4,0,5021042.055455372,0.0,5021042.055455372,False,False,ANALYST-CALC,"Entity deficit is an estimated position, not evidence of facility use or avoidable funding cost"
2026-01-23,E006,Aurelius Germany,EMEA,4,4,0,8634183.581526378,0.0,8634183.581526378,False,False,ANALYST-CALC,"Entity deficit is an estimated position, not evidence of facility use or avoidable funding cost"
2026-01-23,E007,Aurelius France,EMEA,3,2,1,1333192.7346749569,-1019127.4140575118,314065.320617445,True,False,ANALYST-CALC,"Entity deficit is an estimated position, not evidence of facility use or avoidable funding cost"
2026-01-23,E008,Aurelius Netherlands,EMEA,3,3,0,6930426.31377475,0.0,6930426.31377475,False,False,ANALYST-CALC,"Entity deficit is an estimated position, not evidence of facility use or avoidable funding cost"
2026-01-23,E009,Aurelius Spain,EMEA,3,3,0,3296381.261389954,0.0,3296381.261389954,False,False,ANALYST-CALC,"Entity deficit is an estimated position, not evidence of facility use or avoidable funding cost"
2026-01-23,E010,Aurelius Singapore,APAC,4,3,1,1263381.4423164222,-996871.53,266509.91231642215,True,False,ANALYST-CALC,"Entity deficit is an estimated position, not evidence of facility use or avoidable funding cost"
2026-01-23,E011,Aurelius Australia,APAC,3,3,0,7110835.0112405205,0.0,7110835.0112405205,False,False,ANALYST-CALC,"Entity deficit is an estimated position, not evidence of facility use or avoidable funding cost"
2026-01-23,E012,Aurelius Japan,APAC,3,3,0,556215.3919739593,0.0,556215.3919739593,False,False,ANALYST-CALC,"Entity deficit is an estimated position, not evidence of facility use or avoidable funding cost"
2026-01-23,E013,Aurelius Korea,APAC,3,3,0,3044.8037284527,0.0,3044.8037284527,False,False,ANALYST-CALC,"Entity deficit is an estimated position, not evidence of facility use or avoidable funding cost"
2026-01-23,E014,Aurelius India,APAC,3,3,0,522465.27832336543,0.0,522465.27832336543,False,False,ANALYST-CALC,"Entity deficit is an estimated position, not evidence of facility use or avoidable funding cost"
2026-01-23,E015,Aurelius Hong Kong,APAC,3,3,0,400374.67768736096,0.0,400374.67768736096,False,False,ANALYST-CALC,"Entity deficit is an estimated position, not evidence of facility use or avoidable funding cost"
2026-01-23,E016,Aurelius Global Sourcing,APAC,3,3,0,2778055.0300000003,0.0,2778055.0300000003,False,False,ANALYST-CALC,"Entity deficit is an estimated position, not evidence of facility use or avoidable funding cost"
2026-01-24,E001,Aurelius Group Holdings,NA,4,4,0,3149837.69,0.0,3149837.69,False,False,ANALYST-CALC,"Entity deficit is an estimated position, not evidence of facility use or avoidable funding cost"
2026-01-24,E002,Aurelius Home US,NA,5,5,0,7984504.83,0.0,7984504.83,False,False,ANALYST-CALC,"Entity deficit is an estimated position, not evidence of facility use or avoidable funding cost"
2026-01-24,E003,Aurelius Wellness US,NA,4,4,0,7578394.55,0.0,7578394.55,False,False,ANALYST-CALC,"Entity deficit is an estimated position, not evidence of facility use or avoidable funding cost"
2026-01-24,E004,Aurelius Canada,NA,3,3,0,2260966.171855878,0.0,2260966.171855878,False,False,ANALYST-CALC,"Entity deficit is an estimated position, not evidence of facility use or avoidable funding cost"
2026-01-24,E005,Aurelius UK,EMEA,4,4,0,5235882.6197161535,0.0,5235882.6197161535,False,False,ANALYST-CALC,"Entity deficit is an estimated position, not evidence of facility use or avoidable funding cost"
2026-01-24,E006,Aurelius Germany,EMEA,4,4,0,8380731.691985549,0.0,8380731.691985549,False,False,ANALYST-CALC,"Entity deficit is an estimated position, not evidence of facility use or avoidable funding cost"
2026-01-24,E007,Aurelius France,EMEA,3,2,1,1330469.494507846,-900488.7076699511,429980.78683789494,True,False,ANALYST-CALC,"Entity deficit is an estimated position, not evidence of facility use or avoidable funding cost"
2026-01-24,E008,Aurelius Netherlands,EMEA,3,3,0,6146712.838740232,0.0,6146712.838740232,False,False,ANALYST-CALC,"Entity deficit is an estimated position, not evidence of facility use or avoidable funding cost"
2026-01-24,E009,Aurelius Spain,EMEA,3,3,0,3969837.306376942,0.0,3969837.306376942,False,False,ANALYST-CALC,"Entity deficit is an estimated position, not evidence of facility use or avoidable funding cost"
2026-01-24,E010,Aurelius Singapore,APAC,4,3,1,1304697.6931968457,-918522.14,386175.5531968456,True,False,ANALYST-CALC,"Entity deficit is an estimated position, not evidence of facility use or avoidable funding cost"
2026-01-24,E011,Aurelius Australia,APAC,3,3,0,6590237.880956903,0.0,6590237.880956903,False,False,ANALYST-CALC,"Entity deficit is an estimated position, not evidence of facility use or avoidable funding cost"
2026-01-24,E012,Aurelius Japan,APAC,3,3,0,566150.5597122321,0.0,566150.5597122321,False,False,ANALYST-CALC,"Entity deficit is an estimated position, not evidence of facility use or avoidable funding cost"
2026-01-24,E013,Aurelius Korea,APAC,3,3,0,3299.796147275,0.0,3299.796147275,False,False,ANALYST-CALC,"Entity deficit is an estimated position, not evidence of facility use or avoidable funding cost"
2026-01-24,E014,Aurelius India,APAC,3,3,0,531998.759318684,0.0,531998.759318684,False,False,ANALYST-CALC,"Entity deficit is an estimated position, not evidence of facility use or avoidable funding cost"
2026-01-24,E015,Aurelius Hong Kong,APAC,3,3,0,483647.003079345,0.0,483647.003079345,False,False,ANALYST-CALC,"Entity deficit is an estimated position, not evidence of facility use or avoidable funding cost"
2026-01-24,E016,Aurelius Global Sourcing,APAC,3,3,0,2540451.19,0.0,2540451.19,False,False,ANALYST-CALC,"Entity deficit is an estimated position, not evidence of facility use or avoidable funding cost"
2026-01-25,E001,Aurelius Group Holdings,NA,4,4,0,3018362.33,0.0,3018362.33,False,False,ANALYST-CALC,"Entity deficit is an estimated position, not evidence of facility use or avoidable funding cost"
2026-01-25,E002,Aurelius Home US,NA,5,5,0,8443808.82,0.0,8443808.82,False,False,ANALYST-CALC,"Entity deficit is an estimated position, not evidence of facility use or avoidable funding cost"
2026-01-25,E003,Aurelius Wellness US,NA,4,4,0,8396107.64,0.0,8396107.64,False,False,ANALYST-CALC,"Entity deficit is an estimated position, not evidence of facility use or avoidable funding cost"
2026-01-25,E004,Aurelius Canada,NA,3,3,0,2459391.979868642,0.0,2459391.979868642,False,False,ANALYST-CALC,"Entity deficit is an estimated position, not evidence of facility use or avoidable funding cost"
2026-01-25,E005,Aurelius UK,EMEA,4,4,0,4834634.800616615,0.0,4834634.800616615,False,False,ANALYST-CALC,"Entity deficit is an estimated position, not evidence of facility use or avoidable funding cost"
2026-01-25,E006,Aurelius Germany,EMEA,4,4,0,8572775.02091438,0.0,8572775.02091438,False,False,ANALYST-CALC,"Entity deficit is an estimated position, not evidence of facility use or avoidable funding cost"
2026-01-25,E007,Aurelius France,EMEA,3,2,1,1251681.9585996866,-955939.2990631423,295742.6595365444,True,False,ANALYST-CALC,"Entity deficit is an estimated position, not evidence of facility use or avoidable funding cost"
2026-01-25,E008,Aurelius Netherlands,EMEA,3,3,0,5457290.452673215,0.0,5457290.452673215,False,False,ANALYST-CALC,"Entity deficit is an estimated position, not evidence of facility use or avoidable funding cost"
2026-01-25,E009,Aurelius Spain,EMEA,3,3,0,3724978.046182852,0.0,3724978.046182852,False,False,ANALYST-CALC,"Entity deficit is an estimated position, not evidence of facility use or avoidable funding cost"
2026-01-25,E010,Aurelius Singapore,APAC,4,3,1,1242572.066421799,-751712.43,490859.6364217989,True,False,ANALYST-CALC,"Entity deficit is an estimated position, not evidence of facility use or avoidable funding cost"
2026-01-25,E011,Aurelius Australia,APAC,3,3,0,6886340.717601934,0.0,6886340.717601934,False,False,ANALYST-CALC,"Entity deficit is an estimated position, not evidence of facility use or avoidable funding cost"
2026-01-25,E012,Aurelius Japan,APAC,3,3,0,622980.70602408,0.0,622980.70602408,False,False,ANALYST-CALC,"Entity deficit is an estimated position, not evidence of facility use or avoidable funding cost"
2026-01-25,E013,Aurelius Korea,APAC,3,3,0,3407.7146824543997,0.0,3407.7146824543997,False,False,ANALYST-CALC,"Entity deficit is an estimated position, not evidence of facility use or avoidable funding cost"
2026-01-25,E014,Aurelius India,APAC,3,3,0,518342.8724437892,0.0,518342.8724437892,False,False,ANALYST-CALC,"Entity deficit is an estimated position, not evidence of facility use or avoidable funding cost"
2026-01-25,E015,Aurelius Hong Kong,APAC,3,3,0,497708.61057646584,0.0,497708.61057646584,False,False,ANALYST-CALC,"Entity deficit is an estimated position, not evidence of facility use or avoidable funding cost"
2026-01-25,E016,Aurelius Global Sourcing,APAC,3,3,0,2806139.84,0.0,2806139.84,False,False,ANALYST-CALC,"Entity deficit is an estimated position, not evidence of facility use or avoidable funding cost"
2026-01-26,E001,Aurelius Group Holdings,NA,4,4,0,3353771.34,0.0,3353771.34,False,False,ANALYST-CALC,"Entity deficit is an estimated position, not evidence of facility use or avoidable funding cost"
2026-01-26,E002,Aurelius Home US,NA,5,5,0,7804766.03,0.0,7804766.03,False,False,ANALYST-CALC,"Entity deficit is an estimated position, not evidence of facility use or avoidable funding cost"
2026-01-26,E003,Aurelius Wellness US,NA,4,4,0,7904723.989999999,0.0,7904723.989999999,False,False,ANALYST-CALC,"Entity deficit is an estimated position, not evidence of facility use or avoidable funding cost"
2026-01-26,E004,Aurelius Canada,NA,3,3,0,2345648.5174619695,0.0,2345648.5174619695,False,False,ANALYST-CALC,"Entity deficit is an estimated position, not evidence of facility use or avoidable funding cost"
2026-01-26,E005,Aurelius UK,EMEA,4,4,0,4308808.824389198,0.0,4308808.824389198,False,False,ANALYST-CALC,"Entity deficit is an estimated position, not evidence of facility use or avoidable funding cost"
2026-01-26,E006,Aurelius Germany,EMEA,4,4,0,7705251.751013824,0.0,7705251.751013824,False,False,ANALYST-CALC,"Entity deficit is an estimated position, not evidence of facility use or avoidable funding cost"
2026-01-26,E007,Aurelius France,EMEA,3,2,1,1194348.8436609318,-1046497.6316521821,147851.21200874978,True,False,ANALYST-CALC,"Entity deficit is an estimated position, not evidence of facility use or avoidable funding cost"
2026-01-26,E008,Aurelius Netherlands,EMEA,3,3,0,5370591.863364463,0.0,5370591.863364463,False,False,ANALYST-CALC,"Entity deficit is an estimated position, not evidence of facility use or avoidable funding cost"
2026-01-26,E009,Aurelius Spain,EMEA,3,3,0,3832206.9680221425,0.0,3832206.9680221425,False,False,ANALYST-CALC,"Entity deficit is an estimated position, not evidence of facility use or avoidable funding cost"
2026-01-26,E010,Aurelius Singapore,APAC,4,3,1,1216054.518427512,-911597.03,304457.4884275119,True,False,ANALYST-CALC,"Entity deficit is an estimated position, not evidence of facility use or avoidable funding cost"
2026-01-26,E011,Aurelius Australia,APAC,3,3,0,6851446.199731954,0.0,6851446.199731954,False,False,ANALYST-CALC,"Entity deficit is an estimated position, not evidence of facility use or avoidable funding cost"
2026-01-26,E012,Aurelius Japan,APAC,3,3,0,623011.335823904,0.0,623011.335823904,False,False,ANALYST-CALC,"Entity deficit is an estimated position, not evidence of facility use or avoidable funding cost"
2026-01-26,E013,Aurelius Korea,APAC,3,3,0,3126.3751567347003,0.0,3126.3751567347003,False,False,ANALYST-CALC,"Entity deficit is an estimated position, not evidence of facility use or avoidable funding cost"
2026-01-26,E014,Aurelius India,APAC,3,3,0,454029.357724384,0.0,454029.357724384,False,False,ANALYST-CALC,"Entity deficit is an estimated position, not evidence of facility use or avoidable funding cost"
2026-01-26,E015,Aurelius Hong Kong,APAC,3,3,0,451389.0823879096,0.0,451389.0823879096,False,False,ANALYST-CALC,"Entity deficit is an estimated position, not evidence of facility use or avoidable funding cost"
2026-01-26,E016,Aurelius Global Sourcing,APAC,3,3,0,2722512.95,0.0,2722512.95,False,False,ANALYST-CALC,"Entity deficit is an estimated position, not evidence of facility use or avoidable funding cost"
2026-01-27,E001,Aurelius Group Holdings,NA,4,4,0,4197123.5,0.0,4197123.5,False,False,ANALYST-CALC,"Entity deficit is an estimated position, not evidence of facility use or avoidable funding cost"
2026-01-27,E002,Aurelius Home US,NA,5,5,0,7461403.91,0.0,7461403.91,False,False,ANALYST-CALC,"Entity deficit is an estimated position, not evidence of facility use or avoidable funding cost"
2026-01-27,E003,Aurelius Wellness US,NA,4,4,0,7064056.79,0.0,7064056.79,False,False,ANALYST-CALC,"Entity deficit is an estimated position, not evidence of facility use or avoidable funding cost"
2026-01-27,E004,Aurelius Canada,NA,3,3,0,2156231.633068881,0.0,2156231.633068881,False,False,ANALYST-CALC,"Entity deficit is an estimated position, not evidence of facility use or avoidable funding cost"
2026-01-27,E005,Aurelius UK,EMEA,4,4,0,4745302.3773119375,0.0,4745302.3773119375,False,False,ANALYST-CALC,"Entity deficit is an estimated position, not evidence of facility use or avoidable funding cost"
2026-01-27,E006,Aurelius Germany,EMEA,4,4,0,8887956.237963812,0.0,8887956.237963812,False,False,ANALYST-CALC,"Entity deficit is an estimated position, not evidence of facility use or avoidable funding cost"
2026-01-27,E007,Aurelius France,EMEA,3,2,1,1174728.7528053387,-1345568.8226445853,-170840.06983924657,True,True,ANALYST-CALC,"Entity deficit is an estimated position, not evidence of facility use or avoidable funding cost"
2026-01-27,E008,Aurelius Netherlands,EMEA,3,3,0,5920408.052929307,0.0,5920408.052929307,False,False,ANALYST-CALC,"Entity deficit is an estimated position, not evidence of facility use or avoidable funding cost"
2026-01-27,E009,Aurelius Spain,EMEA,3,3,0,4089934.8673812086,0.0,4089934.8673812086,False,False,ANALYST-CALC,"Entity deficit is an estimated position, not evidence of facility use or avoidable funding cost"
2026-01-27,E010,Aurelius Singapore,APAC,4,3,1,1122122.1876749098,-838365.54,283756.64767490985,True,False,ANALYST-CALC,"Entity deficit is an estimated position, not evidence of facility use or avoidable funding cost"
2026-01-27,E011,Aurelius Australia,APAC,3,3,0,7022375.91988205,0.0,7022375.91988205,False,False,ANALYST-CALC,"Entity deficit is an estimated position, not evidence of facility use or avoidable funding cost"
2026-01-27,E012,Aurelius Japan,APAC,3,3,0,512081.2811520514,0.0,512081.2811520514,False,False,ANALYST-CALC,"Entity deficit is an estimated position, not evidence of facility use or avoidable funding cost"
2026-01-27,E013,Aurelius Korea,APAC,3,3,0,3010.78171302,0.0,3010.78171302,False,False,ANALYST-CALC,"Entity deficit is an estimated position, not evidence of facility use or avoidable funding cost"
2026-01-27,E014,Aurelius India,APAC,3,3,0,480129.5318166538,0.0,480129.5318166538,False,False,ANALYST-CALC,"Entity deficit is an estimated position, not evidence of facility use or avoidable funding cost"
2026-01-27,E015,Aurelius Hong Kong,APAC,3,3,0,422307.354565068,0.0,422307.354565068,False,False,ANALYST-CALC,"Entity deficit is an estimated position, not evidence of facility use or avoidable funding cost"
2026-01-27,E016,Aurelius Global Sourcing,APAC,3,3,0,2819301.46,0.0,2819301.46,False,False,ANALYST-CALC,"Entity deficit is an estimated position, not evidence of facility use or avoidable funding cost"
2026-01-28,E001,Aurelius Group Holdings,NA,4,4,0,3839774.76,0.0,3839774.76,False,False,ANALYST-CALC,"Entity deficit is an estimated position, not evidence of facility use or avoidable funding cost"
2026-01-28,E002,Aurelius Home US,NA,5,5,0,7275688.04,0.0,7275688.04,False,False,ANALYST-CALC,"Entity deficit is an estimated position, not evidence of facility use or avoidable funding cost"
2026-01-28,E003,Aurelius Wellness US,NA,4,4,0,6608670.92,0.0,6608670.92,False,False,ANALYST-CALC,"Entity deficit is an estimated position, not evidence of facility use or avoidable funding cost"
2026-01-28,E004,Aurelius Canada,NA,3,3,0,2176996.5231108805,0.0,2176996.5231108805,False,False,ANALYST-CALC,"Entity deficit is an estimated position, not evidence of facility use or avoidable funding cost"
2026-01-28,E005,Aurelius UK,EMEA,4,4,0,4921711.24102363,0.0,4921711.24102363,False,False,ANALYST-CALC,"Entity deficit is an estimated position, not evidence of facility use or avoidable funding cost"
2026-01-28,E006,Aurelius Germany,EMEA,4,4,0,9038611.191991076,0.0,9038611.191991076,False,False,ANALYST-CALC,"Entity deficit is an estimated position, not evidence of facility use or avoidable funding cost"
2026-01-28,E007,Aurelius France,EMEA,3,2,1,1288297.6534432732,-1415579.2430565723,-127281.58961329906,True,True,ANALYST-CALC,"Entity deficit is an estimated position, not evidence of facility use or avoidable funding cost"
2026-01-28,E008,Aurelius Netherlands,EMEA,3,3,0,5979145.93310312,0.0,5979145.93310312,False,False,ANALYST-CALC,"Entity deficit is an estimated position, not evidence of facility use or avoidable funding cost"
2026-01-28,E009,Aurelius Spain,EMEA,3,3,0,3870138.331971403,0.0,3870138.331971403,False,False,ANALYST-CALC,"Entity deficit is an estimated position, not evidence of facility use or avoidable funding cost"
2026-01-28,E010,Aurelius Singapore,APAC,4,3,1,955825.6041088919,-993365.91,-37540.305891108095,True,True,ANALYST-CALC,"Entity deficit is an estimated position, not evidence of facility use or avoidable funding cost"
2026-01-28,E011,Aurelius Australia,APAC,3,3,0,8282166.519213539,0.0,8282166.519213539,False,False,ANALYST-CALC,"Entity deficit is an estimated position, not evidence of facility use or avoidable funding cost"
2026-01-28,E012,Aurelius Japan,APAC,3,3,0,518187.59907729994,0.0,518187.59907729994,False,False,ANALYST-CALC,"Entity deficit is an estimated position, not evidence of facility use or avoidable funding cost"
2026-01-28,E013,Aurelius Korea,APAC,3,3,0,3158.9483134971,0.0,3158.9483134971,False,False,ANALYST-CALC,"Entity deficit is an estimated position, not evidence of facility use or avoidable funding cost"
2026-01-28,E014,Aurelius India,APAC,3,3,0,432626.68131467496,0.0,432626.68131467496,False,False,ANALYST-CALC,"Entity deficit is an estimated position, not evidence of facility use or avoidable funding cost"
2026-01-28,E015,Aurelius Hong Kong,APAC,3,3,0,483561.9225464664,0.0,483561.9225464664,False,False,ANALYST-CALC,"Entity deficit is an estimated position, not evidence of facility use or avoidable funding cost"
2026-01-28,E016,Aurelius Global Sourcing,APAC,3,3,0,2581199.86,0.0,2581199.86,False,False,ANALYST-CALC,"Entity deficit is an estimated position, not evidence of facility use or avoidable funding cost"
2026-01-29,E001,Aurelius Group Holdings,NA,4,4,0,3538634.52,0.0,3538634.52,False,False,ANALYST-CALC,"Entity deficit is an estimated position, not evidence of facility use or avoidable funding cost"
2026-01-29,E002,Aurelius Home US,NA,5,5,0,7532823.68,0.0,7532823.68,False,False,ANALYST-CALC,"Entity deficit is an estimated position, not evidence of facility use or avoidable funding cost"
2026-01-29,E003,Aurelius Wellness US,NA,4,4,0,6682154.04,0.0,6682154.04,False,False,ANALYST-CALC,"Entity deficit is an estimated position, not evidence of facility use or avoidable funding cost"
2026-01-29,E004,Aurelius Canada,NA,3,3,0,2145065.5484099425,0.0,2145065.5484099425,False,False,ANALYST-CALC,"Entity deficit is an estimated position, not evidence of facility use or avoidable funding cost"
2026-01-29,E005,Aurelius UK,EMEA,4,4,0,5087475.8356019305,0.0,5087475.8356019305,False,False,ANALYST-CALC,"Entity deficit is an estimated position, not evidence of facility use or avoidable funding cost"
2026-01-29,E006,Aurelius Germany,EMEA,4,4,0,8951360.781037215,0.0,8951360.781037215,False,False,ANALYST-CALC,"Entity deficit is an estimated position, not evidence of facility use or avoidable funding cost"
2026-01-29,E007,Aurelius France,EMEA,3,2,1,1348514.3416725334,-1213317.0849810254,135197.25669150794,True,False,ANALYST-CALC,"Entity deficit is an estimated position, not evidence of facility use or avoidable funding cost"
2026-01-29,E008,Aurelius Netherlands,EMEA,3,3,0,6974896.769165526,0.0,6974896.769165526,False,False,ANALYST-CALC,"Entity deficit is an estimated position, not evidence of facility use or avoidable funding cost"
2026-01-29,E009,Aurelius Spain,EMEA,3,3,0,3548642.7056518816,0.0,3548642.7056518816,False,False,ANALYST-CALC,"Entity deficit is an estimated position, not evidence of facility use or avoidable funding cost"
2026-01-29,E010,Aurelius Singapore,APAC,4,3,1,1262933.346012485,-927032.86,335900.48601248494,True,False,ANALYST-CALC,"Entity deficit is an estimated position, not evidence of facility use or avoidable funding cost"
2026-01-29,E011,Aurelius Australia,APAC,3,3,0,7314911.3263056325,0.0,7314911.3263056325,False,False,ANALYST-CALC,"Entity deficit is an estimated position, not evidence of facility use or avoidable funding cost"
2026-01-29,E012,Aurelius Japan,APAC,3,3,0,557583.0528127605,0.0,557583.0528127605,False,False,ANALYST-CALC,"Entity deficit is an estimated position, not evidence of facility use or avoidable funding cost"
2026-01-29,E013,Aurelius Korea,APAC,3,3,0,3032.9256176538,0.0,3032.9256176538,False,False,ANALYST-CALC,"Entity deficit is an estimated position, not evidence of facility use or avoidable funding cost"
2026-01-29,E014,Aurelius India,APAC,3,3,0,542970.2449527128,0.0,542970.2449527128,False,False,ANALYST-CALC,"Entity deficit is an estimated position, not evidence of facility use or avoidable funding cost"
2026-01-29,E015,Aurelius Hong Kong,APAC,3,3,0,476646.4559069016,0.0,476646.4559069016,False,False,ANALYST-CALC,"Entity deficit is an estimated position, not evidence of facility use or avoidable funding cost"
2026-01-29,E016,Aurelius Global Sourcing,APAC,3,3,0,2703302.27,0.0,2703302.27,False,False,ANALYST-CALC,"Entity deficit is an estimated position, not evidence of facility use or avoidable funding cost"
2026-01-30,E001,Aurelius Group Holdings,NA,4,4,0,3195846.11,0.0,3195846.11,False,False,ANALYST-CALC,"Entity deficit is an estimated position, not evidence of facility use or avoidable funding cost"
2026-01-30,E002,Aurelius Home US,NA,5,5,0,8414985.84,0.0,8414985.84,False,False,ANALYST-CALC,"Entity deficit is an estimated position, not evidence of facility use or avoidable funding cost"
2026-01-30,E003,Aurelius Wellness US,NA,4,4,0,6961881.87,0.0,6961881.87,False,False,ANALYST-CALC,"Entity deficit is an estimated position, not evidence of facility use or avoidable funding cost"
2026-01-30,E004,Aurelius Canada,NA,3,3,0,2124076.8426750703,0.0,2124076.8426750703,False,False,ANALYST-CALC,"Entity deficit is an estimated position, not evidence of facility use or avoidable funding cost"
2026-01-30,E005,Aurelius UK,EMEA,4,4,0,4898918.752500392,0.0,4898918.752500392,False,False,ANALYST-CALC,"Entity deficit is an estimated position, not evidence of facility use or avoidable funding cost"
2026-01-30,E006,Aurelius Germany,EMEA,4,4,0,8697465.419185352,0.0,8697465.419185352,False,False,ANALYST-CALC,"Entity deficit is an estimated position, not evidence of facility use or avoidable funding cost"
2026-01-30,E007,Aurelius France,EMEA,3,2,1,1473440.4121896923,-1203999.302754066,269441.10943562636,True,False,ANALYST-CALC,"Entity deficit is an estimated position, not evidence of facility use or avoidable funding cost"
2026-01-30,E008,Aurelius Netherlands,EMEA,3,3,0,6137841.503719152,0.0,6137841.503719152,False,False,ANALYST-CALC,"Entity deficit is an estimated position, not evidence of facility use or avoidable funding cost"
2026-01-30,E009,Aurelius Spain,EMEA,3,3,0,4169042.6723064007,0.0,4169042.6723064007,False,False,ANALYST-CALC,"Entity deficit is an estimated position, not evidence of facility use or avoidable funding cost"
2026-01-30,E010,Aurelius Singapore,APAC,4,3,1,969968.6278973743,-968981.46,987.167897374371,True,False,ANALYST-CALC,"Entity deficit is an estimated position, not evidence of facility use or avoidable funding cost"
2026-01-30,E011,Aurelius Australia,APAC,3,3,0,7377078.247762125,0.0,7377078.247762125,False,False,ANALYST-CALC,"Entity deficit is an estimated position, not evidence of facility use or avoidable funding cost"
2026-01-30,E012,Aurelius Japan,APAC,3,3,0,484763.2110178516,0.0,484763.2110178516,False,False,ANALYST-CALC,"Entity deficit is an estimated position, not evidence of facility use or avoidable funding cost"
2026-01-30,E013,Aurelius Korea,APAC,3,3,0,3392.2647152555,0.0,3392.2647152555,False,False,ANALYST-CALC,"Entity deficit is an estimated position, not evidence of facility use or avoidable funding cost"
2026-01-30,E014,Aurelius India,APAC,3,3,0,552965.2488766096,0.0,552965.2488766096,False,False,ANALYST-CALC,"Entity deficit is an estimated position, not evidence of facility use or avoidable funding cost"
2026-01-30,E015,Aurelius Hong Kong,APAC,3,3,0,486261.2775870448,0.0,486261.2775870448,False,False,ANALYST-CALC,"Entity deficit is an estimated position, not evidence of facility use or avoidable funding cost"
2026-01-30,E016,Aurelius Global Sourcing,APAC,3,3,0,2306240.0500000003,0.0,2306240.0500000003,False,False,ANALYST-CALC,"Entity deficit is an estimated position, not evidence of facility use or avoidable funding cost"
2026-01-31,E001,Aurelius Group Holdings,NA,4,4,0,3236514.96,0.0,3236514.96,False,False,ANALYST-CALC,"Entity deficit is an estimated position, not evidence of facility use or avoidable funding cost"
2026-01-31,E002,Aurelius Home US,NA,5,5,0,7877467.91,0.0,7877467.91,False,False,ANALYST-CALC,"Entity deficit is an estimated position, not evidence of facility use or avoidable funding cost"
2026-01-31,E003,Aurelius Wellness US,NA,4,4,0,6962263.79,0.0,6962263.79,False,False,ANALYST-CALC,"Entity deficit is an estimated position, not evidence of facility use or avoidable funding cost"
2026-01-31,E004,Aurelius Canada,NA,3,3,0,2240490.4146208796,0.0,2240490.4146208796,False,False,ANALYST-CALC,"Entity deficit is an estimated position, not evidence of facility use or avoidable funding cost"
2026-01-31,E005,Aurelius UK,EMEA,4,4,0,5022931.16106084,0.0,5022931.16106084,False,False,ANALYST-CALC,"Entity deficit is an estimated position, not evidence of facility use or avoidable funding cost"
2026-01-31,E006,Aurelius Germany,EMEA,4,4,0,7638198.098221942,0.0,7638198.098221942,False,False,ANALYST-CALC,"Entity deficit is an estimated position, not evidence of facility use or avoidable funding cost"
2026-01-31,E007,Aurelius France,EMEA,3,2,1,1239263.2369907622,-987918.1773832983,251345.05960746395,True,False,ANALYST-CALC,"Entity deficit is an estimated position, not evidence of facility use or avoidable funding cost"
2026-01-31,E008,Aurelius Netherlands,EMEA,3,3,0,6858783.564150285,0.0,6858783.564150285,False,False,ANALYST-CALC,"Entity deficit is an estimated position, not evidence of facility use or avoidable funding cost"
2026-01-31,E009,Aurelius Spain,EMEA,3,3,0,3793259.1447775248,0.0,3793259.1447775248,False,False,ANALYST-CALC,"Entity deficit is an estimated position, not evidence of facility use or avoidable funding cost"
2026-01-31,E010,Aurelius Singapore,APAC,4,3,1,1389987.087413232,-732485.31,657501.777413232,True,False,ANALYST-CALC,"Entity deficit is an estimated position, not evidence of facility use or avoidable funding cost"
2026-01-31,E011,Aurelius Australia,APAC,3,3,0,7220733.201714101,0.0,7220733.201714101,False,False,ANALYST-CALC,"Entity deficit is an estimated position, not evidence of facility use or avoidable funding cost"
2026-01-31,E012,Aurelius Japan,APAC,3,3,0,644910.9084669147,0.0,644910.9084669147,False,False,ANALYST-CALC,"Entity deficit is an estimated position, not evidence of facility use or avoidable funding cost"
2026-01-31,E013,Aurelius Korea,APAC,3,3,0,3291.4684129535995,0.0,3291.4684129535995,False,False,ANALYST-CALC,"Entity deficit is an estimated position, not evidence of facility use or avoidable funding cost"
2026-01-31,E014,Aurelius India,APAC,3,3,0,584390.7606051972,0.0,584390.7606051972,False,False,ANALYST-CALC,"Entity deficit is an estimated position, not evidence of facility use or avoidable funding cost"
2026-01-31,E015,Aurelius Hong Kong,APAC,3,3,0,499802.88557250344,0.0,499802.88557250344,False,False,ANALYST-CALC,"Entity deficit is an estimated position, not evidence of facility use or avoidable funding cost"
2026-01-31,E016,Aurelius Global Sourcing,APAC,3,3,0,2616401.9699999997,0.0,2616401.9699999997,False,False,ANALYST-CALC,"Entity deficit is an estimated position, not evidence of facility use or avoidable funding cost"
2026-02-01,E001,Aurelius Group Holdings,NA,4,4,0,3800169.69,0.0,3800169.69,False,False,ANALYST-CALC,"Entity deficit is an estimated position, not evidence of facility use or avoidable funding cost"
2026-02-01,E002,Aurelius Home US,NA,5,5,0,7841546.64,0.0,7841546.64,False,False,ANALYST-CALC,"Entity deficit is an estimated position, not evidence of facility use or avoidable funding cost"
2026-02-01,E003,Aurelius Wellness US,NA,4,4,0,7523595.109999999,0.0,7523595.109999999,False,False,ANALYST-CALC,"Entity deficit is an estimated position, not evidence of facility use or avoidable funding cost"
2026-02-01,E004,Aurelius Canada,NA,3,3,0,2104679.4441110175,0.0,2104679.4441110175,False,False,ANALYST-CALC,"Entity deficit is an estimated position, not evidence of facility use or avoidable funding cost"
2026-02-01,E005,Aurelius UK,EMEA,4,4,0,4753124.006219658,0.0,4753124.006219658,False,False,ANALYST-CALC,"Entity deficit is an estimated position, not evidence of facility use or avoidable funding cost"
2026-02-01,E006,Aurelius Germany,EMEA,4,4,0,8727714.004930817,0.0,8727714.004930817,False,False,ANALYST-CALC,"Entity deficit is an estimated position, not evidence of facility use or avoidable funding cost"
2026-02-01,E007,Aurelius France,EMEA,3,2,1,1244662.7465421604,-1114134.1562701073,130528.59027205314,True,False,ANALYST-CALC,"Entity deficit is an estimated position, not evidence of facility use or avoidable funding cost"
2026-02-01,E008,Aurelius Netherlands,EMEA,3,3,0,5190719.2963838475,0.0,5190719.2963838475,False,False,ANALYST-CALC,"Entity deficit is an estimated position, not evidence of facility use or avoidable funding cost"
2026-02-01,E009,Aurelius Spain,EMEA,3,3,0,3972168.943429677,0.0,3972168.943429677,False,False,ANALYST-CALC,"Entity deficit is an estimated position, not evidence of facility use or avoidable funding cost"
2026-02-01,E010,Aurelius Singapore,APAC,4,3,1,1287021.3297040528,-848396.13,438625.1997040529,True,False,ANALYST-CALC,"Entity deficit is an estimated position, not evidence of facility use or avoidable funding cost"
2026-02-01,E011,Aurelius Australia,APAC,3,3,0,8038117.0858768085,0.0,8038117.0858768085,False,False,ANALYST-CALC,"Entity deficit is an estimated position, not evidence of facility use or avoidable funding cost"
2026-02-01,E012,Aurelius Japan,APAC,3,3,0,558761.448175127,0.0,558761.448175127,False,False,ANALYST-CALC,"Entity deficit is an estimated position, not evidence of facility use or avoidable funding cost"
2026-02-01,E013,Aurelius Korea,APAC,3,3,0,3559.8346186853,0.0,3559.8346186853,False,False,ANALYST-CALC,"Entity deficit is an estimated position, not evidence of facility use or avoidable funding cost"
2026-02-01,E014,Aurelius India,APAC,3,3,0,567954.842253378,0.0,567954.842253378,False,False,ANALYST-CALC,"Entity deficit is an estimated position, not evidence of facility use or avoidable funding cost"
2026-02-01,E015,Aurelius Hong Kong,APAC,3,3,0,454039.7879701316,0.0,454039.7879701316,False,False,ANALYST-CALC,"Entity deficit is an estimated position, not evidence of facility use or avoidable funding cost"
2026-02-01,E016,Aurelius Global Sourcing,APAC,3,3,0,2618109.37,0.0,2618109.37,False,False,ANALYST-CALC,"Entity deficit is an estimated position, not evidence of facility use or avoidable funding cost"
2026-02-02,E001,Aurelius Group Holdings,NA,4,4,0,3641929.52,0.0,3641929.52,False,False,ANALYST-CALC,"Entity deficit is an estimated position, not evidence of facility use or avoidable funding cost"
2026-02-02,E002,Aurelius Home US,NA,5,5,0,7546829.149999999,0.0,7546829.149999999,False,False,ANALYST-CALC,"Entity deficit is an estimated position, not evidence of facility use or avoidable funding cost"
2026-02-02,E003,Aurelius Wellness US,NA,4,4,0,8101406.18,0.0,8101406.18,False,False,ANALYST-CALC,"Entity deficit is an estimated position, not evidence of facility use or avoidable funding cost"
2026-02-02,E004,Aurelius Canada,NA,3,3,0,2012578.586876403,0.0,2012578.586876403,False,False,ANALYST-CALC,"Entity deficit is an estimated position, not evidence of facility use or avoidable funding cost"
2026-02-02,E005,Aurelius UK,EMEA,4,4,0,4784367.5172541225,0.0,4784367.5172541225,False,False,ANALYST-CALC,"Entity deficit is an estimated position, not evidence of facility use or avoidable funding cost"
2026-02-02,E006,Aurelius Germany,EMEA,4,4,0,9025961.201941764,0.0,9025961.201941764,False,False,ANALYST-CALC,"Entity deficit is an estimated position, not evidence of facility use or avoidable funding cost"
2026-02-02,E007,Aurelius France,EMEA,3,2,1,1113001.2571559625,-1226148.6319587252,-113147.37480276258,True,True,ANALYST-CALC,"Entity deficit is an estimated position, not evidence of facility use or avoidable funding cost"
2026-02-02,E008,Aurelius Netherlands,EMEA,3,3,0,5448525.327610138,0.0,5448525.327610138,False,False,ANALYST-CALC,"Entity deficit is an estimated position, not evidence of facility use or avoidable funding cost"
2026-02-02,E009,Aurelius Spain,EMEA,3,3,0,4315803.51781385,0.0,4315803.51781385,False,False,ANALYST-CALC,"Entity deficit is an estimated position, not evidence of facility use or avoidable funding cost"
2026-02-02,E010,Aurelius Singapore,APAC,4,3,1,1155772.1461610522,-893496.75,262275.3961610521,True,False,ANALYST-CALC,"Entity deficit is an estimated position, not evidence of facility use or avoidable funding cost"
2026-02-02,E011,Aurelius Australia,APAC,3,3,0,6983711.886417878,0.0,6983711.886417878,False,False,ANALYST-CALC,"Entity deficit is an estimated position, not evidence of facility use or avoidable funding cost"
2026-02-02,E012,Aurelius Japan,APAC,3,3,0,654059.6312563661,0.0,654059.6312563661,False,False,ANALYST-CALC,"Entity deficit is an estimated position, not evidence of facility use or avoidable funding cost"
2026-02-02,E013,Aurelius Korea,APAC,3,3,0,3165.4759615066,0.0,3165.4759615066,False,False,ANALYST-CALC,"Entity deficit is an estimated position, not evidence of facility use or avoidable funding cost"
2026-02-02,E014,Aurelius India,APAC,3,3,0,560241.4516082284,0.0,560241.4516082284,False,False,ANALYST-CALC,"Entity deficit is an estimated position, not evidence of facility use or avoidable funding cost"
2026-02-02,E015,Aurelius Hong Kong,APAC,3,3,0,398506.713701088,0.0,398506.713701088,False,False,ANALYST-CALC,"Entity deficit is an estimated position, not evidence of facility use or avoidable funding cost"
2026-02-02,E016,Aurelius Global Sourcing,APAC,3,3,0,3063035.48,0.0,3063035.48,False,False,ANALYST-CALC,"Entity deficit is an estimated position, not evidence of facility use or avoidable funding cost"
2026-02-03,E001,Aurelius Group Holdings,NA,4,4,0,3901689.3400000003,0.0,3901689.3400000003,False,False,ANALYST-CALC,"Entity deficit is an estimated position, not evidence of facility use or avoidable funding cost"
2026-02-03,E002,Aurelius Home US,NA,5,5,0,7486576.1,0.0,7486576.1,False,False,ANALYST-CALC,"Entity deficit is an estimated position, not evidence of facility use or avoidable funding cost"
2026-02-03,E003,Aurelius Wellness US,NA,4,4,0,7428788.4399999995,0.0,7428788.4399999995,False,False,ANALYST-CALC,"Entity deficit is an estimated position, not evidence of facility use or avoidable funding cost"
2026-02-03,E004,Aurelius Canada,NA,3,3,0,2329883.1659030486,0.0,2329883.1659030486,False,False,ANALYST-CALC,"Entity deficit is an estimated position, not evidence of facility use or avoidable funding cost"
2026-02-03,E005,Aurelius UK,EMEA,4,4,0,4665444.1088149445,0.0,4665444.1088149445,False,False,ANALYST-CALC,"Entity deficit is an estimated position, not evidence of facility use or avoidable funding cost"
2026-02-03,E006,Aurelius Germany,EMEA,4,4,0,8320624.215932449,0.0,8320624.215932449,False,False,ANALYST-CALC,"Entity deficit is an estimated position, not evidence of facility use or avoidable funding cost"
2026-02-03,E007,Aurelius France,EMEA,3,2,1,1198119.0800586962,-1056528.0935244008,141590.98653429537,True,False,ANALYST-CALC,"Entity deficit is an estimated position, not evidence of facility use or avoidable funding cost"
2026-02-03,E008,Aurelius Netherlands,EMEA,3,3,0,5974625.374639439,0.0,5974625.374639439,False,False,ANALYST-CALC,"Entity deficit is an estimated position, not evidence of facility use or avoidable funding cost"
2026-02-03,E009,Aurelius Spain,EMEA,3,3,0,4048105.531053787,0.0,4048105.531053787,False,False,ANALYST-CALC,"Entity deficit is an estimated position, not evidence of facility use or avoidable funding cost"
2026-02-03,E010,Aurelius Singapore,APAC,4,3,1,1194356.105564715,-966375.87,227980.2355647152,True,False,ANALYST-CALC,"Entity deficit is an estimated position, not evidence of facility use or avoidable funding cost"
2026-02-03,E011,Aurelius Australia,APAC,3,3,0,7697157.311323468,0.0,7697157.311323468,False,False,ANALYST-CALC,"Entity deficit is an estimated position, not evidence of facility use or avoidable funding cost"
2026-02-03,E012,Aurelius Japan,APAC,3,3,0,559664.5612892105,0.0,559664.5612892105,False,False,ANALYST-CALC,"Entity deficit is an estimated position, not evidence of facility use or avoidable funding cost"
2026-02-03,E013,Aurelius Korea,APAC,3,3,0,3036.38578425,0.0,3036.38578425,False,False,ANALYST-CALC,"Entity deficit is an estimated position, not evidence of facility use or avoidable funding cost"
2026-02-03,E014,Aurelius India,APAC,3,3,0,545279.8585500304,0.0,545279.8585500304,False,False,ANALYST-CALC,"Entity deficit is an estimated position, not evidence of facility use or avoidable funding cost"
2026-02-03,E015,Aurelius Hong Kong,APAC,3,3,0,431143.8609719611,0.0,431143.8609719611,False,False,ANALYST-CALC,"Entity deficit is an estimated position, not evidence of facility use or avoidable funding cost"
2026-02-03,E016,Aurelius Global Sourcing,APAC,3,3,0,2852598.03,0.0,2852598.03,False,False,ANALYST-CALC,"Entity deficit is an estimated position, not evidence of facility use or avoidable funding cost"
2026-02-04,E001,Aurelius Group Holdings,NA,4,4,0,4256177.13,0.0,4256177.13,False,False,ANALYST-CALC,"Entity deficit is an estimated position, not evidence of facility use or avoidable funding cost"
2026-02-04,E002,Aurelius Home US,NA,5,5,0,7030432.33,0.0,7030432.33,False,False,ANALYST-CALC,"Entity deficit is an estimated position, not evidence of facility use or avoidable funding cost"
2026-02-04,E003,Aurelius Wellness US,NA,4,4,0,6872581.87,0.0,6872581.87,False,False,ANALYST-CALC,"Entity deficit is an estimated position, not evidence of facility use or avoidable funding cost"
2026-02-04,E004,Aurelius Canada,NA,3,3,0,2353883.49893594,0.0,2353883.49893594,False,False,ANALYST-CALC,"Entity deficit is an estimated position, not evidence of facility use or avoidable funding cost"
2026-02-04,E005,Aurelius UK,EMEA,4,4,0,5089111.000002782,0.0,5089111.000002782,False,False,ANALYST-CALC,"Entity deficit is an estimated position, not evidence of facility use or avoidable funding cost"
2026-02-04,E006,Aurelius Germany,EMEA,4,4,0,8705809.985588964,0.0,8705809.985588964,False,False,ANALYST-CALC,"Entity deficit is an estimated position, not evidence of facility use or avoidable funding cost"
2026-02-04,E007,Aurelius France,EMEA,3,2,1,1239421.2063737453,-1184404.3120774894,55016.894296255894,True,False,ANALYST-CALC,"Entity deficit is an estimated position, not evidence of facility use or avoidable funding cost"
2026-02-04,E008,Aurelius Netherlands,EMEA,3,3,0,5645275.963234615,0.0,5645275.963234615,False,False,ANALYST-CALC,"Entity deficit is an estimated position, not evidence of facility use or avoidable funding cost"
2026-02-04,E009,Aurelius Spain,EMEA,3,3,0,4039177.9660925632,0.0,4039177.9660925632,False,False,ANALYST-CALC,"Entity deficit is an estimated position, not evidence of facility use or avoidable funding cost"
2026-02-04,E010,Aurelius Singapore,APAC,4,3,1,1103706.395331892,-1049346.59,54359.80533189191,True,False,ANALYST-CALC,"Entity deficit is an estimated position, not evidence of facility use or avoidable funding cost"
2026-02-04,E011,Aurelius Australia,APAC,3,3,0,7345478.286744899,0.0,7345478.286744899,False,False,ANALYST-CALC,"Entity deficit is an estimated position, not evidence of facility use or avoidable funding cost"
2026-02-04,E012,Aurelius Japan,APAC,3,3,0,457445.51011748635,0.0,457445.51011748635,False,False,ANALYST-CALC,"Entity deficit is an estimated position, not evidence of facility use or avoidable funding cost"
2026-02-04,E013,Aurelius Korea,APAC,3,3,0,2635.9455040823996,0.0,2635.9455040823996,False,False,ANALYST-CALC,"Entity deficit is an estimated position, not evidence of facility use or avoidable funding cost"
2026-02-04,E014,Aurelius India,APAC,3,3,0,501053.3265453018,0.0,501053.3265453018,False,False,ANALYST-CALC,"Entity deficit is an estimated position, not evidence of facility use or avoidable funding cost"
2026-02-04,E015,Aurelius Hong Kong,APAC,3,3,0,426388.05322142586,0.0,426388.05322142586,False,False,ANALYST-CALC,"Entity deficit is an estimated position, not evidence of facility use or avoidable funding cost"
2026-02-04,E016,Aurelius Global Sourcing,APAC,3,3,0,2861176.71,0.0,2861176.71,False,False,ANALYST-CALC,"Entity deficit is an estimated position, not evidence of facility use or avoidable funding cost"
2026-02-05,E001,Aurelius Group Holdings,NA,4,4,0,3868015.96,0.0,3868015.96,False,False,ANALYST-CALC,"Entity deficit is an estimated position, not evidence of facility use or avoidable funding cost"
2026-02-05,E002,Aurelius Home US,NA,5,5,0,7306363.47,0.0,7306363.47,False,False,ANALYST-CALC,"Entity deficit is an estimated position, not evidence of facility use or avoidable funding cost"
2026-02-05,E003,Aurelius Wellness US,NA,4,4,0,6686349.52,0.0,6686349.52,False,False,ANALYST-CALC,"Entity deficit is an estimated position, not evidence of facility use or avoidable funding cost"
2026-02-05,E004,Aurelius Canada,NA,3,3,0,2169432.1935798028,0.0,2169432.1935798028,False,False,ANALYST-CALC,"Entity deficit is an estimated position, not evidence of facility use or avoidable funding cost"
2026-02-05,E005,Aurelius UK,EMEA,4,4,0,4949059.672419174,0.0,4949059.672419174,False,False,ANALYST-CALC,"Entity deficit is an estimated position, not evidence of facility use or avoidable funding cost"
2026-02-05,E006,Aurelius Germany,EMEA,4,4,0,8706240.892431336,0.0,8706240.892431336,False,False,ANALYST-CALC,"Entity deficit is an estimated position, not evidence of facility use or avoidable funding cost"
2026-02-05,E007,Aurelius France,EMEA,3,2,1,1479129.5915443355,-1127927.8587804756,351201.7327638599,True,False,ANALYST-CALC,"Entity deficit is an estimated position, not evidence of facility use or avoidable funding cost"
2026-02-05,E008,Aurelius Netherlands,EMEA,3,3,0,6678141.311417305,0.0,6678141.311417305,False,False,ANALYST-CALC,"Entity deficit is an estimated position, not evidence of facility use or avoidable funding cost"
2026-02-05,E009,Aurelius Spain,EMEA,3,3,0,3752154.4070539894,0.0,3752154.4070539894,False,False,ANALYST-CALC,"Entity deficit is an estimated position, not evidence of facility use or avoidable funding cost"
2026-02-05,E010,Aurelius Singapore,APAC,4,3,1,1282033.0959323824,-886315.51,395717.58593238227,True,False,ANALYST-CALC,"Entity deficit is an estimated position, not evidence of facility use or avoidable funding cost"
2026-02-05,E011,Aurelius Australia,APAC,3,3,0,7840778.914994851,0.0,7840778.914994851,False,False,ANALYST-CALC,"Entity deficit is an estimated position, not evidence of facility use or avoidable funding cost"
2026-02-05,E012,Aurelius Japan,APAC,3,3,0,424649.8042953913,0.0,424649.8042953913,False,False,ANALYST-CALC,"Entity deficit is an estimated position, not evidence of facility use or avoidable funding cost"
2026-02-05,E013,Aurelius Korea,APAC,3,3,0,3074.2426144521,0.0,3074.2426144521,False,False,ANALYST-CALC,"Entity deficit is an estimated position, not evidence of facility use or avoidable funding cost"
2026-02-05,E014,Aurelius India,APAC,3,3,0,581447.5133999807,0.0,581447.5133999807,False,False,ANALYST-CALC,"Entity deficit is an estimated position, not evidence of facility use or avoidable funding cost"
2026-02-05,E015,Aurelius Hong Kong,APAC,3,3,0,444643.46895478404,0.0,444643.46895478404,False,False,ANALYST-CALC,"Entity deficit is an estimated position, not evidence of facility use or avoidable funding cost"
2026-02-05,E016,Aurelius Global Sourcing,APAC,3,3,0,2824747.2399999998,0.0,2824747.2399999998,False,False,ANALYST-CALC,"Entity deficit is an estimated position, not evidence of facility use or avoidable funding cost"
2026-02-06,E001,Aurelius Group Holdings,NA,4,4,0,3468890.17,0.0,3468890.17,False,False,ANALYST-CALC,"Entity deficit is an estimated position, not evidence of facility use or avoidable funding cost"
2026-02-06,E002,Aurelius Home US,NA,5,5,0,7956132.6,0.0,7956132.6,False,False,ANALYST-CALC,"Entity deficit is an estimated position, not evidence of facility use or avoidable funding cost"
2026-02-06,E003,Aurelius Wellness US,NA,4,4,0,5955118.06,0.0,5955118.06,False,False,ANALYST-CALC,"Entity deficit is an estimated position, not evidence of facility use or avoidable funding cost"
2026-02-06,E004,Aurelius Canada,NA,3,3,0,2282056.1402646103,0.0,2282056.1402646103,False,False,ANALYST-CALC,"Entity deficit is an estimated position, not evidence of facility use or avoidable funding cost"
2026-02-06,E005,Aurelius UK,EMEA,4,4,0,5054194.549277094,0.0,5054194.549277094,False,False,ANALYST-CALC,"Entity deficit is an estimated position, not evidence of facility use or avoidable funding cost"
2026-02-06,E006,Aurelius Germany,EMEA,4,4,0,8810431.976960862,0.0,8810431.976960862,False,False,ANALYST-CALC,"Entity deficit is an estimated position, not evidence of facility use or avoidable funding cost"
2026-02-06,E007,Aurelius France,EMEA,3,2,1,1395164.7144814515,-1302958.2712671126,92206.44321433897,True,False,ANALYST-CALC,"Entity deficit is an estimated position, not evidence of facility use or avoidable funding cost"
2026-02-06,E008,Aurelius Netherlands,EMEA,3,3,0,7191651.529516615,0.0,7191651.529516615,False,False,ANALYST-CALC,"Entity deficit is an estimated position, not evidence of facility use or avoidable funding cost"
2026-02-06,E009,Aurelius Spain,EMEA,3,3,0,3370115.1777425427,0.0,3370115.1777425427,False,False,ANALYST-CALC,"Entity deficit is an estimated position, not evidence of facility use or avoidable funding cost"
2026-02-06,E010,Aurelius Singapore,APAC,4,3,1,1290676.581484894,-1018183.4,272493.18148489395,True,False,ANALYST-CALC,"Entity deficit is an estimated position, not evidence of facility use or avoidable funding cost"
2026-02-06,E011,Aurelius Australia,APAC,3,3,0,7820212.182166964,0.0,7820212.182166964,False,False,ANALYST-CALC,"Entity deficit is an estimated position, not evidence of facility use or avoidable funding cost"
2026-02-06,E012,Aurelius Japan,APAC,3,3,0,526434.573332922,0.0,526434.573332922,False,False,ANALYST-CALC,"Entity deficit is an estimated position, not evidence of facility use or avoidable funding cost"
2026-02-06,E013,Aurelius Korea,APAC,3,3,0,2955.8053939850997,0.0,2955.8053939850997,False,False,ANALYST-CALC,"Entity deficit is an estimated position, not evidence of facility use or avoidable funding cost"
2026-02-06,E014,Aurelius India,APAC,3,3,0,528880.3684069192,0.0,528880.3684069192,False,False,ANALYST-CALC,"Entity deficit is an estimated position, not evidence of facility use or avoidable funding cost"
2026-02-06,E015,Aurelius Hong Kong,APAC,3,3,0,448154.6603142924,0.0,448154.6603142924,False,False,ANALYST-CALC,"Entity deficit is an estimated position, not evidence of facility use or avoidable funding cost"
2026-02-06,E016,Aurelius Global Sourcing,APAC,3,3,0,2450109.76,0.0,2450109.76,False,False,ANALYST-CALC,"Entity deficit is an estimated position, not evidence of facility use or avoidable funding cost"
2026-02-07,E001,Aurelius Group Holdings,NA,4,4,0,3674065.51,0.0,3674065.51,False,False,ANALYST-CALC,"Entity deficit is an estimated position, not evidence of facility use or avoidable funding cost"
2026-02-07,E002,Aurelius Home US,NA,5,5,0,7660326.97,0.0,7660326.97,False,False,ANALYST-CALC,"Entity deficit is an estimated position, not evidence of facility use or avoidable funding cost"
2026-02-07,E003,Aurelius Wellness US,NA,4,4,0,8134364.59,0.0,8134364.59,False,False,ANALYST-CALC,"Entity deficit is an estimated position, not evidence of facility use or avoidable funding cost"
2026-02-07,E004,Aurelius Canada,NA,3,3,0,2343585.8188858293,0.0,2343585.8188858293,False,False,ANALYST-CALC,"Entity deficit is an estimated position, not evidence of facility use or avoidable funding cost"
2026-02-07,E005,Aurelius UK,EMEA,4,4,0,5031333.284486157,0.0,5031333.284486157,False,False,ANALYST-CALC,"Entity deficit is an estimated position, not evidence of facility use or avoidable funding cost"
2026-02-07,E006,Aurelius Germany,EMEA,4,4,0,8214653.39707795,0.0,8214653.39707795,False,False,ANALYST-CALC,"Entity deficit is an estimated position, not evidence of facility use or avoidable funding cost"
2026-02-07,E007,Aurelius France,EMEA,3,2,1,1207979.5034280187,-1276481.4584528469,-68501.95502482809,True,True,ANALYST-CALC,"Entity deficit is an estimated position, not evidence of facility use or avoidable funding cost"
2026-02-07,E008,Aurelius Netherlands,EMEA,3,3,0,5759001.572423444,0.0,5759001.572423444,False,False,ANALYST-CALC,"Entity deficit is an estimated position, not evidence of facility use or avoidable funding cost"
2026-02-07,E009,Aurelius Spain,EMEA,3,3,0,3659488.2048020954,0.0,3659488.2048020954,False,False,ANALYST-CALC,"Entity deficit is an estimated position, not evidence of facility use or avoidable funding cost"
2026-02-07,E010,Aurelius Singapore,APAC,4,3,1,1220366.207030739,-853922.82,366443.38703073893,True,False,ANALYST-CALC,"Entity deficit is an estimated position, not evidence of facility use or avoidable funding cost"
2026-02-07,E011,Aurelius Australia,APAC,3,3,0,7300131.841380275,0.0,7300131.841380275,False,False,ANALYST-CALC,"Entity deficit is an estimated position, not evidence of facility use or avoidable funding cost"
2026-02-07,E012,Aurelius Japan,APAC,3,3,0,576170.2005965143,0.0,576170.2005965143,False,False,ANALYST-CALC,"Entity deficit is an estimated position, not evidence of facility use or avoidable funding cost"
2026-02-07,E013,Aurelius Korea,APAC,3,3,0,3317.3566561222,0.0,3317.3566561222,False,False,ANALYST-CALC,"Entity deficit is an estimated position, not evidence of facility use or avoidable funding cost"
2026-02-07,E014,Aurelius India,APAC,3,3,0,576049.371746802,0.0,576049.371746802,False,False,ANALYST-CALC,"Entity deficit is an estimated position, not evidence of facility use or avoidable funding cost"
2026-02-07,E015,Aurelius Hong Kong,APAC,3,3,0,492045.21856092935,0.0,492045.21856092935,False,False,ANALYST-CALC,"Entity deficit is an estimated position, not evidence of facility use or avoidable funding cost"
2026-02-07,E016,Aurelius Global Sourcing,APAC,3,3,0,2513061.8,0.0,2513061.8,False,False,ANALYST-CALC,"Entity deficit is an estimated position, not evidence of facility use or avoidable funding cost"
2026-02-08,E001,Aurelius Group Holdings,NA,4,4,0,3250968.8200000003,0.0,3250968.8200000003,False,False,ANALYST-CALC,"Entity deficit is an estimated position, not evidence of facility use or avoidable funding cost"
2026-02-08,E002,Aurelius Home US,NA,5,5,0,8252755.39,0.0,8252755.39,False,False,ANALYST-CALC,"Entity deficit is an estimated position, not evidence of facility use or avoidable funding cost"
2026-02-08,E003,Aurelius Wellness US,NA,4,4,0,7725852.899999999,0.0,7725852.899999999,False,False,ANALYST-CALC,"Entity deficit is an estimated position, not evidence of facility use or avoidable funding cost"
2026-02-08,E004,Aurelius Canada,NA,3,3,0,2413788.5336438455,0.0,2413788.5336438455,False,False,ANALYST-CALC,"Entity deficit is an estimated position, not evidence of facility use or avoidable funding cost"
2026-02-08,E005,Aurelius UK,EMEA,4,4,0,4377259.592346152,0.0,4377259.592346152,False,False,ANALYST-CALC,"Entity deficit is an estimated position, not evidence of facility use or avoidable funding cost"
2026-02-08,E006,Aurelius Germany,EMEA,4,4,0,8537829.584644472,0.0,8537829.584644472,False,False,ANALYST-CALC,"Entity deficit is an estimated position, not evidence of facility use or avoidable funding cost"
2026-02-08,E007,Aurelius France,EMEA,3,2,1,1264462.8707530824,-1051666.7934069044,212796.077346178,True,False,ANALYST-CALC,"Entity deficit is an estimated position, not evidence of facility use or avoidable funding cost"
2026-02-08,E008,Aurelius Netherlands,EMEA,3,3,0,5649341.267508288,0.0,5649341.267508288,False,False,ANALYST-CALC,"Entity deficit is an estimated position, not evidence of facility use or avoidable funding cost"
2026-02-08,E009,Aurelius Spain,EMEA,3,3,0,3717343.413531575,0.0,3717343.413531575,False,False,ANALYST-CALC,"Entity deficit is an estimated position, not evidence of facility use or avoidable funding cost"
2026-02-08,E010,Aurelius Singapore,APAC,4,3,1,1413753.607218436,-583880.59,829873.017218436,True,False,ANALYST-CALC,"Entity deficit is an estimated position, not evidence of facility use or avoidable funding cost"
2026-02-08,E011,Aurelius Australia,APAC,3,3,0,7155578.331474676,0.0,7155578.331474676,False,False,ANALYST-CALC,"Entity deficit is an estimated position, not evidence of facility use or avoidable funding cost"
2026-02-08,E012,Aurelius Japan,APAC,3,3,0,657028.8116087143,0.0,657028.8116087143,False,False,ANALYST-CALC,"Entity deficit is an estimated position, not evidence of facility use or avoidable funding cost"
2026-02-08,E013,Aurelius Korea,APAC,3,3,0,3552.9398339582003,0.0,3552.9398339582003,False,False,ANALYST-CALC,"Entity deficit is an estimated position, not evidence of facility use or avoidable funding cost"
2026-02-08,E014,Aurelius India,APAC,3,3,0,497478.439430989,0.0,497478.439430989,False,False,ANALYST-CALC,"Entity deficit is an estimated position, not evidence of facility use or avoidable funding cost"
2026-02-08,E015,Aurelius Hong Kong,APAC,3,3,0,520085.56207977596,0.0,520085.56207977596,False,False,ANALYST-CALC,"Entity deficit is an estimated position, not evidence of facility use or avoidable funding cost"
2026-02-08,E016,Aurelius Global Sourcing,APAC,3,3,0,3176112.91,0.0,3176112.91,False,False,ANALYST-CALC,"Entity deficit is an estimated position, not evidence of facility use or avoidable funding cost"
2026-02-09,E001,Aurelius Group Holdings,NA,4,4,0,3435827.2399999998,0.0,3435827.2399999998,False,False,ANALYST-CALC,"Entity deficit is an estimated position, not evidence of facility use or avoidable funding cost"
2026-02-09,E002,Aurelius Home US,NA,5,5,0,7132582.17,0.0,7132582.17,False,False,ANALYST-CALC,"Entity deficit is an estimated position, not evidence of facility use or avoidable funding cost"
2026-02-09,E003,Aurelius Wellness US,NA,4,4,0,8080990.97,0.0,8080990.97,False,False,ANALYST-CALC,"Entity deficit is an estimated position, not evidence of facility use or avoidable funding cost"
2026-02-09,E004,Aurelius Canada,NA,3,3,0,2424185.493088944,0.0,2424185.493088944,False,False,ANALYST-CALC,"Entity deficit is an estimated position, not evidence of facility use or avoidable funding cost"
2026-02-09,E005,Aurelius UK,EMEA,4,4,0,4480147.433234558,0.0,4480147.433234558,False,False,ANALYST-CALC,"Entity deficit is an estimated position, not evidence of facility use or avoidable funding cost"
2026-02-09,E006,Aurelius Germany,EMEA,4,4,0,8593508.981394961,0.0,8593508.981394961,False,False,ANALYST-CALC,"Entity deficit is an estimated position, not evidence of facility use or avoidable funding cost"
2026-02-09,E007,Aurelius France,EMEA,3,2,1,1083687.127377558,-1027052.802473521,56634.32490403706,True,False,ANALYST-CALC,"Entity deficit is an estimated position, not evidence of facility use or avoidable funding cost"
2026-02-09,E008,Aurelius Netherlands,EMEA,3,3,0,5946866.097513273,0.0,5946866.097513273,False,False,ANALYST-CALC,"Entity deficit is an estimated position, not evidence of facility use or avoidable funding cost"
2026-02-09,E009,Aurelius Spain,EMEA,3,3,0,4030543.830506441,0.0,4030543.830506441,False,False,ANALYST-CALC,"Entity deficit is an estimated position, not evidence of facility use or avoidable funding cost"
2026-02-09,E010,Aurelius Singapore,APAC,4,3,1,1301025.6110555304,-813474.57,487551.0410555304,True,False,ANALYST-CALC,"Entity deficit is an estimated position, not evidence of facility use or avoidable funding cost"
2026-02-09,E011,Aurelius Australia,APAC,3,3,0,7529893.535939968,0.0,7529893.535939968,False,False,ANALYST-CALC,"Entity deficit is an estimated position, not evidence of facility use or avoidable funding cost"
2026-02-09,E012,Aurelius Japan,APAC,3,3,0,624730.2873923955,0.0,624730.2873923955,False,False,ANALYST-CALC,"Entity deficit is an estimated position, not evidence of facility use or avoidable funding cost"
2026-02-09,E013,Aurelius Korea,APAC,3,3,0,3501.2716569768004,0.0,3501.2716569768004,False,False,ANALYST-CALC,"Entity deficit is an estimated position, not evidence of facility use or avoidable funding cost"
2026-02-09,E014,Aurelius India,APAC,3,3,0,491724.5724196492,0.0,491724.5724196492,False,False,ANALYST-CALC,"Entity deficit is an estimated position, not evidence of facility use or avoidable funding cost"
2026-02-09,E015,Aurelius Hong Kong,APAC,3,3,0,452423.25743345224,0.0,452423.25743345224,False,False,ANALYST-CALC,"Entity deficit is an estimated position, not evidence of facility use or avoidable funding cost"
2026-02-09,E016,Aurelius Global Sourcing,APAC,3,3,0,2887375.3200000003,0.0,2887375.3200000003,False,False,ANALYST-CALC,"Entity deficit is an estimated position, not evidence of facility use or avoidable funding cost"
2026-02-10,E001,Aurelius Group Holdings,NA,4,4,0,4120982.46,0.0,4120982.46,False,False,ANALYST-CALC,"Entity deficit is an estimated position, not evidence of facility use or avoidable funding cost"
2026-02-10,E002,Aurelius Home US,NA,5,5,0,7044185.91,0.0,7044185.91,False,False,ANALYST-CALC,"Entity deficit is an estimated position, not evidence of facility use or avoidable funding cost"
2026-02-10,E003,Aurelius Wellness US,NA,4,4,0,7249943.0,0.0,7249943.0,False,False,ANALYST-CALC,"Entity deficit is an estimated position, not evidence of facility use or avoidable funding cost"
2026-02-10,E004,Aurelius Canada,NA,3,3,0,2375041.8610909944,0.0,2375041.8610909944,False,False,ANALYST-CALC,"Entity deficit is an estimated position, not evidence of facility use or avoidable funding cost"
2026-02-10,E005,Aurelius UK,EMEA,4,4,0,4740171.092925228,0.0,4740171.092925228,False,False,ANALYST-CALC,"Entity deficit is an estimated position, not evidence of facility use or avoidable funding cost"
2026-02-10,E006,Aurelius Germany,EMEA,4,4,0,8606477.363672031,0.0,8606477.363672031,False,False,ANALYST-CALC,"Entity deficit is an estimated position, not evidence of facility use or avoidable funding cost"
2026-02-10,E007,Aurelius France,EMEA,3,2,1,1253686.4909766477,-1191847.2474752907,61839.243501357036,True,False,ANALYST-CALC,"Entity deficit is an estimated position, not evidence of facility use or avoidable funding cost"
2026-02-10,E008,Aurelius Netherlands,EMEA,3,3,0,5896150.635467465,0.0,5896150.635467465,False,False,ANALYST-CALC,"Entity deficit is an estimated position, not evidence of facility use or avoidable funding cost"
2026-02-10,E009,Aurelius Spain,EMEA,3,3,0,4497447.329348162,0.0,4497447.329348162,False,False,ANALYST-CALC,"Entity deficit is an estimated position, not evidence of facility use or avoidable funding cost"
2026-02-10,E010,Aurelius Singapore,APAC,4,3,1,1215700.6724022266,-914043.77,301656.9024022265,True,False,ANALYST-CALC,"Entity deficit is an estimated position, not evidence of facility use or avoidable funding cost"
2026-02-10,E011,Aurelius Australia,APAC,3,3,0,7408926.400966004,0.0,7408926.400966004,False,False,ANALYST-CALC,"Entity deficit is an estimated position, not evidence of facility use or avoidable funding cost"
2026-02-10,E012,Aurelius Japan,APAC,3,3,0,592271.305412517,0.0,592271.305412517,False,False,ANALYST-CALC,"Entity deficit is an estimated position, not evidence of facility use or avoidable funding cost"
2026-02-10,E013,Aurelius Korea,APAC,3,3,0,2956.5833915982,0.0,2956.5833915982,False,False,ANALYST-CALC,"Entity deficit is an estimated position, not evidence of facility use or avoidable funding cost"
2026-02-10,E014,Aurelius India,APAC,3,3,0,453808.08954376506,0.0,453808.08954376506,False,False,ANALYST-CALC,"Entity deficit is an estimated position, not evidence of facility use or avoidable funding cost"
2026-02-10,E015,Aurelius Hong Kong,APAC,3,3,0,433580.7204242925,0.0,433580.7204242925,False,False,ANALYST-CALC,"Entity deficit is an estimated position, not evidence of facility use or avoidable funding cost"
2026-02-10,E016,Aurelius Global Sourcing,APAC,3,3,0,2836877.25,0.0,2836877.25,False,False,ANALYST-CALC,"Entity deficit is an estimated position, not evidence of facility use or avoidable funding cost"
2026-02-11,E001,Aurelius Group Holdings,NA,4,4,0,3636272.98,0.0,3636272.98,False,False,ANALYST-CALC,"Entity deficit is an estimated position, not evidence of facility use or avoidable funding cost"
2026-02-11,E002,Aurelius Home US,NA,5,5,0,6915808.56,0.0,6915808.56,False,False,ANALYST-CALC,"Entity deficit is an estimated position, not evidence of facility use or avoidable funding cost"
2026-02-11,E003,Aurelius Wellness US,NA,4,4,0,7371268.859999999,0.0,7371268.859999999,False,False,ANALYST-CALC,"Entity deficit is an estimated position, not evidence of facility use or avoidable funding cost"
2026-02-11,E004,Aurelius Canada,NA,3,3,0,2417007.13654257,0.0,2417007.13654257,False,False,ANALYST-CALC,"Entity deficit is an estimated position, not evidence of facility use or avoidable funding cost"
2026-02-11,E005,Aurelius UK,EMEA,4,4,0,4681611.615297562,0.0,4681611.615297562,False,False,ANALYST-CALC,"Entity deficit is an estimated position, not evidence of facility use or avoidable funding cost"
2026-02-11,E006,Aurelius Germany,EMEA,4,4,0,8501034.680206344,0.0,8501034.680206344,False,False,ANALYST-CALC,"Entity deficit is an estimated position, not evidence of facility use or avoidable funding cost"
2026-02-11,E007,Aurelius France,EMEA,3,2,1,1429099.277469219,-1192819.4174497244,236279.8600194945,True,False,ANALYST-CALC,"Entity deficit is an estimated position, not evidence of facility use or avoidable funding cost"
2026-02-11,E008,Aurelius Netherlands,EMEA,3,3,0,6112202.891636721,0.0,6112202.891636721,False,False,ANALYST-CALC,"Entity deficit is an estimated position, not evidence of facility use or avoidable funding cost"
2026-02-11,E009,Aurelius Spain,EMEA,3,3,0,3610324.5283406433,0.0,3610324.5283406433,False,False,ANALYST-CALC,"Entity deficit is an estimated position, not evidence of facility use or avoidable funding cost"
2026-02-11,E010,Aurelius Singapore,APAC,4,3,1,1140458.0601884094,-1043683.42,96774.6401884093,True,False,ANALYST-CALC,"Entity deficit is an estimated position, not evidence of facility use or avoidable funding cost"
2026-02-11,E011,Aurelius Australia,APAC,3,3,0,7536891.466669655,0.0,7536891.466669655,False,False,ANALYST-CALC,"Entity deficit is an estimated position, not evidence of facility use or avoidable funding cost"
2026-02-11,E012,Aurelius Japan,APAC,3,3,0,408404.8171694712,0.0,408404.8171694712,False,False,ANALYST-CALC,"Entity deficit is an estimated position, not evidence of facility use or avoidable funding cost"
2026-02-11,E013,Aurelius Korea,APAC,3,3,0,2672.2936697196,0.0,2672.2936697196,False,False,ANALYST-CALC,"Entity deficit is an estimated position, not evidence of facility use or avoidable funding cost"
2026-02-11,E014,Aurelius India,APAC,3,3,0,446160.3977664728,0.0,446160.3977664728,False,False,ANALYST-CALC,"Entity deficit is an estimated position, not evidence of facility use or avoidable funding cost"
2026-02-11,E015,Aurelius Hong Kong,APAC,3,3,0,390692.36051033763,0.0,390692.36051033763,False,False,ANALYST-CALC,"Entity deficit is an estimated position, not evidence of facility use or avoidable funding cost"
2026-02-11,E016,Aurelius Global Sourcing,APAC,3,3,0,2636478.73,0.0,2636478.73,False,False,ANALYST-CALC,"Entity deficit is an estimated position, not evidence of facility use or avoidable funding cost"
2026-02-12,E001,Aurelius Group Holdings,NA,4,4,0,3770141.48,0.0,3770141.48,False,False,ANALYST-CALC,"Entity deficit is an estimated position, not evidence of facility use or avoidable funding cost"
2026-02-12,E002,Aurelius Home US,NA,5,5,0,7800948.49,0.0,7800948.49,False,False,ANALYST-CALC,"Entity deficit is an estimated position, not evidence of facility use or avoidable funding cost"
2026-02-12,E003,Aurelius Wellness US,NA,4,4,0,7161131.49,0.0,7161131.49,False,False,ANALYST-CALC,"Entity deficit is an estimated position, not evidence of facility use or avoidable funding cost"
2026-02-12,E004,Aurelius Canada,NA,3,3,0,2238357.0505499104,0.0,2238357.0505499104,False,False,ANALYST-CALC,"Entity deficit is an estimated position, not evidence of facility use or avoidable funding cost"
2026-02-12,E005,Aurelius UK,EMEA,4,4,0,4821876.18338758,0.0,4821876.18338758,False,False,ANALYST-CALC,"Entity deficit is an estimated position, not evidence of facility use or avoidable funding cost"
2026-02-12,E006,Aurelius Germany,EMEA,4,4,0,8768116.20000387,0.0,8768116.20000387,False,False,ANALYST-CALC,"Entity deficit is an estimated position, not evidence of facility use or avoidable funding cost"
2026-02-12,E007,Aurelius France,EMEA,3,2,1,1436709.7029641126,-1191012.4959458276,245697.20701828494,True,False,ANALYST-CALC,"Entity deficit is an estimated position, not evidence of facility use or avoidable funding cost"
2026-02-12,E008,Aurelius Netherlands,EMEA,3,3,0,6954995.047722375,0.0,6954995.047722375,False,False,ANALYST-CALC,"Entity deficit is an estimated position, not evidence of facility use or avoidable funding cost"
2026-02-12,E009,Aurelius Spain,EMEA,3,3,0,3785612.419898601,0.0,3785612.419898601,False,False,ANALYST-CALC,"Entity deficit is an estimated position, not evidence of facility use or avoidable funding cost"
2026-02-12,E010,Aurelius Singapore,APAC,4,3,1,1195216.984397508,-786122.78,409094.20439750794,True,False,ANALYST-CALC,"Entity deficit is an estimated position, not evidence of facility use or avoidable funding cost"
2026-02-12,E011,Aurelius Australia,APAC,3,3,0,6982555.51611658,0.0,6982555.51611658,False,False,ANALYST-CALC,"Entity deficit is an estimated position, not evidence of facility use or avoidable funding cost"
2026-02-12,E012,Aurelius Japan,APAC,3,3,0,535284.5342377728,0.0,535284.5342377728,False,False,ANALYST-CALC,"Entity deficit is an estimated position, not evidence of facility use or avoidable funding cost"
2026-02-12,E013,Aurelius Korea,APAC,3,3,0,2750.2137570715995,0.0,2750.2137570715995,False,False,ANALYST-CALC,"Entity deficit is an estimated position, not evidence of facility use or avoidable funding cost"
2026-02-12,E014,Aurelius India,APAC,3,3,0,494963.1358358102,0.0,494963.1358358102,False,False,ANALYST-CALC,"Entity deficit is an estimated position, not evidence of facility use or avoidable funding cost"
2026-02-12,E015,Aurelius Hong Kong,APAC,3,3,0,447841.9039652715,0.0,447841.9039652715,False,False,ANALYST-CALC,"Entity deficit is an estimated position, not evidence of facility use or avoidable funding cost"
2026-02-12,E016,Aurelius Global Sourcing,APAC,3,3,0,2326197.3499999996,0.0,2326197.3499999996,False,False,ANALYST-CALC,"Entity deficit is an estimated position, not evidence of facility use or avoidable funding cost"
2026-02-13,E001,Aurelius Group Holdings,NA,4,4,0,3490373.77,0.0,3490373.77,False,False,ANALYST-CALC,"Entity deficit is an estimated position, not evidence of facility use or avoidable funding cost"
2026-02-13,E002,Aurelius Home US,NA,5,5,0,8249413.9,0.0,8249413.9,False,False,ANALYST-CALC,"Entity deficit is an estimated position, not evidence of facility use or avoidable funding cost"
2026-02-13,E003,Aurelius Wellness US,NA,4,4,0,6647014.15,0.0,6647014.15,False,False,ANALYST-CALC,"Entity deficit is an estimated position, not evidence of facility use or avoidable funding cost"
2026-02-13,E004,Aurelius Canada,NA,3,3,0,2077911.8655540927,0.0,2077911.8655540927,False,False,ANALYST-CALC,"Entity deficit is an estimated position, not evidence of facility use or avoidable funding cost"
2026-02-13,E005,Aurelius UK,EMEA,4,4,0,4984648.035330776,0.0,4984648.035330776,False,False,ANALYST-CALC,"Entity deficit is an estimated position, not evidence of facility use or avoidable funding cost"
2026-02-13,E006,Aurelius Germany,EMEA,4,4,0,8996676.949911643,0.0,8996676.949911643,False,False,ANALYST-CALC,"Entity deficit is an estimated position, not evidence of facility use or avoidable funding cost"
2026-02-13,E007,Aurelius France,EMEA,3,2,1,1193215.8717332312,-1247728.9667484313,-54513.09501520009,True,True,ANALYST-CALC,"Entity deficit is an estimated position, not evidence of facility use or avoidable funding cost"
2026-02-13,E008,Aurelius Netherlands,EMEA,3,3,0,6364509.44614975,0.0,6364509.44614975,False,False,ANALYST-CALC,"Entity deficit is an estimated position, not evidence of facility use or avoidable funding cost"
2026-02-13,E009,Aurelius Spain,EMEA,3,3,0,3570320.2208480947,0.0,3570320.2208480947,False,False,ANALYST-CALC,"Entity deficit is an estimated position, not evidence of facility use or avoidable funding cost"
2026-02-13,E010,Aurelius Singapore,APAC,4,3,1,1270110.0664071664,-833208.77,436901.2964071663,True,False,ANALYST-CALC,"Entity deficit is an estimated position, not evidence of facility use or avoidable funding cost"
2026-02-13,E011,Aurelius Australia,APAC,3,3,0,6676032.11746303,0.0,6676032.11746303,False,False,ANALYST-CALC,"Entity deficit is an estimated position, not evidence of facility use or avoidable funding cost"
2026-02-13,E012,Aurelius Japan,APAC,3,3,0,520202.5453669745,0.0,520202.5453669745,False,False,ANALYST-CALC,"Entity deficit is an estimated position, not evidence of facility use or avoidable funding cost"
2026-02-13,E013,Aurelius Korea,APAC,3,3,0,3139.4232096570004,0.0,3139.4232096570004,False,False,ANALYST-CALC,"Entity deficit is an estimated position, not evidence of facility use or avoidable funding cost"
2026-02-13,E014,Aurelius India,APAC,3,3,0,485249.6858773286,0.0,485249.6858773286,False,False,ANALYST-CALC,"Entity deficit is an estimated position, not evidence of facility use or avoidable funding cost"
2026-02-13,E015,Aurelius Hong Kong,APAC,3,3,0,426586.87981866446,0.0,426586.87981866446,False,False,ANALYST-CALC,"Entity deficit is an estimated position, not evidence of facility use or avoidable funding cost"
2026-02-13,E016,Aurelius Global Sourcing,APAC,3,3,0,2571836.2,0.0,2571836.2,False,False,ANALYST-CALC,"Entity deficit is an estimated position, not evidence of facility use or avoidable funding cost"
2026-02-14,E001,Aurelius Group Holdings,NA,4,4,0,2964317.89,0.0,2964317.89,False,False,ANALYST-CALC,"Entity deficit is an estimated position, not evidence of facility use or avoidable funding cost"
2026-02-14,E002,Aurelius Home US,NA,5,5,0,8466466.9,0.0,8466466.9,False,False,ANALYST-CALC,"Entity deficit is an estimated position, not evidence of facility use or avoidable funding cost"
2026-02-14,E003,Aurelius Wellness US,NA,4,4,0,7866170.62,0.0,7866170.62,False,False,ANALYST-CALC,"Entity deficit is an estimated position, not evidence of facility use or avoidable funding cost"
2026-02-14,E004,Aurelius Canada,NA,3,3,0,2298873.3201213,0.0,2298873.3201213,False,False,ANALYST-CALC,"Entity deficit is an estimated position, not evidence of facility use or avoidable funding cost"
2026-02-14,E005,Aurelius UK,EMEA,4,4,0,5103320.711410573,0.0,5103320.711410573,False,False,ANALYST-CALC,"Entity deficit is an estimated position, not evidence of facility use or avoidable funding cost"
2026-02-14,E006,Aurelius Germany,EMEA,4,4,0,7811713.348772228,0.0,7811713.348772228,False,False,ANALYST-CALC,"Entity deficit is an estimated position, not evidence of facility use or avoidable funding cost"
2026-02-14,E007,Aurelius France,EMEA,3,2,1,1248542.4261733028,-1093704.7959209632,154837.6302523396,True,False,ANALYST-CALC,"Entity deficit is an estimated position, not evidence of facility use or avoidable funding cost"
2026-02-14,E008,Aurelius Netherlands,EMEA,3,3,0,6029333.510232599,0.0,6029333.510232599,False,False,ANALYST-CALC,"Entity deficit is an estimated position, not evidence of facility use or avoidable funding cost"
2026-02-14,E009,Aurelius Spain,EMEA,3,3,0,3816493.4323323146,0.0,3816493.4323323146,False,False,ANALYST-CALC,"Entity deficit is an estimated position, not evidence of facility use or avoidable funding cost"
2026-02-14,E010,Aurelius Singapore,APAC,4,3,1,1263109.193368243,-867427.71,395681.4833682432,True,False,ANALYST-CALC,"Entity deficit is an estimated position, not evidence of facility use or avoidable funding cost"
2026-02-14,E011,Aurelius Australia,APAC,3,3,0,6061384.333401587,0.0,6061384.333401587,False,False,ANALYST-CALC,"Entity deficit is an estimated position, not evidence of facility use or avoidable funding cost"
2026-02-14,E012,Aurelius Japan,APAC,3,3,0,572338.9622863354,0.0,572338.9622863354,False,False,ANALYST-CALC,"Entity deficit is an estimated position, not evidence of facility use or avoidable funding cost"
2026-02-14,E013,Aurelius Korea,APAC,3,3,0,3294.0135625908997,0.0,3294.0135625908997,False,False,ANALYST-CALC,"Entity deficit is an estimated position, not evidence of facility use or avoidable funding cost"
2026-02-14,E014,Aurelius India,APAC,3,3,0,547627.7158181326,0.0,547627.7158181326,False,False,ANALYST-CALC,"Entity deficit is an estimated position, not evidence of facility use or avoidable funding cost"
2026-02-14,E015,Aurelius Hong Kong,APAC,3,3,0,459947.2867255275,0.0,459947.2867255275,False,False,ANALYST-CALC,"Entity deficit is an estimated position, not evidence of facility use or avoidable funding cost"
2026-02-14,E016,Aurelius Global Sourcing,APAC,3,3,0,2544660.4,0.0,2544660.4,False,False,ANALYST-CALC,"Entity deficit is an estimated position, not evidence of facility use or avoidable funding cost"
2026-02-15,E001,Aurelius Group Holdings,NA,4,4,0,3529716.25,0.0,3529716.25,False,False,ANALYST-CALC,"Entity deficit is an estimated position, not evidence of facility use or avoidable funding cost"
2026-02-15,E002,Aurelius Home US,NA,5,5,0,7348606.72,0.0,7348606.72,False,False,ANALYST-CALC,"Entity deficit is an estimated position, not evidence of facility use or avoidable funding cost"
2026-02-15,E003,Aurelius Wellness US,NA,4,4,0,7825643.53,0.0,7825643.53,False,False,ANALYST-CALC,"Entity deficit is an estimated position, not evidence of facility use or avoidable funding cost"
2026-02-15,E004,Aurelius Canada,NA,3,3,0,2144549.209123374,0.0,2144549.209123374,False,False,ANALYST-CALC,"Entity deficit is an estimated position, not evidence of facility use or avoidable funding cost"
2026-02-15,E005,Aurelius UK,EMEA,4,4,0,5085746.917934677,0.0,5085746.917934677,False,False,ANALYST-CALC,"Entity deficit is an estimated position, not evidence of facility use or avoidable funding cost"
2026-02-15,E006,Aurelius Germany,EMEA,4,4,0,8341026.056466419,0.0,8341026.056466419,False,False,ANALYST-CALC,"Entity deficit is an estimated position, not evidence of facility use or avoidable funding cost"
2026-02-15,E007,Aurelius France,EMEA,3,2,1,1161632.4761959203,-995757.3838167354,165875.09237918485,True,False,ANALYST-CALC,"Entity deficit is an estimated position, not evidence of facility use or avoidable funding cost"
2026-02-15,E008,Aurelius Netherlands,EMEA,3,3,0,6004645.348738603,0.0,6004645.348738603,False,False,ANALYST-CALC,"Entity deficit is an estimated position, not evidence of facility use or avoidable funding cost"
2026-02-15,E009,Aurelius Spain,EMEA,3,3,0,3759601.54462995,0.0,3759601.54462995,False,False,ANALYST-CALC,"Entity deficit is an estimated position, not evidence of facility use or avoidable funding cost"
2026-02-15,E010,Aurelius Singapore,APAC,4,3,1,1271945.883437127,-870145.5,401800.3834371271,True,False,ANALYST-CALC,"Entity deficit is an estimated position, not evidence of facility use or avoidable funding cost"
2026-02-15,E011,Aurelius Australia,APAC,3,3,0,7177189.869254479,0.0,7177189.869254479,False,False,ANALYST-CALC,"Entity deficit is an estimated position, not evidence of facility use or avoidable funding cost"
2026-02-15,E012,Aurelius Japan,APAC,3,3,0,575464.2395814871,0.0,575464.2395814871,False,False,ANALYST-CALC,"Entity deficit is an estimated position, not evidence of facility use or avoidable funding cost"
2026-02-15,E013,Aurelius Korea,APAC,3,3,0,3536.738891688,0.0,3536.738891688,False,False,ANALYST-CALC,"Entity deficit is an estimated position, not evidence of facility use or avoidable funding cost"
2026-02-15,E014,Aurelius India,APAC,3,3,0,559935.0347747776,0.0,559935.0347747776,False,False,ANALYST-CALC,"Entity deficit is an estimated position, not evidence of facility use or avoidable funding cost"
2026-02-15,E015,Aurelius Hong Kong,APAC,3,3,0,432965.709443818,0.0,432965.709443818,False,False,ANALYST-CALC,"Entity deficit is an estimated position, not evidence of facility use or avoidable funding cost"
2026-02-15,E016,Aurelius Global Sourcing,APAC,3,3,0,2744556.21,0.0,2744556.21,False,False,ANALYST-CALC,"Entity deficit is an estimated position, not evidence of facility use or avoidable funding cost"
2026-02-16,E001,Aurelius Group Holdings,NA,4,4,0,3447509.58,0.0,3447509.58,False,False,ANALYST-CALC,"Entity deficit is an estimated position, not evidence of facility use or avoidable funding cost"
2026-02-16,E002,Aurelius Home US,NA,5,5,0,8089813.24,0.0,8089813.24,False,False,ANALYST-CALC,"Entity deficit is an estimated position, not evidence of facility use or avoidable funding cost"
2026-02-16,E003,Aurelius Wellness US,NA,4,4,0,8155138.44,0.0,8155138.44,False,False,ANALYST-CALC,"Entity deficit is an estimated position, not evidence of facility use or avoidable funding cost"
2026-02-16,E004,Aurelius Canada,NA,3,3,0,2517837.387603829,0.0,2517837.387603829,False,False,ANALYST-CALC,"Entity deficit is an estimated position, not evidence of facility use or avoidable funding cost"
2026-02-16,E005,Aurelius UK,EMEA,4,4,0,4749481.342528018,0.0,4749481.342528018,False,False,ANALYST-CALC,"Entity deficit is an estimated position, not evidence of facility use or avoidable funding cost"
2026-02-16,E006,Aurelius Germany,EMEA,4,4,0,8486037.641062362,0.0,8486037.641062362,False,False,ANALYST-CALC,"Entity deficit is an estimated position, not evidence of facility use or avoidable funding cost"
2026-02-16,E007,Aurelius France,EMEA,3,2,1,1161389.7306695397,-1151036.786554432,10352.944115107646,True,False,ANALYST-CALC,"Entity deficit is an estimated position, not evidence of facility use or avoidable funding cost"
2026-02-16,E008,Aurelius Netherlands,EMEA,3,3,0,5447717.723864033,0.0,5447717.723864033,False,False,ANALYST-CALC,"Entity deficit is an estimated position, not evidence of facility use or avoidable funding cost"
2026-02-16,E009,Aurelius Spain,EMEA,3,3,0,3918175.1577096176,0.0,3918175.1577096176,False,False,ANALYST-CALC,"Entity deficit is an estimated position, not evidence of facility use or avoidable funding cost"
2026-02-16,E010,Aurelius Singapore,APAC,4,3,1,1314880.5816999807,-682910.22,631970.3616999807,True,False,ANALYST-CALC,"Entity deficit is an estimated position, not evidence of facility use or avoidable funding cost"
2026-02-16,E011,Aurelius Australia,APAC,3,3,0,7047230.770618845,0.0,7047230.770618845,False,False,ANALYST-CALC,"Entity deficit is an estimated position, not evidence of facility use or avoidable funding cost"
2026-02-16,E012,Aurelius Japan,APAC,3,3,0,652752.817236004,0.0,652752.817236004,False,False,ANALYST-CALC,"Entity deficit is an estimated position, not evidence of facility use or avoidable funding cost"
2026-02-16,E013,Aurelius Korea,APAC,3,3,0,3090.470705803,0.0,3090.470705803,False,False,ANALYST-CALC,"Entity deficit is an estimated position, not evidence of facility use or avoidable funding cost"
2026-02-16,E014,Aurelius India,APAC,3,3,0,465981.9063495138,0.0,465981.9063495138,False,False,ANALYST-CALC,"Entity deficit is an estimated position, not evidence of facility use or avoidable funding cost"
2026-02-16,E015,Aurelius Hong Kong,APAC,3,3,0,403526.857872594,0.0,403526.857872594,False,False,ANALYST-CALC,"Entity deficit is an estimated position, not evidence of facility use or avoidable funding cost"
2026-02-16,E016,Aurelius Global Sourcing,APAC,3,3,0,2784841.62,0.0,2784841.62,False,False,ANALYST-CALC,"Entity deficit is an estimated position, not evidence of facility use or avoidable funding cost"
2026-02-17,E001,Aurelius Group Holdings,NA,4,4,0,3937113.3,0.0,3937113.3,False,False,ANALYST-CALC,"Entity deficit is an estimated position, not evidence of facility use or avoidable funding cost"
2026-02-17,E002,Aurelius Home US,NA,5,5,0,6969754.2299999995,0.0,6969754.2299999995,False,False,ANALYST-CALC,"Entity deficit is an estimated position, not evidence of facility use or avoidable funding cost"
2026-02-17,E003,Aurelius Wellness US,NA,4,4,0,7690582.4,0.0,7690582.4,False,False,ANALYST-CALC,"Entity deficit is an estimated position, not evidence of facility use or avoidable funding cost"
2026-02-17,E004,Aurelius Canada,NA,3,3,0,2136105.4576445026,0.0,2136105.4576445026,False,False,ANALYST-CALC,"Entity deficit is an estimated position, not evidence of facility use or avoidable funding cost"
2026-02-17,E005,Aurelius UK,EMEA,4,4,0,4955668.339400063,0.0,4955668.339400063,False,False,ANALYST-CALC,"Entity deficit is an estimated position, not evidence of facility use or avoidable funding cost"
2026-02-17,E006,Aurelius Germany,EMEA,4,4,0,8866727.327383453,0.0,8866727.327383453,False,False,ANALYST-CALC,"Entity deficit is an estimated position, not evidence of facility use or avoidable funding cost"
2026-02-17,E007,Aurelius France,EMEA,3,2,1,1234306.8046719516,-1238212.2957753227,-3905.4911033711396,True,True,ANALYST-CALC,"Entity deficit is an estimated position, not evidence of facility use or avoidable funding cost"
2026-02-17,E008,Aurelius Netherlands,EMEA,3,3,0,6022842.244387737,0.0,6022842.244387737,False,False,ANALYST-CALC,"Entity deficit is an estimated position, not evidence of facility use or avoidable funding cost"
2026-02-17,E009,Aurelius Spain,EMEA,3,3,0,4037184.4060786823,0.0,4037184.4060786823,False,False,ANALYST-CALC,"Entity deficit is an estimated position, not evidence of facility use or avoidable funding cost"
2026-02-17,E010,Aurelius Singapore,APAC,4,3,1,1296534.7982949426,-1073950.02,222584.7782949425,True,False,ANALYST-CALC,"Entity deficit is an estimated position, not evidence of facility use or avoidable funding cost"
2026-02-17,E011,Aurelius Australia,APAC,3,3,0,7105066.410109366,0.0,7105066.410109366,False,False,ANALYST-CALC,"Entity deficit is an estimated position, not evidence of facility use or avoidable funding cost"
2026-02-17,E012,Aurelius Japan,APAC,3,3,0,460574.127468372,0.0,460574.127468372,False,False,ANALYST-CALC,"Entity deficit is an estimated position, not evidence of facility use or avoidable funding cost"
2026-02-17,E013,Aurelius Korea,APAC,3,3,0,2908.0692120456,0.0,2908.0692120456,False,False,ANALYST-CALC,"Entity deficit is an estimated position, not evidence of facility use or avoidable funding cost"
2026-02-17,E014,Aurelius India,APAC,3,3,0,531171.3813752247,0.0,531171.3813752247,False,False,ANALYST-CALC,"Entity deficit is an estimated position, not evidence of facility use or avoidable funding cost"
2026-02-17,E015,Aurelius Hong Kong,APAC,3,3,0,350734.5408702834,0.0,350734.5408702834,False,False,ANALYST-CALC,"Entity deficit is an estimated position, not evidence of facility use or avoidable funding cost"
2026-02-17,E016,Aurelius Global Sourcing,APAC,3,3,0,2736313.95,0.0,2736313.95,False,False,ANALYST-CALC,"Entity deficit is an estimated position, not evidence of facility use or avoidable funding cost"
2026-02-18,E001,Aurelius Group Holdings,NA,4,4,0,3581977.31,0.0,3581977.31,False,False,ANALYST-CALC,"Entity deficit is an estimated position, not evidence of facility use or avoidable funding cost"
2026-02-18,E002,Aurelius Home US,NA,5,5,0,7130044.359999999,0.0,7130044.359999999,False,False,ANALYST-CALC,"Entity deficit is an estimated position, not evidence of facility use or avoidable funding cost"
2026-02-18,E003,Aurelius Wellness US,NA,4,4,0,7132410.71,0.0,7132410.71,False,False,ANALYST-CALC,"Entity deficit is an estimated position, not evidence of facility use or avoidable funding cost"
2026-02-18,E004,Aurelius Canada,NA,3,3,0,1930629.715364526,0.0,1930629.715364526,False,False,ANALYST-CALC,"Entity deficit is an estimated position, not evidence of facility use or avoidable funding cost"
2026-02-18,E005,Aurelius UK,EMEA,4,4,0,4734311.985038848,0.0,4734311.985038848,False,False,ANALYST-CALC,"Entity deficit is an estimated position, not evidence of facility use or avoidable funding cost"
2026-02-18,E006,Aurelius Germany,EMEA,4,4,0,8849438.09851555,0.0,8849438.09851555,False,False,ANALYST-CALC,"Entity deficit is an estimated position, not evidence of facility use or avoidable funding cost"
2026-02-18,E007,Aurelius France,EMEA,3,2,1,1253089.170861335,-1221271.54833893,31817.622522405058,True,False,ANALYST-CALC,"Entity deficit is an estimated position, not evidence of facility use or avoidable funding cost"
2026-02-18,E008,Aurelius Netherlands,EMEA,3,3,0,5860801.777569074,0.0,5860801.777569074,False,False,ANALYST-CALC,"Entity deficit is an estimated position, not evidence of facility use or avoidable funding cost"
2026-02-18,E009,Aurelius Spain,EMEA,3,3,0,3923981.7004402997,0.0,3923981.7004402997,False,False,ANALYST-CALC,"Entity deficit is an estimated position, not evidence of facility use or avoidable funding cost"
2026-02-18,E010,Aurelius Singapore,APAC,4,3,1,1144749.412282251,-1172990.7,-28241.28771774897,True,True,ANALYST-CALC,"Entity deficit is an estimated position, not evidence of facility use or avoidable funding cost"
2026-02-18,E011,Aurelius Australia,APAC,3,3,0,7705970.894167419,0.0,7705970.894167419,False,False,ANALYST-CALC,"Entity deficit is an estimated position, not evidence of facility use or avoidable funding cost"
2026-02-18,E012,Aurelius Japan,APAC,3,3,0,513782.14898848,0.0,513782.14898848,False,False,ANALYST-CALC,"Entity deficit is an estimated position, not evidence of facility use or avoidable funding cost"
2026-02-18,E013,Aurelius Korea,APAC,3,3,0,2941.9968629768,0.0,2941.9968629768,False,False,ANALYST-CALC,"Entity deficit is an estimated position, not evidence of facility use or avoidable funding cost"
2026-02-18,E014,Aurelius India,APAC,3,3,0,439923.95032794995,0.0,439923.95032794995,False,False,ANALYST-CALC,"Entity deficit is an estimated position, not evidence of facility use or avoidable funding cost"
2026-02-18,E015,Aurelius Hong Kong,APAC,3,3,0,435052.3460467452,0.0,435052.3460467452,False,False,ANALYST-CALC,"Entity deficit is an estimated position, not evidence of facility use or avoidable funding cost"
2026-02-18,E016,Aurelius Global Sourcing,APAC,3,3,0,2643288.17,0.0,2643288.17,False,False,ANALYST-CALC,"Entity deficit is an estimated position, not evidence of facility use or avoidable funding cost"
2026-02-19,E001,Aurelius Group Holdings,NA,4,4,0,3913860.09,0.0,3913860.09,False,False,ANALYST-CALC,"Entity deficit is an estimated position, not evidence of facility use or avoidable funding cost"
2026-02-19,E002,Aurelius Home US,NA,5,5,0,6730516.01,0.0,6730516.01,False,False,ANALYST-CALC,"Entity deficit is an estimated position, not evidence of facility use or avoidable funding cost"
2026-02-19,E003,Aurelius Wellness US,NA,4,4,0,7015932.41,0.0,7015932.41,False,False,ANALYST-CALC,"Entity deficit is an estimated position, not evidence of facility use or avoidable funding cost"
2026-02-19,E004,Aurelius Canada,NA,3,3,0,2444111.231169524,0.0,2444111.231169524,False,False,ANALYST-CALC,"Entity deficit is an estimated position, not evidence of facility use or avoidable funding cost"
2026-02-19,E005,Aurelius UK,EMEA,4,4,0,4872210.130765777,0.0,4872210.130765777,False,False,ANALYST-CALC,"Entity deficit is an estimated position, not evidence of facility use or avoidable funding cost"
2026-02-19,E006,Aurelius Germany,EMEA,4,4,0,8885128.783387994,0.0,8885128.783387994,False,False,ANALYST-CALC,"Entity deficit is an estimated position, not evidence of facility use or avoidable funding cost"
2026-02-19,E007,Aurelius France,EMEA,3,2,1,1238234.9380898701,-1372756.9545952086,-134522.01650533848,True,True,ANALYST-CALC,"Entity deficit is an estimated position, not evidence of facility use or avoidable funding cost"
2026-02-19,E008,Aurelius Netherlands,EMEA,3,3,0,6771947.884325235,0.0,6771947.884325235,False,False,ANALYST-CALC,"Entity deficit is an estimated position, not evidence of facility use or avoidable funding cost"
2026-02-19,E009,Aurelius Spain,EMEA,3,3,0,3814227.2145786015,0.0,3814227.2145786015,False,False,ANALYST-CALC,"Entity deficit is an estimated position, not evidence of facility use or avoidable funding cost"
2026-02-19,E010,Aurelius Singapore,APAC,4,3,1,1196907.4153385614,-975276.96,221630.45533856138,True,False,ANALYST-CALC,"Entity deficit is an estimated position, not evidence of facility use or avoidable funding cost"
2026-02-19,E011,Aurelius Australia,APAC,3,3,0,7227914.210749962,0.0,7227914.210749962,False,False,ANALYST-CALC,"Entity deficit is an estimated position, not evidence of facility use or avoidable funding cost"
2026-02-19,E012,Aurelius Japan,APAC,3,3,0,596962.0352805876,0.0,596962.0352805876,False,False,ANALYST-CALC,"Entity deficit is an estimated position, not evidence of facility use or avoidable funding cost"
2026-02-19,E013,Aurelius Korea,APAC,3,3,0,3218.2875430812,0.0,3218.2875430812,False,False,ANALYST-CALC,"Entity deficit is an estimated position, not evidence of facility use or avoidable funding cost"
2026-02-19,E014,Aurelius India,APAC,3,3,0,530326.3911893186,0.0,530326.3911893186,False,False,ANALYST-CALC,"Entity deficit is an estimated position, not evidence of facility use or avoidable funding cost"
2026-02-19,E015,Aurelius Hong Kong,APAC,3,3,0,446469.7231770336,0.0,446469.7231770336,False,False,ANALYST-CALC,"Entity deficit is an estimated position, not evidence of facility use or avoidable funding cost"
2026-02-19,E016,Aurelius Global Sourcing,APAC,3,3,0,2462799.02,0.0,2462799.02,False,False,ANALYST-CALC,"Entity deficit is an estimated position, not evidence of facility use or avoidable funding cost"
2026-02-20,E001,Aurelius Group Holdings,NA,4,4,0,3569648.52,0.0,3569648.52,False,False,ANALYST-CALC,"Entity deficit is an estimated position, not evidence of facility use or avoidable funding cost"
2026-02-20,E002,Aurelius Home US,NA,5,5,0,7386475.0600000005,0.0,7386475.0600000005,False,False,ANALYST-CALC,"Entity deficit is an estimated position, not evidence of facility use or avoidable funding cost"
2026-02-20,E003,Aurelius Wellness US,NA,4,4,0,7273109.32,0.0,7273109.32,False,False,ANALYST-CALC,"Entity deficit is an estimated position, not evidence of facility use or avoidable funding cost"
2026-02-20,E004,Aurelius Canada,NA,3,3,0,2313601.519586816,0.0,2313601.519586816,False,False,ANALYST-CALC,"Entity deficit is an estimated position, not evidence of facility use or avoidable funding cost"
2026-02-20,E005,Aurelius UK,EMEA,4,4,0,5752601.66152581,0.0,5752601.66152581,False,False,ANALYST-CALC,"Entity deficit is an estimated position, not evidence of facility use or avoidable funding cost"
2026-02-20,E006,Aurelius Germany,EMEA,4,4,0,10144037.65628934,0.0,10144037.65628934,False,False,ANALYST-CALC,"Entity deficit is an estimated position, not evidence of facility use or avoidable funding cost"
2026-02-20,E007,Aurelius France,EMEA,3,2,1,1394839.3243076764,-1337937.5899343265,56901.734373350046,True,False,ANALYST-CALC,"Entity deficit is an estimated position, not evidence of facility use or avoidable funding cost"
2026-02-20,E008,Aurelius Netherlands,EMEA,3,3,0,6203224.200542219,0.0,6203224.200542219,False,False,ANALYST-CALC,"Entity deficit is an estimated position, not evidence of facility use or avoidable funding cost"
2026-02-20,E009,Aurelius Spain,EMEA,3,3,0,3661445.7388705434,0.0,3661445.7388705434,False,False,ANALYST-CALC,"Entity deficit is an estimated position, not evidence of facility use or avoidable funding cost"
2026-02-20,E010,Aurelius Singapore,APAC,4,3,1,1039336.8807711116,-825435.27,213901.61077111162,True,False,ANALYST-CALC,"Entity deficit is an estimated position, not evidence of facility use or avoidable funding cost"
2026-02-20,E011,Aurelius Australia,APAC,3,3,0,7888290.683718792,0.0,7888290.683718792,False,False,ANALYST-CALC,"Entity deficit is an estimated position, not evidence of facility use or avoidable funding cost"
2026-02-20,E012,Aurelius Japan,APAC,3,3,0,490844.2401064535,0.0,490844.2401064535,False,False,ANALYST-CALC,"Entity deficit is an estimated position, not evidence of facility use or avoidable funding cost"
2026-02-20,E013,Aurelius Korea,APAC,3,3,0,3315.6270552355,0.0,3315.6270552355,False,False,ANALYST-CALC,"Entity deficit is an estimated position, not evidence of facility use or avoidable funding cost"
2026-02-20,E014,Aurelius India,APAC,3,3,0,519017.64830785105,0.0,519017.64830785105,False,False,ANALYST-CALC,"Entity deficit is an estimated position, not evidence of facility use or avoidable funding cost"
2026-02-20,E015,Aurelius Hong Kong,APAC,3,3,0,461792.3264859696,0.0,461792.3264859696,False,False,ANALYST-CALC,"Entity deficit is an estimated position, not evidence of facility use or avoidable funding cost"
2026-02-20,E016,Aurelius Global Sourcing,APAC,3,3,0,2603228.83,0.0,2603228.83,False,False,ANALYST-CALC,"Entity deficit is an estimated position, not evidence of facility use or avoidable funding cost"
2026-02-21,E001,Aurelius Group Holdings,NA,4,4,0,3354350.27,0.0,3354350.27,False,False,ANALYST-CALC,"Entity deficit is an estimated position, not evidence of facility use or avoidable funding cost"
2026-02-21,E002,Aurelius Home US,NA,5,5,0,7650924.84,0.0,7650924.84,False,False,ANALYST-CALC,"Entity deficit is an estimated position, not evidence of facility use or avoidable funding cost"
2026-02-21,E003,Aurelius Wellness US,NA,4,4,0,8143072.9,0.0,8143072.9,False,False,ANALYST-CALC,"Entity deficit is an estimated position, not evidence of facility use or avoidable funding cost"
2026-02-21,E004,Aurelius Canada,NA,3,3,0,2462669.60505771,0.0,2462669.60505771,False,False,ANALYST-CALC,"Entity deficit is an estimated position, not evidence of facility use or avoidable funding cost"
2026-02-21,E005,Aurelius UK,EMEA,4,4,0,5540047.957967318,0.0,5540047.957967318,False,False,ANALYST-CALC,"Entity deficit is an estimated position, not evidence of facility use or avoidable funding cost"
2026-02-21,E006,Aurelius Germany,EMEA,4,4,0,9683257.237124817,0.0,9683257.237124817,False,False,ANALYST-CALC,"Entity deficit is an estimated position, not evidence of facility use or avoidable funding cost"
2026-02-21,E007,Aurelius France,EMEA,3,2,1,1319004.5981378765,-1046702.7451206368,272301.8530172396,True,False,ANALYST-CALC,"Entity deficit is an estimated position, not evidence of facility use or avoidable funding cost"
2026-02-21,E008,Aurelius Netherlands,EMEA,3,3,0,6574602.53207554,0.0,6574602.53207554,False,False,ANALYST-CALC,"Entity deficit is an estimated position, not evidence of facility use or avoidable funding cost"
2026-02-21,E009,Aurelius Spain,EMEA,3,3,0,3540803.298479591,0.0,3540803.298479591,False,False,ANALYST-CALC,"Entity deficit is an estimated position, not evidence of facility use or avoidable funding cost"
2026-02-21,E010,Aurelius Singapore,APAC,4,3,1,1351242.149615935,-942913.66,408328.4896159351,True,False,ANALYST-CALC,"Entity deficit is an estimated position, not evidence of facility use or avoidable funding cost"
2026-02-21,E011,Aurelius Australia,APAC,3,3,0,6508741.7328022495,0.0,6508741.7328022495,False,False,ANALYST-CALC,"Entity deficit is an estimated position, not evidence of facility use or avoidable funding cost"
2026-02-21,E012,Aurelius Japan,APAC,3,3,0,587047.1225352964,0.0,587047.1225352964,False,False,ANALYST-CALC,"Entity deficit is an estimated position, not evidence of facility use or avoidable funding cost"
2026-02-21,E013,Aurelius Korea,APAC,3,3,0,3295.6281399060003,0.0,3295.6281399060003,False,False,ANALYST-CALC,"Entity deficit is an estimated position, not evidence of facility use or avoidable funding cost"
2026-02-21,E014,Aurelius India,APAC,3,3,0,543222.4718315009,0.0,543222.4718315009,False,False,ANALYST-CALC,"Entity deficit is an estimated position, not evidence of facility use or avoidable funding cost"
2026-02-21,E015,Aurelius Hong Kong,APAC,3,3,0,487700.5197856684,0.0,487700.5197856684,False,False,ANALYST-CALC,"Entity deficit is an estimated position, not evidence of facility use or avoidable funding cost"
2026-02-21,E016,Aurelius Global Sourcing,APAC,3,3,0,2820988.48,0.0,2820988.48,False,False,ANALYST-CALC,"Entity deficit is an estimated position, not evidence of facility use or avoidable funding cost"
2026-02-22,E001,Aurelius Group Holdings,NA,4,4,0,3498549.67,0.0,3498549.67,False,False,ANALYST-CALC,"Entity deficit is an estimated position, not evidence of facility use or avoidable funding cost"
2026-02-22,E002,Aurelius Home US,NA,5,5,0,7926005.33,0.0,7926005.33,False,False,ANALYST-CALC,"Entity deficit is an estimated position, not evidence of facility use or avoidable funding cost"
2026-02-22,E003,Aurelius Wellness US,NA,4,4,0,7912749.739999999,0.0,7912749.739999999,False,False,ANALYST-CALC,"Entity deficit is an estimated position, not evidence of facility use or avoidable funding cost"
2026-02-22,E004,Aurelius Canada,NA,3,3,0,2018896.0081485151,0.0,2018896.0081485151,False,False,ANALYST-CALC,"Entity deficit is an estimated position, not evidence of facility use or avoidable funding cost"
2026-02-22,E005,Aurelius UK,EMEA,4,4,0,5099125.232728701,0.0,5099125.232728701,False,False,ANALYST-CALC,"Entity deficit is an estimated position, not evidence of facility use or avoidable funding cost"
2026-02-22,E006,Aurelius Germany,EMEA,4,4,0,9105124.750542155,0.0,9105124.750542155,False,False,ANALYST-CALC,"Entity deficit is an estimated position, not evidence of facility use or avoidable funding cost"
2026-02-22,E007,Aurelius France,EMEA,3,2,1,1287872.6874869624,-994156.5581909933,293716.12929596903,True,False,ANALYST-CALC,"Entity deficit is an estimated position, not evidence of facility use or avoidable funding cost"
2026-02-22,E008,Aurelius Netherlands,EMEA,3,3,0,5509504.76901802,0.0,5509504.76901802,False,False,ANALYST-CALC,"Entity deficit is an estimated position, not evidence of facility use or avoidable funding cost"
2026-02-22,E009,Aurelius Spain,EMEA,3,3,0,3907910.7585754544,0.0,3907910.7585754544,False,False,ANALYST-CALC,"Entity deficit is an estimated position, not evidence of facility use or avoidable funding cost"
2026-02-22,E010,Aurelius Singapore,APAC,4,3,1,1302440.3987622636,-807145.87,495294.52876226354,True,False,ANALYST-CALC,"Entity deficit is an estimated position, not evidence of facility use or avoidable funding cost"
2026-02-22,E011,Aurelius Australia,APAC,3,3,0,7370080.1659659045,0.0,7370080.1659659045,False,False,ANALYST-CALC,"Entity deficit is an estimated position, not evidence of facility use or avoidable funding cost"
2026-02-22,E012,Aurelius Japan,APAC,3,3,0,621080.2375869197,0.0,621080.2375869197,False,False,ANALYST-CALC,"Entity deficit is an estimated position, not evidence of facility use or avoidable funding cost"
2026-02-22,E013,Aurelius Korea,APAC,3,3,0,3435.1462841112,0.0,3435.1462841112,False,False,ANALYST-CALC,"Entity deficit is an estimated position, not evidence of facility use or avoidable funding cost"
2026-02-22,E014,Aurelius India,APAC,3,3,0,555321.8877729645,0.0,555321.8877729645,False,False,ANALYST-CALC,"Entity deficit is an estimated position, not evidence of facility use or avoidable funding cost"
2026-02-22,E015,Aurelius Hong Kong,APAC,3,3,0,481607.7338008492,0.0,481607.7338008492,False,False,ANALYST-CALC,"Entity deficit is an estimated position, not evidence of facility use or avoidable funding cost"
2026-02-22,E016,Aurelius Global Sourcing,APAC,3,3,0,2839621.25,0.0,2839621.25,False,False,ANALYST-CALC,"Entity deficit is an estimated position, not evidence of facility use or avoidable funding cost"
2026-02-23,E001,Aurelius Group Holdings,NA,4,4,0,3891001.81,0.0,3891001.81,False,False,ANALYST-CALC,"Entity deficit is an estimated position, not evidence of facility use or avoidable funding cost"
2026-02-23,E002,Aurelius Home US,NA,5,5,0,7758189.1,0.0,7758189.1,False,False,ANALYST-CALC,"Entity deficit is an estimated position, not evidence of facility use or avoidable funding cost"
2026-02-23,E003,Aurelius Wellness US,NA,4,4,0,8682601.46,0.0,8682601.46,False,False,ANALYST-CALC,"Entity deficit is an estimated position, not evidence of facility use or avoidable funding cost"
2026-02-23,E004,Aurelius Canada,NA,3,3,0,2086204.4608317115,0.0,2086204.4608317115,False,False,ANALYST-CALC,"Entity deficit is an estimated position, not evidence of facility use or avoidable funding cost"
2026-02-23,E005,Aurelius UK,EMEA,4,4,0,4364348.894407831,0.0,4364348.894407831,False,False,ANALYST-CALC,"Entity deficit is an estimated position, not evidence of facility use or avoidable funding cost"
2026-02-23,E006,Aurelius Germany,EMEA,4,4,0,9043565.93257974,0.0,9043565.93257974,False,False,ANALYST-CALC,"Entity deficit is an estimated position, not evidence of facility use or avoidable funding cost"
2026-02-23,E007,Aurelius France,EMEA,3,2,1,1124833.7934746009,-1006838.3618718379,117995.43160276295,True,False,ANALYST-CALC,"Entity deficit is an estimated position, not evidence of facility use or avoidable funding cost"
2026-02-23,E008,Aurelius Netherlands,EMEA,3,3,0,5576848.375106786,0.0,5576848.375106786,False,False,ANALYST-CALC,"Entity deficit is an estimated position, not evidence of facility use or avoidable funding cost"
2026-02-23,E009,Aurelius Spain,EMEA,3,3,0,4311644.433983158,0.0,4311644.433983158,False,False,ANALYST-CALC,"Entity deficit is an estimated position, not evidence of facility use or avoidable funding cost"
2026-02-23,E010,Aurelius Singapore,APAC,4,3,1,1203921.4221873304,-908909.87,295011.55218733056,True,False,ANALYST-CALC,"Entity deficit is an estimated position, not evidence of facility use or avoidable funding cost"
2026-02-23,E011,Aurelius Australia,APAC,3,3,0,8499001.405758724,0.0,8499001.405758724,False,False,ANALYST-CALC,"Entity deficit is an estimated position, not evidence of facility use or avoidable funding cost"
2026-02-23,E012,Aurelius Japan,APAC,3,3,0,589651.0660446187,0.0,589651.0660446187,False,False,ANALYST-CALC,"Entity deficit is an estimated position, not evidence of facility use or avoidable funding cost"
2026-02-23,E013,Aurelius Korea,APAC,3,3,0,3179.7951826783997,0.0,3179.7951826783997,False,False,ANALYST-CALC,"Entity deficit is an estimated position, not evidence of facility use or avoidable funding cost"
2026-02-23,E014,Aurelius India,APAC,3,3,0,530335.933487915,0.0,530335.933487915,False,False,ANALYST-CALC,"Entity deficit is an estimated position, not evidence of facility use or avoidable funding cost"
2026-02-23,E015,Aurelius Hong Kong,APAC,3,3,0,362388.3537854973,0.0,362388.3537854973,False,False,ANALYST-CALC,"Entity deficit is an estimated position, not evidence of facility use or avoidable funding cost"
2026-02-23,E016,Aurelius Global Sourcing,APAC,3,3,0,2922951.25,0.0,2922951.25,False,False,ANALYST-CALC,"Entity deficit is an estimated position, not evidence of facility use or avoidable funding cost"
2026-02-24,E001,Aurelius Group Holdings,NA,4,4,0,3528859.71,0.0,3528859.71,False,False,ANALYST-CALC,"Entity deficit is an estimated position, not evidence of facility use or avoidable funding cost"
2026-02-24,E002,Aurelius Home US,NA,5,5,0,6755569.68,0.0,6755569.68,False,False,ANALYST-CALC,"Entity deficit is an estimated position, not evidence of facility use or avoidable funding cost"
2026-02-24,E003,Aurelius Wellness US,NA,4,4,0,7045135.17,0.0,7045135.17,False,False,ANALYST-CALC,"Entity deficit is an estimated position, not evidence of facility use or avoidable funding cost"
2026-02-24,E004,Aurelius Canada,NA,3,3,0,2394665.1518676314,0.0,2394665.1518676314,False,False,ANALYST-CALC,"Entity deficit is an estimated position, not evidence of facility use or avoidable funding cost"
2026-02-24,E005,Aurelius UK,EMEA,4,4,0,4651358.419593651,0.0,4651358.419593651,False,False,ANALYST-CALC,"Entity deficit is an estimated position, not evidence of facility use or avoidable funding cost"
2026-02-24,E006,Aurelius Germany,EMEA,4,4,0,8416135.625117863,0.0,8416135.625117863,False,False,ANALYST-CALC,"Entity deficit is an estimated position, not evidence of facility use or avoidable funding cost"
2026-02-24,E007,Aurelius France,EMEA,3,2,1,1175849.8451984855,-1175162.7245524172,687.1206460684189,True,False,ANALYST-CALC,"Entity deficit is an estimated position, not evidence of facility use or avoidable funding cost"
2026-02-24,E008,Aurelius Netherlands,EMEA,3,3,0,5650933.156947452,0.0,5650933.156947452,False,False,ANALYST-CALC,"Entity deficit is an estimated position, not evidence of facility use or avoidable funding cost"
2026-02-24,E009,Aurelius Spain,EMEA,3,3,0,4057441.358382064,0.0,4057441.358382064,False,False,ANALYST-CALC,"Entity deficit is an estimated position, not evidence of facility use or avoidable funding cost"
2026-02-24,E010,Aurelius Singapore,APAC,4,3,1,1107916.1556440433,-926807.7,181108.4556440433,True,False,ANALYST-CALC,"Entity deficit is an estimated position, not evidence of facility use or avoidable funding cost"
2026-02-24,E011,Aurelius Australia,APAC,3,3,0,7911788.879083878,0.0,7911788.879083878,False,False,ANALYST-CALC,"Entity deficit is an estimated position, not evidence of facility use or avoidable funding cost"
2026-02-24,E012,Aurelius Japan,APAC,3,3,0,558545.0919550919,0.0,558545.0919550919,False,False,ANALYST-CALC,"Entity deficit is an estimated position, not evidence of facility use or avoidable funding cost"
2026-02-24,E013,Aurelius Korea,APAC,3,3,0,3106.8478440447,0.0,3106.8478440447,False,False,ANALYST-CALC,"Entity deficit is an estimated position, not evidence of facility use or avoidable funding cost"
2026-02-24,E014,Aurelius India,APAC,3,3,0,474255.0922226947,0.0,474255.0922226947,False,False,ANALYST-CALC,"Entity deficit is an estimated position, not evidence of facility use or avoidable funding cost"
2026-02-24,E015,Aurelius Hong Kong,APAC,3,3,0,445297.55738677,0.0,445297.55738677,False,False,ANALYST-CALC,"Entity deficit is an estimated position, not evidence of facility use or avoidable funding cost"
2026-02-24,E016,Aurelius Global Sourcing,APAC,3,3,0,2793239.18,0.0,2793239.18,False,False,ANALYST-CALC,"Entity deficit is an estimated position, not evidence of facility use or avoidable funding cost"
2026-02-25,E001,Aurelius Group Holdings,NA,4,4,0,3684983.87,0.0,3684983.87,False,False,ANALYST-CALC,"Entity deficit is an estimated position, not evidence of facility use or avoidable funding cost"
2026-02-25,E002,Aurelius Home US,NA,5,5,0,7382839.64,0.0,7382839.64,False,False,ANALYST-CALC,"Entity deficit is an estimated position, not evidence of facility use or avoidable funding cost"
2026-02-25,E003,Aurelius Wellness US,NA,4,4,0,6543110.43,0.0,6543110.43,False,False,ANALYST-CALC,"Entity deficit is an estimated position, not evidence of facility use or avoidable funding cost"
2026-02-25,E004,Aurelius Canada,NA,3,3,0,2180298.0632560137,0.0,2180298.0632560137,False,False,ANALYST-CALC,"Entity deficit is an estimated position, not evidence of facility use or avoidable funding cost"
2026-02-25,E005,Aurelius UK,EMEA,4,4,0,4385582.92757844,0.0,4385582.92757844,False,False,ANALYST-CALC,"Entity deficit is an estimated position, not evidence of facility use or avoidable funding cost"
2026-02-25,E006,Aurelius Germany,EMEA,4,4,0,8769936.317958338,0.0,8769936.317958338,False,False,ANALYST-CALC,"Entity deficit is an estimated position, not evidence of facility use or avoidable funding cost"
2026-02-25,E007,Aurelius France,EMEA,3,2,1,1291078.243650576,-1423453.2057812319,-132374.96213065583,True,True,ANALYST-CALC,"Entity deficit is an estimated position, not evidence of facility use or avoidable funding cost"
2026-02-25,E008,Aurelius Netherlands,EMEA,3,3,0,6002102.561180161,0.0,6002102.561180161,False,False,ANALYST-CALC,"Entity deficit is an estimated position, not evidence of facility use or avoidable funding cost"
2026-02-25,E009,Aurelius Spain,EMEA,3,3,0,4045086.3050662717,0.0,4045086.3050662717,False,False,ANALYST-CALC,"Entity deficit is an estimated position, not evidence of facility use or avoidable funding cost"
2026-02-25,E010,Aurelius Singapore,APAC,4,3,1,1101579.7412731228,-1122885.64,-21305.898726877072,True,True,ANALYST-CALC,"Entity deficit is an estimated position, not evidence of facility use or avoidable funding cost"
2026-02-25,E011,Aurelius Australia,APAC,3,3,0,7356133.431427012,0.0,7356133.431427012,False,False,ANALYST-CALC,"Entity deficit is an estimated position, not evidence of facility use or avoidable funding cost"
2026-02-25,E012,Aurelius Japan,APAC,3,3,0,466295.5640183237,0.0,466295.5640183237,False,False,ANALYST-CALC,"Entity deficit is an estimated position, not evidence of facility use or avoidable funding cost"
2026-02-25,E013,Aurelius Korea,APAC,3,3,0,2616.7610952075,0.0,2616.7610952075,False,False,ANALYST-CALC,"Entity deficit is an estimated position, not evidence of facility use or avoidable funding cost"
2026-02-25,E014,Aurelius India,APAC,3,3,0,478083.019055476,0.0,478083.019055476,False,False,ANALYST-CALC,"Entity deficit is an estimated position, not evidence of facility use or avoidable funding cost"
2026-02-25,E015,Aurelius Hong Kong,APAC,3,3,0,352443.1933675169,0.0,352443.1933675169,False,False,ANALYST-CALC,"Entity deficit is an estimated position, not evidence of facility use or avoidable funding cost"
2026-02-25,E016,Aurelius Global Sourcing,APAC,3,3,0,2272634.57,0.0,2272634.57,False,False,ANALYST-CALC,"Entity deficit is an estimated position, not evidence of facility use or avoidable funding cost"
2026-02-26,E001,Aurelius Group Holdings,NA,4,4,0,3607076.14,0.0,3607076.14,False,False,ANALYST-CALC,"Entity deficit is an estimated position, not evidence of facility use or avoidable funding cost"
2026-02-26,E002,Aurelius Home US,NA,5,5,0,7185659.36,0.0,7185659.36,False,False,ANALYST-CALC,"Entity deficit is an estimated position, not evidence of facility use or avoidable funding cost"
2026-02-26,E003,Aurelius Wellness US,NA,4,4,0,7186917.33,0.0,7186917.33,False,False,ANALYST-CALC,"Entity deficit is an estimated position, not evidence of facility use or avoidable funding cost"
2026-02-26,E004,Aurelius Canada,NA,3,3,0,2138393.535624316,0.0,2138393.535624316,False,False,ANALYST-CALC,"Entity deficit is an estimated position, not evidence of facility use or avoidable funding cost"
2026-02-26,E005,Aurelius UK,EMEA,4,4,0,5157894.503072282,0.0,5157894.503072282,False,False,ANALYST-CALC,"Entity deficit is an estimated position, not evidence of facility use or avoidable funding cost"
2026-02-26,E006,Aurelius Germany,EMEA,4,4,0,8510746.312024336,0.0,8510746.312024336,False,False,ANALYST-CALC,"Entity deficit is an estimated position, not evidence of facility use or avoidable funding cost"
2026-02-26,E007,Aurelius France,EMEA,3,2,1,1336271.5137113219,-1375560.1972074944,-39288.6834961726,True,True,ANALYST-CALC,"Entity deficit is an estimated position, not evidence of facility use or avoidable funding cost"
2026-02-26,E008,Aurelius Netherlands,EMEA,3,3,0,6741333.873554865,0.0,6741333.873554865,False,False,ANALYST-CALC,"Entity deficit is an estimated position, not evidence of facility use or avoidable funding cost"
2026-02-26,E009,Aurelius Spain,EMEA,3,3,0,3527836.4368801876,0.0,3527836.4368801876,False,False,ANALYST-CALC,"Entity deficit is an estimated position, not evidence of facility use or avoidable funding cost"
2026-02-26,E010,Aurelius Singapore,APAC,4,3,1,1148447.237010189,-997962.32,150484.91701018927,True,False,ANALYST-CALC,"Entity deficit is an estimated position, not evidence of facility use or avoidable funding cost"
2026-02-26,E011,Aurelius Australia,APAC,3,3,0,6718409.329426865,0.0,6718409.329426865,False,False,ANALYST-CALC,"Entity deficit is an estimated position, not evidence of facility use or avoidable funding cost"
2026-02-26,E012,Aurelius Japan,APAC,3,3,0,572981.543500704,0.0,572981.543500704,False,False,ANALYST-CALC,"Entity deficit is an estimated position, not evidence of facility use or avoidable funding cost"
2026-02-26,E013,Aurelius Korea,APAC,3,3,0,2736.156362275,0.0,2736.156362275,False,False,ANALYST-CALC,"Entity deficit is an estimated position, not evidence of facility use or avoidable funding cost"
2026-02-26,E014,Aurelius India,APAC,3,3,0,494570.9461412758,0.0,494570.9461412758,False,False,ANALYST-CALC,"Entity deficit is an estimated position, not evidence of facility use or avoidable funding cost"
2026-02-26,E015,Aurelius Hong Kong,APAC,3,3,0,468399.5571049998,0.0,468399.5571049998,False,False,ANALYST-CALC,"Entity deficit is an estimated position, not evidence of facility use or avoidable funding cost"
2026-02-26,E016,Aurelius Global Sourcing,APAC,3,3,0,2635116.73,0.0,2635116.73,False,False,ANALYST-CALC,"Entity deficit is an estimated position, not evidence of facility use or avoidable funding cost"
2026-02-27,E001,Aurelius Group Holdings,NA,4,4,0,3471894.41,0.0,3471894.41,False,False,ANALYST-CALC,"Entity deficit is an estimated position, not evidence of facility use or avoidable funding cost"
2026-02-27,E002,Aurelius Home US,NA,5,5,0,7731387.29,0.0,7731387.29,False,False,ANALYST-CALC,"Entity deficit is an estimated position, not evidence of facility use or avoidable funding cost"
2026-02-27,E003,Aurelius Wellness US,NA,4,4,0,7054272.95,0.0,7054272.95,False,False,ANALYST-CALC,"Entity deficit is an estimated position, not evidence of facility use or avoidable funding cost"
2026-02-27,E004,Aurelius Canada,NA,3,3,0,2366244.61463179,0.0,2366244.61463179,False,False,ANALYST-CALC,"Entity deficit is an estimated position, not evidence of facility use or avoidable funding cost"
2026-02-27,E005,Aurelius UK,EMEA,4,4,0,4936435.318062915,0.0,4936435.318062915,False,False,ANALYST-CALC,"Entity deficit is an estimated position, not evidence of facility use or avoidable funding cost"
2026-02-27,E006,Aurelius Germany,EMEA,4,4,0,9255932.22509943,0.0,9255932.22509943,False,False,ANALYST-CALC,"Entity deficit is an estimated position, not evidence of facility use or avoidable funding cost"
2026-02-27,E007,Aurelius France,EMEA,3,2,1,1424506.0963444384,-1181437.9257531078,243068.17059133068,True,False,ANALYST-CALC,"Entity deficit is an estimated position, not evidence of facility use or avoidable funding cost"
2026-02-27,E008,Aurelius Netherlands,EMEA,3,3,0,6737186.949794093,0.0,6737186.949794093,False,False,ANALYST-CALC,"Entity deficit is an estimated position, not evidence of facility use or avoidable funding cost"
2026-02-27,E009,Aurelius Spain,EMEA,3,3,0,3799168.068497898,0.0,3799168.068497898,False,False,ANALYST-CALC,"Entity deficit is an estimated position, not evidence of facility use or avoidable funding cost"
2026-02-27,E010,Aurelius Singapore,APAC,4,3,1,1123507.4113112534,-933202.3,190305.11131125348,True,False,ANALYST-CALC,"Entity deficit is an estimated position, not evidence of facility use or avoidable funding cost"
2026-02-27,E011,Aurelius Australia,APAC,3,3,0,6658498.298104817,0.0,6658498.298104817,False,False,ANALYST-CALC,"Entity deficit is an estimated position, not evidence of facility use or avoidable funding cost"
2026-02-27,E012,Aurelius Japan,APAC,3,3,0,579475.2453123628,0.0,579475.2453123628,False,False,ANALYST-CALC,"Entity deficit is an estimated position, not evidence of facility use or avoidable funding cost"
2026-02-27,E013,Aurelius Korea,APAC,3,3,0,3203.0584613928,0.0,3203.0584613928,False,False,ANALYST-CALC,"Entity deficit is an estimated position, not evidence of facility use or avoidable funding cost"
2026-02-27,E014,Aurelius India,APAC,3,3,0,546978.1342260563,0.0,546978.1342260563,False,False,ANALYST-CALC,"Entity deficit is an estimated position, not evidence of facility use or avoidable funding cost"
2026-02-27,E015,Aurelius Hong Kong,APAC,3,3,0,467391.44190646615,0.0,467391.44190646615,False,False,ANALYST-CALC,"Entity deficit is an estimated position, not evidence of facility use or avoidable funding cost"
2026-02-27,E016,Aurelius Global Sourcing,APAC,3,3,0,2413003.0300000003,0.0,2413003.0300000003,False,False,ANALYST-CALC,"Entity deficit is an estimated position, not evidence of facility use or avoidable funding cost"
2026-02-28,E001,Aurelius Group Holdings,NA,4,4,0,3543382.96,0.0,3543382.96,False,False,ANALYST-CALC,"Entity deficit is an estimated position, not evidence of facility use or avoidable funding cost"
2026-02-28,E002,Aurelius Home US,NA,5,5,0,8732832.28,0.0,8732832.28,False,False,ANALYST-CALC,"Entity deficit is an estimated position, not evidence of facility use or avoidable funding cost"
2026-02-28,E003,Aurelius Wellness US,NA,4,4,0,8161808.029999999,0.0,8161808.029999999,False,False,ANALYST-CALC,"Entity deficit is an estimated position, not evidence of facility use or avoidable funding cost"
2026-02-28,E004,Aurelius Canada,NA,3,3,0,2494753.598387533,0.0,2494753.598387533,False,False,ANALYST-CALC,"Entity deficit is an estimated position, not evidence of facility use or avoidable funding cost"
2026-02-28,E005,Aurelius UK,EMEA,4,4,0,4751003.847649119,0.0,4751003.847649119,False,False,ANALYST-CALC,"Entity deficit is an estimated position, not evidence of facility use or avoidable funding cost"
2026-02-28,E006,Aurelius Germany,EMEA,4,4,0,8825785.740086615,0.0,8825785.740086615,False,False,ANALYST-CALC,"Entity deficit is an estimated position, not evidence of facility use or avoidable funding cost"
2026-02-28,E007,Aurelius France,EMEA,3,2,1,1287208.8403861916,-980257.0894112997,306951.750974892,True,False,ANALYST-CALC,"Entity deficit is an estimated position, not evidence of facility use or avoidable funding cost"
2026-02-28,E008,Aurelius Netherlands,EMEA,3,3,0,6553432.485961609,0.0,6553432.485961609,False,False,ANALYST-CALC,"Entity deficit is an estimated position, not evidence of facility use or avoidable funding cost"
2026-02-28,E009,Aurelius Spain,EMEA,3,3,0,3666684.1252471823,0.0,3666684.1252471823,False,False,ANALYST-CALC,"Entity deficit is an estimated position, not evidence of facility use or avoidable funding cost"
2026-02-28,E010,Aurelius Singapore,APAC,4,3,1,1195570.065369874,-842398.91,353171.15536987403,True,False,ANALYST-CALC,"Entity deficit is an estimated position, not evidence of facility use or avoidable funding cost"
2026-02-28,E011,Aurelius Australia,APAC,3,3,0,7389537.1530377,0.0,7389537.1530377,False,False,ANALYST-CALC,"Entity deficit is an estimated position, not evidence of facility use or avoidable funding cost"
2026-02-28,E012,Aurelius Japan,APAC,3,3,0,667261.4509072106,0.0,667261.4509072106,False,False,ANALYST-CALC,"Entity deficit is an estimated position, not evidence of facility use or avoidable funding cost"
2026-02-28,E013,Aurelius Korea,APAC,3,3,0,3448.3141992648,0.0,3448.3141992648,False,False,ANALYST-CALC,"Entity deficit is an estimated position, not evidence of facility use or avoidable funding cost"
2026-02-28,E014,Aurelius India,APAC,3,3,0,647116.3571524172,0.0,647116.3571524172,False,False,ANALYST-CALC,"Entity deficit is an estimated position, not evidence of facility use or avoidable funding cost"
2026-02-28,E015,Aurelius Hong Kong,APAC,3,3,0,462101.7937914386,0.0,462101.7937914386,False,False,ANALYST-CALC,"Entity deficit is an estimated position, not evidence of facility use or avoidable funding cost"
2026-02-28,E016,Aurelius Global Sourcing,APAC,3,3,0,2669979.42,0.0,2669979.42,False,False,ANALYST-CALC,"Entity deficit is an estimated position, not evidence of facility use or avoidable funding cost"
2026-03-01,E001,Aurelius Group Holdings,NA,4,4,0,3419544.2600000002,0.0,3419544.2600000002,False,False,ANALYST-CALC,"Entity deficit is an estimated position, not evidence of facility use or avoidable funding cost"
2026-03-01,E002,Aurelius Home US,NA,5,5,0,7971510.149999999,0.0,7971510.149999999,False,False,ANALYST-CALC,"Entity deficit is an estimated position, not evidence of facility use or avoidable funding cost"
2026-03-01,E003,Aurelius Wellness US,NA,4,4,0,8006526.9399999995,0.0,8006526.9399999995,False,False,ANALYST-CALC,"Entity deficit is an estimated position, not evidence of facility use or avoidable funding cost"
2026-03-01,E004,Aurelius Canada,NA,3,3,0,2590985.4826631825,0.0,2590985.4826631825,False,False,ANALYST-CALC,"Entity deficit is an estimated position, not evidence of facility use or avoidable funding cost"
2026-03-01,E005,Aurelius UK,EMEA,4,4,0,3962876.343949122,0.0,3962876.343949122,False,False,ANALYST-CALC,"Entity deficit is an estimated position, not evidence of facility use or avoidable funding cost"
2026-03-01,E006,Aurelius Germany,EMEA,4,4,0,8951167.237658024,0.0,8951167.237658024,False,False,ANALYST-CALC,"Entity deficit is an estimated position, not evidence of facility use or avoidable funding cost"
2026-03-01,E007,Aurelius France,EMEA,3,2,1,1150708.0964888667,-1025562.2481022463,125145.8483866204,True,False,ANALYST-CALC,"Entity deficit is an estimated position, not evidence of facility use or avoidable funding cost"
2026-03-01,E008,Aurelius Netherlands,EMEA,3,3,0,6552149.832455533,0.0,6552149.832455533,False,False,ANALYST-CALC,"Entity deficit is an estimated position, not evidence of facility use or avoidable funding cost"
2026-03-01,E009,Aurelius Spain,EMEA,3,3,0,3757203.6360593503,0.0,3757203.6360593503,False,False,ANALYST-CALC,"Entity deficit is an estimated position, not evidence of facility use or avoidable funding cost"
2026-03-01,E010,Aurelius Singapore,APAC,4,3,1,1267349.7145251976,-885386.27,381963.4445251977,True,False,ANALYST-CALC,"Entity deficit is an estimated position, not evidence of facility use or avoidable funding cost"
2026-03-01,E011,Aurelius Australia,APAC,3,3,0,7050600.192651149,0.0,7050600.192651149,False,False,ANALYST-CALC,"Entity deficit is an estimated position, not evidence of facility use or avoidable funding cost"
2026-03-01,E012,Aurelius Japan,APAC,3,3,0,580308.0775156,0.0,580308.0775156,False,False,ANALYST-CALC,"Entity deficit is an estimated position, not evidence of facility use or avoidable funding cost"
2026-03-01,E013,Aurelius Korea,APAC,3,3,0,3335.8910874728,0.0,3335.8910874728,False,False,ANALYST-CALC,"Entity deficit is an estimated position, not evidence of facility use or avoidable funding cost"
2026-03-01,E014,Aurelius India,APAC,3,3,0,553005.6028143542,0.0,553005.6028143542,False,False,ANALYST-CALC,"Entity deficit is an estimated position, not evidence of facility use or avoidable funding cost"
2026-03-01,E015,Aurelius Hong Kong,APAC,3,3,0,426830.582497878,0.0,426830.582497878,False,False,ANALYST-CALC,"Entity deficit is an estimated position, not evidence of facility use or avoidable funding cost"
2026-03-01,E016,Aurelius Global Sourcing,APAC,3,3,0,2923963.58,0.0,2923963.58,False,False,ANALYST-CALC,"Entity deficit is an estimated position, not evidence of facility use or avoidable funding cost"
2026-03-02,E001,Aurelius Group Holdings,NA,4,4,0,3419101.4,0.0,3419101.4,False,False,ANALYST-CALC,"Entity deficit is an estimated position, not evidence of facility use or avoidable funding cost"
2026-03-02,E002,Aurelius Home US,NA,5,5,0,7405825.51,0.0,7405825.51,False,False,ANALYST-CALC,"Entity deficit is an estimated position, not evidence of facility use or avoidable funding cost"
2026-03-02,E003,Aurelius Wellness US,NA,4,4,0,8323609.62,0.0,8323609.62,False,False,ANALYST-CALC,"Entity deficit is an estimated position, not evidence of facility use or avoidable funding cost"
2026-03-02,E004,Aurelius Canada,NA,3,3,0,2218961.1385029354,0.0,2218961.1385029354,False,False,ANALYST-CALC,"Entity deficit is an estimated position, not evidence of facility use or avoidable funding cost"
2026-03-02,E005,Aurelius UK,EMEA,4,4,0,5002730.011943694,0.0,5002730.011943694,False,False,ANALYST-CALC,"Entity deficit is an estimated position, not evidence of facility use or avoidable funding cost"
2026-03-02,E006,Aurelius Germany,EMEA,4,4,0,8945225.151112564,0.0,8945225.151112564,False,False,ANALYST-CALC,"Entity deficit is an estimated position, not evidence of facility use or avoidable funding cost"
2026-03-02,E007,Aurelius France,EMEA,3,2,1,1215946.3439511932,-1179691.7271648224,36254.616786370636,True,False,ANALYST-CALC,"Entity deficit is an estimated position, not evidence of facility use or avoidable funding cost"
2026-03-02,E008,Aurelius Netherlands,EMEA,3,3,0,5713732.339270782,0.0,5713732.339270782,False,False,ANALYST-CALC,"Entity deficit is an estimated position, not evidence of facility use or avoidable funding cost"
2026-03-02,E009,Aurelius Spain,EMEA,3,3,0,4171445.6958560757,0.0,4171445.6958560757,False,False,ANALYST-CALC,"Entity deficit is an estimated position, not evidence of facility use or avoidable funding cost"
2026-03-02,E010,Aurelius Singapore,APAC,4,3,1,1300044.678351428,-734567.63,565477.0483514279,True,False,ANALYST-CALC,"Entity deficit is an estimated position, not evidence of facility use or avoidable funding cost"
2026-03-02,E011,Aurelius Australia,APAC,3,3,0,7718709.258002066,0.0,7718709.258002066,False,False,ANALYST-CALC,"Entity deficit is an estimated position, not evidence of facility use or avoidable funding cost"
2026-03-02,E012,Aurelius Japan,APAC,3,3,0,582249.009908376,0.0,582249.009908376,False,False,ANALYST-CALC,"Entity deficit is an estimated position, not evidence of facility use or avoidable funding cost"
2026-03-02,E013,Aurelius Korea,APAC,3,3,0,3449.723483934,0.0,3449.723483934,False,False,ANALYST-CALC,"Entity deficit is an estimated position, not evidence of facility use or avoidable funding cost"
2026-03-02,E014,Aurelius India,APAC,3,3,0,503339.3613500856,0.0,503339.3613500856,False,False,ANALYST-CALC,"Entity deficit is an estimated position, not evidence of facility use or avoidable funding cost"
2026-03-02,E015,Aurelius Hong Kong,APAC,3,3,0,370621.7525827572,0.0,370621.7525827572,False,False,ANALYST-CALC,"Entity deficit is an estimated position, not evidence of facility use or avoidable funding cost"
2026-03-02,E016,Aurelius Global Sourcing,APAC,3,3,0,2779663.69,0.0,2779663.69,False,False,ANALYST-CALC,"Entity deficit is an estimated position, not evidence of facility use or avoidable funding cost"
2026-03-03,E001,Aurelius Group Holdings,NA,4,4,0,4178556.69,0.0,4178556.69,False,False,ANALYST-CALC,"Entity deficit is an estimated position, not evidence of facility use or avoidable funding cost"
2026-03-03,E002,Aurelius Home US,NA,5,5,0,7304787.47,0.0,7304787.47,False,False,ANALYST-CALC,"Entity deficit is an estimated position, not evidence of facility use or avoidable funding cost"
2026-03-03,E003,Aurelius Wellness US,NA,4,4,0,7934518.66,0.0,7934518.66,False,False,ANALYST-CALC,"Entity deficit is an estimated position, not evidence of facility use or avoidable funding cost"
2026-03-03,E004,Aurelius Canada,NA,3,3,0,2297666.5197633402,0.0,2297666.5197633402,False,False,ANALYST-CALC,"Entity deficit is an estimated position, not evidence of facility use or avoidable funding cost"
2026-03-03,E005,Aurelius UK,EMEA,4,4,0,4509093.003735743,0.0,4509093.003735743,False,False,ANALYST-CALC,"Entity deficit is an estimated position, not evidence of facility use or avoidable funding cost"
2026-03-03,E006,Aurelius Germany,EMEA,4,4,0,8533867.228135534,0.0,8533867.228135534,False,False,ANALYST-CALC,"Entity deficit is an estimated position, not evidence of facility use or avoidable funding cost"
2026-03-03,E007,Aurelius France,EMEA,3,2,1,1236339.6011961699,-1362237.4117347847,-125897.81053861481,True,True,ANALYST-CALC,"Entity deficit is an estimated position, not evidence of facility use or avoidable funding cost"
2026-03-03,E008,Aurelius Netherlands,EMEA,3,3,0,5482237.578385649,0.0,5482237.578385649,False,False,ANALYST-CALC,"Entity deficit is an estimated position, not evidence of facility use or avoidable funding cost"
2026-03-03,E009,Aurelius Spain,EMEA,3,3,0,4033206.3505101167,0.0,4033206.3505101167,False,False,ANALYST-CALC,"Entity deficit is an estimated position, not evidence of facility use or avoidable funding cost"
2026-03-03,E010,Aurelius Singapore,APAC,4,3,1,1197662.1153165195,-874263.2,323398.9153165196,True,False,ANALYST-CALC,"Entity deficit is an estimated position, not evidence of facility use or avoidable funding cost"
2026-03-03,E011,Aurelius Australia,APAC,3,3,0,6930241.446024213,0.0,6930241.446024213,False,False,ANALYST-CALC,"Entity deficit is an estimated position, not evidence of facility use or avoidable funding cost"
2026-03-03,E012,Aurelius Japan,APAC,3,3,0,539997.8843064549,0.0,539997.8843064549,False,False,ANALYST-CALC,"Entity deficit is an estimated position, not evidence of facility use or avoidable funding cost"
2026-03-03,E013,Aurelius Korea,APAC,3,3,0,3107.1637937776004,0.0,3107.1637937776004,False,False,ANALYST-CALC,"Entity deficit is an estimated position, not evidence of facility use or avoidable funding cost"
2026-03-03,E014,Aurelius India,APAC,3,3,0,461337.95303561684,0.0,461337.95303561684,False,False,ANALYST-CALC,"Entity deficit is an estimated position, not evidence of facility use or avoidable funding cost"
2026-03-03,E015,Aurelius Hong Kong,APAC,3,3,0,398895.1865484246,0.0,398895.1865484246,False,False,ANALYST-CALC,"Entity deficit is an estimated position, not evidence of facility use or avoidable funding cost"
2026-03-03,E016,Aurelius Global Sourcing,APAC,3,3,0,2691987.22,0.0,2691987.22,False,False,ANALYST-CALC,"Entity deficit is an estimated position, not evidence of facility use or avoidable funding cost"
2026-03-04,E001,Aurelius Group Holdings,NA,4,4,0,3562697.58,0.0,3562697.58,False,False,ANALYST-CALC,"Entity deficit is an estimated position, not evidence of facility use or avoidable funding cost"
2026-03-04,E002,Aurelius Home US,NA,5,5,0,6797070.0,0.0,6797070.0,False,False,ANALYST-CALC,"Entity deficit is an estimated position, not evidence of facility use or avoidable funding cost"
2026-03-04,E003,Aurelius Wellness US,NA,4,4,0,7091283.71,0.0,7091283.71,False,False,ANALYST-CALC,"Entity deficit is an estimated position, not evidence of facility use or avoidable funding cost"
2026-03-04,E004,Aurelius Canada,NA,3,3,0,2163207.611092044,0.0,2163207.611092044,False,False,ANALYST-CALC,"Entity deficit is an estimated position, not evidence of facility use or avoidable funding cost"
2026-03-04,E005,Aurelius UK,EMEA,4,4,0,4765413.385682289,0.0,4765413.385682289,False,False,ANALYST-CALC,"Entity deficit is an estimated position, not evidence of facility use or avoidable funding cost"
2026-03-04,E006,Aurelius Germany,EMEA,4,4,0,7896908.220136315,0.0,7896908.220136315,False,False,ANALYST-CALC,"Entity deficit is an estimated position, not evidence of facility use or avoidable funding cost"
2026-03-04,E007,Aurelius France,EMEA,3,2,1,1545899.608343341,-1287832.0000930175,258067.6082503234,True,False,ANALYST-CALC,"Entity deficit is an estimated position, not evidence of facility use or avoidable funding cost"
2026-03-04,E008,Aurelius Netherlands,EMEA,3,3,0,6590430.072663445,0.0,6590430.072663445,False,False,ANALYST-CALC,"Entity deficit is an estimated position, not evidence of facility use or avoidable funding cost"
2026-03-04,E009,Aurelius Spain,EMEA,3,3,0,3353940.60592328,0.0,3353940.60592328,False,False,ANALYST-CALC,"Entity deficit is an estimated position, not evidence of facility use or avoidable funding cost"
2026-03-04,E010,Aurelius Singapore,APAC,4,3,1,1033469.0171414928,-1054575.72,-21106.702858507128,True,True,ANALYST-CALC,"Entity deficit is an estimated position, not evidence of facility use or avoidable funding cost"
2026-03-04,E011,Aurelius Australia,APAC,3,3,0,7144180.091400047,0.0,7144180.091400047,False,False,ANALYST-CALC,"Entity deficit is an estimated position, not evidence of facility use or avoidable funding cost"
2026-03-04,E012,Aurelius Japan,APAC,3,3,0,518165.97127028485,0.0,518165.97127028485,False,False,ANALYST-CALC,"Entity deficit is an estimated position, not evidence of facility use or avoidable funding cost"
2026-03-04,E013,Aurelius Korea,APAC,3,3,0,2888.7235471895,0.0,2888.7235471895,False,False,ANALYST-CALC,"Entity deficit is an estimated position, not evidence of facility use or avoidable funding cost"
2026-03-04,E014,Aurelius India,APAC,3,3,0,394465.833835513,0.0,394465.833835513,False,False,ANALYST-CALC,"Entity deficit is an estimated position, not evidence of facility use or avoidable funding cost"
2026-03-04,E015,Aurelius Hong Kong,APAC,3,3,0,428979.814032672,0.0,428979.814032672,False,False,ANALYST-CALC,"Entity deficit is an estimated position, not evidence of facility use or avoidable funding cost"
2026-03-04,E016,Aurelius Global Sourcing,APAC,3,3,0,2674874.95,0.0,2674874.95,False,False,ANALYST-CALC,"Entity deficit is an estimated position, not evidence of facility use or avoidable funding cost"
2026-03-05,E001,Aurelius Group Holdings,NA,4,4,0,3986679.7,0.0,3986679.7,False,False,ANALYST-CALC,"Entity deficit is an estimated position, not evidence of facility use or avoidable funding cost"
2026-03-05,E002,Aurelius Home US,NA,5,5,0,7405966.71,0.0,7405966.71,False,False,ANALYST-CALC,"Entity deficit is an estimated position, not evidence of facility use or avoidable funding cost"
2026-03-05,E003,Aurelius Wellness US,NA,4,4,0,6749931.02,0.0,6749931.02,False,False,ANALYST-CALC,"Entity deficit is an estimated position, not evidence of facility use or avoidable funding cost"
2026-03-05,E004,Aurelius Canada,NA,3,3,0,2360731.1863529,0.0,2360731.1863529,False,False,ANALYST-CALC,"Entity deficit is an estimated position, not evidence of facility use or avoidable funding cost"
2026-03-05,E005,Aurelius UK,EMEA,4,4,0,4582055.693441889,0.0,4582055.693441889,False,False,ANALYST-CALC,"Entity deficit is an estimated position, not evidence of facility use or avoidable funding cost"
2026-03-05,E006,Aurelius Germany,EMEA,4,4,0,8610344.121736655,0.0,8610344.121736655,False,False,ANALYST-CALC,"Entity deficit is an estimated position, not evidence of facility use or avoidable funding cost"
2026-03-05,E007,Aurelius France,EMEA,3,2,1,1432155.9612879078,-1323777.81532482,108378.1459630878,True,False,ANALYST-CALC,"Entity deficit is an estimated position, not evidence of facility use or avoidable funding cost"
2026-03-05,E008,Aurelius Netherlands,EMEA,3,3,0,6074793.802654752,0.0,6074793.802654752,False,False,ANALYST-CALC,"Entity deficit is an estimated position, not evidence of facility use or avoidable funding cost"
2026-03-05,E009,Aurelius Spain,EMEA,3,3,0,3809341.651295736,0.0,3809341.651295736,False,False,ANALYST-CALC,"Entity deficit is an estimated position, not evidence of facility use or avoidable funding cost"
2026-03-05,E010,Aurelius Singapore,APAC,4,3,1,1232326.1270682015,-1017684.65,214641.47706820158,True,False,ANALYST-CALC,"Entity deficit is an estimated position, not evidence of facility use or avoidable funding cost"
2026-03-05,E011,Aurelius Australia,APAC,3,3,0,6946847.063207005,0.0,6946847.063207005,False,False,ANALYST-CALC,"Entity deficit is an estimated position, not evidence of facility use or avoidable funding cost"
2026-03-05,E012,Aurelius Japan,APAC,3,3,0,548783.0834630019,0.0,548783.0834630019,False,False,ANALYST-CALC,"Entity deficit is an estimated position, not evidence of facility use or avoidable funding cost"
2026-03-05,E013,Aurelius Korea,APAC,3,3,0,3040.6720190292,0.0,3040.6720190292,False,False,ANALYST-CALC,"Entity deficit is an estimated position, not evidence of facility use or avoidable funding cost"
2026-03-05,E014,Aurelius India,APAC,3,3,0,510184.738751936,0.0,510184.738751936,False,False,ANALYST-CALC,"Entity deficit is an estimated position, not evidence of facility use or avoidable funding cost"
2026-03-05,E015,Aurelius Hong Kong,APAC,3,3,0,395710.92912541196,0.0,395710.92912541196,False,False,ANALYST-CALC,"Entity deficit is an estimated position, not evidence of facility use or avoidable funding cost"
2026-03-05,E016,Aurelius Global Sourcing,APAC,3,3,0,2414080.74,0.0,2414080.74,False,False,ANALYST-CALC,"Entity deficit is an estimated position, not evidence of facility use or avoidable funding cost"
2026-03-06,E001,Aurelius Group Holdings,NA,4,4,0,3402340.81,0.0,3402340.81,False,False,ANALYST-CALC,"Entity deficit is an estimated position, not evidence of facility use or avoidable funding cost"
2026-03-06,E002,Aurelius Home US,NA,5,5,0,7461938.58,0.0,7461938.58,False,False,ANALYST-CALC,"Entity deficit is an estimated position, not evidence of facility use or avoidable funding cost"
2026-03-06,E003,Aurelius Wellness US,NA,4,4,0,6760606.53,0.0,6760606.53,False,False,ANALYST-CALC,"Entity deficit is an estimated position, not evidence of facility use or avoidable funding cost"
2026-03-06,E004,Aurelius Canada,NA,3,3,0,2390206.4173101312,0.0,2390206.4173101312,False,False,ANALYST-CALC,"Entity deficit is an estimated position, not evidence of facility use or avoidable funding cost"
2026-03-06,E005,Aurelius UK,EMEA,4,4,0,4904341.681664786,0.0,4904341.681664786,False,False,ANALYST-CALC,"Entity deficit is an estimated position, not evidence of facility use or avoidable funding cost"
2026-03-06,E006,Aurelius Germany,EMEA,4,4,0,9327795.340627706,0.0,9327795.340627706,False,False,ANALYST-CALC,"Entity deficit is an estimated position, not evidence of facility use or avoidable funding cost"
2026-03-06,E007,Aurelius France,EMEA,3,2,1,1347746.5531289952,-1118734.5023081023,229012.0508208929,True,False,ANALYST-CALC,"Entity deficit is an estimated position, not evidence of facility use or avoidable funding cost"
2026-03-06,E008,Aurelius Netherlands,EMEA,3,3,0,6216104.368136102,0.0,6216104.368136102,False,False,ANALYST-CALC,"Entity deficit is an estimated position, not evidence of facility use or avoidable funding cost"
2026-03-06,E009,Aurelius Spain,EMEA,3,3,0,3631140.4941572673,0.0,3631140.4941572673,False,False,ANALYST-CALC,"Entity deficit is an estimated position, not evidence of facility use or avoidable funding cost"
2026-03-06,E010,Aurelius Singapore,APAC,4,3,1,1195227.1833524501,-888026.34,307200.8433524502,True,False,ANALYST-CALC,"Entity deficit is an estimated position, not evidence of facility use or avoidable funding cost"
2026-03-06,E011,Aurelius Australia,APAC,3,3,0,6777376.081013748,0.0,6777376.081013748,False,False,ANALYST-CALC,"Entity deficit is an estimated position, not evidence of facility use or avoidable funding cost"
2026-03-06,E012,Aurelius Japan,APAC,3,3,0,585970.7073965037,0.0,585970.7073965037,False,False,ANALYST-CALC,"Entity deficit is an estimated position, not evidence of facility use or avoidable funding cost"
2026-03-06,E013,Aurelius Korea,APAC,3,3,0,3056.7711155469997,0.0,3056.7711155469997,False,False,ANALYST-CALC,"Entity deficit is an estimated position, not evidence of facility use or avoidable funding cost"
2026-03-06,E014,Aurelius India,APAC,3,3,0,531974.5825257623,0.0,531974.5825257623,False,False,ANALYST-CALC,"Entity deficit is an estimated position, not evidence of facility use or avoidable funding cost"
2026-03-06,E015,Aurelius Hong Kong,APAC,3,3,0,471722.1857566512,0.0,471722.1857566512,False,False,ANALYST-CALC,"Entity deficit is an estimated position, not evidence of facility use or avoidable funding cost"
2026-03-06,E016,Aurelius Global Sourcing,APAC,3,3,0,2516041.38,0.0,2516041.38,False,False,ANALYST-CALC,"Entity deficit is an estimated position, not evidence of facility use or avoidable funding cost"
2026-03-07,E001,Aurelius Group Holdings,NA,4,4,0,3229316.5799999996,0.0,3229316.5799999996,False,False,ANALYST-CALC,"Entity deficit is an estimated position, not evidence of facility use or avoidable funding cost"
2026-03-07,E002,Aurelius Home US,NA,5,5,0,7547700.72,0.0,7547700.72,False,False,ANALYST-CALC,"Entity deficit is an estimated position, not evidence of facility use or avoidable funding cost"
2026-03-07,E003,Aurelius Wellness US,NA,4,4,0,7139708.18,0.0,7139708.18,False,False,ANALYST-CALC,"Entity deficit is an estimated position, not evidence of facility use or avoidable funding cost"
2026-03-07,E004,Aurelius Canada,NA,3,3,0,2456351.7117043724,0.0,2456351.7117043724,False,False,ANALYST-CALC,"Entity deficit is an estimated position, not evidence of facility use or avoidable funding cost"
2026-03-07,E005,Aurelius UK,EMEA,4,4,0,4544466.90919378,0.0,4544466.90919378,False,False,ANALYST-CALC,"Entity deficit is an estimated position, not evidence of facility use or avoidable funding cost"
2026-03-07,E006,Aurelius Germany,EMEA,4,4,0,7971958.0075186,0.0,7971958.0075186,False,False,ANALYST-CALC,"Entity deficit is an estimated position, not evidence of facility use or avoidable funding cost"
2026-03-07,E007,Aurelius France,EMEA,3,2,1,1382577.155187296,-1041387.406289184,341189.748898112,True,False,ANALYST-CALC,"Entity deficit is an estimated position, not evidence of facility use or avoidable funding cost"
2026-03-07,E008,Aurelius Netherlands,EMEA,3,3,0,6185116.445622913,0.0,6185116.445622913,False,False,ANALYST-CALC,"Entity deficit is an estimated position, not evidence of facility use or avoidable funding cost"
2026-03-07,E009,Aurelius Spain,EMEA,3,3,0,3894164.331502822,0.0,3894164.331502822,False,False,ANALYST-CALC,"Entity deficit is an estimated position, not evidence of facility use or avoidable funding cost"
2026-03-07,E010,Aurelius Singapore,APAC,4,3,1,1220279.8456512268,-825538.78,394741.06565122685,True,False,ANALYST-CALC,"Entity deficit is an estimated position, not evidence of facility use or avoidable funding cost"
2026-03-07,E011,Aurelius Australia,APAC,3,3,0,6327863.101230133,0.0,6327863.101230133,False,False,ANALYST-CALC,"Entity deficit is an estimated position, not evidence of facility use or avoidable funding cost"
2026-03-07,E012,Aurelius Japan,APAC,3,3,0,638253.438081473,0.0,638253.438081473,False,False,ANALYST-CALC,"Entity deficit is an estimated position, not evidence of facility use or avoidable funding cost"
2026-03-07,E013,Aurelius Korea,APAC,3,3,0,3143.8811424329997,0.0,3143.8811424329997,False,False,ANALYST-CALC,"Entity deficit is an estimated position, not evidence of facility use or avoidable funding cost"
2026-03-07,E014,Aurelius India,APAC,3,3,0,538918.0905175885,0.0,538918.0905175885,False,False,ANALYST-CALC,"Entity deficit is an estimated position, not evidence of facility use or avoidable funding cost"
2026-03-07,E015,Aurelius Hong Kong,APAC,3,3,0,449879.9958448368,0.0,449879.9958448368,False,False,ANALYST-CALC,"Entity deficit is an estimated position, not evidence of facility use or avoidable funding cost"
2026-03-07,E016,Aurelius Global Sourcing,APAC,3,3,0,2975684.62,0.0,2975684.62,False,False,ANALYST-CALC,"Entity deficit is an estimated position, not evidence of facility use or avoidable funding cost"
2026-03-08,E001,Aurelius Group Holdings,NA,4,4,0,3595597.47,0.0,3595597.47,False,False,ANALYST-CALC,"Entity deficit is an estimated position, not evidence of facility use or avoidable funding cost"
2026-03-08,E002,Aurelius Home US,NA,5,5,0,8113436.86,0.0,8113436.86,False,False,ANALYST-CALC,"Entity deficit is an estimated position, not evidence of facility use or avoidable funding cost"
2026-03-08,E003,Aurelius Wellness US,NA,4,4,0,7826202.18,0.0,7826202.18,False,False,ANALYST-CALC,"Entity deficit is an estimated position, not evidence of facility use or avoidable funding cost"
2026-03-08,E004,Aurelius Canada,NA,3,3,0,2325268.3673133804,0.0,2325268.3673133804,False,False,ANALYST-CALC,"Entity deficit is an estimated position, not evidence of facility use or avoidable funding cost"
2026-03-08,E005,Aurelius UK,EMEA,4,4,0,5015935.875353296,0.0,5015935.875353296,False,False,ANALYST-CALC,"Entity deficit is an estimated position, not evidence of facility use or avoidable funding cost"
2026-03-08,E006,Aurelius Germany,EMEA,4,4,0,8517146.34064522,0.0,8517146.34064522,False,False,ANALYST-CALC,"Entity deficit is an estimated position, not evidence of facility use or avoidable funding cost"
2026-03-08,E007,Aurelius France,EMEA,3,2,1,1169269.8178406367,-1074665.0772221056,94604.74061853118,True,False,ANALYST-CALC,"Entity deficit is an estimated position, not evidence of facility use or avoidable funding cost"
2026-03-08,E008,Aurelius Netherlands,EMEA,3,3,0,6117806.230166052,0.0,6117806.230166052,False,False,ANALYST-CALC,"Entity deficit is an estimated position, not evidence of facility use or avoidable funding cost"
2026-03-08,E009,Aurelius Spain,EMEA,3,3,0,4106754.4687408963,0.0,4106754.4687408963,False,False,ANALYST-CALC,"Entity deficit is an estimated position, not evidence of facility use or avoidable funding cost"
2026-03-08,E010,Aurelius Singapore,APAC,4,3,1,1199739.966327204,-849421.21,350318.75632720394,True,False,ANALYST-CALC,"Entity deficit is an estimated position, not evidence of facility use or avoidable funding cost"
2026-03-08,E011,Aurelius Australia,APAC,3,3,0,6925375.402976515,0.0,6925375.402976515,False,False,ANALYST-CALC,"Entity deficit is an estimated position, not evidence of facility use or avoidable funding cost"
2026-03-08,E012,Aurelius Japan,APAC,3,3,0,538320.8096684731,0.0,538320.8096684731,False,False,ANALYST-CALC,"Entity deficit is an estimated position, not evidence of facility use or avoidable funding cost"
2026-03-08,E013,Aurelius Korea,APAC,3,3,0,3319.5227178375003,0.0,3319.5227178375003,False,False,ANALYST-CALC,"Entity deficit is an estimated position, not evidence of facility use or avoidable funding cost"
2026-03-08,E014,Aurelius India,APAC,3,3,0,478192.6481628488,0.0,478192.6481628488,False,False,ANALYST-CALC,"Entity deficit is an estimated position, not evidence of facility use or avoidable funding cost"
2026-03-08,E015,Aurelius Hong Kong,APAC,3,3,0,420584.30093970994,0.0,420584.30093970994,False,False,ANALYST-CALC,"Entity deficit is an estimated position, not evidence of facility use or avoidable funding cost"
2026-03-08,E016,Aurelius Global Sourcing,APAC,3,3,0,2764493.36,0.0,2764493.36,False,False,ANALYST-CALC,"Entity deficit is an estimated position, not evidence of facility use or avoidable funding cost"
2026-03-09,E001,Aurelius Group Holdings,NA,4,4,0,4011453.3899999997,0.0,4011453.3899999997,False,False,ANALYST-CALC,"Entity deficit is an estimated position, not evidence of facility use or avoidable funding cost"
2026-03-09,E002,Aurelius Home US,NA,5,5,0,7799649.15,0.0,7799649.15,False,False,ANALYST-CALC,"Entity deficit is an estimated position, not evidence of facility use or avoidable funding cost"
2026-03-09,E003,Aurelius Wellness US,NA,4,4,0,6870535.33,0.0,6870535.33,False,False,ANALYST-CALC,"Entity deficit is an estimated position, not evidence of facility use or avoidable funding cost"
2026-03-09,E004,Aurelius Canada,NA,3,3,0,2195628.446033033,0.0,2195628.446033033,False,False,ANALYST-CALC,"Entity deficit is an estimated position, not evidence of facility use or avoidable funding cost"
2026-03-09,E005,Aurelius UK,EMEA,4,4,0,4290300.030227344,0.0,4290300.030227344,False,False,ANALYST-CALC,"Entity deficit is an estimated position, not evidence of facility use or avoidable funding cost"
2026-03-09,E006,Aurelius Germany,EMEA,4,4,0,8151019.43623196,0.0,8151019.43623196,False,False,ANALYST-CALC,"Entity deficit is an estimated position, not evidence of facility use or avoidable funding cost"
2026-03-09,E007,Aurelius France,EMEA,3,2,1,1098082.362514074,-1083234.0022042482,14848.36030982586,True,False,ANALYST-CALC,"Entity deficit is an estimated position, not evidence of facility use or avoidable funding cost"
2026-03-09,E008,Aurelius Netherlands,EMEA,3,3,0,6163032.376149433,0.0,6163032.376149433,False,False,ANALYST-CALC,"Entity deficit is an estimated position, not evidence of facility use or avoidable funding cost"
2026-03-09,E009,Aurelius Spain,EMEA,3,3,0,3876129.343609377,0.0,3876129.343609377,False,False,ANALYST-CALC,"Entity deficit is an estimated position, not evidence of facility use or avoidable funding cost"
2026-03-09,E010,Aurelius Singapore,APAC,4,3,1,1201716.2260043419,-878510.97,323205.2560043418,True,False,ANALYST-CALC,"Entity deficit is an estimated position, not evidence of facility use or avoidable funding cost"
2026-03-09,E011,Aurelius Australia,APAC,3,3,0,7083615.056488744,0.0,7083615.056488744,False,False,ANALYST-CALC,"Entity deficit is an estimated position, not evidence of facility use or avoidable funding cost"
2026-03-09,E012,Aurelius Japan,APAC,3,3,0,587719.2488875904,0.0,587719.2488875904,False,False,ANALYST-CALC,"Entity deficit is an estimated position, not evidence of facility use or avoidable funding cost"
2026-03-09,E013,Aurelius Korea,APAC,3,3,0,3803.7489998171995,0.0,3803.7489998171995,False,False,ANALYST-CALC,"Entity deficit is an estimated position, not evidence of facility use or avoidable funding cost"
2026-03-09,E014,Aurelius India,APAC,3,3,0,489210.7426665346,0.0,489210.7426665346,False,False,ANALYST-CALC,"Entity deficit is an estimated position, not evidence of facility use or avoidable funding cost"
2026-03-09,E015,Aurelius Hong Kong,APAC,3,3,0,407003.377168752,0.0,407003.377168752,False,False,ANALYST-CALC,"Entity deficit is an estimated position, not evidence of facility use or avoidable funding cost"
2026-03-09,E016,Aurelius Global Sourcing,APAC,3,3,0,2701402.91,0.0,2701402.91,False,False,ANALYST-CALC,"Entity deficit is an estimated position, not evidence of facility use or avoidable funding cost"
2026-03-10,E001,Aurelius Group Holdings,NA,4,4,0,3950544.34,0.0,3950544.34,False,False,ANALYST-CALC,"Entity deficit is an estimated position, not evidence of facility use or avoidable funding cost"
2026-03-10,E002,Aurelius Home US,NA,5,5,0,7623081.4399999995,0.0,7623081.4399999995,False,False,ANALYST-CALC,"Entity deficit is an estimated position, not evidence of facility use or avoidable funding cost"
2026-03-10,E003,Aurelius Wellness US,NA,4,4,0,7029078.42,0.0,7029078.42,False,False,ANALYST-CALC,"Entity deficit is an estimated position, not evidence of facility use or avoidable funding cost"
2026-03-10,E004,Aurelius Canada,NA,3,3,0,2122831.959787709,0.0,2122831.959787709,False,False,ANALYST-CALC,"Entity deficit is an estimated position, not evidence of facility use or avoidable funding cost"
2026-03-10,E005,Aurelius UK,EMEA,4,4,0,4834523.290599788,0.0,4834523.290599788,False,False,ANALYST-CALC,"Entity deficit is an estimated position, not evidence of facility use or avoidable funding cost"
2026-03-10,E006,Aurelius Germany,EMEA,4,4,0,7702336.280678377,0.0,7702336.280678377,False,False,ANALYST-CALC,"Entity deficit is an estimated position, not evidence of facility use or avoidable funding cost"
2026-03-10,E007,Aurelius France,EMEA,3,2,1,1241923.2960772691,-1255456.9168879138,-13533.620810644818,True,True,ANALYST-CALC,"Entity deficit is an estimated position, not evidence of facility use or avoidable funding cost"
2026-03-10,E008,Aurelius Netherlands,EMEA,3,3,0,6054839.463982196,0.0,6054839.463982196,False,False,ANALYST-CALC,"Entity deficit is an estimated position, not evidence of facility use or avoidable funding cost"
2026-03-10,E009,Aurelius Spain,EMEA,3,3,0,3910150.8314087326,0.0,3910150.8314087326,False,False,ANALYST-CALC,"Entity deficit is an estimated position, not evidence of facility use or avoidable funding cost"
2026-03-10,E010,Aurelius Singapore,APAC,4,3,1,1209938.9428862475,-918626.46,291312.4828862476,True,False,ANALYST-CALC,"Entity deficit is an estimated position, not evidence of facility use or avoidable funding cost"
2026-03-10,E011,Aurelius Australia,APAC,3,3,0,7374866.365064371,0.0,7374866.365064371,False,False,ANALYST-CALC,"Entity deficit is an estimated position, not evidence of facility use or avoidable funding cost"
2026-03-10,E012,Aurelius Japan,APAC,3,3,0,508423.1286397896,0.0,508423.1286397896,False,False,ANALYST-CALC,"Entity deficit is an estimated position, not evidence of facility use or avoidable funding cost"
2026-03-10,E013,Aurelius Korea,APAC,3,3,0,3045.35176662,0.0,3045.35176662,False,False,ANALYST-CALC,"Entity deficit is an estimated position, not evidence of facility use or avoidable funding cost"
2026-03-10,E014,Aurelius India,APAC,3,3,0,474455.4090226608,0.0,474455.4090226608,False,False,ANALYST-CALC,"Entity deficit is an estimated position, not evidence of facility use or avoidable funding cost"
2026-03-10,E015,Aurelius Hong Kong,APAC,3,3,0,407750.30471364595,0.0,407750.30471364595,False,False,ANALYST-CALC,"Entity deficit is an estimated position, not evidence of facility use or avoidable funding cost"
2026-03-10,E016,Aurelius Global Sourcing,APAC,3,3,0,2682813.27,0.0,2682813.27,False,False,ANALYST-CALC,"Entity deficit is an estimated position, not evidence of facility use or avoidable funding cost"
2026-03-11,E001,Aurelius Group Holdings,NA,4,4,0,3812641.8,0.0,3812641.8,False,False,ANALYST-CALC,"Entity deficit is an estimated position, not evidence of facility use or avoidable funding cost"
2026-03-11,E002,Aurelius Home US,NA,5,5,0,7000967.05,0.0,7000967.05,False,False,ANALYST-CALC,"Entity deficit is an estimated position, not evidence of facility use or avoidable funding cost"
2026-03-11,E003,Aurelius Wellness US,NA,4,4,0,7334768.92,0.0,7334768.92,False,False,ANALYST-CALC,"Entity deficit is an estimated position, not evidence of facility use or avoidable funding cost"
2026-03-11,E004,Aurelius Canada,NA,3,3,0,2269037.771917567,0.0,2269037.771917567,False,False,ANALYST-CALC,"Entity deficit is an estimated position, not evidence of facility use or avoidable funding cost"
2026-03-11,E005,Aurelius UK,EMEA,4,4,0,4739579.004031752,0.0,4739579.004031752,False,False,ANALYST-CALC,"Entity deficit is an estimated position, not evidence of facility use or avoidable funding cost"
2026-03-11,E006,Aurelius Germany,EMEA,4,4,0,8760568.966302244,0.0,8760568.966302244,False,False,ANALYST-CALC,"Entity deficit is an estimated position, not evidence of facility use or avoidable funding cost"
2026-03-11,E007,Aurelius France,EMEA,3,2,1,1465220.785894757,-1246294.7248318505,218926.06106290646,True,False,ANALYST-CALC,"Entity deficit is an estimated position, not evidence of facility use or avoidable funding cost"
2026-03-11,E008,Aurelius Netherlands,EMEA,3,3,0,5835793.083847562,0.0,5835793.083847562,False,False,ANALYST-CALC,"Entity deficit is an estimated position, not evidence of facility use or avoidable funding cost"
2026-03-11,E009,Aurelius Spain,EMEA,3,3,0,3273050.8696335084,0.0,3273050.8696335084,False,False,ANALYST-CALC,"Entity deficit is an estimated position, not evidence of facility use or avoidable funding cost"
2026-03-11,E010,Aurelius Singapore,APAC,4,3,1,1137421.1420703945,-1172485.48,-35064.337929605404,True,True,ANALYST-CALC,"Entity deficit is an estimated position, not evidence of facility use or avoidable funding cost"
2026-03-11,E011,Aurelius Australia,APAC,3,3,0,7858735.567236228,0.0,7858735.567236228,False,False,ANALYST-CALC,"Entity deficit is an estimated position, not evidence of facility use or avoidable funding cost"
2026-03-11,E012,Aurelius Japan,APAC,3,3,0,492131.41441515257,0.0,492131.41441515257,False,False,ANALYST-CALC,"Entity deficit is an estimated position, not evidence of facility use or avoidable funding cost"
2026-03-11,E013,Aurelius Korea,APAC,3,3,0,2860.1115507182,0.0,2860.1115507182,False,False,ANALYST-CALC,"Entity deficit is an estimated position, not evidence of facility use or avoidable funding cost"
2026-03-11,E014,Aurelius India,APAC,3,3,0,528693.1194548414,0.0,528693.1194548414,False,False,ANALYST-CALC,"Entity deficit is an estimated position, not evidence of facility use or avoidable funding cost"
2026-03-11,E015,Aurelius Hong Kong,APAC,3,3,0,377827.45183417597,0.0,377827.45183417597,False,False,ANALYST-CALC,"Entity deficit is an estimated position, not evidence of facility use or avoidable funding cost"
2026-03-11,E016,Aurelius Global Sourcing,APAC,3,3,0,2750869.56,0.0,2750869.56,False,False,ANALYST-CALC,"Entity deficit is an estimated position, not evidence of facility use or avoidable funding cost"
2026-03-12,E001,Aurelius Group Holdings,NA,4,4,0,3794188.9299999997,0.0,3794188.9299999997,False,False,ANALYST-CALC,"Entity deficit is an estimated position, not evidence of facility use or avoidable funding cost"
2026-03-12,E002,Aurelius Home US,NA,5,5,0,7170734.16,0.0,7170734.16,False,False,ANALYST-CALC,"Entity deficit is an estimated position, not evidence of facility use or avoidable funding cost"
2026-03-12,E003,Aurelius Wellness US,NA,4,4,0,7079913.92,0.0,7079913.92,False,False,ANALYST-CALC,"Entity deficit is an estimated position, not evidence of facility use or avoidable funding cost"
2026-03-12,E004,Aurelius Canada,NA,3,3,0,2047664.0815945268,0.0,2047664.0815945268,False,False,ANALYST-CALC,"Entity deficit is an estimated position, not evidence of facility use or avoidable funding cost"
2026-03-12,E005,Aurelius UK,EMEA,4,4,0,5147032.170531202,0.0,5147032.170531202,False,False,ANALYST-CALC,"Entity deficit is an estimated position, not evidence of facility use or avoidable funding cost"
2026-03-12,E006,Aurelius Germany,EMEA,4,4,0,8922767.684571208,0.0,8922767.684571208,False,False,ANALYST-CALC,"Entity deficit is an estimated position, not evidence of facility use or avoidable funding cost"
2026-03-12,E007,Aurelius France,EMEA,3,2,1,1318295.4932462748,-1057923.7212795315,260371.77196674334,True,False,ANALYST-CALC,"Entity deficit is an estimated position, not evidence of facility use or avoidable funding cost"
2026-03-12,E008,Aurelius Netherlands,EMEA,3,3,0,6134720.603124514,0.0,6134720.603124514,False,False,ANALYST-CALC,"Entity deficit is an estimated position, not evidence of facility use or avoidable funding cost"
2026-03-12,E009,Aurelius Spain,EMEA,3,3,0,3680167.7754245587,0.0,3680167.7754245587,False,False,ANALYST-CALC,"Entity deficit is an estimated position, not evidence of facility use or avoidable funding cost"
2026-03-12,E010,Aurelius Singapore,APAC,4,3,1,1355528.1807769982,-823205.11,532323.0707769983,True,False,ANALYST-CALC,"Entity deficit is an estimated position, not evidence of facility use or avoidable funding cost"
2026-03-12,E011,Aurelius Australia,APAC,3,3,0,7900771.527473075,0.0,7900771.527473075,False,False,ANALYST-CALC,"Entity deficit is an estimated position, not evidence of facility use or avoidable funding cost"
2026-03-12,E012,Aurelius Japan,APAC,3,3,0,530799.1030210428,0.0,530799.1030210428,False,False,ANALYST-CALC,"Entity deficit is an estimated position, not evidence of facility use or avoidable funding cost"
2026-03-12,E013,Aurelius Korea,APAC,3,3,0,2668.4978870088,0.0,2668.4978870088,False,False,ANALYST-CALC,"Entity deficit is an estimated position, not evidence of facility use or avoidable funding cost"
2026-03-12,E014,Aurelius India,APAC,3,3,0,453450.4685159112,0.0,453450.4685159112,False,False,ANALYST-CALC,"Entity deficit is an estimated position, not evidence of facility use or avoidable funding cost"
2026-03-12,E015,Aurelius Hong Kong,APAC,3,3,0,441348.8248657212,0.0,441348.8248657212,False,False,ANALYST-CALC,"Entity deficit is an estimated position, not evidence of facility use or avoidable funding cost"
2026-03-12,E016,Aurelius Global Sourcing,APAC,3,3,0,2438522.9,0.0,2438522.9,False,False,ANALYST-CALC,"Entity deficit is an estimated position, not evidence of facility use or avoidable funding cost"
2026-03-13,E001,Aurelius Group Holdings,NA,4,4,0,3381175.09,0.0,3381175.09,False,False,ANALYST-CALC,"Entity deficit is an estimated position, not evidence of facility use or avoidable funding cost"
2026-03-13,E002,Aurelius Home US,NA,5,5,0,7576605.3100000005,0.0,7576605.3100000005,False,False,ANALYST-CALC,"Entity deficit is an estimated position, not evidence of facility use or avoidable funding cost"
2026-03-13,E003,Aurelius Wellness US,NA,4,4,0,6530387.04,0.0,6530387.04,False,False,ANALYST-CALC,"Entity deficit is an estimated position, not evidence of facility use or avoidable funding cost"
2026-03-13,E004,Aurelius Canada,NA,3,3,0,2313298.322404089,0.0,2313298.322404089,False,False,ANALYST-CALC,"Entity deficit is an estimated position, not evidence of facility use or avoidable funding cost"
2026-03-13,E005,Aurelius UK,EMEA,4,4,0,4527082.109212354,0.0,4527082.109212354,False,False,ANALYST-CALC,"Entity deficit is an estimated position, not evidence of facility use or avoidable funding cost"
2026-03-13,E006,Aurelius Germany,EMEA,4,4,0,10004190.796277171,0.0,10004190.796277171,False,False,ANALYST-CALC,"Entity deficit is an estimated position, not evidence of facility use or avoidable funding cost"
2026-03-13,E007,Aurelius France,EMEA,3,2,1,1329938.87315057,-1113747.29174179,216191.58140878,True,False,ANALYST-CALC,"Entity deficit is an estimated position, not evidence of facility use or avoidable funding cost"
2026-03-13,E008,Aurelius Netherlands,EMEA,3,3,0,6729590.77200166,0.0,6729590.77200166,False,False,ANALYST-CALC,"Entity deficit is an estimated position, not evidence of facility use or avoidable funding cost"
2026-03-13,E009,Aurelius Spain,EMEA,3,3,0,3340714.48875096,0.0,3340714.48875096,False,False,ANALYST-CALC,"Entity deficit is an estimated position, not evidence of facility use or avoidable funding cost"
2026-03-13,E010,Aurelius Singapore,APAC,4,3,1,1100085.2012529697,-821413.59,278671.6112529697,True,False,ANALYST-CALC,"Entity deficit is an estimated position, not evidence of facility use or avoidable funding cost"
2026-03-13,E011,Aurelius Australia,APAC,3,3,0,7021786.370377625,0.0,7021786.370377625,False,False,ANALYST-CALC,"Entity deficit is an estimated position, not evidence of facility use or avoidable funding cost"
2026-03-13,E012,Aurelius Japan,APAC,3,3,0,447957.251010774,0.0,447957.251010774,False,False,ANALYST-CALC,"Entity deficit is an estimated position, not evidence of facility use or avoidable funding cost"
2026-03-13,E013,Aurelius Korea,APAC,3,3,0,2946.6902912104,0.0,2946.6902912104,False,False,ANALYST-CALC,"Entity deficit is an estimated position, not evidence of facility use or avoidable funding cost"
2026-03-13,E014,Aurelius India,APAC,3,3,0,575145.8373566334,0.0,575145.8373566334,False,False,ANALYST-CALC,"Entity deficit is an estimated position, not evidence of facility use or avoidable funding cost"
2026-03-13,E015,Aurelius Hong Kong,APAC,3,3,0,445528.2955068621,0.0,445528.2955068621,False,False,ANALYST-CALC,"Entity deficit is an estimated position, not evidence of facility use or avoidable funding cost"
2026-03-13,E016,Aurelius Global Sourcing,APAC,3,3,0,2490597.5100000002,0.0,2490597.5100000002,False,False,ANALYST-CALC,"Entity deficit is an estimated position, not evidence of facility use or avoidable funding cost"
2026-03-14,E001,Aurelius Group Holdings,NA,4,4,0,3169907.37,0.0,3169907.37,False,False,ANALYST-CALC,"Entity deficit is an estimated position, not evidence of facility use or avoidable funding cost"
2026-03-14,E002,Aurelius Home US,NA,5,5,0,7801238.739999999,0.0,7801238.739999999,False,False,ANALYST-CALC,"Entity deficit is an estimated position, not evidence of facility use or avoidable funding cost"
2026-03-14,E003,Aurelius Wellness US,NA,4,4,0,7975865.43,0.0,7975865.43,False,False,ANALYST-CALC,"Entity deficit is an estimated position, not evidence of facility use or avoidable funding cost"
2026-03-14,E004,Aurelius Canada,NA,3,3,0,2153430.6870108424,0.0,2153430.6870108424,False,False,ANALYST-CALC,"Entity deficit is an estimated position, not evidence of facility use or avoidable funding cost"
2026-03-14,E005,Aurelius UK,EMEA,4,4,0,5285361.137637687,0.0,5285361.137637687,False,False,ANALYST-CALC,"Entity deficit is an estimated position, not evidence of facility use or avoidable funding cost"
2026-03-14,E006,Aurelius Germany,EMEA,4,4,0,9851244.81339392,0.0,9851244.81339392,False,False,ANALYST-CALC,"Entity deficit is an estimated position, not evidence of facility use or avoidable funding cost"
2026-03-14,E007,Aurelius France,EMEA,3,2,1,1099393.3930902602,-1085123.611316273,14269.781773987284,True,False,ANALYST-CALC,"Entity deficit is an estimated position, not evidence of facility use or avoidable funding cost"
2026-03-14,E008,Aurelius Netherlands,EMEA,3,3,0,6717355.161070399,0.0,6717355.161070399,False,False,ANALYST-CALC,"Entity deficit is an estimated position, not evidence of facility use or avoidable funding cost"
2026-03-14,E009,Aurelius Spain,EMEA,3,3,0,3534764.9328319733,0.0,3534764.9328319733,False,False,ANALYST-CALC,"Entity deficit is an estimated position, not evidence of facility use or avoidable funding cost"
2026-03-14,E010,Aurelius Singapore,APAC,4,3,1,1388639.3342131397,-920806.35,467832.98421313975,True,False,ANALYST-CALC,"Entity deficit is an estimated position, not evidence of facility use or avoidable funding cost"
2026-03-14,E011,Aurelius Australia,APAC,3,3,0,7577818.57608955,0.0,7577818.57608955,False,False,ANALYST-CALC,"Entity deficit is an estimated position, not evidence of facility use or avoidable funding cost"
2026-03-14,E012,Aurelius Japan,APAC,3,3,0,564059.7139898966,0.0,564059.7139898966,False,False,ANALYST-CALC,"Entity deficit is an estimated position, not evidence of facility use or avoidable funding cost"
2026-03-14,E013,Aurelius Korea,APAC,3,3,0,3361.472895836,0.0,3361.472895836,False,False,ANALYST-CALC,"Entity deficit is an estimated position, not evidence of facility use or avoidable funding cost"
2026-03-14,E014,Aurelius India,APAC,3,3,0,549621.5262253736,0.0,549621.5262253736,False,False,ANALYST-CALC,"Entity deficit is an estimated position, not evidence of facility use or avoidable funding cost"
2026-03-14,E015,Aurelius Hong Kong,APAC,3,3,0,519619.77470451006,0.0,519619.77470451006,False,False,ANALYST-CALC,"Entity deficit is an estimated position, not evidence of facility use or avoidable funding cost"
2026-03-14,E016,Aurelius Global Sourcing,APAC,3,3,0,2665033.15,0.0,2665033.15,False,False,ANALYST-CALC,"Entity deficit is an estimated position, not evidence of facility use or avoidable funding cost"
2026-03-15,E001,Aurelius Group Holdings,NA,4,4,0,3651527.07,0.0,3651527.07,False,False,ANALYST-CALC,"Entity deficit is an estimated position, not evidence of facility use or avoidable funding cost"
2026-03-15,E002,Aurelius Home US,NA,5,5,0,7743907.53,0.0,7743907.53,False,False,ANALYST-CALC,"Entity deficit is an estimated position, not evidence of facility use or avoidable funding cost"
2026-03-15,E003,Aurelius Wellness US,NA,4,4,0,8081228.5600000005,0.0,8081228.5600000005,False,False,ANALYST-CALC,"Entity deficit is an estimated position, not evidence of facility use or avoidable funding cost"
2026-03-15,E004,Aurelius Canada,NA,3,3,0,2076828.1299044169,0.0,2076828.1299044169,False,False,ANALYST-CALC,"Entity deficit is an estimated position, not evidence of facility use or avoidable funding cost"
2026-03-15,E005,Aurelius UK,EMEA,4,4,0,4500212.043409915,0.0,4500212.043409915,False,False,ANALYST-CALC,"Entity deficit is an estimated position, not evidence of facility use or avoidable funding cost"
2026-03-15,E006,Aurelius Germany,EMEA,4,4,0,8897471.7347574,0.0,8897471.7347574,False,False,ANALYST-CALC,"Entity deficit is an estimated position, not evidence of facility use or avoidable funding cost"
2026-03-15,E007,Aurelius France,EMEA,3,2,1,1137896.9993351116,-983779.1100918404,154117.88924327109,True,False,ANALYST-CALC,"Entity deficit is an estimated position, not evidence of facility use or avoidable funding cost"
2026-03-15,E008,Aurelius Netherlands,EMEA,3,3,0,5799302.744179152,0.0,5799302.744179152,False,False,ANALYST-CALC,"Entity deficit is an estimated position, not evidence of facility use or avoidable funding cost"
2026-03-15,E009,Aurelius Spain,EMEA,3,3,0,4020800.713861888,0.0,4020800.713861888,False,False,ANALYST-CALC,"Entity deficit is an estimated position, not evidence of facility use or avoidable funding cost"
2026-03-15,E010,Aurelius Singapore,APAC,4,3,1,1162830.5401301344,-703916.54,458914.00013013446,True,False,ANALYST-CALC,"Entity deficit is an estimated position, not evidence of facility use or avoidable funding cost"
2026-03-15,E011,Aurelius Australia,APAC,3,3,0,6401096.132378403,0.0,6401096.132378403,False,False,ANALYST-CALC,"Entity deficit is an estimated position, not evidence of facility use or avoidable funding cost"
2026-03-15,E012,Aurelius Japan,APAC,3,3,0,626102.921289833,0.0,626102.921289833,False,False,ANALYST-CALC,"Entity deficit is an estimated position, not evidence of facility use or avoidable funding cost"
2026-03-15,E013,Aurelius Korea,APAC,3,3,0,3374.9873427476005,0.0,3374.9873427476005,False,False,ANALYST-CALC,"Entity deficit is an estimated position, not evidence of facility use or avoidable funding cost"
2026-03-15,E014,Aurelius India,APAC,3,3,0,524665.7964858087,0.0,524665.7964858087,False,False,ANALYST-CALC,"Entity deficit is an estimated position, not evidence of facility use or avoidable funding cost"
2026-03-15,E015,Aurelius Hong Kong,APAC,3,3,0,389328.3873999712,0.0,389328.3873999712,False,False,ANALYST-CALC,"Entity deficit is an estimated position, not evidence of facility use or avoidable funding cost"
2026-03-15,E016,Aurelius Global Sourcing,APAC,3,3,0,2820366.41,0.0,2820366.41,False,False,ANALYST-CALC,"Entity deficit is an estimated position, not evidence of facility use or avoidable funding cost"
2026-03-16,E001,Aurelius Group Holdings,NA,4,4,0,3843218.18,0.0,3843218.18,False,False,ANALYST-CALC,"Entity deficit is an estimated position, not evidence of facility use or avoidable funding cost"
2026-03-16,E002,Aurelius Home US,NA,5,5,0,7604782.5,0.0,7604782.5,False,False,ANALYST-CALC,"Entity deficit is an estimated position, not evidence of facility use or avoidable funding cost"
2026-03-16,E003,Aurelius Wellness US,NA,4,4,0,8203069.69,0.0,8203069.69,False,False,ANALYST-CALC,"Entity deficit is an estimated position, not evidence of facility use or avoidable funding cost"
2026-03-16,E004,Aurelius Canada,NA,3,3,0,1932417.8433893279,0.0,1932417.8433893279,False,False,ANALYST-CALC,"Entity deficit is an estimated position, not evidence of facility use or avoidable funding cost"
2026-03-16,E005,Aurelius UK,EMEA,4,4,0,4411008.992086063,0.0,4411008.992086063,False,False,ANALYST-CALC,"Entity deficit is an estimated position, not evidence of facility use or avoidable funding cost"
2026-03-16,E006,Aurelius Germany,EMEA,4,4,0,8182446.426694211,0.0,8182446.426694211,False,False,ANALYST-CALC,"Entity deficit is an estimated position, not evidence of facility use or avoidable funding cost"
2026-03-16,E007,Aurelius France,EMEA,3,2,1,1206417.4445822705,-965984.4579075818,240432.98667468858,True,False,ANALYST-CALC,"Entity deficit is an estimated position, not evidence of facility use or avoidable funding cost"
2026-03-16,E008,Aurelius Netherlands,EMEA,3,3,0,5864182.670297746,0.0,5864182.670297746,False,False,ANALYST-CALC,"Entity deficit is an estimated position, not evidence of facility use or avoidable funding cost"
2026-03-16,E009,Aurelius Spain,EMEA,3,3,0,3433633.414030073,0.0,3433633.414030073,False,False,ANALYST-CALC,"Entity deficit is an estimated position, not evidence of facility use or avoidable funding cost"
2026-03-16,E010,Aurelius Singapore,APAC,4,3,1,1273116.967816883,-902421.09,370695.8778168831,True,False,ANALYST-CALC,"Entity deficit is an estimated position, not evidence of facility use or avoidable funding cost"
2026-03-16,E011,Aurelius Australia,APAC,3,3,0,6602040.960618981,0.0,6602040.960618981,False,False,ANALYST-CALC,"Entity deficit is an estimated position, not evidence of facility use or avoidable funding cost"
2026-03-16,E012,Aurelius Japan,APAC,3,3,0,679194.966489867,0.0,679194.966489867,False,False,ANALYST-CALC,"Entity deficit is an estimated position, not evidence of facility use or avoidable funding cost"
2026-03-16,E013,Aurelius Korea,APAC,3,3,0,3332.846806664,0.0,3332.846806664,False,False,ANALYST-CALC,"Entity deficit is an estimated position, not evidence of facility use or avoidable funding cost"
2026-03-16,E014,Aurelius India,APAC,3,3,0,512708.78804944,0.0,512708.78804944,False,False,ANALYST-CALC,"Entity deficit is an estimated position, not evidence of facility use or avoidable funding cost"
2026-03-16,E015,Aurelius Hong Kong,APAC,3,3,0,404612.2824537243,0.0,404612.2824537243,False,False,ANALYST-CALC,"Entity deficit is an estimated position, not evidence of facility use or avoidable funding cost"
2026-03-16,E016,Aurelius Global Sourcing,APAC,3,3,0,2910408.02,0.0,2910408.02,False,False,ANALYST-CALC,"Entity deficit is an estimated position, not evidence of facility use or avoidable funding cost"
2026-03-17,E001,Aurelius Group Holdings,NA,4,4,0,3754936.15,0.0,3754936.15,False,False,ANALYST-CALC,"Entity deficit is an estimated position, not evidence of facility use or avoidable funding cost"
2026-03-17,E002,Aurelius Home US,NA,5,5,0,6611780.74,0.0,6611780.74,False,False,ANALYST-CALC,"Entity deficit is an estimated position, not evidence of facility use or avoidable funding cost"
2026-03-17,E003,Aurelius Wellness US,NA,4,4,0,7395005.3,0.0,7395005.3,False,False,ANALYST-CALC,"Entity deficit is an estimated position, not evidence of facility use or avoidable funding cost"
2026-03-17,E004,Aurelius Canada,NA,3,3,0,2334856.5120855104,0.0,2334856.5120855104,False,False,ANALYST-CALC,"Entity deficit is an estimated position, not evidence of facility use or avoidable funding cost"
2026-03-17,E005,Aurelius UK,EMEA,4,4,0,4938453.37277712,0.0,4938453.37277712,False,False,ANALYST-CALC,"Entity deficit is an estimated position, not evidence of facility use or avoidable funding cost"
2026-03-17,E006,Aurelius Germany,EMEA,4,4,0,8248478.134456023,0.0,8248478.134456023,False,False,ANALYST-CALC,"Entity deficit is an estimated position, not evidence of facility use or avoidable funding cost"
2026-03-17,E007,Aurelius France,EMEA,3,2,1,1167376.115459736,-1099544.1866722312,67831.92878750485,True,False,ANALYST-CALC,"Entity deficit is an estimated position, not evidence of facility use or avoidable funding cost"
2026-03-17,E008,Aurelius Netherlands,EMEA,3,3,0,6171854.613309513,0.0,6171854.613309513,False,False,ANALYST-CALC,"Entity deficit is an estimated position, not evidence of facility use or avoidable funding cost"
2026-03-17,E009,Aurelius Spain,EMEA,3,3,0,4102551.8478864357,0.0,4102551.8478864357,False,False,ANALYST-CALC,"Entity deficit is an estimated position, not evidence of facility use or avoidable funding cost"
2026-03-17,E010,Aurelius Singapore,APAC,4,3,1,1149072.373731139,-940977.44,208094.93373113917,True,False,ANALYST-CALC,"Entity deficit is an estimated position, not evidence of facility use or avoidable funding cost"
2026-03-17,E011,Aurelius Australia,APAC,3,3,0,8576626.91387609,0.0,8576626.91387609,False,False,ANALYST-CALC,"Entity deficit is an estimated position, not evidence of facility use or avoidable funding cost"
2026-03-17,E012,Aurelius Japan,APAC,3,3,0,527091.0417163952,0.0,527091.0417163952,False,False,ANALYST-CALC,"Entity deficit is an estimated position, not evidence of facility use or avoidable funding cost"
2026-03-17,E013,Aurelius Korea,APAC,3,3,0,2766.248858022,0.0,2766.248858022,False,False,ANALYST-CALC,"Entity deficit is an estimated position, not evidence of facility use or avoidable funding cost"
2026-03-17,E014,Aurelius India,APAC,3,3,0,407041.01977740024,0.0,407041.01977740024,False,False,ANALYST-CALC,"Entity deficit is an estimated position, not evidence of facility use or avoidable funding cost"
2026-03-17,E015,Aurelius Hong Kong,APAC,3,3,0,371320.12815055926,0.0,371320.12815055926,False,False,ANALYST-CALC,"Entity deficit is an estimated position, not evidence of facility use or avoidable funding cost"
2026-03-17,E016,Aurelius Global Sourcing,APAC,3,3,0,2637960.9,0.0,2637960.9,False,False,ANALYST-CALC,"Entity deficit is an estimated position, not evidence of facility use or avoidable funding cost"
2026-03-18,E001,Aurelius Group Holdings,NA,4,4,0,3726198.1,0.0,3726198.1,False,False,ANALYST-CALC,"Entity deficit is an estimated position, not evidence of facility use or avoidable funding cost"
2026-03-18,E002,Aurelius Home US,NA,5,5,0,6925061.33,0.0,6925061.33,False,False,ANALYST-CALC,"Entity deficit is an estimated position, not evidence of facility use or avoidable funding cost"
2026-03-18,E003,Aurelius Wellness US,NA,4,4,0,7373906.7,0.0,7373906.7,False,False,ANALYST-CALC,"Entity deficit is an estimated position, not evidence of facility use or avoidable funding cost"
2026-03-18,E004,Aurelius Canada,NA,3,3,0,2297407.0735565694,0.0,2297407.0735565694,False,False,ANALYST-CALC,"Entity deficit is an estimated position, not evidence of facility use or avoidable funding cost"
2026-03-18,E005,Aurelius UK,EMEA,4,4,0,5265102.363591247,0.0,5265102.363591247,False,False,ANALYST-CALC,"Entity deficit is an estimated position, not evidence of facility use or avoidable funding cost"
2026-03-18,E006,Aurelius Germany,EMEA,4,4,0,8334683.226691143,0.0,8334683.226691143,False,False,ANALYST-CALC,"Entity deficit is an estimated position, not evidence of facility use or avoidable funding cost"
2026-03-18,E007,Aurelius France,EMEA,3,2,1,1432925.8727761952,-1310617.221525412,122308.65125078306,True,False,ANALYST-CALC,"Entity deficit is an estimated position, not evidence of facility use or avoidable funding cost"
2026-03-18,E008,Aurelius Netherlands,EMEA,3,3,0,5881244.246990393,0.0,5881244.246990393,False,False,ANALYST-CALC,"Entity deficit is an estimated position, not evidence of facility use or avoidable funding cost"
2026-03-18,E009,Aurelius Spain,EMEA,3,3,0,3825351.2269693078,0.0,3825351.2269693078,False,False,ANALYST-CALC,"Entity deficit is an estimated position, not evidence of facility use or avoidable funding cost"
2026-03-18,E010,Aurelius Singapore,APAC,4,3,1,1160898.5715681897,-1031606.77,129291.80156818965,True,False,ANALYST-CALC,"Entity deficit is an estimated position, not evidence of facility use or avoidable funding cost"
2026-03-18,E011,Aurelius Australia,APAC,3,3,0,7501932.452074928,0.0,7501932.452074928,False,False,ANALYST-CALC,"Entity deficit is an estimated position, not evidence of facility use or avoidable funding cost"
2026-03-18,E012,Aurelius Japan,APAC,3,3,0,512806.0820098141,0.0,512806.0820098141,False,False,ANALYST-CALC,"Entity deficit is an estimated position, not evidence of facility use or avoidable funding cost"
2026-03-18,E013,Aurelius Korea,APAC,3,3,0,2763.7314243411997,0.0,2763.7314243411997,False,False,ANALYST-CALC,"Entity deficit is an estimated position, not evidence of facility use or avoidable funding cost"
2026-03-18,E014,Aurelius India,APAC,3,3,0,480497.210877733,0.0,480497.210877733,False,False,ANALYST-CALC,"Entity deficit is an estimated position, not evidence of facility use or avoidable funding cost"
2026-03-18,E015,Aurelius Hong Kong,APAC,3,3,0,424873.10578284884,0.0,424873.10578284884,False,False,ANALYST-CALC,"Entity deficit is an estimated position, not evidence of facility use or avoidable funding cost"
2026-03-18,E016,Aurelius Global Sourcing,APAC,3,3,0,2538197.06,0.0,2538197.06,False,False,ANALYST-CALC,"Entity deficit is an estimated position, not evidence of facility use or avoidable funding cost"
2026-03-19,E001,Aurelius Group Holdings,NA,4,4,0,3530807.0,0.0,3530807.0,False,False,ANALYST-CALC,"Entity deficit is an estimated position, not evidence of facility use or avoidable funding cost"
2026-03-19,E002,Aurelius Home US,NA,5,5,0,6822897.27,0.0,6822897.27,False,False,ANALYST-CALC,"Entity deficit is an estimated position, not evidence of facility use or avoidable funding cost"
2026-03-19,E003,Aurelius Wellness US,NA,4,4,0,6192576.55,0.0,6192576.55,False,False,ANALYST-CALC,"Entity deficit is an estimated position, not evidence of facility use or avoidable funding cost"
2026-03-19,E004,Aurelius Canada,NA,3,3,0,2050526.57337406,0.0,2050526.57337406,False,False,ANALYST-CALC,"Entity deficit is an estimated position, not evidence of facility use or avoidable funding cost"
2026-03-19,E005,Aurelius UK,EMEA,4,4,0,5093425.545694843,0.0,5093425.545694843,False,False,ANALYST-CALC,"Entity deficit is an estimated position, not evidence of facility use or avoidable funding cost"
2026-03-19,E006,Aurelius Germany,EMEA,4,4,0,9521721.042720962,0.0,9521721.042720962,False,False,ANALYST-CALC,"Entity deficit is an estimated position, not evidence of facility use or avoidable funding cost"
2026-03-19,E007,Aurelius France,EMEA,3,2,1,1318885.8223598003,-1296950.2524196375,21935.56994016288,True,False,ANALYST-CALC,"Entity deficit is an estimated position, not evidence of facility use or avoidable funding cost"
2026-03-19,E008,Aurelius Netherlands,EMEA,3,3,0,6561028.354184004,0.0,6561028.354184004,False,False,ANALYST-CALC,"Entity deficit is an estimated position, not evidence of facility use or avoidable funding cost"
2026-03-19,E009,Aurelius Spain,EMEA,3,3,0,3919981.7543614656,0.0,3919981.7543614656,False,False,ANALYST-CALC,"Entity deficit is an estimated position, not evidence of facility use or avoidable funding cost"
2026-03-19,E010,Aurelius Singapore,APAC,4,3,1,1193441.9749595579,-949379.99,244061.9849595578,True,False,ANALYST-CALC,"Entity deficit is an estimated position, not evidence of facility use or avoidable funding cost"
2026-03-19,E011,Aurelius Australia,APAC,3,3,0,7872680.501807416,0.0,7872680.501807416,False,False,ANALYST-CALC,"Entity deficit is an estimated position, not evidence of facility use or avoidable funding cost"
2026-03-19,E012,Aurelius Japan,APAC,3,3,0,517174.1406340162,0.0,517174.1406340162,False,False,ANALYST-CALC,"Entity deficit is an estimated position, not evidence of facility use or avoidable funding cost"
2026-03-19,E013,Aurelius Korea,APAC,3,3,0,2798.4624831935,0.0,2798.4624831935,False,False,ANALYST-CALC,"Entity deficit is an estimated position, not evidence of facility use or avoidable funding cost"
2026-03-19,E014,Aurelius India,APAC,3,3,0,503219.2250120276,0.0,503219.2250120276,False,False,ANALYST-CALC,"Entity deficit is an estimated position, not evidence of facility use or avoidable funding cost"
2026-03-19,E015,Aurelius Hong Kong,APAC,3,3,0,449231.64909580484,0.0,449231.64909580484,False,False,ANALYST-CALC,"Entity deficit is an estimated position, not evidence of facility use or avoidable funding cost"
2026-03-19,E016,Aurelius Global Sourcing,APAC,3,3,0,2504151.55,0.0,2504151.55,False,False,ANALYST-CALC,"Entity deficit is an estimated position, not evidence of facility use or avoidable funding cost"
2026-03-20,E001,Aurelius Group Holdings,NA,4,4,0,3827030.0700000003,0.0,3827030.0700000003,False,False,ANALYST-CALC,"Entity deficit is an estimated position, not evidence of facility use or avoidable funding cost"
2026-03-20,E002,Aurelius Home US,NA,5,5,0,7934370.55,0.0,7934370.55,False,False,ANALYST-CALC,"Entity deficit is an estimated position, not evidence of facility use or avoidable funding cost"
2026-03-20,E003,Aurelius Wellness US,NA,4,4,0,7039806.4399999995,0.0,7039806.4399999995,False,False,ANALYST-CALC,"Entity deficit is an estimated position, not evidence of facility use or avoidable funding cost"
2026-03-20,E004,Aurelius Canada,NA,3,3,0,2350445.412147254,0.0,2350445.412147254,False,False,ANALYST-CALC,"Entity deficit is an estimated position, not evidence of facility use or avoidable funding cost"
2026-03-20,E005,Aurelius UK,EMEA,4,4,0,5301478.590186605,0.0,5301478.590186605,False,False,ANALYST-CALC,"Entity deficit is an estimated position, not evidence of facility use or avoidable funding cost"
2026-03-20,E006,Aurelius Germany,EMEA,4,4,0,9051345.912012637,0.0,9051345.912012637,False,False,ANALYST-CALC,"Entity deficit is an estimated position, not evidence of facility use or avoidable funding cost"
2026-03-20,E007,Aurelius France,EMEA,3,2,1,1337610.2997520068,-1152191.308959957,185418.9907920498,True,False,ANALYST-CALC,"Entity deficit is an estimated position, not evidence of facility use or avoidable funding cost"
2026-03-20,E008,Aurelius Netherlands,EMEA,3,3,0,6645959.588517988,0.0,6645959.588517988,False,False,ANALYST-CALC,"Entity deficit is an estimated position, not evidence of facility use or avoidable funding cost"
2026-03-20,E009,Aurelius Spain,EMEA,3,3,0,4123349.426698575,0.0,4123349.426698575,False,False,ANALYST-CALC,"Entity deficit is an estimated position, not evidence of facility use or avoidable funding cost"
2026-03-20,E010,Aurelius Singapore,APAC,4,3,1,1214491.363910474,-765892.86,448598.50391047413,True,False,ANALYST-CALC,"Entity deficit is an estimated position, not evidence of facility use or avoidable funding cost"
2026-03-20,E011,Aurelius Australia,APAC,3,3,0,7057976.408813849,0.0,7057976.408813849,False,False,ANALYST-CALC,"Entity deficit is an estimated position, not evidence of facility use or avoidable funding cost"
2026-03-20,E012,Aurelius Japan,APAC,3,3,0,561605.4230558935,0.0,561605.4230558935,False,False,ANALYST-CALC,"Entity deficit is an estimated position, not evidence of facility use or avoidable funding cost"
2026-03-20,E013,Aurelius Korea,APAC,3,3,0,3183.78974277,0.0,3183.78974277,False,False,ANALYST-CALC,"Entity deficit is an estimated position, not evidence of facility use or avoidable funding cost"
2026-03-20,E014,Aurelius India,APAC,3,3,0,588219.3004830644,0.0,588219.3004830644,False,False,ANALYST-CALC,"Entity deficit is an estimated position, not evidence of facility use or avoidable funding cost"
2026-03-20,E015,Aurelius Hong Kong,APAC,3,3,0,465664.93420103996,0.0,465664.93420103996,False,False,ANALYST-CALC,"Entity deficit is an estimated position, not evidence of facility use or avoidable funding cost"
2026-03-20,E016,Aurelius Global Sourcing,APAC,3,3,0,2621657.79,0.0,2621657.79,False,False,ANALYST-CALC,"Entity deficit is an estimated position, not evidence of facility use or avoidable funding cost"
2026-03-21,E001,Aurelius Group Holdings,NA,4,4,0,3312189.6,0.0,3312189.6,False,False,ANALYST-CALC,"Entity deficit is an estimated position, not evidence of facility use or avoidable funding cost"
2026-03-21,E002,Aurelius Home US,NA,5,5,0,7729300.7299999995,0.0,7729300.7299999995,False,False,ANALYST-CALC,"Entity deficit is an estimated position, not evidence of facility use or avoidable funding cost"
2026-03-21,E003,Aurelius Wellness US,NA,4,4,0,7878399.84,0.0,7878399.84,False,False,ANALYST-CALC,"Entity deficit is an estimated position, not evidence of facility use or avoidable funding cost"
2026-03-21,E004,Aurelius Canada,NA,3,3,0,2137459.4817523584,0.0,2137459.4817523584,False,False,ANALYST-CALC,"Entity deficit is an estimated position, not evidence of facility use or avoidable funding cost"
2026-03-21,E005,Aurelius UK,EMEA,4,4,0,5228276.628191374,0.0,5228276.628191374,False,False,ANALYST-CALC,"Entity deficit is an estimated position, not evidence of facility use or avoidable funding cost"
2026-03-21,E006,Aurelius Germany,EMEA,4,4,0,8985783.310760133,0.0,8985783.310760133,False,False,ANALYST-CALC,"Entity deficit is an estimated position, not evidence of facility use or avoidable funding cost"
2026-03-21,E007,Aurelius France,EMEA,3,2,1,1413562.6710387976,-1192355.6713293376,221206.9997094599,True,False,ANALYST-CALC,"Entity deficit is an estimated position, not evidence of facility use or avoidable funding cost"
2026-03-21,E008,Aurelius Netherlands,EMEA,3,3,0,6276657.3082082,0.0,6276657.3082082,False,False,ANALYST-CALC,"Entity deficit is an estimated position, not evidence of facility use or avoidable funding cost"
2026-03-21,E009,Aurelius Spain,EMEA,3,3,0,4029079.691106745,0.0,4029079.691106745,False,False,ANALYST-CALC,"Entity deficit is an estimated position, not evidence of facility use or avoidable funding cost"
2026-03-21,E010,Aurelius Singapore,APAC,4,3,1,1164136.0424391748,-815630.25,348505.7924391749,True,False,ANALYST-CALC,"Entity deficit is an estimated position, not evidence of facility use or avoidable funding cost"
2026-03-21,E011,Aurelius Australia,APAC,3,3,0,6429579.994140436,0.0,6429579.994140436,False,False,ANALYST-CALC,"Entity deficit is an estimated position, not evidence of facility use or avoidable funding cost"
2026-03-21,E012,Aurelius Japan,APAC,3,3,0,636752.0225377183,0.0,636752.0225377183,False,False,ANALYST-CALC,"Entity deficit is an estimated position, not evidence of facility use or avoidable funding cost"
2026-03-21,E013,Aurelius Korea,APAC,3,3,0,3604.9182373414997,0.0,3604.9182373414997,False,False,ANALYST-CALC,"Entity deficit is an estimated position, not evidence of facility use or avoidable funding cost"
2026-03-21,E014,Aurelius India,APAC,3,3,0,564334.6739966371,0.0,564334.6739966371,False,False,ANALYST-CALC,"Entity deficit is an estimated position, not evidence of facility use or avoidable funding cost"
2026-03-21,E015,Aurelius Hong Kong,APAC,3,3,0,510875.103722821,0.0,510875.103722821,False,False,ANALYST-CALC,"Entity deficit is an estimated position, not evidence of facility use or avoidable funding cost"
2026-03-21,E016,Aurelius Global Sourcing,APAC,3,3,0,2285445.73,0.0,2285445.73,False,False,ANALYST-CALC,"Entity deficit is an estimated position, not evidence of facility use or avoidable funding cost"
2026-03-22,E001,Aurelius Group Holdings,NA,4,4,0,3708795.17,0.0,3708795.17,False,False,ANALYST-CALC,"Entity deficit is an estimated position, not evidence of facility use or avoidable funding cost"
2026-03-22,E002,Aurelius Home US,NA,5,5,0,7860483.069999999,0.0,7860483.069999999,False,False,ANALYST-CALC,"Entity deficit is an estimated position, not evidence of facility use or avoidable funding cost"
2026-03-22,E003,Aurelius Wellness US,NA,4,4,0,8583681.08,0.0,8583681.08,False,False,ANALYST-CALC,"Entity deficit is an estimated position, not evidence of facility use or avoidable funding cost"
2026-03-22,E004,Aurelius Canada,NA,3,3,0,2266139.058868746,0.0,2266139.058868746,False,False,ANALYST-CALC,"Entity deficit is an estimated position, not evidence of facility use or avoidable funding cost"
2026-03-22,E005,Aurelius UK,EMEA,4,4,0,4753755.607850225,0.0,4753755.607850225,False,False,ANALYST-CALC,"Entity deficit is an estimated position, not evidence of facility use or avoidable funding cost"
2026-03-22,E006,Aurelius Germany,EMEA,4,4,0,7896063.690286953,0.0,7896063.690286953,False,False,ANALYST-CALC,"Entity deficit is an estimated position, not evidence of facility use or avoidable funding cost"
2026-03-22,E007,Aurelius France,EMEA,3,2,1,1165759.4083470448,-953655.9450553299,212103.4632917149,True,False,ANALYST-CALC,"Entity deficit is an estimated position, not evidence of facility use or avoidable funding cost"
2026-03-22,E008,Aurelius Netherlands,EMEA,3,3,0,5852777.387626448,0.0,5852777.387626448,False,False,ANALYST-CALC,"Entity deficit is an estimated position, not evidence of facility use or avoidable funding cost"
2026-03-22,E009,Aurelius Spain,EMEA,3,3,0,3948166.5416768203,0.0,3948166.5416768203,False,False,ANALYST-CALC,"Entity deficit is an estimated position, not evidence of facility use or avoidable funding cost"
2026-03-22,E010,Aurelius Singapore,APAC,4,3,1,1251998.943171573,-755204.19,496794.75317157304,True,False,ANALYST-CALC,"Entity deficit is an estimated position, not evidence of facility use or avoidable funding cost"
2026-03-22,E011,Aurelius Australia,APAC,3,3,0,6641164.905077705,0.0,6641164.905077705,False,False,ANALYST-CALC,"Entity deficit is an estimated position, not evidence of facility use or avoidable funding cost"
2026-03-22,E012,Aurelius Japan,APAC,3,3,0,502811.36596824107,0.0,502811.36596824107,False,False,ANALYST-CALC,"Entity deficit is an estimated position, not evidence of facility use or avoidable funding cost"
2026-03-22,E013,Aurelius Korea,APAC,3,3,0,3456.761883183,0.0,3456.761883183,False,False,ANALYST-CALC,"Entity deficit is an estimated position, not evidence of facility use or avoidable funding cost"
2026-03-22,E014,Aurelius India,APAC,3,3,0,541085.7346189601,0.0,541085.7346189601,False,False,ANALYST-CALC,"Entity deficit is an estimated position, not evidence of facility use or avoidable funding cost"
2026-03-22,E015,Aurelius Hong Kong,APAC,3,3,0,500390.79231161246,0.0,500390.79231161246,False,False,ANALYST-CALC,"Entity deficit is an estimated position, not evidence of facility use or avoidable funding cost"
2026-03-22,E016,Aurelius Global Sourcing,APAC,3,3,0,2774839.75,0.0,2774839.75,False,False,ANALYST-CALC,"Entity deficit is an estimated position, not evidence of facility use or avoidable funding cost"
2026-03-23,E001,Aurelius Group Holdings,NA,4,4,0,3462231.84,0.0,3462231.84,False,False,ANALYST-CALC,"Entity deficit is an estimated position, not evidence of facility use or avoidable funding cost"
2026-03-23,E002,Aurelius Home US,NA,5,5,0,7359857.4399999995,0.0,7359857.4399999995,False,False,ANALYST-CALC,"Entity deficit is an estimated position, not evidence of facility use or avoidable funding cost"
2026-03-23,E003,Aurelius Wellness US,NA,4,4,0,7978772.57,0.0,7978772.57,False,False,ANALYST-CALC,"Entity deficit is an estimated position, not evidence of facility use or avoidable funding cost"
2026-03-23,E004,Aurelius Canada,NA,3,3,0,2246571.9877291596,0.0,2246571.9877291596,False,False,ANALYST-CALC,"Entity deficit is an estimated position, not evidence of facility use or avoidable funding cost"
2026-03-23,E005,Aurelius UK,EMEA,4,4,0,4814466.980725619,0.0,4814466.980725619,False,False,ANALYST-CALC,"Entity deficit is an estimated position, not evidence of facility use or avoidable funding cost"
2026-03-23,E006,Aurelius Germany,EMEA,4,4,0,8435295.327840758,0.0,8435295.327840758,False,False,ANALYST-CALC,"Entity deficit is an estimated position, not evidence of facility use or avoidable funding cost"
2026-03-23,E007,Aurelius France,EMEA,3,2,1,1237004.0983774774,-1021893.3577026405,215110.74067483703,True,False,ANALYST-CALC,"Entity deficit is an estimated position, not evidence of facility use or avoidable funding cost"
2026-03-23,E008,Aurelius Netherlands,EMEA,3,3,0,5859457.080389431,0.0,5859457.080389431,False,False,ANALYST-CALC,"Entity deficit is an estimated position, not evidence of facility use or avoidable funding cost"
2026-03-23,E009,Aurelius Spain,EMEA,3,3,0,4169070.392658974,0.0,4169070.392658974,False,False,ANALYST-CALC,"Entity deficit is an estimated position, not evidence of facility use or avoidable funding cost"
2026-03-23,E010,Aurelius Singapore,APAC,4,3,1,1330581.739545224,-934863.2,395718.53954522405,True,False,ANALYST-CALC,"Entity deficit is an estimated position, not evidence of facility use or avoidable funding cost"
2026-03-23,E011,Aurelius Australia,APAC,3,3,0,6747162.383781929,0.0,6747162.383781929,False,False,ANALYST-CALC,"Entity deficit is an estimated position, not evidence of facility use or avoidable funding cost"
2026-03-23,E012,Aurelius Japan,APAC,3,3,0,649075.8523144126,0.0,649075.8523144126,False,False,ANALYST-CALC,"Entity deficit is an estimated position, not evidence of facility use or avoidable funding cost"
2026-03-23,E013,Aurelius Korea,APAC,3,3,0,2965.6965080105997,0.0,2965.6965080105997,False,False,ANALYST-CALC,"Entity deficit is an estimated position, not evidence of facility use or avoidable funding cost"
2026-03-23,E014,Aurelius India,APAC,3,3,0,553431.6643362218,0.0,553431.6643362218,False,False,ANALYST-CALC,"Entity deficit is an estimated position, not evidence of facility use or avoidable funding cost"
2026-03-23,E015,Aurelius Hong Kong,APAC,3,3,0,409427.4896752752,0.0,409427.4896752752,False,False,ANALYST-CALC,"Entity deficit is an estimated position, not evidence of facility use or avoidable funding cost"
2026-03-23,E016,Aurelius Global Sourcing,APAC,3,3,0,2697685.09,0.0,2697685.09,False,False,ANALYST-CALC,"Entity deficit is an estimated position, not evidence of facility use or avoidable funding cost"
2026-03-24,E001,Aurelius Group Holdings,NA,4,4,0,3874137.85,0.0,3874137.85,False,False,ANALYST-CALC,"Entity deficit is an estimated position, not evidence of facility use or avoidable funding cost"
2026-03-24,E002,Aurelius Home US,NA,5,5,0,7143612.79,0.0,7143612.79,False,False,ANALYST-CALC,"Entity deficit is an estimated position, not evidence of facility use or avoidable funding cost"
2026-03-24,E003,Aurelius Wellness US,NA,4,4,0,7344315.12,0.0,7344315.12,False,False,ANALYST-CALC,"Entity deficit is an estimated position, not evidence of facility use or avoidable funding cost"
2026-03-24,E004,Aurelius Canada,NA,3,3,0,1898886.0095373467,0.0,1898886.0095373467,False,False,ANALYST-CALC,"Entity deficit is an estimated position, not evidence of facility use or avoidable funding cost"
2026-03-24,E005,Aurelius UK,EMEA,4,4,0,4872788.925420957,0.0,4872788.925420957,False,False,ANALYST-CALC,"Entity deficit is an estimated position, not evidence of facility use or avoidable funding cost"
2026-03-24,E006,Aurelius Germany,EMEA,4,4,0,7774469.941553073,0.0,7774469.941553073,False,False,ANALYST-CALC,"Entity deficit is an estimated position, not evidence of facility use or avoidable funding cost"
2026-03-24,E007,Aurelius France,EMEA,3,2,1,1168328.732291312,-1180488.625454688,-12159.893163376022,True,True,ANALYST-CALC,"Entity deficit is an estimated position, not evidence of facility use or avoidable funding cost"
2026-03-24,E008,Aurelius Netherlands,EMEA,3,3,0,6010603.919234336,0.0,6010603.919234336,False,False,ANALYST-CALC,"Entity deficit is an estimated position, not evidence of facility use or avoidable funding cost"
2026-03-24,E009,Aurelius Spain,EMEA,3,3,0,3543438.736878224,0.0,3543438.736878224,False,False,ANALYST-CALC,"Entity deficit is an estimated position, not evidence of facility use or avoidable funding cost"
2026-03-24,E010,Aurelius Singapore,APAC,4,3,1,1055267.17730094,-1082942.02,-27674.842699059926,True,True,ANALYST-CALC,"Entity deficit is an estimated position, not evidence of facility use or avoidable funding cost"
2026-03-24,E011,Aurelius Australia,APAC,3,3,0,6732405.5214464525,0.0,6732405.5214464525,False,False,ANALYST-CALC,"Entity deficit is an estimated position, not evidence of facility use or avoidable funding cost"
2026-03-24,E012,Aurelius Japan,APAC,3,3,0,636621.2803400801,0.0,636621.2803400801,False,False,ANALYST-CALC,"Entity deficit is an estimated position, not evidence of facility use or avoidable funding cost"
2026-03-24,E013,Aurelius Korea,APAC,3,3,0,2693.1490362144,0.0,2693.1490362144,False,False,ANALYST-CALC,"Entity deficit is an estimated position, not evidence of facility use or avoidable funding cost"
2026-03-24,E014,Aurelius India,APAC,3,3,0,475558.673368561,0.0,475558.673368561,False,False,ANALYST-CALC,"Entity deficit is an estimated position, not evidence of facility use or avoidable funding cost"
2026-03-24,E015,Aurelius Hong Kong,APAC,3,3,0,400765.4132951987,0.0,400765.4132951987,False,False,ANALYST-CALC,"Entity deficit is an estimated position, not evidence of facility use or avoidable funding cost"
2026-03-24,E016,Aurelius Global Sourcing,APAC,3,3,0,2877041.29,0.0,2877041.29,False,False,ANALYST-CALC,"Entity deficit is an estimated position, not evidence of facility use or avoidable funding cost"
2026-03-25,E001,Aurelius Group Holdings,NA,4,4,0,3855238.58,0.0,3855238.58,False,False,ANALYST-CALC,"Entity deficit is an estimated position, not evidence of facility use or avoidable funding cost"
2026-03-25,E002,Aurelius Home US,NA,5,5,0,7018812.890000001,0.0,7018812.890000001,False,False,ANALYST-CALC,"Entity deficit is an estimated position, not evidence of facility use or avoidable funding cost"
2026-03-25,E003,Aurelius Wellness US,NA,4,4,0,6907735.13,0.0,6907735.13,False,False,ANALYST-CALC,"Entity deficit is an estimated position, not evidence of facility use or avoidable funding cost"
2026-03-25,E004,Aurelius Canada,NA,3,3,0,2020366.71582122,0.0,2020366.71582122,False,False,ANALYST-CALC,"Entity deficit is an estimated position, not evidence of facility use or avoidable funding cost"
2026-03-25,E005,Aurelius UK,EMEA,4,4,0,4899680.336598961,0.0,4899680.336598961,False,False,ANALYST-CALC,"Entity deficit is an estimated position, not evidence of facility use or avoidable funding cost"
2026-03-25,E006,Aurelius Germany,EMEA,4,4,0,8743533.156708676,0.0,8743533.156708676,False,False,ANALYST-CALC,"Entity deficit is an estimated position, not evidence of facility use or avoidable funding cost"
2026-03-25,E007,Aurelius France,EMEA,3,2,1,1306896.081399512,-1200029.4484940297,106866.63290548231,True,False,ANALYST-CALC,"Entity deficit is an estimated position, not evidence of facility use or avoidable funding cost"
2026-03-25,E008,Aurelius Netherlands,EMEA,3,3,0,6301315.463890594,0.0,6301315.463890594,False,False,ANALYST-CALC,"Entity deficit is an estimated position, not evidence of facility use or avoidable funding cost"
2026-03-25,E009,Aurelius Spain,EMEA,3,3,0,3930145.415436484,0.0,3930145.415436484,False,False,ANALYST-CALC,"Entity deficit is an estimated position, not evidence of facility use or avoidable funding cost"
2026-03-25,E010,Aurelius Singapore,APAC,4,3,1,1176135.9003974558,-1104437.8,71698.10039745586,True,False,ANALYST-CALC,"Entity deficit is an estimated position, not evidence of facility use or avoidable funding cost"
2026-03-25,E011,Aurelius Australia,APAC,3,3,0,7253759.888001204,0.0,7253759.888001204,False,False,ANALYST-CALC,"Entity deficit is an estimated position, not evidence of facility use or avoidable funding cost"
2026-03-25,E012,Aurelius Japan,APAC,3,3,0,505943.191712707,0.0,505943.191712707,False,False,ANALYST-CALC,"Entity deficit is an estimated position, not evidence of facility use or avoidable funding cost"
2026-03-25,E013,Aurelius Korea,APAC,3,3,0,2614.7573613652003,0.0,2614.7573613652003,False,False,ANALYST-CALC,"Entity deficit is an estimated position, not evidence of facility use or avoidable funding cost"
2026-03-25,E014,Aurelius India,APAC,3,3,0,372928.6496903614,0.0,372928.6496903614,False,False,ANALYST-CALC,"Entity deficit is an estimated position, not evidence of facility use or avoidable funding cost"
2026-03-25,E015,Aurelius Hong Kong,APAC,3,3,0,429877.62652500125,0.0,429877.62652500125,False,False,ANALYST-CALC,"Entity deficit is an estimated position, not evidence of facility use or avoidable funding cost"
2026-03-25,E016,Aurelius Global Sourcing,APAC,3,3,0,2712474.23,0.0,2712474.23,False,False,ANALYST-CALC,"Entity deficit is an estimated position, not evidence of facility use or avoidable funding cost"
2026-03-26,E001,Aurelius Group Holdings,NA,4,4,0,3691675.65,0.0,3691675.65,False,False,ANALYST-CALC,"Entity deficit is an estimated position, not evidence of facility use or avoidable funding cost"
2026-03-26,E002,Aurelius Home US,NA,5,5,0,7368127.13,0.0,7368127.13,False,False,ANALYST-CALC,"Entity deficit is an estimated position, not evidence of facility use or avoidable funding cost"
2026-03-26,E003,Aurelius Wellness US,NA,4,4,0,6171509.45,0.0,6171509.45,False,False,ANALYST-CALC,"Entity deficit is an estimated position, not evidence of facility use or avoidable funding cost"
2026-03-26,E004,Aurelius Canada,NA,3,3,0,2292705.501207254,0.0,2292705.501207254,False,False,ANALYST-CALC,"Entity deficit is an estimated position, not evidence of facility use or avoidable funding cost"
2026-03-26,E005,Aurelius UK,EMEA,4,4,0,4927706.36414749,0.0,4927706.36414749,False,False,ANALYST-CALC,"Entity deficit is an estimated position, not evidence of facility use or avoidable funding cost"
2026-03-26,E006,Aurelius Germany,EMEA,4,4,0,8727977.7635518,0.0,8727977.7635518,False,False,ANALYST-CALC,"Entity deficit is an estimated position, not evidence of facility use or avoidable funding cost"
2026-03-26,E007,Aurelius France,EMEA,3,2,1,1262082.458365666,-1345272.26788428,-83189.80951861414,True,True,ANALYST-CALC,"Entity deficit is an estimated position, not evidence of facility use or avoidable funding cost"
2026-03-26,E008,Aurelius Netherlands,EMEA,3,3,0,6754215.844662204,0.0,6754215.844662204,False,False,ANALYST-CALC,"Entity deficit is an estimated position, not evidence of facility use or avoidable funding cost"
2026-03-26,E009,Aurelius Spain,EMEA,3,3,0,3660397.8777120793,0.0,3660397.8777120793,False,False,ANALYST-CALC,"Entity deficit is an estimated position, not evidence of facility use or avoidable funding cost"
2026-03-26,E010,Aurelius Singapore,APAC,4,3,1,911429.2352456929,-935407.12,-23977.884754307084,True,True,ANALYST-CALC,"Entity deficit is an estimated position, not evidence of facility use or avoidable funding cost"
2026-03-26,E011,Aurelius Australia,APAC,3,3,0,8382070.359350574,0.0,8382070.359350574,False,False,ANALYST-CALC,"Entity deficit is an estimated position, not evidence of facility use or avoidable funding cost"
2026-03-26,E012,Aurelius Japan,APAC,3,3,0,520485.10376174375,0.0,520485.10376174375,False,False,ANALYST-CALC,"Entity deficit is an estimated position, not evidence of facility use or avoidable funding cost"
2026-03-26,E013,Aurelius Korea,APAC,3,3,0,3017.665358765,0.0,3017.665358765,False,False,ANALYST-CALC,"Entity deficit is an estimated position, not evidence of facility use or avoidable funding cost"
2026-03-26,E014,Aurelius India,APAC,3,3,0,495153.6108366734,0.0,495153.6108366734,False,False,ANALYST-CALC,"Entity deficit is an estimated position, not evidence of facility use or avoidable funding cost"
2026-03-26,E015,Aurelius Hong Kong,APAC,3,3,0,458677.94523173606,0.0,458677.94523173606,False,False,ANALYST-CALC,"Entity deficit is an estimated position, not evidence of facility use or avoidable funding cost"
2026-03-26,E016,Aurelius Global Sourcing,APAC,3,3,0,2856919.7399999998,0.0,2856919.7399999998,False,False,ANALYST-CALC,"Entity deficit is an estimated position, not evidence of facility use or avoidable funding cost"
2026-03-27,E001,Aurelius Group Holdings,NA,4,4,0,3136697.15,0.0,3136697.15,False,False,ANALYST-CALC,"Entity deficit is an estimated position, not evidence of facility use or avoidable funding cost"
2026-03-27,E002,Aurelius Home US,NA,5,5,0,7406861.08,0.0,7406861.08,False,False,ANALYST-CALC,"Entity deficit is an estimated position, not evidence of facility use or avoidable funding cost"
2026-03-27,E003,Aurelius Wellness US,NA,4,4,0,7527050.680000001,0.0,7527050.680000001,False,False,ANALYST-CALC,"Entity deficit is an estimated position, not evidence of facility use or avoidable funding cost"
2026-03-27,E004,Aurelius Canada,NA,3,3,0,2221456.377467138,0.0,2221456.377467138,False,False,ANALYST-CALC,"Entity deficit is an estimated position, not evidence of facility use or avoidable funding cost"
2026-03-27,E005,Aurelius UK,EMEA,4,4,0,5019679.39332969,0.0,5019679.39332969,False,False,ANALYST-CALC,"Entity deficit is an estimated position, not evidence of facility use or avoidable funding cost"
2026-03-27,E006,Aurelius Germany,EMEA,4,4,0,8974206.065105785,0.0,8974206.065105785,False,False,ANALYST-CALC,"Entity deficit is an estimated position, not evidence of facility use or avoidable funding cost"
2026-03-27,E007,Aurelius France,EMEA,3,2,1,1488118.8563648274,-1242328.7752092793,245790.0811555481,True,False,ANALYST-CALC,"Entity deficit is an estimated position, not evidence of facility use or avoidable funding cost"
2026-03-27,E008,Aurelius Netherlands,EMEA,3,3,0,6665514.546546296,0.0,6665514.546546296,False,False,ANALYST-CALC,"Entity deficit is an estimated position, not evidence of facility use or avoidable funding cost"
2026-03-27,E009,Aurelius Spain,EMEA,3,3,0,3736645.862568575,0.0,3736645.862568575,False,False,ANALYST-CALC,"Entity deficit is an estimated position, not evidence of facility use or avoidable funding cost"
2026-03-27,E010,Aurelius Singapore,APAC,4,3,1,1333686.4956819396,-874432.33,459254.1656819397,True,False,ANALYST-CALC,"Entity deficit is an estimated position, not evidence of facility use or avoidable funding cost"
2026-03-27,E011,Aurelius Australia,APAC,3,3,0,7249134.8243650235,0.0,7249134.8243650235,False,False,ANALYST-CALC,"Entity deficit is an estimated position, not evidence of facility use or avoidable funding cost"
2026-03-27,E012,Aurelius Japan,APAC,3,3,0,594906.140827148,0.0,594906.140827148,False,False,ANALYST-CALC,"Entity deficit is an estimated position, not evidence of facility use or avoidable funding cost"
2026-03-27,E013,Aurelius Korea,APAC,3,3,0,3404.898326609,0.0,3404.898326609,False,False,ANALYST-CALC,"Entity deficit is an estimated position, not evidence of facility use or avoidable funding cost"
2026-03-27,E014,Aurelius India,APAC,3,3,0,511313.0690424384,0.0,511313.0690424384,False,False,ANALYST-CALC,"Entity deficit is an estimated position, not evidence of facility use or avoidable funding cost"
2026-03-27,E015,Aurelius Hong Kong,APAC,3,3,0,503537.5342171959,0.0,503537.5342171959,False,False,ANALYST-CALC,"Entity deficit is an estimated position, not evidence of facility use or avoidable funding cost"
2026-03-27,E016,Aurelius Global Sourcing,APAC,3,3,0,2340620.3,0.0,2340620.3,False,False,ANALYST-CALC,"Entity deficit is an estimated position, not evidence of facility use or avoidable funding cost"
2026-03-28,E001,Aurelius Group Holdings,NA,4,4,0,3670076.46,0.0,3670076.46,False,False,ANALYST-CALC,"Entity deficit is an estimated position, not evidence of facility use or avoidable funding cost"
2026-03-28,E002,Aurelius Home US,NA,5,5,0,8368789.28,0.0,8368789.28,False,False,ANALYST-CALC,"Entity deficit is an estimated position, not evidence of facility use or avoidable funding cost"
2026-03-28,E003,Aurelius Wellness US,NA,4,4,0,7458007.16,0.0,7458007.16,False,False,ANALYST-CALC,"Entity deficit is an estimated position, not evidence of facility use or avoidable funding cost"
2026-03-28,E004,Aurelius Canada,NA,3,3,0,2453522.4714661893,0.0,2453522.4714661893,False,False,ANALYST-CALC,"Entity deficit is an estimated position, not evidence of facility use or avoidable funding cost"
2026-03-28,E005,Aurelius UK,EMEA,4,4,0,5123831.159056214,0.0,5123831.159056214,False,False,ANALYST-CALC,"Entity deficit is an estimated position, not evidence of facility use or avoidable funding cost"
2026-03-28,E006,Aurelius Germany,EMEA,4,4,0,8710412.784217406,0.0,8710412.784217406,False,False,ANALYST-CALC,"Entity deficit is an estimated position, not evidence of facility use or avoidable funding cost"
2026-03-28,E007,Aurelius France,EMEA,3,2,1,1305094.5276682698,-887562.6369884553,417531.8906798144,True,False,ANALYST-CALC,"Entity deficit is an estimated position, not evidence of facility use or avoidable funding cost"
2026-03-28,E008,Aurelius Netherlands,EMEA,3,3,0,6686066.985424825,0.0,6686066.985424825,False,False,ANALYST-CALC,"Entity deficit is an estimated position, not evidence of facility use or avoidable funding cost"
2026-03-28,E009,Aurelius Spain,EMEA,3,3,0,3717314.416317583,0.0,3717314.416317583,False,False,ANALYST-CALC,"Entity deficit is an estimated position, not evidence of facility use or avoidable funding cost"
2026-03-28,E010,Aurelius Singapore,APAC,4,3,1,1324982.3063368774,-682851.66,642130.6463368774,True,False,ANALYST-CALC,"Entity deficit is an estimated position, not evidence of facility use or avoidable funding cost"
2026-03-28,E011,Aurelius Australia,APAC,3,3,0,8045513.154618353,0.0,8045513.154618353,False,False,ANALYST-CALC,"Entity deficit is an estimated position, not evidence of facility use or avoidable funding cost"
2026-03-28,E012,Aurelius Japan,APAC,3,3,0,570704.1591370126,0.0,570704.1591370126,False,False,ANALYST-CALC,"Entity deficit is an estimated position, not evidence of facility use or avoidable funding cost"
2026-03-28,E013,Aurelius Korea,APAC,3,3,0,3239.7457284224,0.0,3239.7457284224,False,False,ANALYST-CALC,"Entity deficit is an estimated position, not evidence of facility use or avoidable funding cost"
2026-03-28,E014,Aurelius India,APAC,3,3,0,500492.9452997376,0.0,500492.9452997376,False,False,ANALYST-CALC,"Entity deficit is an estimated position, not evidence of facility use or avoidable funding cost"
2026-03-28,E015,Aurelius Hong Kong,APAC,3,3,0,490330.35309644963,0.0,490330.35309644963,False,False,ANALYST-CALC,"Entity deficit is an estimated position, not evidence of facility use or avoidable funding cost"
2026-03-28,E016,Aurelius Global Sourcing,APAC,3,3,0,2515176.94,0.0,2515176.94,False,False,ANALYST-CALC,"Entity deficit is an estimated position, not evidence of facility use or avoidable funding cost"
2026-03-29,E001,Aurelius Group Holdings,NA,4,4,0,2646484.78,0.0,2646484.78,False,False,ANALYST-CALC,"Entity deficit is an estimated position, not evidence of facility use or avoidable funding cost"
2026-03-29,E002,Aurelius Home US,NA,5,5,0,8388917.3,0.0,8388917.3,False,False,ANALYST-CALC,"Entity deficit is an estimated position, not evidence of facility use or avoidable funding cost"
2026-03-29,E003,Aurelius Wellness US,NA,4,4,0,8145704.04,0.0,8145704.04,False,False,ANALYST-CALC,"Entity deficit is an estimated position, not evidence of facility use or avoidable funding cost"
2026-03-29,E004,Aurelius Canada,NA,3,3,0,2249151.456293536,0.0,2249151.456293536,False,False,ANALYST-CALC,"Entity deficit is an estimated position, not evidence of facility use or avoidable funding cost"
2026-03-29,E005,Aurelius UK,EMEA,4,4,0,4795702.983842316,0.0,4795702.983842316,False,False,ANALYST-CALC,"Entity deficit is an estimated position, not evidence of facility use or avoidable funding cost"
2026-03-29,E006,Aurelius Germany,EMEA,4,4,0,8026095.500640637,0.0,8026095.500640637,False,False,ANALYST-CALC,"Entity deficit is an estimated position, not evidence of facility use or avoidable funding cost"
2026-03-29,E007,Aurelius France,EMEA,3,2,1,1186495.5896495003,-1199108.4944377036,-12612.904788203363,True,True,ANALYST-CALC,"Entity deficit is an estimated position, not evidence of facility use or avoidable funding cost"
2026-03-29,E008,Aurelius Netherlands,EMEA,3,3,0,5978627.289027273,0.0,5978627.289027273,False,False,ANALYST-CALC,"Entity deficit is an estimated position, not evidence of facility use or avoidable funding cost"
2026-03-29,E009,Aurelius Spain,EMEA,3,3,0,4048135.3894145265,0.0,4048135.3894145265,False,False,ANALYST-CALC,"Entity deficit is an estimated position, not evidence of facility use or avoidable funding cost"
2026-03-29,E010,Aurelius Singapore,APAC,4,3,1,1299995.1893710922,-780534.37,519460.8193710923,True,False,ANALYST-CALC,"Entity deficit is an estimated position, not evidence of facility use or avoidable funding cost"
2026-03-29,E011,Aurelius Australia,APAC,3,3,0,6812814.024889196,0.0,6812814.024889196,False,False,ANALYST-CALC,"Entity deficit is an estimated position, not evidence of facility use or avoidable funding cost"
2026-03-29,E012,Aurelius Japan,APAC,3,3,0,481007.9296027723,0.0,481007.9296027723,False,False,ANALYST-CALC,"Entity deficit is an estimated position, not evidence of facility use or avoidable funding cost"
2026-03-29,E013,Aurelius Korea,APAC,3,3,0,3108.6566539183996,0.0,3108.6566539183996,False,False,ANALYST-CALC,"Entity deficit is an estimated position, not evidence of facility use or avoidable funding cost"
2026-03-29,E014,Aurelius India,APAC,3,3,0,509784.678062747,0.0,509784.678062747,False,False,ANALYST-CALC,"Entity deficit is an estimated position, not evidence of facility use or avoidable funding cost"
2026-03-29,E015,Aurelius Hong Kong,APAC,3,3,0,492264.53052150965,0.0,492264.53052150965,False,False,ANALYST-CALC,"Entity deficit is an estimated position, not evidence of facility use or avoidable funding cost"
2026-03-29,E016,Aurelius Global Sourcing,APAC,3,3,0,2807443.69,0.0,2807443.69,False,False,ANALYST-CALC,"Entity deficit is an estimated position, not evidence of facility use or avoidable funding cost"
2026-03-30,E001,Aurelius Group Holdings,NA,4,4,0,3392694.85,0.0,3392694.85,False,False,ANALYST-CALC,"Entity deficit is an estimated position, not evidence of facility use or avoidable funding cost"
2026-03-30,E002,Aurelius Home US,NA,5,5,0,7139498.13,0.0,7139498.13,False,False,ANALYST-CALC,"Entity deficit is an estimated position, not evidence of facility use or avoidable funding cost"
2026-03-30,E003,Aurelius Wellness US,NA,4,4,0,7552215.37,0.0,7552215.37,False,False,ANALYST-CALC,"Entity deficit is an estimated position, not evidence of facility use or avoidable funding cost"
2026-03-30,E004,Aurelius Canada,NA,3,3,0,2209313.8017274286,0.0,2209313.8017274286,False,False,ANALYST-CALC,"Entity deficit is an estimated position, not evidence of facility use or avoidable funding cost"
2026-03-30,E005,Aurelius UK,EMEA,4,4,0,4977896.196638982,0.0,4977896.196638982,False,False,ANALYST-CALC,"Entity deficit is an estimated position, not evidence of facility use or avoidable funding cost"
2026-03-30,E006,Aurelius Germany,EMEA,4,4,0,8122281.575096113,0.0,8122281.575096113,False,False,ANALYST-CALC,"Entity deficit is an estimated position, not evidence of facility use or avoidable funding cost"
2026-03-30,E007,Aurelius France,EMEA,3,2,1,1261830.117155786,-1103891.3551043067,157938.7620514792,True,False,ANALYST-CALC,"Entity deficit is an estimated position, not evidence of facility use or avoidable funding cost"
2026-03-30,E008,Aurelius Netherlands,EMEA,3,3,0,5343240.967234502,0.0,5343240.967234502,False,False,ANALYST-CALC,"Entity deficit is an estimated position, not evidence of facility use or avoidable funding cost"
2026-03-30,E009,Aurelius Spain,EMEA,3,3,0,3793162.9777185265,0.0,3793162.9777185265,False,False,ANALYST-CALC,"Entity deficit is an estimated position, not evidence of facility use or avoidable funding cost"
2026-03-30,E010,Aurelius Singapore,APAC,4,3,1,1352573.379462624,-818170.02,534403.3594626241,True,False,ANALYST-CALC,"Entity deficit is an estimated position, not evidence of facility use or avoidable funding cost"
2026-03-30,E011,Aurelius Australia,APAC,3,3,0,6761946.983734327,0.0,6761946.983734327,False,False,ANALYST-CALC,"Entity deficit is an estimated position, not evidence of facility use or avoidable funding cost"
2026-03-30,E012,Aurelius Japan,APAC,3,3,0,508357.8009961065,0.0,508357.8009961065,False,False,ANALYST-CALC,"Entity deficit is an estimated position, not evidence of facility use or avoidable funding cost"
2026-03-30,E013,Aurelius Korea,APAC,3,3,0,3290.5637451396,0.0,3290.5637451396,False,False,ANALYST-CALC,"Entity deficit is an estimated position, not evidence of facility use or avoidable funding cost"
2026-03-30,E014,Aurelius India,APAC,3,3,0,573210.6063435845,0.0,573210.6063435845,False,False,ANALYST-CALC,"Entity deficit is an estimated position, not evidence of facility use or avoidable funding cost"
2026-03-30,E015,Aurelius Hong Kong,APAC,3,3,0,455622.5866810646,0.0,455622.5866810646,False,False,ANALYST-CALC,"Entity deficit is an estimated position, not evidence of facility use or avoidable funding cost"
2026-03-30,E016,Aurelius Global Sourcing,APAC,3,3,0,2710437.75,0.0,2710437.75,False,False,ANALYST-CALC,"Entity deficit is an estimated position, not evidence of facility use or avoidable funding cost"
2026-03-31,E001,Aurelius Group Holdings,NA,4,4,0,3763540.41,0.0,3763540.41,False,False,ANALYST-CALC,"Entity deficit is an estimated position, not evidence of facility use or avoidable funding cost"
2026-03-31,E002,Aurelius Home US,NA,5,5,0,7158661.6,0.0,7158661.6,False,False,ANALYST-CALC,"Entity deficit is an estimated position, not evidence of facility use or avoidable funding cost"
2026-03-31,E003,Aurelius Wellness US,NA,4,4,0,7453629.779999999,0.0,7453629.779999999,False,False,ANALYST-CALC,"Entity deficit is an estimated position, not evidence of facility use or avoidable funding cost"
2026-03-31,E004,Aurelius Canada,NA,3,3,0,2219610.5142256333,0.0,2219610.5142256333,False,False,ANALYST-CALC,"Entity deficit is an estimated position, not evidence of facility use or avoidable funding cost"
2026-03-31,E005,Aurelius UK,EMEA,4,4,0,4923304.20847365,0.0,4923304.20847365,False,False,ANALYST-CALC,"Entity deficit is an estimated position, not evidence of facility use or avoidable funding cost"
2026-03-31,E006,Aurelius Germany,EMEA,4,4,0,7724625.557703703,0.0,7724625.557703703,False,False,ANALYST-CALC,"Entity deficit is an estimated position, not evidence of facility use or avoidable funding cost"
2026-03-31,E007,Aurelius France,EMEA,3,2,1,1210273.2810613513,-1202882.3127367015,7390.96832464973,True,False,ANALYST-CALC,"Entity deficit is an estimated position, not evidence of facility use or avoidable funding cost"
2026-03-31,E008,Aurelius Netherlands,EMEA,3,3,0,5165044.427673766,0.0,5165044.427673766,False,False,ANALYST-CALC,"Entity deficit is an estimated position, not evidence of facility use or avoidable funding cost"
2026-03-31,E009,Aurelius Spain,EMEA,3,3,0,4199296.71500372,0.0,4199296.71500372,False,False,ANALYST-CALC,"Entity deficit is an estimated position, not evidence of facility use or avoidable funding cost"
2026-03-31,E010,Aurelius Singapore,APAC,4,3,1,993323.4545531905,-902610.05,90713.40455319043,True,False,ANALYST-CALC,"Entity deficit is an estimated position, not evidence of facility use or avoidable funding cost"
2026-03-31,E011,Aurelius Australia,APAC,3,3,0,6916785.072647683,0.0,6916785.072647683,False,False,ANALYST-CALC,"Entity deficit is an estimated position, not evidence of facility use or avoidable funding cost"
2026-03-31,E012,Aurelius Japan,APAC,3,3,0,547956.490493697,0.0,547956.490493697,False,False,ANALYST-CALC,"Entity deficit is an estimated position, not evidence of facility use or avoidable funding cost"
2026-03-31,E013,Aurelius Korea,APAC,3,3,0,2750.6869817079996,0.0,2750.6869817079996,False,False,ANALYST-CALC,"Entity deficit is an estimated position, not evidence of facility use or avoidable funding cost"
2026-03-31,E014,Aurelius India,APAC,3,3,0,498405.022930394,0.0,498405.022930394,False,False,ANALYST-CALC,"Entity deficit is an estimated position, not evidence of facility use or avoidable funding cost"
2026-03-31,E015,Aurelius Hong Kong,APAC,3,3,0,402930.9030184146,0.0,402930.9030184146,False,False,ANALYST-CALC,"Entity deficit is an estimated position, not evidence of facility use or avoidable funding cost"
2026-03-31,E016,Aurelius Global Sourcing,APAC,3,3,0,2707246.67,0.0,2707246.67,False,False,ANALYST-CALC,"Entity deficit is an estimated position, not evidence of facility use or avoidable funding cost"
2026-04-01,E001,Aurelius Group Holdings,NA,4,4,0,3588041.57,0.0,3588041.57,False,False,ANALYST-CALC,"Entity deficit is an estimated position, not evidence of facility use or avoidable funding cost"
2026-04-01,E002,Aurelius Home US,NA,5,5,0,7227512.23,0.0,7227512.23,False,False,ANALYST-CALC,"Entity deficit is an estimated position, not evidence of facility use or avoidable funding cost"
2026-04-01,E003,Aurelius Wellness US,NA,4,4,0,6494420.12,0.0,6494420.12,False,False,ANALYST-CALC,"Entity deficit is an estimated position, not evidence of facility use or avoidable funding cost"
2026-04-01,E004,Aurelius Canada,NA,3,3,0,2364623.088805116,0.0,2364623.088805116,False,False,ANALYST-CALC,"Entity deficit is an estimated position, not evidence of facility use or avoidable funding cost"
2026-04-01,E005,Aurelius UK,EMEA,4,4,0,5164597.043154662,0.0,5164597.043154662,False,False,ANALYST-CALC,"Entity deficit is an estimated position, not evidence of facility use or avoidable funding cost"
2026-04-01,E006,Aurelius Germany,EMEA,4,4,0,8146930.646835144,0.0,8146930.646835144,False,False,ANALYST-CALC,"Entity deficit is an estimated position, not evidence of facility use or avoidable funding cost"
2026-04-01,E007,Aurelius France,EMEA,3,2,1,1142404.4792674182,-1098673.0213208762,43731.457946541894,True,False,ANALYST-CALC,"Entity deficit is an estimated position, not evidence of facility use or avoidable funding cost"
2026-04-01,E008,Aurelius Netherlands,EMEA,3,3,0,5822013.634142841,0.0,5822013.634142841,False,False,ANALYST-CALC,"Entity deficit is an estimated position, not evidence of facility use or avoidable funding cost"
2026-04-01,E009,Aurelius Spain,EMEA,3,3,0,3507844.8405377287,0.0,3507844.8405377287,False,False,ANALYST-CALC,"Entity deficit is an estimated position, not evidence of facility use or avoidable funding cost"
2026-04-01,E010,Aurelius Singapore,APAC,4,3,1,1051844.365931933,-1027105.68,24738.685931932883,True,False,ANALYST-CALC,"Entity deficit is an estimated position, not evidence of facility use or avoidable funding cost"
2026-04-01,E011,Aurelius Australia,APAC,3,3,0,7304299.326532724,0.0,7304299.326532724,False,False,ANALYST-CALC,"Entity deficit is an estimated position, not evidence of facility use or avoidable funding cost"
2026-04-01,E012,Aurelius Japan,APAC,3,3,0,473682.22387291945,0.0,473682.22387291945,False,False,ANALYST-CALC,"Entity deficit is an estimated position, not evidence of facility use or avoidable funding cost"
2026-04-01,E013,Aurelius Korea,APAC,3,3,0,2982.148226345,0.0,2982.148226345,False,False,ANALYST-CALC,"Entity deficit is an estimated position, not evidence of facility use or avoidable funding cost"
2026-04-01,E014,Aurelius India,APAC,3,3,0,402024.5041662202,0.0,402024.5041662202,False,False,ANALYST-CALC,"Entity deficit is an estimated position, not evidence of facility use or avoidable funding cost"
2026-04-01,E015,Aurelius Hong Kong,APAC,3,3,0,382738.9663810872,0.0,382738.9663810872,False,False,ANALYST-CALC,"Entity deficit is an estimated position, not evidence of facility use or avoidable funding cost"
2026-04-01,E016,Aurelius Global Sourcing,APAC,3,3,0,2623409.27,0.0,2623409.27,False,False,ANALYST-CALC,"Entity deficit is an estimated position, not evidence of facility use or avoidable funding cost"
2026-04-02,E001,Aurelius Group Holdings,NA,4,4,0,3836078.1399999997,0.0,3836078.1399999997,False,False,ANALYST-CALC,"Entity deficit is an estimated position, not evidence of facility use or avoidable funding cost"
2026-04-02,E002,Aurelius Home US,NA,5,5,0,7285801.45,0.0,7285801.45,False,False,ANALYST-CALC,"Entity deficit is an estimated position, not evidence of facility use or avoidable funding cost"
2026-04-02,E003,Aurelius Wellness US,NA,4,4,0,7525959.43,0.0,7525959.43,False,False,ANALYST-CALC,"Entity deficit is an estimated position, not evidence of facility use or avoidable funding cost"
2026-04-02,E004,Aurelius Canada,NA,3,3,0,2374736.317558979,0.0,2374736.317558979,False,False,ANALYST-CALC,"Entity deficit is an estimated position, not evidence of facility use or avoidable funding cost"
2026-04-02,E005,Aurelius UK,EMEA,4,4,0,5309563.009779495,0.0,5309563.009779495,False,False,ANALYST-CALC,"Entity deficit is an estimated position, not evidence of facility use or avoidable funding cost"
2026-04-02,E006,Aurelius Germany,EMEA,4,4,0,9543451.29277853,0.0,9543451.29277853,False,False,ANALYST-CALC,"Entity deficit is an estimated position, not evidence of facility use or avoidable funding cost"
2026-04-02,E007,Aurelius France,EMEA,3,2,1,1473706.5752519881,-1179633.1759127292,294073.3993392588,True,False,ANALYST-CALC,"Entity deficit is an estimated position, not evidence of facility use or avoidable funding cost"
2026-04-02,E008,Aurelius Netherlands,EMEA,3,3,0,6249691.449920907,0.0,6249691.449920907,False,False,ANALYST-CALC,"Entity deficit is an estimated position, not evidence of facility use or avoidable funding cost"
2026-04-02,E009,Aurelius Spain,EMEA,3,3,0,3742585.5838007894,0.0,3742585.5838007894,False,False,ANALYST-CALC,"Entity deficit is an estimated position, not evidence of facility use or avoidable funding cost"
2026-04-02,E010,Aurelius Singapore,APAC,4,3,1,1195444.5718982145,-974057.69,221386.88189821455,True,False,ANALYST-CALC,"Entity deficit is an estimated position, not evidence of facility use or avoidable funding cost"
2026-04-02,E011,Aurelius Australia,APAC,3,3,0,8794192.386250364,0.0,8794192.386250364,False,False,ANALYST-CALC,"Entity deficit is an estimated position, not evidence of facility use or avoidable funding cost"
2026-04-02,E012,Aurelius Japan,APAC,3,3,0,524466.1960845729,0.0,524466.1960845729,False,False,ANALYST-CALC,"Entity deficit is an estimated position, not evidence of facility use or avoidable funding cost"
2026-04-02,E013,Aurelius Korea,APAC,3,3,0,3316.4722157372003,0.0,3316.4722157372003,False,False,ANALYST-CALC,"Entity deficit is an estimated position, not evidence of facility use or avoidable funding cost"
2026-04-02,E014,Aurelius India,APAC,3,3,0,490024.767596268,0.0,490024.767596268,False,False,ANALYST-CALC,"Entity deficit is an estimated position, not evidence of facility use or avoidable funding cost"
2026-04-02,E015,Aurelius Hong Kong,APAC,3,3,0,498132.9990198463,0.0,498132.9990198463,False,False,ANALYST-CALC,"Entity deficit is an estimated position, not evidence of facility use or avoidable funding cost"
2026-04-02,E016,Aurelius Global Sourcing,APAC,3,3,0,2728474.12,0.0,2728474.12,False,False,ANALYST-CALC,"Entity deficit is an estimated position, not evidence of facility use or avoidable funding cost"
2026-04-03,E001,Aurelius Group Holdings,NA,4,4,0,3673765.22,0.0,3673765.22,False,False,ANALYST-CALC,"Entity deficit is an estimated position, not evidence of facility use or avoidable funding cost"
2026-04-03,E002,Aurelius Home US,NA,5,5,0,7589228.399999999,0.0,7589228.399999999,False,False,ANALYST-CALC,"Entity deficit is an estimated position, not evidence of facility use or avoidable funding cost"
2026-04-03,E003,Aurelius Wellness US,NA,4,4,0,6567268.58,0.0,6567268.58,False,False,ANALYST-CALC,"Entity deficit is an estimated position, not evidence of facility use or avoidable funding cost"
2026-04-03,E004,Aurelius Canada,NA,3,3,0,2276153.6907027746,0.0,2276153.6907027746,False,False,ANALYST-CALC,"Entity deficit is an estimated position, not evidence of facility use or avoidable funding cost"
2026-04-03,E005,Aurelius UK,EMEA,4,4,0,5807296.435448583,0.0,5807296.435448583,False,False,ANALYST-CALC,"Entity deficit is an estimated position, not evidence of facility use or avoidable funding cost"
2026-04-03,E006,Aurelius Germany,EMEA,4,4,0,9430381.616456263,0.0,9430381.616456263,False,False,ANALYST-CALC,"Entity deficit is an estimated position, not evidence of facility use or avoidable funding cost"
2026-04-03,E007,Aurelius France,EMEA,3,2,1,1484082.0719433064,-1314890.7424394996,169191.32950380683,True,False,ANALYST-CALC,"Entity deficit is an estimated position, not evidence of facility use or avoidable funding cost"
2026-04-03,E008,Aurelius Netherlands,EMEA,3,3,0,6888349.871402072,0.0,6888349.871402072,False,False,ANALYST-CALC,"Entity deficit is an estimated position, not evidence of facility use or avoidable funding cost"
2026-04-03,E009,Aurelius Spain,EMEA,3,3,0,3836509.757535062,0.0,3836509.757535062,False,False,ANALYST-CALC,"Entity deficit is an estimated position, not evidence of facility use or avoidable funding cost"
2026-04-03,E010,Aurelius Singapore,APAC,4,3,1,1121456.5319511148,-954999.47,166457.06195111477,True,False,ANALYST-CALC,"Entity deficit is an estimated position, not evidence of facility use or avoidable funding cost"
2026-04-03,E011,Aurelius Australia,APAC,3,3,0,7697331.57515448,0.0,7697331.57515448,False,False,ANALYST-CALC,"Entity deficit is an estimated position, not evidence of facility use or avoidable funding cost"
2026-04-03,E012,Aurelius Japan,APAC,3,3,0,557967.7840308966,0.0,557967.7840308966,False,False,ANALYST-CALC,"Entity deficit is an estimated position, not evidence of facility use or avoidable funding cost"
2026-04-03,E013,Aurelius Korea,APAC,3,3,0,3066.4366916168,0.0,3066.4366916168,False,False,ANALYST-CALC,"Entity deficit is an estimated position, not evidence of facility use or avoidable funding cost"
2026-04-03,E014,Aurelius India,APAC,3,3,0,587024.2912216336,0.0,587024.2912216336,False,False,ANALYST-CALC,"Entity deficit is an estimated position, not evidence of facility use or avoidable funding cost"
2026-04-03,E015,Aurelius Hong Kong,APAC,3,3,0,451026.60235481104,0.0,451026.60235481104,False,False,ANALYST-CALC,"Entity deficit is an estimated position, not evidence of facility use or avoidable funding cost"
2026-04-03,E016,Aurelius Global Sourcing,APAC,3,3,0,2453545.3,0.0,2453545.3,False,False,ANALYST-CALC,"Entity deficit is an estimated position, not evidence of facility use or avoidable funding cost"
2026-04-04,E001,Aurelius Group Holdings,NA,4,4,0,3639505.8000000003,0.0,3639505.8000000003,False,False,ANALYST-CALC,"Entity deficit is an estimated position, not evidence of facility use or avoidable funding cost"
2026-04-04,E002,Aurelius Home US,NA,5,5,0,7900256.22,0.0,7900256.22,False,False,ANALYST-CALC,"Entity deficit is an estimated position, not evidence of facility use or avoidable funding cost"
2026-04-04,E003,Aurelius Wellness US,NA,4,4,0,8076778.34,0.0,8076778.34,False,False,ANALYST-CALC,"Entity deficit is an estimated position, not evidence of facility use or avoidable funding cost"
2026-04-04,E004,Aurelius Canada,NA,3,3,0,2096644.6556726638,0.0,2096644.6556726638,False,False,ANALYST-CALC,"Entity deficit is an estimated position, not evidence of facility use or avoidable funding cost"
2026-04-04,E005,Aurelius UK,EMEA,4,4,0,5446684.999061797,0.0,5446684.999061797,False,False,ANALYST-CALC,"Entity deficit is an estimated position, not evidence of facility use or avoidable funding cost"
2026-04-04,E006,Aurelius Germany,EMEA,4,4,0,8338774.602813055,0.0,8338774.602813055,False,False,ANALYST-CALC,"Entity deficit is an estimated position, not evidence of facility use or avoidable funding cost"
2026-04-04,E007,Aurelius France,EMEA,3,2,1,1203436.7907524176,-904934.7098711173,298502.0808813003,True,False,ANALYST-CALC,"Entity deficit is an estimated position, not evidence of facility use or avoidable funding cost"
2026-04-04,E008,Aurelius Netherlands,EMEA,3,3,0,6589789.846397781,0.0,6589789.846397781,False,False,ANALYST-CALC,"Entity deficit is an estimated position, not evidence of facility use or avoidable funding cost"
2026-04-04,E009,Aurelius Spain,EMEA,3,3,0,3450134.3211734905,0.0,3450134.3211734905,False,False,ANALYST-CALC,"Entity deficit is an estimated position, not evidence of facility use or avoidable funding cost"
2026-04-04,E010,Aurelius Singapore,APAC,4,3,1,1091326.2290702928,-815568.3,275757.9290702927,True,False,ANALYST-CALC,"Entity deficit is an estimated position, not evidence of facility use or avoidable funding cost"
2026-04-04,E011,Aurelius Australia,APAC,3,3,0,6511027.851355222,0.0,6511027.851355222,False,False,ANALYST-CALC,"Entity deficit is an estimated position, not evidence of facility use or avoidable funding cost"
2026-04-04,E012,Aurelius Japan,APAC,3,3,0,543024.8493300617,0.0,543024.8493300617,False,False,ANALYST-CALC,"Entity deficit is an estimated position, not evidence of facility use or avoidable funding cost"
2026-04-04,E013,Aurelius Korea,APAC,3,3,0,3404.328623252,0.0,3404.328623252,False,False,ANALYST-CALC,"Entity deficit is an estimated position, not evidence of facility use or avoidable funding cost"
2026-04-04,E014,Aurelius India,APAC,3,3,0,536051.2625037513,0.0,536051.2625037513,False,False,ANALYST-CALC,"Entity deficit is an estimated position, not evidence of facility use or avoidable funding cost"
2026-04-04,E015,Aurelius Hong Kong,APAC,3,3,0,446386.5336055076,0.0,446386.5336055076,False,False,ANALYST-CALC,"Entity deficit is an estimated position, not evidence of facility use or avoidable funding cost"
2026-04-04,E016,Aurelius Global Sourcing,APAC,3,3,0,2857481.0,0.0,2857481.0,False,False,ANALYST-CALC,"Entity deficit is an estimated position, not evidence of facility use or avoidable funding cost"
2026-04-05,E001,Aurelius Group Holdings,NA,4,4,0,3726131.61,0.0,3726131.61,False,False,ANALYST-CALC,"Entity deficit is an estimated position, not evidence of facility use or avoidable funding cost"
2026-04-05,E002,Aurelius Home US,NA,5,5,0,7957006.75,0.0,7957006.75,False,False,ANALYST-CALC,"Entity deficit is an estimated position, not evidence of facility use or avoidable funding cost"
2026-04-05,E003,Aurelius Wellness US,NA,4,4,0,7771326.63,0.0,7771326.63,False,False,ANALYST-CALC,"Entity deficit is an estimated position, not evidence of facility use or avoidable funding cost"
2026-04-05,E004,Aurelius Canada,NA,3,3,0,2251082.36946896,0.0,2251082.36946896,False,False,ANALYST-CALC,"Entity deficit is an estimated position, not evidence of facility use or avoidable funding cost"
2026-04-05,E005,Aurelius UK,EMEA,4,4,0,4860340.980627276,0.0,4860340.980627276,False,False,ANALYST-CALC,"Entity deficit is an estimated position, not evidence of facility use or avoidable funding cost"
2026-04-05,E006,Aurelius Germany,EMEA,4,4,0,8490066.755113875,0.0,8490066.755113875,False,False,ANALYST-CALC,"Entity deficit is an estimated position, not evidence of facility use or avoidable funding cost"
2026-04-05,E007,Aurelius France,EMEA,3,2,1,1316343.216422255,-1056902.2718903474,259440.94453190756,True,False,ANALYST-CALC,"Entity deficit is an estimated position, not evidence of facility use or avoidable funding cost"
2026-04-05,E008,Aurelius Netherlands,EMEA,3,3,0,5865811.920118631,0.0,5865811.920118631,False,False,ANALYST-CALC,"Entity deficit is an estimated position, not evidence of facility use or avoidable funding cost"
2026-04-05,E009,Aurelius Spain,EMEA,3,3,0,3869083.3125349795,0.0,3869083.3125349795,False,False,ANALYST-CALC,"Entity deficit is an estimated position, not evidence of facility use or avoidable funding cost"
2026-04-05,E010,Aurelius Singapore,APAC,4,3,1,1362060.1050822234,-945202.81,416857.29508222337,True,False,ANALYST-CALC,"Entity deficit is an estimated position, not evidence of facility use or avoidable funding cost"
2026-04-05,E011,Aurelius Australia,APAC,3,3,0,6734398.49775708,0.0,6734398.49775708,False,False,ANALYST-CALC,"Entity deficit is an estimated position, not evidence of facility use or avoidable funding cost"
2026-04-05,E012,Aurelius Japan,APAC,3,3,0,626335.181989931,0.0,626335.181989931,False,False,ANALYST-CALC,"Entity deficit is an estimated position, not evidence of facility use or avoidable funding cost"
2026-04-05,E013,Aurelius Korea,APAC,3,3,0,3067.4166766591998,0.0,3067.4166766591998,False,False,ANALYST-CALC,"Entity deficit is an estimated position, not evidence of facility use or avoidable funding cost"
2026-04-05,E014,Aurelius India,APAC,3,3,0,538149.7543372692,0.0,538149.7543372692,False,False,ANALYST-CALC,"Entity deficit is an estimated position, not evidence of facility use or avoidable funding cost"
2026-04-05,E015,Aurelius Hong Kong,APAC,3,3,0,463460.68392446294,0.0,463460.68392446294,False,False,ANALYST-CALC,"Entity deficit is an estimated position, not evidence of facility use or avoidable funding cost"
2026-04-05,E016,Aurelius Global Sourcing,APAC,3,3,0,2918409.55,0.0,2918409.55,False,False,ANALYST-CALC,"Entity deficit is an estimated position, not evidence of facility use or avoidable funding cost"
2026-04-06,E001,Aurelius Group Holdings,NA,4,4,0,3694500.5,0.0,3694500.5,False,False,ANALYST-CALC,"Entity deficit is an estimated position, not evidence of facility use or avoidable funding cost"
2026-04-06,E002,Aurelius Home US,NA,5,5,0,7170003.680000001,0.0,7170003.680000001,False,False,ANALYST-CALC,"Entity deficit is an estimated position, not evidence of facility use or avoidable funding cost"
2026-04-06,E003,Aurelius Wellness US,NA,4,4,0,8043953.91,0.0,8043953.91,False,False,ANALYST-CALC,"Entity deficit is an estimated position, not evidence of facility use or avoidable funding cost"
2026-04-06,E004,Aurelius Canada,NA,3,3,0,2330302.727212917,0.0,2330302.727212917,False,False,ANALYST-CALC,"Entity deficit is an estimated position, not evidence of facility use or avoidable funding cost"
2026-04-06,E005,Aurelius UK,EMEA,4,4,0,4572497.667701685,0.0,4572497.667701685,False,False,ANALYST-CALC,"Entity deficit is an estimated position, not evidence of facility use or avoidable funding cost"
2026-04-06,E006,Aurelius Germany,EMEA,4,4,0,7638130.022815347,0.0,7638130.022815347,False,False,ANALYST-CALC,"Entity deficit is an estimated position, not evidence of facility use or avoidable funding cost"
2026-04-06,E007,Aurelius France,EMEA,3,2,1,1113449.3726041152,-1030820.9981923081,82628.37441180699,True,False,ANALYST-CALC,"Entity deficit is an estimated position, not evidence of facility use or avoidable funding cost"
2026-04-06,E008,Aurelius Netherlands,EMEA,3,3,0,5468857.567909533,0.0,5468857.567909533,False,False,ANALYST-CALC,"Entity deficit is an estimated position, not evidence of facility use or avoidable funding cost"
2026-04-06,E009,Aurelius Spain,EMEA,3,3,0,3860446.1751925144,0.0,3860446.1751925144,False,False,ANALYST-CALC,"Entity deficit is an estimated position, not evidence of facility use or avoidable funding cost"
2026-04-06,E010,Aurelius Singapore,APAC,4,3,1,1230178.80145832,-872142.55,358036.25145832,True,False,ANALYST-CALC,"Entity deficit is an estimated position, not evidence of facility use or avoidable funding cost"
2026-04-06,E011,Aurelius Australia,APAC,3,3,0,6604397.037483476,0.0,6604397.037483476,False,False,ANALYST-CALC,"Entity deficit is an estimated position, not evidence of facility use or avoidable funding cost"
2026-04-06,E012,Aurelius Japan,APAC,3,3,0,647996.328896236,0.0,647996.328896236,False,False,ANALYST-CALC,"Entity deficit is an estimated position, not evidence of facility use or avoidable funding cost"
2026-04-06,E013,Aurelius Korea,APAC,3,3,0,3259.3469252208,0.0,3259.3469252208,False,False,ANALYST-CALC,"Entity deficit is an estimated position, not evidence of facility use or avoidable funding cost"
2026-04-06,E014,Aurelius India,APAC,3,3,0,525285.904465641,0.0,525285.904465641,False,False,ANALYST-CALC,"Entity deficit is an estimated position, not evidence of facility use or avoidable funding cost"
2026-04-06,E015,Aurelius Hong Kong,APAC,3,3,0,445754.40912829095,0.0,445754.40912829095,False,False,ANALYST-CALC,"Entity deficit is an estimated position, not evidence of facility use or avoidable funding cost"
2026-04-06,E016,Aurelius Global Sourcing,APAC,3,3,0,3073181.96,0.0,3073181.96,False,False,ANALYST-CALC,"Entity deficit is an estimated position, not evidence of facility use or avoidable funding cost"
2026-04-07,E001,Aurelius Group Holdings,NA,4,4,0,3638168.11,0.0,3638168.11,False,False,ANALYST-CALC,"Entity deficit is an estimated position, not evidence of facility use or avoidable funding cost"
2026-04-07,E002,Aurelius Home US,NA,5,5,0,7283327.66,0.0,7283327.66,False,False,ANALYST-CALC,"Entity deficit is an estimated position, not evidence of facility use or avoidable funding cost"
2026-04-07,E003,Aurelius Wellness US,NA,4,4,0,7132930.04,0.0,7132930.04,False,False,ANALYST-CALC,"Entity deficit is an estimated position, not evidence of facility use or avoidable funding cost"
2026-04-07,E004,Aurelius Canada,NA,3,3,0,2221935.525464038,0.0,2221935.525464038,False,False,ANALYST-CALC,"Entity deficit is an estimated position, not evidence of facility use or avoidable funding cost"
2026-04-07,E005,Aurelius UK,EMEA,4,4,0,4513096.472031371,0.0,4513096.472031371,False,False,ANALYST-CALC,"Entity deficit is an estimated position, not evidence of facility use or avoidable funding cost"
2026-04-07,E006,Aurelius Germany,EMEA,4,4,0,8450457.304005068,0.0,8450457.304005068,False,False,ANALYST-CALC,"Entity deficit is an estimated position, not evidence of facility use or avoidable funding cost"
2026-04-07,E007,Aurelius France,EMEA,3,2,1,1282129.2148774446,-1245026.6782837154,37102.536593729106,True,False,ANALYST-CALC,"Entity deficit is an estimated position, not evidence of facility use or avoidable funding cost"
2026-04-07,E008,Aurelius Netherlands,EMEA,3,3,0,5093087.422925514,0.0,5093087.422925514,False,False,ANALYST-CALC,"Entity deficit is an estimated position, not evidence of facility use or avoidable funding cost"
2026-04-07,E009,Aurelius Spain,EMEA,3,3,0,4500805.393513166,0.0,4500805.393513166,False,False,ANALYST-CALC,"Entity deficit is an estimated position, not evidence of facility use or avoidable funding cost"
2026-04-07,E010,Aurelius Singapore,APAC,4,3,1,984967.584233105,-945714.37,39253.21423310501,True,False,ANALYST-CALC,"Entity deficit is an estimated position, not evidence of facility use or avoidable funding cost"
2026-04-07,E011,Aurelius Australia,APAC,3,3,0,7500612.711423278,0.0,7500612.711423278,False,False,ANALYST-CALC,"Entity deficit is an estimated position, not evidence of facility use or avoidable funding cost"
2026-04-07,E012,Aurelius Japan,APAC,3,3,0,473070.4293661304,0.0,473070.4293661304,False,False,ANALYST-CALC,"Entity deficit is an estimated position, not evidence of facility use or avoidable funding cost"
2026-04-07,E013,Aurelius Korea,APAC,3,3,0,2681.4412069758,0.0,2681.4412069758,False,False,ANALYST-CALC,"Entity deficit is an estimated position, not evidence of facility use or avoidable funding cost"
2026-04-07,E014,Aurelius India,APAC,3,3,0,386920.2928278852,0.0,386920.2928278852,False,False,ANALYST-CALC,"Entity deficit is an estimated position, not evidence of facility use or avoidable funding cost"
2026-04-07,E015,Aurelius Hong Kong,APAC,3,3,0,408659.8489386175,0.0,408659.8489386175,False,False,ANALYST-CALC,"Entity deficit is an estimated position, not evidence of facility use or avoidable funding cost"
2026-04-07,E016,Aurelius Global Sourcing,APAC,3,3,0,2714685.0700000003,0.0,2714685.0700000003,False,False,ANALYST-CALC,"Entity deficit is an estimated position, not evidence of facility use or avoidable funding cost"
2026-04-08,E001,Aurelius Group Holdings,NA,4,4,0,3567756.7,0.0,3567756.7,False,False,ANALYST-CALC,"Entity deficit is an estimated position, not evidence of facility use or avoidable funding cost"
2026-04-08,E002,Aurelius Home US,NA,5,5,0,6895491.05,0.0,6895491.05,False,False,ANALYST-CALC,"Entity deficit is an estimated position, not evidence of facility use or avoidable funding cost"
2026-04-08,E003,Aurelius Wellness US,NA,4,4,0,6332425.59,0.0,6332425.59,False,False,ANALYST-CALC,"Entity deficit is an estimated position, not evidence of facility use or avoidable funding cost"
2026-04-08,E004,Aurelius Canada,NA,3,3,0,2138459.7756134016,0.0,2138459.7756134016,False,False,ANALYST-CALC,"Entity deficit is an estimated position, not evidence of facility use or avoidable funding cost"
2026-04-08,E005,Aurelius UK,EMEA,4,4,0,4739032.720354365,0.0,4739032.720354365,False,False,ANALYST-CALC,"Entity deficit is an estimated position, not evidence of facility use or avoidable funding cost"
2026-04-08,E006,Aurelius Germany,EMEA,4,4,0,8263239.792668521,0.0,8263239.792668521,False,False,ANALYST-CALC,"Entity deficit is an estimated position, not evidence of facility use or avoidable funding cost"
2026-04-08,E007,Aurelius France,EMEA,3,2,1,1400691.5549687736,-1275598.6248066705,125092.93016210309,True,False,ANALYST-CALC,"Entity deficit is an estimated position, not evidence of facility use or avoidable funding cost"
2026-04-08,E008,Aurelius Netherlands,EMEA,3,3,0,5785893.340788676,0.0,5785893.340788676,False,False,ANALYST-CALC,"Entity deficit is an estimated position, not evidence of facility use or avoidable funding cost"
2026-04-08,E009,Aurelius Spain,EMEA,3,3,0,4021084.094712271,0.0,4021084.094712271,False,False,ANALYST-CALC,"Entity deficit is an estimated position, not evidence of facility use or avoidable funding cost"
2026-04-08,E010,Aurelius Singapore,APAC,4,3,1,1021559.3621361707,-1045893.24,-24333.877863829213,True,True,ANALYST-CALC,"Entity deficit is an estimated position, not evidence of facility use or avoidable funding cost"
2026-04-08,E011,Aurelius Australia,APAC,3,3,0,8033842.565211336,0.0,8033842.565211336,False,False,ANALYST-CALC,"Entity deficit is an estimated position, not evidence of facility use or avoidable funding cost"
2026-04-08,E012,Aurelius Japan,APAC,3,3,0,462235.745694681,0.0,462235.745694681,False,False,ANALYST-CALC,"Entity deficit is an estimated position, not evidence of facility use or avoidable funding cost"
2026-04-08,E013,Aurelius Korea,APAC,3,3,0,2520.3827579308,0.0,2520.3827579308,False,False,ANALYST-CALC,"Entity deficit is an estimated position, not evidence of facility use or avoidable funding cost"
2026-04-08,E014,Aurelius India,APAC,3,3,0,467728.7804664286,0.0,467728.7804664286,False,False,ANALYST-CALC,"Entity deficit is an estimated position, not evidence of facility use or avoidable funding cost"
2026-04-08,E015,Aurelius Hong Kong,APAC,3,3,0,418997.5429179071,0.0,418997.5429179071,False,False,ANALYST-CALC,"Entity deficit is an estimated position, not evidence of facility use or avoidable funding cost"
2026-04-08,E016,Aurelius Global Sourcing,APAC,3,3,0,2803328.66,0.0,2803328.66,False,False,ANALYST-CALC,"Entity deficit is an estimated position, not evidence of facility use or avoidable funding cost"
2026-04-09,E001,Aurelius Group Holdings,NA,4,4,0,3590862.5900000003,0.0,3590862.5900000003,False,False,ANALYST-CALC,"Entity deficit is an estimated position, not evidence of facility use or avoidable funding cost"
2026-04-09,E002,Aurelius Home US,NA,5,5,0,7513604.6899999995,0.0,7513604.6899999995,False,False,ANALYST-CALC,"Entity deficit is an estimated position, not evidence of facility use or avoidable funding cost"
2026-04-09,E003,Aurelius Wellness US,NA,4,4,0,6363425.69,0.0,6363425.69,False,False,ANALYST-CALC,"Entity deficit is an estimated position, not evidence of facility use or avoidable funding cost"
2026-04-09,E004,Aurelius Canada,NA,3,3,0,2116945.6767400047,0.0,2116945.6767400047,False,False,ANALYST-CALC,"Entity deficit is an estimated position, not evidence of facility use or avoidable funding cost"
2026-04-09,E005,Aurelius UK,EMEA,4,4,0,4895539.265828958,0.0,4895539.265828958,False,False,ANALYST-CALC,"Entity deficit is an estimated position, not evidence of facility use or avoidable funding cost"
2026-04-09,E006,Aurelius Germany,EMEA,4,4,0,8784916.903285785,0.0,8784916.903285785,False,False,ANALYST-CALC,"Entity deficit is an estimated position, not evidence of facility use or avoidable funding cost"
2026-04-09,E007,Aurelius France,EMEA,3,2,1,1421442.5191033853,-1350216.63698412,71225.88211926538,True,False,ANALYST-CALC,"Entity deficit is an estimated position, not evidence of facility use or avoidable funding cost"
2026-04-09,E008,Aurelius Netherlands,EMEA,3,3,0,6348425.580285716,0.0,6348425.580285716,False,False,ANALYST-CALC,"Entity deficit is an estimated position, not evidence of facility use or avoidable funding cost"
2026-04-09,E009,Aurelius Spain,EMEA,3,3,0,3703282.026068633,0.0,3703282.026068633,False,False,ANALYST-CALC,"Entity deficit is an estimated position, not evidence of facility use or avoidable funding cost"
2026-04-09,E010,Aurelius Singapore,APAC,4,3,1,1111325.1435583828,-913659.87,197665.27355838288,True,False,ANALYST-CALC,"Entity deficit is an estimated position, not evidence of facility use or avoidable funding cost"
2026-04-09,E011,Aurelius Australia,APAC,3,3,0,7490612.840338828,0.0,7490612.840338828,False,False,ANALYST-CALC,"Entity deficit is an estimated position, not evidence of facility use or avoidable funding cost"
2026-04-09,E012,Aurelius Japan,APAC,3,3,0,452074.0440262379,0.0,452074.0440262379,False,False,ANALYST-CALC,"Entity deficit is an estimated position, not evidence of facility use or avoidable funding cost"
2026-04-09,E013,Aurelius Korea,APAC,3,3,0,3044.46570472,0.0,3044.46570472,False,False,ANALYST-CALC,"Entity deficit is an estimated position, not evidence of facility use or avoidable funding cost"
2026-04-09,E014,Aurelius India,APAC,3,3,0,516291.8631384126,0.0,516291.8631384126,False,False,ANALYST-CALC,"Entity deficit is an estimated position, not evidence of facility use or avoidable funding cost"
2026-04-09,E015,Aurelius Hong Kong,APAC,3,3,0,405717.36303907045,0.0,405717.36303907045,False,False,ANALYST-CALC,"Entity deficit is an estimated position, not evidence of facility use or avoidable funding cost"
2026-04-09,E016,Aurelius Global Sourcing,APAC,3,3,0,3041053.9899999998,0.0,3041053.9899999998,False,False,ANALYST-CALC,"Entity deficit is an estimated position, not evidence of facility use or avoidable funding cost"
2026-04-10,E001,Aurelius Group Holdings,NA,4,4,0,3546769.66,0.0,3546769.66,False,False,ANALYST-CALC,"Entity deficit is an estimated position, not evidence of facility use or avoidable funding cost"
2026-04-10,E002,Aurelius Home US,NA,5,5,0,7256106.06,0.0,7256106.06,False,False,ANALYST-CALC,"Entity deficit is an estimated position, not evidence of facility use or avoidable funding cost"
2026-04-10,E003,Aurelius Wellness US,NA,4,4,0,6454336.59,0.0,6454336.59,False,False,ANALYST-CALC,"Entity deficit is an estimated position, not evidence of facility use or avoidable funding cost"
2026-04-10,E004,Aurelius Canada,NA,3,3,0,2586028.412891617,0.0,2586028.412891617,False,False,ANALYST-CALC,"Entity deficit is an estimated position, not evidence of facility use or avoidable funding cost"
2026-04-10,E005,Aurelius UK,EMEA,4,4,0,5192602.102463542,0.0,5192602.102463542,False,False,ANALYST-CALC,"Entity deficit is an estimated position, not evidence of facility use or avoidable funding cost"
2026-04-10,E006,Aurelius Germany,EMEA,4,4,0,8192617.021639318,0.0,8192617.021639318,False,False,ANALYST-CALC,"Entity deficit is an estimated position, not evidence of facility use or avoidable funding cost"
2026-04-10,E007,Aurelius France,EMEA,3,2,1,1447814.8639971656,-1259412.6575789712,188402.20641819428,True,False,ANALYST-CALC,"Entity deficit is an estimated position, not evidence of facility use or avoidable funding cost"
2026-04-10,E008,Aurelius Netherlands,EMEA,3,3,0,6520272.224314844,0.0,6520272.224314844,False,False,ANALYST-CALC,"Entity deficit is an estimated position, not evidence of facility use or avoidable funding cost"
2026-04-10,E009,Aurelius Spain,EMEA,3,3,0,3681821.4144379646,0.0,3681821.4144379646,False,False,ANALYST-CALC,"Entity deficit is an estimated position, not evidence of facility use or avoidable funding cost"
2026-04-10,E010,Aurelius Singapore,APAC,4,3,1,1212432.8152132784,-928327.26,284105.5552132784,True,False,ANALYST-CALC,"Entity deficit is an estimated position, not evidence of facility use or avoidable funding cost"
2026-04-10,E011,Aurelius Australia,APAC,3,3,0,7386289.499970108,0.0,7386289.499970108,False,False,ANALYST-CALC,"Entity deficit is an estimated position, not evidence of facility use or avoidable funding cost"
2026-04-10,E012,Aurelius Japan,APAC,3,3,0,479600.05082018004,0.0,479600.05082018004,False,False,ANALYST-CALC,"Entity deficit is an estimated position, not evidence of facility use or avoidable funding cost"
2026-04-10,E013,Aurelius Korea,APAC,3,3,0,2914.6664771825,0.0,2914.6664771825,False,False,ANALYST-CALC,"Entity deficit is an estimated position, not evidence of facility use or avoidable funding cost"
2026-04-10,E014,Aurelius India,APAC,3,3,0,532949.7858113223,0.0,532949.7858113223,False,False,ANALYST-CALC,"Entity deficit is an estimated position, not evidence of facility use or avoidable funding cost"
2026-04-10,E015,Aurelius Hong Kong,APAC,3,3,0,503196.82821168646,0.0,503196.82821168646,False,False,ANALYST-CALC,"Entity deficit is an estimated position, not evidence of facility use or avoidable funding cost"
2026-04-10,E016,Aurelius Global Sourcing,APAC,3,3,0,2850235.06,0.0,2850235.06,False,False,ANALYST-CALC,"Entity deficit is an estimated position, not evidence of facility use or avoidable funding cost"
2026-04-11,E001,Aurelius Group Holdings,NA,4,4,0,3268940.7600000002,0.0,3268940.7600000002,False,False,ANALYST-CALC,"Entity deficit is an estimated position, not evidence of facility use or avoidable funding cost"
2026-04-11,E002,Aurelius Home US,NA,5,5,0,8306852.9399999995,0.0,8306852.9399999995,False,False,ANALYST-CALC,"Entity deficit is an estimated position, not evidence of facility use or avoidable funding cost"
2026-04-11,E003,Aurelius Wellness US,NA,4,4,0,7968232.16,0.0,7968232.16,False,False,ANALYST-CALC,"Entity deficit is an estimated position, not evidence of facility use or avoidable funding cost"
2026-04-11,E004,Aurelius Canada,NA,3,3,0,2448457.6741869617,0.0,2448457.6741869617,False,False,ANALYST-CALC,"Entity deficit is an estimated position, not evidence of facility use or avoidable funding cost"
2026-04-11,E005,Aurelius UK,EMEA,4,4,0,5097742.484754768,0.0,5097742.484754768,False,False,ANALYST-CALC,"Entity deficit is an estimated position, not evidence of facility use or avoidable funding cost"
2026-04-11,E006,Aurelius Germany,EMEA,4,4,0,8615794.628555039,0.0,8615794.628555039,False,False,ANALYST-CALC,"Entity deficit is an estimated position, not evidence of facility use or avoidable funding cost"
2026-04-11,E007,Aurelius France,EMEA,3,2,1,1236070.6071022768,-1227808.692344897,8261.914757379796,True,False,ANALYST-CALC,"Entity deficit is an estimated position, not evidence of facility use or avoidable funding cost"
2026-04-11,E008,Aurelius Netherlands,EMEA,3,3,0,5637894.26638273,0.0,5637894.26638273,False,False,ANALYST-CALC,"Entity deficit is an estimated position, not evidence of facility use or avoidable funding cost"
2026-04-11,E009,Aurelius Spain,EMEA,3,3,0,3282023.2524729148,0.0,3282023.2524729148,False,False,ANALYST-CALC,"Entity deficit is an estimated position, not evidence of facility use or avoidable funding cost"
2026-04-11,E010,Aurelius Singapore,APAC,4,3,1,1326501.4502673685,-839418.55,487082.90026736853,True,False,ANALYST-CALC,"Entity deficit is an estimated position, not evidence of facility use or avoidable funding cost"
2026-04-11,E011,Aurelius Australia,APAC,3,3,0,7880065.034513274,0.0,7880065.034513274,False,False,ANALYST-CALC,"Entity deficit is an estimated position, not evidence of facility use or avoidable funding cost"
2026-04-11,E012,Aurelius Japan,APAC,3,3,0,538652.0685568922,0.0,538652.0685568922,False,False,ANALYST-CALC,"Entity deficit is an estimated position, not evidence of facility use or avoidable funding cost"
2026-04-11,E013,Aurelius Korea,APAC,3,3,0,3521.279341125,0.0,3521.279341125,False,False,ANALYST-CALC,"Entity deficit is an estimated position, not evidence of facility use or avoidable funding cost"
2026-04-11,E014,Aurelius India,APAC,3,3,0,573918.6712073082,0.0,573918.6712073082,False,False,ANALYST-CALC,"Entity deficit is an estimated position, not evidence of facility use or avoidable funding cost"
2026-04-11,E015,Aurelius Hong Kong,APAC,3,3,0,474733.09399736894,0.0,474733.09399736894,False,False,ANALYST-CALC,"Entity deficit is an estimated position, not evidence of facility use or avoidable funding cost"
2026-04-11,E016,Aurelius Global Sourcing,APAC,3,3,0,2819622.13,0.0,2819622.13,False,False,ANALYST-CALC,"Entity deficit is an estimated position, not evidence of facility use or avoidable funding cost"
2026-04-12,E001,Aurelius Group Holdings,NA,4,4,0,3834364.35,0.0,3834364.35,False,False,ANALYST-CALC,"Entity deficit is an estimated position, not evidence of facility use or avoidable funding cost"
2026-04-12,E002,Aurelius Home US,NA,5,5,0,8049998.96,0.0,8049998.96,False,False,ANALYST-CALC,"Entity deficit is an estimated position, not evidence of facility use or avoidable funding cost"
2026-04-12,E003,Aurelius Wellness US,NA,4,4,0,7370817.44,0.0,7370817.44,False,False,ANALYST-CALC,"Entity deficit is an estimated position, not evidence of facility use or avoidable funding cost"
2026-04-12,E004,Aurelius Canada,NA,3,3,0,2362288.7494325214,0.0,2362288.7494325214,False,False,ANALYST-CALC,"Entity deficit is an estimated position, not evidence of facility use or avoidable funding cost"
2026-04-12,E005,Aurelius UK,EMEA,4,4,0,4872862.7358184615,0.0,4872862.7358184615,False,False,ANALYST-CALC,"Entity deficit is an estimated position, not evidence of facility use or avoidable funding cost"
2026-04-12,E006,Aurelius Germany,EMEA,4,4,0,8495914.099600848,0.0,8495914.099600848,False,False,ANALYST-CALC,"Entity deficit is an estimated position, not evidence of facility use or avoidable funding cost"
2026-04-12,E007,Aurelius France,EMEA,3,2,1,1082603.0547051392,-1061228.48540382,21374.56930131925,True,False,ANALYST-CALC,"Entity deficit is an estimated position, not evidence of facility use or avoidable funding cost"
2026-04-12,E008,Aurelius Netherlands,EMEA,3,3,0,5101862.338941046,0.0,5101862.338941046,False,False,ANALYST-CALC,"Entity deficit is an estimated position, not evidence of facility use or avoidable funding cost"
2026-04-12,E009,Aurelius Spain,EMEA,3,3,0,4035955.681599092,0.0,4035955.681599092,False,False,ANALYST-CALC,"Entity deficit is an estimated position, not evidence of facility use or avoidable funding cost"
2026-04-12,E010,Aurelius Singapore,APAC,4,3,1,1523637.027847836,-813339.86,710297.167847836,True,False,ANALYST-CALC,"Entity deficit is an estimated position, not evidence of facility use or avoidable funding cost"
2026-04-12,E011,Aurelius Australia,APAC,3,3,0,7180686.367793985,0.0,7180686.367793985,False,False,ANALYST-CALC,"Entity deficit is an estimated position, not evidence of facility use or avoidable funding cost"
2026-04-12,E012,Aurelius Japan,APAC,3,3,0,619959.3221059105,0.0,619959.3221059105,False,False,ANALYST-CALC,"Entity deficit is an estimated position, not evidence of facility use or avoidable funding cost"
2026-04-12,E013,Aurelius Korea,APAC,3,3,0,3502.5581440416,0.0,3502.5581440416,False,False,ANALYST-CALC,"Entity deficit is an estimated position, not evidence of facility use or avoidable funding cost"
2026-04-12,E014,Aurelius India,APAC,3,3,0,479621.0787360005,0.0,479621.0787360005,False,False,ANALYST-CALC,"Entity deficit is an estimated position, not evidence of facility use or avoidable funding cost"
2026-04-12,E015,Aurelius Hong Kong,APAC,3,3,0,484832.2852341514,0.0,484832.2852341514,False,False,ANALYST-CALC,"Entity deficit is an estimated position, not evidence of facility use or avoidable funding cost"
2026-04-12,E016,Aurelius Global Sourcing,APAC,3,3,0,2932460.42,0.0,2932460.42,False,False,ANALYST-CALC,"Entity deficit is an estimated position, not evidence of facility use or avoidable funding cost"
2026-04-13,E001,Aurelius Group Holdings,NA,4,4,0,3657263.5,0.0,3657263.5,False,False,ANALYST-CALC,"Entity deficit is an estimated position, not evidence of facility use or avoidable funding cost"
2026-04-13,E002,Aurelius Home US,NA,5,5,0,7635625.31,0.0,7635625.31,False,False,ANALYST-CALC,"Entity deficit is an estimated position, not evidence of facility use or avoidable funding cost"
2026-04-13,E003,Aurelius Wellness US,NA,4,4,0,8314550.2299999995,0.0,8314550.2299999995,False,False,ANALYST-CALC,"Entity deficit is an estimated position, not evidence of facility use or avoidable funding cost"
2026-04-13,E004,Aurelius Canada,NA,3,3,0,2267746.3481449,0.0,2267746.3481449,False,False,ANALYST-CALC,"Entity deficit is an estimated position, not evidence of facility use or avoidable funding cost"
2026-04-13,E005,Aurelius UK,EMEA,4,4,0,4730364.436742823,0.0,4730364.436742823,False,False,ANALYST-CALC,"Entity deficit is an estimated position, not evidence of facility use or avoidable funding cost"
2026-04-13,E006,Aurelius Germany,EMEA,4,4,0,7547549.896833883,0.0,7547549.896833883,False,False,ANALYST-CALC,"Entity deficit is an estimated position, not evidence of facility use or avoidable funding cost"
2026-04-13,E007,Aurelius France,EMEA,3,2,1,1104759.1751324027,-1103086.8923221903,1672.2828102122876,True,False,ANALYST-CALC,"Entity deficit is an estimated position, not evidence of facility use or avoidable funding cost"
2026-04-13,E008,Aurelius Netherlands,EMEA,3,3,0,5670843.510708649,0.0,5670843.510708649,False,False,ANALYST-CALC,"Entity deficit is an estimated position, not evidence of facility use or avoidable funding cost"
2026-04-13,E009,Aurelius Spain,EMEA,3,3,0,4163945.983065783,0.0,4163945.983065783,False,False,ANALYST-CALC,"Entity deficit is an estimated position, not evidence of facility use or avoidable funding cost"
2026-04-13,E010,Aurelius Singapore,APAC,4,3,1,1148488.8689652313,-982928.92,165559.94896523125,True,False,ANALYST-CALC,"Entity deficit is an estimated position, not evidence of facility use or avoidable funding cost"
2026-04-13,E011,Aurelius Australia,APAC,3,3,0,6569808.98827678,0.0,6569808.98827678,False,False,ANALYST-CALC,"Entity deficit is an estimated position, not evidence of facility use or avoidable funding cost"
2026-04-13,E012,Aurelius Japan,APAC,3,3,0,631961.9077883512,0.0,631961.9077883512,False,False,ANALYST-CALC,"Entity deficit is an estimated position, not evidence of facility use or avoidable funding cost"
2026-04-13,E013,Aurelius Korea,APAC,3,3,0,3482.1268617408,0.0,3482.1268617408,False,False,ANALYST-CALC,"Entity deficit is an estimated position, not evidence of facility use or avoidable funding cost"
2026-04-13,E014,Aurelius India,APAC,3,3,0,474408.1127276215,0.0,474408.1127276215,False,False,ANALYST-CALC,"Entity deficit is an estimated position, not evidence of facility use or avoidable funding cost"
2026-04-13,E015,Aurelius Hong Kong,APAC,3,3,0,430176.6991182647,0.0,430176.6991182647,False,False,ANALYST-CALC,"Entity deficit is an estimated position, not evidence of facility use or avoidable funding cost"
2026-04-13,E016,Aurelius Global Sourcing,APAC,3,3,0,2756583.4,0.0,2756583.4,False,False,ANALYST-CALC,"Entity deficit is an estimated position, not evidence of facility use or avoidable funding cost"
2026-04-14,E001,Aurelius Group Holdings,NA,4,4,0,3473430.33,0.0,3473430.33,False,False,ANALYST-CALC,"Entity deficit is an estimated position, not evidence of facility use or avoidable funding cost"
2026-04-14,E002,Aurelius Home US,NA,5,5,0,7066665.83,0.0,7066665.83,False,False,ANALYST-CALC,"Entity deficit is an estimated position, not evidence of facility use or avoidable funding cost"
2026-04-14,E003,Aurelius Wellness US,NA,4,4,0,7423238.7700000005,0.0,7423238.7700000005,False,False,ANALYST-CALC,"Entity deficit is an estimated position, not evidence of facility use or avoidable funding cost"
2026-04-14,E004,Aurelius Canada,NA,3,3,0,2165881.677032477,0.0,2165881.677032477,False,False,ANALYST-CALC,"Entity deficit is an estimated position, not evidence of facility use or avoidable funding cost"
2026-04-14,E005,Aurelius UK,EMEA,4,4,0,4786047.403564781,0.0,4786047.403564781,False,False,ANALYST-CALC,"Entity deficit is an estimated position, not evidence of facility use or avoidable funding cost"
2026-04-14,E006,Aurelius Germany,EMEA,4,4,0,7895374.271213501,0.0,7895374.271213501,False,False,ANALYST-CALC,"Entity deficit is an estimated position, not evidence of facility use or avoidable funding cost"
2026-04-14,E007,Aurelius France,EMEA,3,2,1,1057431.8541442584,-1174018.185349771,-116586.33120551263,True,True,ANALYST-CALC,"Entity deficit is an estimated position, not evidence of facility use or avoidable funding cost"
2026-04-14,E008,Aurelius Netherlands,EMEA,3,3,0,5316412.317768534,0.0,5316412.317768534,False,False,ANALYST-CALC,"Entity deficit is an estimated position, not evidence of facility use or avoidable funding cost"
2026-04-14,E009,Aurelius Spain,EMEA,3,3,0,3777615.4483349137,0.0,3777615.4483349137,False,False,ANALYST-CALC,"Entity deficit is an estimated position, not evidence of facility use or avoidable funding cost"
2026-04-14,E010,Aurelius Singapore,APAC,4,3,1,1134051.3709566987,-911552.69,222498.6809566987,True,False,ANALYST-CALC,"Entity deficit is an estimated position, not evidence of facility use or avoidable funding cost"
2026-04-14,E011,Aurelius Australia,APAC,3,3,0,7464275.863002599,0.0,7464275.863002599,False,False,ANALYST-CALC,"Entity deficit is an estimated position, not evidence of facility use or avoidable funding cost"
2026-04-14,E012,Aurelius Japan,APAC,3,3,0,539692.5081528316,0.0,539692.5081528316,False,False,ANALYST-CALC,"Entity deficit is an estimated position, not evidence of facility use or avoidable funding cost"
2026-04-14,E013,Aurelius Korea,APAC,3,3,0,2970.9783342287997,0.0,2970.9783342287997,False,False,ANALYST-CALC,"Entity deficit is an estimated position, not evidence of facility use or avoidable funding cost"
2026-04-14,E014,Aurelius India,APAC,3,3,0,510042.894160895,0.0,510042.894160895,False,False,ANALYST-CALC,"Entity deficit is an estimated position, not evidence of facility use or avoidable funding cost"
2026-04-14,E015,Aurelius Hong Kong,APAC,3,3,0,456404.93636475207,0.0,456404.93636475207,False,False,ANALYST-CALC,"Entity deficit is an estimated position, not evidence of facility use or avoidable funding cost"
2026-04-14,E016,Aurelius Global Sourcing,APAC,3,3,0,2514667.9499999997,0.0,2514667.9499999997,False,False,ANALYST-CALC,"Entity deficit is an estimated position, not evidence of facility use or avoidable funding cost"
2026-04-15,E001,Aurelius Group Holdings,NA,4,4,0,3707113.94,0.0,3707113.94,False,False,ANALYST-CALC,"Entity deficit is an estimated position, not evidence of facility use or avoidable funding cost"
2026-04-15,E002,Aurelius Home US,NA,5,5,0,6822109.96,0.0,6822109.96,False,False,ANALYST-CALC,"Entity deficit is an estimated position, not evidence of facility use or avoidable funding cost"
2026-04-15,E003,Aurelius Wellness US,NA,4,4,0,6284509.74,0.0,6284509.74,False,False,ANALYST-CALC,"Entity deficit is an estimated position, not evidence of facility use or avoidable funding cost"
2026-04-15,E004,Aurelius Canada,NA,3,3,0,2352960.039554499,0.0,2352960.039554499,False,False,ANALYST-CALC,"Entity deficit is an estimated position, not evidence of facility use or avoidable funding cost"
2026-04-15,E005,Aurelius UK,EMEA,4,4,0,4816133.606391329,0.0,4816133.606391329,False,False,ANALYST-CALC,"Entity deficit is an estimated position, not evidence of facility use or avoidable funding cost"
2026-04-15,E006,Aurelius Germany,EMEA,4,4,0,8356040.424802305,0.0,8356040.424802305,False,False,ANALYST-CALC,"Entity deficit is an estimated position, not evidence of facility use or avoidable funding cost"
2026-04-15,E007,Aurelius France,EMEA,3,2,1,1296576.4349473605,-1277659.761310934,18916.673636426392,True,False,ANALYST-CALC,"Entity deficit is an estimated position, not evidence of facility use or avoidable funding cost"
2026-04-15,E008,Aurelius Netherlands,EMEA,3,3,0,6036418.537221277,0.0,6036418.537221277,False,False,ANALYST-CALC,"Entity deficit is an estimated position, not evidence of facility use or avoidable funding cost"
2026-04-15,E009,Aurelius Spain,EMEA,3,3,0,4245044.9339201255,0.0,4245044.9339201255,False,False,ANALYST-CALC,"Entity deficit is an estimated position, not evidence of facility use or avoidable funding cost"
2026-04-15,E010,Aurelius Singapore,APAC,4,3,1,1042293.1566869931,-1084613.62,-42320.463313007014,True,True,ANALYST-CALC,"Entity deficit is an estimated position, not evidence of facility use or avoidable funding cost"
2026-04-15,E011,Aurelius Australia,APAC,3,3,0,7492726.1695155995,0.0,7492726.1695155995,False,False,ANALYST-CALC,"Entity deficit is an estimated position, not evidence of facility use or avoidable funding cost"
2026-04-15,E012,Aurelius Japan,APAC,3,3,0,532664.3920681229,0.0,532664.3920681229,False,False,ANALYST-CALC,"Entity deficit is an estimated position, not evidence of facility use or avoidable funding cost"
2026-04-15,E013,Aurelius Korea,APAC,3,3,0,3006.9803259315,0.0,3006.9803259315,False,False,ANALYST-CALC,"Entity deficit is an estimated position, not evidence of facility use or avoidable funding cost"
2026-04-15,E014,Aurelius India,APAC,3,3,0,442576.68913258985,0.0,442576.68913258985,False,False,ANALYST-CALC,"Entity deficit is an estimated position, not evidence of facility use or avoidable funding cost"
2026-04-15,E015,Aurelius Hong Kong,APAC,3,3,0,407130.88461178273,0.0,407130.88461178273,False,False,ANALYST-CALC,"Entity deficit is an estimated position, not evidence of facility use or avoidable funding cost"
2026-04-15,E016,Aurelius Global Sourcing,APAC,3,3,0,2725271.5700000003,0.0,2725271.5700000003,False,False,ANALYST-CALC,"Entity deficit is an estimated position, not evidence of facility use or avoidable funding cost"
2026-04-16,E001,Aurelius Group Holdings,NA,4,4,0,3626227.44,0.0,3626227.44,False,False,ANALYST-CALC,"Entity deficit is an estimated position, not evidence of facility use or avoidable funding cost"
2026-04-16,E002,Aurelius Home US,NA,5,5,0,6853564.02,0.0,6853564.02,False,False,ANALYST-CALC,"Entity deficit is an estimated position, not evidence of facility use or avoidable funding cost"
2026-04-16,E003,Aurelius Wellness US,NA,4,4,0,6434473.2299999995,0.0,6434473.2299999995,False,False,ANALYST-CALC,"Entity deficit is an estimated position, not evidence of facility use or avoidable funding cost"
2026-04-16,E004,Aurelius Canada,NA,3,3,0,2438138.775141864,0.0,2438138.775141864,False,False,ANALYST-CALC,"Entity deficit is an estimated position, not evidence of facility use or avoidable funding cost"
2026-04-16,E005,Aurelius UK,EMEA,4,4,0,5352343.504096879,0.0,5352343.504096879,False,False,ANALYST-CALC,"Entity deficit is an estimated position, not evidence of facility use or avoidable funding cost"
2026-04-16,E006,Aurelius Germany,EMEA,4,4,0,8627919.831319755,0.0,8627919.831319755,False,False,ANALYST-CALC,"Entity deficit is an estimated position, not evidence of facility use or avoidable funding cost"
2026-04-16,E007,Aurelius France,EMEA,3,2,1,1348521.6485216036,-1055673.5627103457,292848.0858112578,True,False,ANALYST-CALC,"Entity deficit is an estimated position, not evidence of facility use or avoidable funding cost"
2026-04-16,E008,Aurelius Netherlands,EMEA,3,3,0,6640938.236583939,0.0,6640938.236583939,False,False,ANALYST-CALC,"Entity deficit is an estimated position, not evidence of facility use or avoidable funding cost"
2026-04-16,E009,Aurelius Spain,EMEA,3,3,0,3592598.674809711,0.0,3592598.674809711,False,False,ANALYST-CALC,"Entity deficit is an estimated position, not evidence of facility use or avoidable funding cost"
2026-04-16,E010,Aurelius Singapore,APAC,4,3,1,1144320.545681258,-1027819.24,116501.30568125795,True,False,ANALYST-CALC,"Entity deficit is an estimated position, not evidence of facility use or avoidable funding cost"
2026-04-16,E011,Aurelius Australia,APAC,3,3,0,7324960.376524828,0.0,7324960.376524828,False,False,ANALYST-CALC,"Entity deficit is an estimated position, not evidence of facility use or avoidable funding cost"
2026-04-16,E012,Aurelius Japan,APAC,3,3,0,441660.95773163356,0.0,441660.95773163356,False,False,ANALYST-CALC,"Entity deficit is an estimated position, not evidence of facility use or avoidable funding cost"
2026-04-16,E013,Aurelius Korea,APAC,3,3,0,2881.0813731414,0.0,2881.0813731414,False,False,ANALYST-CALC,"Entity deficit is an estimated position, not evidence of facility use or avoidable funding cost"
2026-04-16,E014,Aurelius India,APAC,3,3,0,535985.0742717471,0.0,535985.0742717471,False,False,ANALYST-CALC,"Entity deficit is an estimated position, not evidence of facility use or avoidable funding cost"
2026-04-16,E015,Aurelius Hong Kong,APAC,3,3,0,431929.8818952314,0.0,431929.8818952314,False,False,ANALYST-CALC,"Entity deficit is an estimated position, not evidence of facility use or avoidable funding cost"
2026-04-16,E016,Aurelius Global Sourcing,APAC,3,3,0,2253906.73,0.0,2253906.73,False,False,ANALYST-CALC,"Entity deficit is an estimated position, not evidence of facility use or avoidable funding cost"
2026-04-17,E001,Aurelius Group Holdings,NA,4,4,0,3415340.43,0.0,3415340.43,False,False,ANALYST-CALC,"Entity deficit is an estimated position, not evidence of facility use or avoidable funding cost"
2026-04-17,E002,Aurelius Home US,NA,5,5,0,7537768.2,0.0,7537768.2,False,False,ANALYST-CALC,"Entity deficit is an estimated position, not evidence of facility use or avoidable funding cost"
2026-04-17,E003,Aurelius Wellness US,NA,4,4,0,6798680.67,0.0,6798680.67,False,False,ANALYST-CALC,"Entity deficit is an estimated position, not evidence of facility use or avoidable funding cost"
2026-04-17,E004,Aurelius Canada,NA,3,3,0,2333727.851655243,0.0,2333727.851655243,False,False,ANALYST-CALC,"Entity deficit is an estimated position, not evidence of facility use or avoidable funding cost"
2026-04-17,E005,Aurelius UK,EMEA,4,4,0,5415914.435148337,0.0,5415914.435148337,False,False,ANALYST-CALC,"Entity deficit is an estimated position, not evidence of facility use or avoidable funding cost"
2026-04-17,E006,Aurelius Germany,EMEA,4,4,0,8633674.537725182,0.0,8633674.537725182,False,False,ANALYST-CALC,"Entity deficit is an estimated position, not evidence of facility use or avoidable funding cost"
2026-04-17,E007,Aurelius France,EMEA,3,2,1,1132687.4926215329,-1096302.406331504,36385.08629002888,True,False,ANALYST-CALC,"Entity deficit is an estimated position, not evidence of facility use or avoidable funding cost"
2026-04-17,E008,Aurelius Netherlands,EMEA,3,3,0,6483999.205414629,0.0,6483999.205414629,False,False,ANALYST-CALC,"Entity deficit is an estimated position, not evidence of facility use or avoidable funding cost"
2026-04-17,E009,Aurelius Spain,EMEA,3,3,0,3587387.831801013,0.0,3587387.831801013,False,False,ANALYST-CALC,"Entity deficit is an estimated position, not evidence of facility use or avoidable funding cost"
2026-04-17,E010,Aurelius Singapore,APAC,4,3,1,1217786.6451747287,-824367.41,393419.23517472873,True,False,ANALYST-CALC,"Entity deficit is an estimated position, not evidence of facility use or avoidable funding cost"
2026-04-17,E011,Aurelius Australia,APAC,3,3,0,7372837.794640501,0.0,7372837.794640501,False,False,ANALYST-CALC,"Entity deficit is an estimated position, not evidence of facility use or avoidable funding cost"
2026-04-17,E012,Aurelius Japan,APAC,3,3,0,542723.162999044,0.0,542723.162999044,False,False,ANALYST-CALC,"Entity deficit is an estimated position, not evidence of facility use or avoidable funding cost"
2026-04-17,E013,Aurelius Korea,APAC,3,3,0,3090.1148161512,0.0,3090.1148161512,False,False,ANALYST-CALC,"Entity deficit is an estimated position, not evidence of facility use or avoidable funding cost"
2026-04-17,E014,Aurelius India,APAC,3,3,0,545503.5811782721,0.0,545503.5811782721,False,False,ANALYST-CALC,"Entity deficit is an estimated position, not evidence of facility use or avoidable funding cost"
2026-04-17,E015,Aurelius Hong Kong,APAC,3,3,0,432121.29056987277,0.0,432121.29056987277,False,False,ANALYST-CALC,"Entity deficit is an estimated position, not evidence of facility use or avoidable funding cost"
2026-04-17,E016,Aurelius Global Sourcing,APAC,3,3,0,2557590.6500000004,0.0,2557590.6500000004,False,False,ANALYST-CALC,"Entity deficit is an estimated position, not evidence of facility use or avoidable funding cost"
2026-04-18,E001,Aurelius Group Holdings,NA,4,4,0,3178300.29,0.0,3178300.29,False,False,ANALYST-CALC,"Entity deficit is an estimated position, not evidence of facility use or avoidable funding cost"
2026-04-18,E002,Aurelius Home US,NA,5,5,0,8303085.2,0.0,8303085.2,False,False,ANALYST-CALC,"Entity deficit is an estimated position, not evidence of facility use or avoidable funding cost"
2026-04-18,E003,Aurelius Wellness US,NA,4,4,0,7687558.2299999995,0.0,7687558.2299999995,False,False,ANALYST-CALC,"Entity deficit is an estimated position, not evidence of facility use or avoidable funding cost"
2026-04-18,E004,Aurelius Canada,NA,3,3,0,2354086.870297013,0.0,2354086.870297013,False,False,ANALYST-CALC,"Entity deficit is an estimated position, not evidence of facility use or avoidable funding cost"
2026-04-18,E005,Aurelius UK,EMEA,4,4,0,5308211.775244681,0.0,5308211.775244681,False,False,ANALYST-CALC,"Entity deficit is an estimated position, not evidence of facility use or avoidable funding cost"
2026-04-18,E006,Aurelius Germany,EMEA,4,4,0,9501396.250441322,0.0,9501396.250441322,False,False,ANALYST-CALC,"Entity deficit is an estimated position, not evidence of facility use or avoidable funding cost"
2026-04-18,E007,Aurelius France,EMEA,3,2,1,1323002.7966588964,-1064356.1494491098,258646.64720978652,True,False,ANALYST-CALC,"Entity deficit is an estimated position, not evidence of facility use or avoidable funding cost"
2026-04-18,E008,Aurelius Netherlands,EMEA,3,3,0,5904734.325104197,0.0,5904734.325104197,False,False,ANALYST-CALC,"Entity deficit is an estimated position, not evidence of facility use or avoidable funding cost"
2026-04-18,E009,Aurelius Spain,EMEA,3,3,0,3582450.3237003814,0.0,3582450.3237003814,False,False,ANALYST-CALC,"Entity deficit is an estimated position, not evidence of facility use or avoidable funding cost"
2026-04-18,E010,Aurelius Singapore,APAC,4,3,1,1175391.654209538,-894832.32,280559.334209538,True,False,ANALYST-CALC,"Entity deficit is an estimated position, not evidence of facility use or avoidable funding cost"
2026-04-18,E011,Aurelius Australia,APAC,3,3,0,6414853.951926041,0.0,6414853.951926041,False,False,ANALYST-CALC,"Entity deficit is an estimated position, not evidence of facility use or avoidable funding cost"
2026-04-18,E012,Aurelius Japan,APAC,3,3,0,619631.2353641934,0.0,619631.2353641934,False,False,ANALYST-CALC,"Entity deficit is an estimated position, not evidence of facility use or avoidable funding cost"
2026-04-18,E013,Aurelius Korea,APAC,3,3,0,3468.9286106719,0.0,3468.9286106719,False,False,ANALYST-CALC,"Entity deficit is an estimated position, not evidence of facility use or avoidable funding cost"
2026-04-18,E014,Aurelius India,APAC,3,3,0,572026.325143936,0.0,572026.325143936,False,False,ANALYST-CALC,"Entity deficit is an estimated position, not evidence of facility use or avoidable funding cost"
2026-04-18,E015,Aurelius Hong Kong,APAC,3,3,0,493311.83532604604,0.0,493311.83532604604,False,False,ANALYST-CALC,"Entity deficit is an estimated position, not evidence of facility use or avoidable funding cost"
2026-04-18,E016,Aurelius Global Sourcing,APAC,3,3,0,2465034.12,0.0,2465034.12,False,False,ANALYST-CALC,"Entity deficit is an estimated position, not evidence of facility use or avoidable funding cost"
2026-04-19,E001,Aurelius Group Holdings,NA,4,4,0,3505784.09,0.0,3505784.09,False,False,ANALYST-CALC,"Entity deficit is an estimated position, not evidence of facility use or avoidable funding cost"
2026-04-19,E002,Aurelius Home US,NA,5,5,0,7946912.109999999,0.0,7946912.109999999,False,False,ANALYST-CALC,"Entity deficit is an estimated position, not evidence of facility use or avoidable funding cost"
2026-04-19,E003,Aurelius Wellness US,NA,4,4,0,8873466.75,0.0,8873466.75,False,False,ANALYST-CALC,"Entity deficit is an estimated position, not evidence of facility use or avoidable funding cost"
2026-04-19,E004,Aurelius Canada,NA,3,3,0,2306010.3532028766,0.0,2306010.3532028766,False,False,ANALYST-CALC,"Entity deficit is an estimated position, not evidence of facility use or avoidable funding cost"
2026-04-19,E005,Aurelius UK,EMEA,4,4,0,4937007.929244946,0.0,4937007.929244946,False,False,ANALYST-CALC,"Entity deficit is an estimated position, not evidence of facility use or avoidable funding cost"
2026-04-19,E006,Aurelius Germany,EMEA,4,4,0,8420970.543668991,0.0,8420970.543668991,False,False,ANALYST-CALC,"Entity deficit is an estimated position, not evidence of facility use or avoidable funding cost"
2026-04-19,E007,Aurelius France,EMEA,3,2,1,1285715.9775465564,-868669.4609220475,417046.5166245089,True,False,ANALYST-CALC,"Entity deficit is an estimated position, not evidence of facility use or avoidable funding cost"
2026-04-19,E008,Aurelius Netherlands,EMEA,3,3,0,6083155.253716583,0.0,6083155.253716583,False,False,ANALYST-CALC,"Entity deficit is an estimated position, not evidence of facility use or avoidable funding cost"
2026-04-19,E009,Aurelius Spain,EMEA,3,3,0,4017408.1054571476,0.0,4017408.1054571476,False,False,ANALYST-CALC,"Entity deficit is an estimated position, not evidence of facility use or avoidable funding cost"
2026-04-19,E010,Aurelius Singapore,APAC,4,3,1,1345729.0384467589,-715480.21,630248.828446759,True,False,ANALYST-CALC,"Entity deficit is an estimated position, not evidence of facility use or avoidable funding cost"
2026-04-19,E011,Aurelius Australia,APAC,3,3,0,6903267.112795455,0.0,6903267.112795455,False,False,ANALYST-CALC,"Entity deficit is an estimated position, not evidence of facility use or avoidable funding cost"
2026-04-19,E012,Aurelius Japan,APAC,3,3,0,667619.9330970205,0.0,667619.9330970205,False,False,ANALYST-CALC,"Entity deficit is an estimated position, not evidence of facility use or avoidable funding cost"
2026-04-19,E013,Aurelius Korea,APAC,3,3,0,3398.409863244,0.0,3398.409863244,False,False,ANALYST-CALC,"Entity deficit is an estimated position, not evidence of facility use or avoidable funding cost"
2026-04-19,E014,Aurelius India,APAC,3,3,0,539530.142229327,0.0,539530.142229327,False,False,ANALYST-CALC,"Entity deficit is an estimated position, not evidence of facility use or avoidable funding cost"
2026-04-19,E015,Aurelius Hong Kong,APAC,3,3,0,407494.11259535304,0.0,407494.11259535304,False,False,ANALYST-CALC,"Entity deficit is an estimated position, not evidence of facility use or avoidable funding cost"
2026-04-19,E016,Aurelius Global Sourcing,APAC,3,3,0,3076876.07,0.0,3076876.07,False,False,ANALYST-CALC,"Entity deficit is an estimated position, not evidence of facility use or avoidable funding cost"
2026-04-20,E001,Aurelius Group Holdings,NA,4,3,0,3417152.6100000003,0.0,3417152.6100000003,False,False,ANALYST-CALC,"Entity deficit is an estimated position, not evidence of facility use or avoidable funding cost"
2026-04-20,E002,Aurelius Home US,NA,5,5,0,7430303.18,0.0,7430303.18,False,False,ANALYST-CALC,"Entity deficit is an estimated position, not evidence of facility use or avoidable funding cost"
2026-04-20,E003,Aurelius Wellness US,NA,4,4,0,7317554.1,0.0,7317554.1,False,False,ANALYST-CALC,"Entity deficit is an estimated position, not evidence of facility use or avoidable funding cost"
2026-04-20,E004,Aurelius Canada,NA,3,3,0,2336436.6529762824,0.0,2336436.6529762824,False,False,ANALYST-CALC,"Entity deficit is an estimated position, not evidence of facility use or avoidable funding cost"
2026-04-20,E005,Aurelius UK,EMEA,4,4,0,4868139.96716629,0.0,4868139.96716629,False,False,ANALYST-CALC,"Entity deficit is an estimated position, not evidence of facility use or avoidable funding cost"
2026-04-20,E006,Aurelius Germany,EMEA,4,4,0,6935638.357881354,0.0,6935638.357881354,False,False,ANALYST-CALC,"Entity deficit is an estimated position, not evidence of facility use or avoidable funding cost"
2026-04-20,E007,Aurelius France,EMEA,3,2,1,1141600.6794044615,-1133695.9749172656,7904.704487195937,True,False,ANALYST-CALC,"Entity deficit is an estimated position, not evidence of facility use or avoidable funding cost"
2026-04-20,E008,Aurelius Netherlands,EMEA,3,3,0,5300629.169623703,0.0,5300629.169623703,False,False,ANALYST-CALC,"Entity deficit is an estimated position, not evidence of facility use or avoidable funding cost"
2026-04-20,E009,Aurelius Spain,EMEA,3,3,0,4380462.572475006,0.0,4380462.572475006,False,False,ANALYST-CALC,"Entity deficit is an estimated position, not evidence of facility use or avoidable funding cost"
2026-04-20,E010,Aurelius Singapore,APAC,4,3,1,1177957.4044425013,-822730.1,355227.3044425012,True,False,ANALYST-CALC,"Entity deficit is an estimated position, not evidence of facility use or avoidable funding cost"
2026-04-20,E011,Aurelius Australia,APAC,3,3,0,6761520.873007016,0.0,6761520.873007016,False,False,ANALYST-CALC,"Entity deficit is an estimated position, not evidence of facility use or avoidable funding cost"
2026-04-20,E012,Aurelius Japan,APAC,3,3,0,602051.2663992348,0.0,602051.2663992348,False,False,ANALYST-CALC,"Entity deficit is an estimated position, not evidence of facility use or avoidable funding cost"
2026-04-20,E013,Aurelius Korea,APAC,3,3,0,3262.0661679310006,0.0,3262.0661679310006,False,False,ANALYST-CALC,"Entity deficit is an estimated position, not evidence of facility use or avoidable funding cost"
2026-04-20,E014,Aurelius India,APAC,3,3,0,455990.1904933775,0.0,455990.1904933775,False,False,ANALYST-CALC,"Entity deficit is an estimated position, not evidence of facility use or avoidable funding cost"
2026-04-20,E015,Aurelius Hong Kong,APAC,3,3,0,465466.875591222,0.0,465466.875591222,False,False,ANALYST-CALC,"Entity deficit is an estimated position, not evidence of facility use or avoidable funding cost"
2026-04-20,E016,Aurelius Global Sourcing,APAC,3,3,0,2868870.4000000004,0.0,2868870.4000000004,False,False,ANALYST-CALC,"Entity deficit is an estimated position, not evidence of facility use or avoidable funding cost"
2026-04-21,E001,Aurelius Group Holdings,NA,4,4,0,3692906.61,0.0,3692906.61,False,False,ANALYST-CALC,"Entity deficit is an estimated position, not evidence of facility use or avoidable funding cost"
2026-04-21,E002,Aurelius Home US,NA,5,5,0,7302037.470000001,0.0,7302037.470000001,False,False,ANALYST-CALC,"Entity deficit is an estimated position, not evidence of facility use or avoidable funding cost"
2026-04-21,E003,Aurelius Wellness US,NA,4,4,0,6900251.4799999995,0.0,6900251.4799999995,False,False,ANALYST-CALC,"Entity deficit is an estimated position, not evidence of facility use or avoidable funding cost"
2026-04-21,E004,Aurelius Canada,NA,3,3,0,2435989.7982577686,0.0,2435989.7982577686,False,False,ANALYST-CALC,"Entity deficit is an estimated position, not evidence of facility use or avoidable funding cost"
2026-04-21,E005,Aurelius UK,EMEA,4,4,0,5117564.592434577,0.0,5117564.592434577,False,False,ANALYST-CALC,"Entity deficit is an estimated position, not evidence of facility use or avoidable funding cost"
2026-04-21,E006,Aurelius Germany,EMEA,4,4,0,7699342.908836843,0.0,7699342.908836843,False,False,ANALYST-CALC,"Entity deficit is an estimated position, not evidence of facility use or avoidable funding cost"
2026-04-21,E007,Aurelius France,EMEA,3,2,1,1200328.142992766,-1370422.5794195202,-170094.436426754,True,True,ANALYST-CALC,"Entity deficit is an estimated position, not evidence of facility use or avoidable funding cost"
2026-04-21,E008,Aurelius Netherlands,EMEA,3,3,0,5629674.744117697,0.0,5629674.744117697,False,False,ANALYST-CALC,"Entity deficit is an estimated position, not evidence of facility use or avoidable funding cost"
2026-04-21,E009,Aurelius Spain,EMEA,3,3,0,3722392.821215839,0.0,3722392.821215839,False,False,ANALYST-CALC,"Entity deficit is an estimated position, not evidence of facility use or avoidable funding cost"
2026-04-21,E010,Aurelius Singapore,APAC,4,3,1,1193649.6874401027,-1010223.3,183426.38744010264,True,False,ANALYST-CALC,"Entity deficit is an estimated position, not evidence of facility use or avoidable funding cost"
2026-04-21,E011,Aurelius Australia,APAC,3,3,0,7117210.154495442,0.0,7117210.154495442,False,False,ANALYST-CALC,"Entity deficit is an estimated position, not evidence of facility use or avoidable funding cost"
2026-04-21,E012,Aurelius Japan,APAC,3,3,0,474472.16066327406,0.0,474472.16066327406,False,False,ANALYST-CALC,"Entity deficit is an estimated position, not evidence of facility use or avoidable funding cost"
2026-04-21,E013,Aurelius Korea,APAC,3,3,0,2832.8068077187,0.0,2832.8068077187,False,False,ANALYST-CALC,"Entity deficit is an estimated position, not evidence of facility use or avoidable funding cost"
2026-04-21,E014,Aurelius India,APAC,3,3,0,464134.92161931447,0.0,464134.92161931447,False,False,ANALYST-CALC,"Entity deficit is an estimated position, not evidence of facility use or avoidable funding cost"
2026-04-21,E015,Aurelius Hong Kong,APAC,3,3,0,419703.2406762178,0.0,419703.2406762178,False,False,ANALYST-CALC,"Entity deficit is an estimated position, not evidence of facility use or avoidable funding cost"
2026-04-21,E016,Aurelius Global Sourcing,APAC,3,3,0,2681163.08,0.0,2681163.08,False,False,ANALYST-CALC,"Entity deficit is an estimated position, not evidence of facility use or avoidable funding cost"
2026-04-22,E001,Aurelius Group Holdings,NA,4,4,0,3716751.11,0.0,3716751.11,False,False,ANALYST-CALC,"Entity deficit is an estimated position, not evidence of facility use or avoidable funding cost"
2026-04-22,E002,Aurelius Home US,NA,5,5,0,7300268.77,0.0,7300268.77,False,False,ANALYST-CALC,"Entity deficit is an estimated position, not evidence of facility use or avoidable funding cost"
2026-04-22,E003,Aurelius Wellness US,NA,4,4,0,7213022.71,0.0,7213022.71,False,False,ANALYST-CALC,"Entity deficit is an estimated position, not evidence of facility use or avoidable funding cost"
2026-04-22,E004,Aurelius Canada,NA,3,3,0,2216813.307382459,0.0,2216813.307382459,False,False,ANALYST-CALC,"Entity deficit is an estimated position, not evidence of facility use or avoidable funding cost"
2026-04-22,E005,Aurelius UK,EMEA,4,4,0,5334799.49285586,0.0,5334799.49285586,False,False,ANALYST-CALC,"Entity deficit is an estimated position, not evidence of facility use or avoidable funding cost"
2026-04-22,E006,Aurelius Germany,EMEA,4,4,0,8777792.716099154,0.0,8777792.716099154,False,False,ANALYST-CALC,"Entity deficit is an estimated position, not evidence of facility use or avoidable funding cost"
2026-04-22,E007,Aurelius France,EMEA,3,2,1,1461936.652777849,-1269407.8005401338,192528.85223771515,True,False,ANALYST-CALC,"Entity deficit is an estimated position, not evidence of facility use or avoidable funding cost"
2026-04-22,E008,Aurelius Netherlands,EMEA,3,3,0,6455342.121874902,0.0,6455342.121874902,False,False,ANALYST-CALC,"Entity deficit is an estimated position, not evidence of facility use or avoidable funding cost"
2026-04-22,E009,Aurelius Spain,EMEA,3,3,0,3937782.631945247,0.0,3937782.631945247,False,False,ANALYST-CALC,"Entity deficit is an estimated position, not evidence of facility use or avoidable funding cost"
2026-04-22,E010,Aurelius Singapore,APAC,4,3,1,1191123.480428904,-992352.7,198770.78042890408,True,False,ANALYST-CALC,"Entity deficit is an estimated position, not evidence of facility use or avoidable funding cost"
2026-04-22,E011,Aurelius Australia,APAC,3,3,0,7509500.337076281,0.0,7509500.337076281,False,False,ANALYST-CALC,"Entity deficit is an estimated position, not evidence of facility use or avoidable funding cost"
2026-04-22,E012,Aurelius Japan,APAC,3,3,0,585718.794828208,0.0,585718.794828208,False,False,ANALYST-CALC,"Entity deficit is an estimated position, not evidence of facility use or avoidable funding cost"
2026-04-22,E013,Aurelius Korea,APAC,3,3,0,3005.2478143615003,0.0,3005.2478143615003,False,False,ANALYST-CALC,"Entity deficit is an estimated position, not evidence of facility use or avoidable funding cost"
2026-04-22,E014,Aurelius India,APAC,3,3,0,413892.6755697811,0.0,413892.6755697811,False,False,ANALYST-CALC,"Entity deficit is an estimated position, not evidence of facility use or avoidable funding cost"
2026-04-22,E015,Aurelius Hong Kong,APAC,3,3,0,409515.096347863,0.0,409515.096347863,False,False,ANALYST-CALC,"Entity deficit is an estimated position, not evidence of facility use or avoidable funding cost"
2026-04-22,E016,Aurelius Global Sourcing,APAC,3,3,0,2664054.05,0.0,2664054.05,False,False,ANALYST-CALC,"Entity deficit is an estimated position, not evidence of facility use or avoidable funding cost"
2026-04-23,E001,Aurelius Group Holdings,NA,4,4,0,3736636.42,0.0,3736636.42,False,False,ANALYST-CALC,"Entity deficit is an estimated position, not evidence of facility use or avoidable funding cost"
2026-04-23,E002,Aurelius Home US,NA,5,5,0,8151711.1899999995,0.0,8151711.1899999995,False,False,ANALYST-CALC,"Entity deficit is an estimated position, not evidence of facility use or avoidable funding cost"
2026-04-23,E003,Aurelius Wellness US,NA,4,4,0,7051043.3,0.0,7051043.3,False,False,ANALYST-CALC,"Entity deficit is an estimated position, not evidence of facility use or avoidable funding cost"
2026-04-23,E004,Aurelius Canada,NA,3,3,0,2276938.528556121,0.0,2276938.528556121,False,False,ANALYST-CALC,"Entity deficit is an estimated position, not evidence of facility use or avoidable funding cost"
2026-04-23,E005,Aurelius UK,EMEA,4,4,0,5132876.2968281545,0.0,5132876.2968281545,False,False,ANALYST-CALC,"Entity deficit is an estimated position, not evidence of facility use or avoidable funding cost"
2026-04-23,E006,Aurelius Germany,EMEA,4,4,0,8539606.741734201,0.0,8539606.741734201,False,False,ANALYST-CALC,"Entity deficit is an estimated position, not evidence of facility use or avoidable funding cost"
2026-04-23,E007,Aurelius France,EMEA,3,2,1,1310590.213226878,-1195082.923091926,115507.29013495229,True,False,ANALYST-CALC,"Entity deficit is an estimated position, not evidence of facility use or avoidable funding cost"
2026-04-23,E008,Aurelius Netherlands,EMEA,3,3,0,6176016.538034898,0.0,6176016.538034898,False,False,ANALYST-CALC,"Entity deficit is an estimated position, not evidence of facility use or avoidable funding cost"
2026-04-23,E009,Aurelius Spain,EMEA,3,3,0,3639835.4788722,0.0,3639835.4788722,False,False,ANALYST-CALC,"Entity deficit is an estimated position, not evidence of facility use or avoidable funding cost"
2026-04-23,E010,Aurelius Singapore,APAC,4,3,1,1158842.7110866662,-854538.14,304304.57108666614,True,False,ANALYST-CALC,"Entity deficit is an estimated position, not evidence of facility use or avoidable funding cost"
2026-04-23,E011,Aurelius Australia,APAC,3,3,0,7985684.563898261,0.0,7985684.563898261,False,False,ANALYST-CALC,"Entity deficit is an estimated position, not evidence of facility use or avoidable funding cost"
2026-04-23,E012,Aurelius Japan,APAC,3,3,0,513968.477030873,0.0,513968.477030873,False,False,ANALYST-CALC,"Entity deficit is an estimated position, not evidence of facility use or avoidable funding cost"
2026-04-23,E013,Aurelius Korea,APAC,3,3,0,2890.8900738999,0.0,2890.8900738999,False,False,ANALYST-CALC,"Entity deficit is an estimated position, not evidence of facility use or avoidable funding cost"
2026-04-23,E014,Aurelius India,APAC,3,3,0,542443.811749798,0.0,542443.811749798,False,False,ANALYST-CALC,"Entity deficit is an estimated position, not evidence of facility use or avoidable funding cost"
2026-04-23,E015,Aurelius Hong Kong,APAC,3,3,0,478793.6742409242,0.0,478793.6742409242,False,False,ANALYST-CALC,"Entity deficit is an estimated position, not evidence of facility use or avoidable funding cost"
2026-04-23,E016,Aurelius Global Sourcing,APAC,3,3,0,2475023.62,0.0,2475023.62,False,False,ANALYST-CALC,"Entity deficit is an estimated position, not evidence of facility use or avoidable funding cost"
2026-04-24,E001,Aurelius Group Holdings,NA,4,4,0,3569049.9,0.0,3569049.9,False,False,ANALYST-CALC,"Entity deficit is an estimated position, not evidence of facility use or avoidable funding cost"
2026-04-24,E002,Aurelius Home US,NA,5,5,0,7629284.97,0.0,7629284.97,False,False,ANALYST-CALC,"Entity deficit is an estimated position, not evidence of facility use or avoidable funding cost"
2026-04-24,E003,Aurelius Wellness US,NA,4,4,0,6546855.640000001,0.0,6546855.640000001,False,False,ANALYST-CALC,"Entity deficit is an estimated position, not evidence of facility use or avoidable funding cost"
2026-04-24,E004,Aurelius Canada,NA,3,3,0,2255382.2853085953,0.0,2255382.2853085953,False,False,ANALYST-CALC,"Entity deficit is an estimated position, not evidence of facility use or avoidable funding cost"
2026-04-24,E005,Aurelius UK,EMEA,4,4,0,5320876.263882734,0.0,5320876.263882734,False,False,ANALYST-CALC,"Entity deficit is an estimated position, not evidence of facility use or avoidable funding cost"
2026-04-24,E006,Aurelius Germany,EMEA,4,4,0,8407355.90268827,0.0,8407355.90268827,False,False,ANALYST-CALC,"Entity deficit is an estimated position, not evidence of facility use or avoidable funding cost"
2026-04-24,E007,Aurelius France,EMEA,3,2,1,1331910.64854878,-1101954.4708445626,229956.17770421738,True,False,ANALYST-CALC,"Entity deficit is an estimated position, not evidence of facility use or avoidable funding cost"
2026-04-24,E008,Aurelius Netherlands,EMEA,3,3,0,6612083.40322023,0.0,6612083.40322023,False,False,ANALYST-CALC,"Entity deficit is an estimated position, not evidence of facility use or avoidable funding cost"
2026-04-24,E009,Aurelius Spain,EMEA,3,3,0,3694904.8102293774,0.0,3694904.8102293774,False,False,ANALYST-CALC,"Entity deficit is an estimated position, not evidence of facility use or avoidable funding cost"
2026-04-24,E010,Aurelius Singapore,APAC,4,3,1,1288124.6161753368,-1027525.43,260599.18617533683,True,False,ANALYST-CALC,"Entity deficit is an estimated position, not evidence of facility use or avoidable funding cost"
2026-04-24,E011,Aurelius Australia,APAC,3,3,0,6983604.868188565,0.0,6983604.868188565,False,False,ANALYST-CALC,"Entity deficit is an estimated position, not evidence of facility use or avoidable funding cost"
2026-04-24,E012,Aurelius Japan,APAC,3,3,0,532823.599811613,0.0,532823.599811613,False,False,ANALYST-CALC,"Entity deficit is an estimated position, not evidence of facility use or avoidable funding cost"
2026-04-24,E013,Aurelius Korea,APAC,3,3,0,3076.8106411515996,0.0,3076.8106411515996,False,False,ANALYST-CALC,"Entity deficit is an estimated position, not evidence of facility use or avoidable funding cost"
2026-04-24,E014,Aurelius India,APAC,3,3,0,493413.11454293155,0.0,493413.11454293155,False,False,ANALYST-CALC,"Entity deficit is an estimated position, not evidence of facility use or avoidable funding cost"
2026-04-24,E015,Aurelius Hong Kong,APAC,3,3,0,512656.2937196078,0.0,512656.2937196078,False,False,ANALYST-CALC,"Entity deficit is an estimated position, not evidence of facility use or avoidable funding cost"
2026-04-24,E016,Aurelius Global Sourcing,APAC,3,3,0,2456919.18,0.0,2456919.18,False,False,ANALYST-CALC,"Entity deficit is an estimated position, not evidence of facility use or avoidable funding cost"
2026-04-25,E001,Aurelius Group Holdings,NA,4,4,0,3636475.81,0.0,3636475.81,False,False,ANALYST-CALC,"Entity deficit is an estimated position, not evidence of facility use or avoidable funding cost"
2026-04-25,E002,Aurelius Home US,NA,5,5,0,8463939.59,0.0,8463939.59,False,False,ANALYST-CALC,"Entity deficit is an estimated position, not evidence of facility use or avoidable funding cost"
2026-04-25,E003,Aurelius Wellness US,NA,4,4,0,7595066.02,0.0,7595066.02,False,False,ANALYST-CALC,"Entity deficit is an estimated position, not evidence of facility use or avoidable funding cost"
2026-04-25,E004,Aurelius Canada,NA,3,3,0,2618394.1281034155,0.0,2618394.1281034155,False,False,ANALYST-CALC,"Entity deficit is an estimated position, not evidence of facility use or avoidable funding cost"
2026-04-25,E005,Aurelius UK,EMEA,4,4,0,4908506.756420401,0.0,4908506.756420401,False,False,ANALYST-CALC,"Entity deficit is an estimated position, not evidence of facility use or avoidable funding cost"
2026-04-25,E006,Aurelius Germany,EMEA,4,4,0,9333930.644904394,0.0,9333930.644904394,False,False,ANALYST-CALC,"Entity deficit is an estimated position, not evidence of facility use or avoidable funding cost"
2026-04-25,E007,Aurelius France,EMEA,3,2,1,1236392.784830072,-1203363.6880432845,33029.096786787384,True,False,ANALYST-CALC,"Entity deficit is an estimated position, not evidence of facility use or avoidable funding cost"
2026-04-25,E008,Aurelius Netherlands,EMEA,3,3,0,5680247.561481467,0.0,5680247.561481467,False,False,ANALYST-CALC,"Entity deficit is an estimated position, not evidence of facility use or avoidable funding cost"
2026-04-25,E009,Aurelius Spain,EMEA,3,3,0,3534558.495793417,0.0,3534558.495793417,False,False,ANALYST-CALC,"Entity deficit is an estimated position, not evidence of facility use or avoidable funding cost"
2026-04-25,E010,Aurelius Singapore,APAC,4,3,1,1374246.8854314636,-851683.74,522563.1454314637,True,False,ANALYST-CALC,"Entity deficit is an estimated position, not evidence of facility use or avoidable funding cost"
2026-04-25,E011,Aurelius Australia,APAC,3,3,0,6455544.175192563,0.0,6455544.175192563,False,False,ANALYST-CALC,"Entity deficit is an estimated position, not evidence of facility use or avoidable funding cost"
2026-04-25,E012,Aurelius Japan,APAC,3,3,0,579646.9203783671,0.0,579646.9203783671,False,False,ANALYST-CALC,"Entity deficit is an estimated position, not evidence of facility use or avoidable funding cost"
2026-04-25,E013,Aurelius Korea,APAC,3,3,0,3602.3301414927,0.0,3602.3301414927,False,False,ANALYST-CALC,"Entity deficit is an estimated position, not evidence of facility use or avoidable funding cost"
2026-04-25,E014,Aurelius India,APAC,3,3,0,566647.5965058072,0.0,566647.5965058072,False,False,ANALYST-CALC,"Entity deficit is an estimated position, not evidence of facility use or avoidable funding cost"
2026-04-25,E015,Aurelius Hong Kong,APAC,3,3,0,437887.7166445768,0.0,437887.7166445768,False,False,ANALYST-CALC,"Entity deficit is an estimated position, not evidence of facility use or avoidable funding cost"
2026-04-25,E016,Aurelius Global Sourcing,APAC,3,3,0,2756072.51,0.0,2756072.51,False,False,ANALYST-CALC,"Entity deficit is an estimated position, not evidence of facility use or avoidable funding cost"
2026-04-26,E001,Aurelius Group Holdings,NA,4,4,0,3304312.64,0.0,3304312.64,False,False,ANALYST-CALC,"Entity deficit is an estimated position, not evidence of facility use or avoidable funding cost"
2026-04-26,E002,Aurelius Home US,NA,5,5,0,8281317.87,0.0,8281317.87,False,False,ANALYST-CALC,"Entity deficit is an estimated position, not evidence of facility use or avoidable funding cost"
2026-04-26,E003,Aurelius Wellness US,NA,4,4,0,7751444.48,0.0,7751444.48,False,False,ANALYST-CALC,"Entity deficit is an estimated position, not evidence of facility use or avoidable funding cost"
2026-04-26,E004,Aurelius Canada,NA,3,3,0,2397872.718056077,0.0,2397872.718056077,False,False,ANALYST-CALC,"Entity deficit is an estimated position, not evidence of facility use or avoidable funding cost"
2026-04-26,E005,Aurelius UK,EMEA,4,4,0,4713378.071411303,0.0,4713378.071411303,False,False,ANALYST-CALC,"Entity deficit is an estimated position, not evidence of facility use or avoidable funding cost"
2026-04-26,E006,Aurelius Germany,EMEA,4,4,0,8306141.236892958,0.0,8306141.236892958,False,False,ANALYST-CALC,"Entity deficit is an estimated position, not evidence of facility use or avoidable funding cost"
2026-04-26,E007,Aurelius France,EMEA,3,2,1,1339320.2782342897,-944959.7805140305,394360.4977202592,True,False,ANALYST-CALC,"Entity deficit is an estimated position, not evidence of facility use or avoidable funding cost"
2026-04-26,E008,Aurelius Netherlands,EMEA,3,3,0,5879607.191590157,0.0,5879607.191590157,False,False,ANALYST-CALC,"Entity deficit is an estimated position, not evidence of facility use or avoidable funding cost"
2026-04-26,E009,Aurelius Spain,EMEA,3,3,0,3798127.3996839537,0.0,3798127.3996839537,False,False,ANALYST-CALC,"Entity deficit is an estimated position, not evidence of facility use or avoidable funding cost"
2026-04-26,E010,Aurelius Singapore,APAC,4,3,1,1340854.613390103,-733893.98,606960.633390103,True,False,ANALYST-CALC,"Entity deficit is an estimated position, not evidence of facility use or avoidable funding cost"
2026-04-26,E011,Aurelius Australia,APAC,3,3,0,6884896.107958008,0.0,6884896.107958008,False,False,ANALYST-CALC,"Entity deficit is an estimated position, not evidence of facility use or avoidable funding cost"
2026-04-26,E012,Aurelius Japan,APAC,3,3,0,525718.0460544132,0.0,525718.0460544132,False,False,ANALYST-CALC,"Entity deficit is an estimated position, not evidence of facility use or avoidable funding cost"
2026-04-26,E013,Aurelius Korea,APAC,3,3,0,3344.7972838605,0.0,3344.7972838605,False,False,ANALYST-CALC,"Entity deficit is an estimated position, not evidence of facility use or avoidable funding cost"
2026-04-26,E014,Aurelius India,APAC,3,3,0,538455.7237732359,0.0,538455.7237732359,False,False,ANALYST-CALC,"Entity deficit is an estimated position, not evidence of facility use or avoidable funding cost"
2026-04-26,E015,Aurelius Hong Kong,APAC,3,3,0,510988.51874687156,0.0,510988.51874687156,False,False,ANALYST-CALC,"Entity deficit is an estimated position, not evidence of facility use or avoidable funding cost"
2026-04-26,E016,Aurelius Global Sourcing,APAC,3,3,0,2777692.92,0.0,2777692.92,False,False,ANALYST-CALC,"Entity deficit is an estimated position, not evidence of facility use or avoidable funding cost"
2026-04-27,E001,Aurelius Group Holdings,NA,4,4,0,3627470.35,0.0,3627470.35,False,False,ANALYST-CALC,"Entity deficit is an estimated position, not evidence of facility use or avoidable funding cost"
2026-04-27,E002,Aurelius Home US,NA,5,5,0,7190243.41,0.0,7190243.41,False,False,ANALYST-CALC,"Entity deficit is an estimated position, not evidence of facility use or avoidable funding cost"
2026-04-27,E003,Aurelius Wellness US,NA,4,4,0,7588104.55,0.0,7588104.55,False,False,ANALYST-CALC,"Entity deficit is an estimated position, not evidence of facility use or avoidable funding cost"
2026-04-27,E004,Aurelius Canada,NA,3,3,0,2151753.333311135,0.0,2151753.333311135,False,False,ANALYST-CALC,"Entity deficit is an estimated position, not evidence of facility use or avoidable funding cost"
2026-04-27,E005,Aurelius UK,EMEA,4,4,0,5148464.609365026,0.0,5148464.609365026,False,False,ANALYST-CALC,"Entity deficit is an estimated position, not evidence of facility use or avoidable funding cost"
2026-04-27,E006,Aurelius Germany,EMEA,4,4,0,7650918.654445994,0.0,7650918.654445994,False,False,ANALYST-CALC,"Entity deficit is an estimated position, not evidence of facility use or avoidable funding cost"
2026-04-27,E007,Aurelius France,EMEA,3,2,1,1039981.8890021387,-1071187.2745091387,-31205.385506999854,True,True,ANALYST-CALC,"Entity deficit is an estimated position, not evidence of facility use or avoidable funding cost"
2026-04-27,E008,Aurelius Netherlands,EMEA,3,3,0,5373791.320121288,0.0,5373791.320121288,False,False,ANALYST-CALC,"Entity deficit is an estimated position, not evidence of facility use or avoidable funding cost"
2026-04-27,E009,Aurelius Spain,EMEA,3,3,0,4082889.0610739207,0.0,4082889.0610739207,False,False,ANALYST-CALC,"Entity deficit is an estimated position, not evidence of facility use or avoidable funding cost"
2026-04-27,E010,Aurelius Singapore,APAC,4,3,1,1220233.141208893,-879821.52,340411.62120889284,True,False,ANALYST-CALC,"Entity deficit is an estimated position, not evidence of facility use or avoidable funding cost"
2026-04-27,E011,Aurelius Australia,APAC,3,3,0,6286626.940610908,0.0,6286626.940610908,False,False,ANALYST-CALC,"Entity deficit is an estimated position, not evidence of facility use or avoidable funding cost"
2026-04-27,E012,Aurelius Japan,APAC,3,3,0,592898.764743318,0.0,592898.764743318,False,False,ANALYST-CALC,"Entity deficit is an estimated position, not evidence of facility use or avoidable funding cost"
2026-04-27,E013,Aurelius Korea,APAC,3,3,0,3231.316393774,0.0,3231.316393774,False,False,ANALYST-CALC,"Entity deficit is an estimated position, not evidence of facility use or avoidable funding cost"
2026-04-27,E014,Aurelius India,APAC,3,3,0,419994.49655106897,0.0,419994.49655106897,False,False,ANALYST-CALC,"Entity deficit is an estimated position, not evidence of facility use or avoidable funding cost"
2026-04-27,E015,Aurelius Hong Kong,APAC,3,3,0,482294.2135234648,0.0,482294.2135234648,False,False,ANALYST-CALC,"Entity deficit is an estimated position, not evidence of facility use or avoidable funding cost"
2026-04-27,E016,Aurelius Global Sourcing,APAC,3,3,0,3070722.23,0.0,3070722.23,False,False,ANALYST-CALC,"Entity deficit is an estimated position, not evidence of facility use or avoidable funding cost"
2026-04-28,E001,Aurelius Group Holdings,NA,4,4,0,3874010.56,0.0,3874010.56,False,False,ANALYST-CALC,"Entity deficit is an estimated position, not evidence of facility use or avoidable funding cost"
2026-04-28,E002,Aurelius Home US,NA,5,5,0,7280721.74,0.0,7280721.74,False,False,ANALYST-CALC,"Entity deficit is an estimated position, not evidence of facility use or avoidable funding cost"
2026-04-28,E003,Aurelius Wellness US,NA,4,4,0,7338505.2,0.0,7338505.2,False,False,ANALYST-CALC,"Entity deficit is an estimated position, not evidence of facility use or avoidable funding cost"
2026-04-28,E004,Aurelius Canada,NA,3,3,0,2016643.6980787297,0.0,2016643.6980787297,False,False,ANALYST-CALC,"Entity deficit is an estimated position, not evidence of facility use or avoidable funding cost"
2026-04-28,E005,Aurelius UK,EMEA,4,4,0,4494781.543198694,0.0,4494781.543198694,False,False,ANALYST-CALC,"Entity deficit is an estimated position, not evidence of facility use or avoidable funding cost"
2026-04-28,E006,Aurelius Germany,EMEA,4,4,0,7810058.169657602,0.0,7810058.169657602,False,False,ANALYST-CALC,"Entity deficit is an estimated position, not evidence of facility use or avoidable funding cost"
2026-04-28,E007,Aurelius France,EMEA,3,2,1,1052459.9778880654,-1156657.7529114638,-104197.77502339851,True,True,ANALYST-CALC,"Entity deficit is an estimated position, not evidence of facility use or avoidable funding cost"
2026-04-28,E008,Aurelius Netherlands,EMEA,3,3,0,4736563.356347602,0.0,4736563.356347602,False,False,ANALYST-CALC,"Entity deficit is an estimated position, not evidence of facility use or avoidable funding cost"
2026-04-28,E009,Aurelius Spain,EMEA,3,3,0,3729360.2878049724,0.0,3729360.2878049724,False,False,ANALYST-CALC,"Entity deficit is an estimated position, not evidence of facility use or avoidable funding cost"
2026-04-28,E010,Aurelius Singapore,APAC,4,3,1,1151674.5882198557,-871887.33,279787.25821985584,True,False,ANALYST-CALC,"Entity deficit is an estimated position, not evidence of facility use or avoidable funding cost"
2026-04-28,E011,Aurelius Australia,APAC,3,3,0,7005270.679443723,0.0,7005270.679443723,False,False,ANALYST-CALC,"Entity deficit is an estimated position, not evidence of facility use or avoidable funding cost"
2026-04-28,E012,Aurelius Japan,APAC,3,3,0,603122.399518377,0.0,603122.399518377,False,False,ANALYST-CALC,"Entity deficit is an estimated position, not evidence of facility use or avoidable funding cost"
2026-04-28,E013,Aurelius Korea,APAC,3,3,0,2947.8183697071,0.0,2947.8183697071,False,False,ANALYST-CALC,"Entity deficit is an estimated position, not evidence of facility use or avoidable funding cost"
2026-04-28,E014,Aurelius India,APAC,3,3,0,489727.17778300954,0.0,489727.17778300954,False,False,ANALYST-CALC,"Entity deficit is an estimated position, not evidence of facility use or avoidable funding cost"
2026-04-28,E015,Aurelius Hong Kong,APAC,3,3,0,407210.19522768405,0.0,407210.19522768405,False,False,ANALYST-CALC,"Entity deficit is an estimated position, not evidence of facility use or avoidable funding cost"
2026-04-28,E016,Aurelius Global Sourcing,APAC,3,3,0,2931045.12,0.0,2931045.12,False,False,ANALYST-CALC,"Entity deficit is an estimated position, not evidence of facility use or avoidable funding cost"
2026-04-29,E001,Aurelius Group Holdings,NA,4,4,0,3754447.13,0.0,3754447.13,False,False,ANALYST-CALC,"Entity deficit is an estimated position, not evidence of facility use or avoidable funding cost"
2026-04-29,E002,Aurelius Home US,NA,5,5,0,7722936.01,0.0,7722936.01,False,False,ANALYST-CALC,"Entity deficit is an estimated position, not evidence of facility use or avoidable funding cost"
2026-04-29,E003,Aurelius Wellness US,NA,4,4,0,7363677.97,0.0,7363677.97,False,False,ANALYST-CALC,"Entity deficit is an estimated position, not evidence of facility use or avoidable funding cost"
2026-04-29,E004,Aurelius Canada,NA,3,3,0,2318841.594207828,0.0,2318841.594207828,False,False,ANALYST-CALC,"Entity deficit is an estimated position, not evidence of facility use or avoidable funding cost"
2026-04-29,E005,Aurelius UK,EMEA,4,4,0,4695258.818666387,0.0,4695258.818666387,False,False,ANALYST-CALC,"Entity deficit is an estimated position, not evidence of facility use or avoidable funding cost"
2026-04-29,E006,Aurelius Germany,EMEA,4,4,0,8561212.434748955,0.0,8561212.434748955,False,False,ANALYST-CALC,"Entity deficit is an estimated position, not evidence of facility use or avoidable funding cost"
2026-04-29,E007,Aurelius France,EMEA,3,2,1,1178842.26644252,-1275110.1191412238,-96267.85269870388,True,True,ANALYST-CALC,"Entity deficit is an estimated position, not evidence of facility use or avoidable funding cost"
2026-04-29,E008,Aurelius Netherlands,EMEA,3,3,0,5889879.030251758,0.0,5889879.030251758,False,False,ANALYST-CALC,"Entity deficit is an estimated position, not evidence of facility use or avoidable funding cost"
2026-04-29,E009,Aurelius Spain,EMEA,3,3,0,4028516.90473294,0.0,4028516.90473294,False,False,ANALYST-CALC,"Entity deficit is an estimated position, not evidence of facility use or avoidable funding cost"
2026-04-29,E010,Aurelius Singapore,APAC,4,3,1,1055135.9199455914,-1083452.46,-28316.540054408542,True,True,ANALYST-CALC,"Entity deficit is an estimated position, not evidence of facility use or avoidable funding cost"
2026-04-29,E011,Aurelius Australia,APAC,3,3,0,7530851.598964974,0.0,7530851.598964974,False,False,ANALYST-CALC,"Entity deficit is an estimated position, not evidence of facility use or avoidable funding cost"
2026-04-29,E012,Aurelius Japan,APAC,3,3,0,551032.713990157,0.0,551032.713990157,False,False,ANALYST-CALC,"Entity deficit is an estimated position, not evidence of facility use or avoidable funding cost"
2026-04-29,E013,Aurelius Korea,APAC,3,3,0,3107.7835760860003,0.0,3107.7835760860003,False,False,ANALYST-CALC,"Entity deficit is an estimated position, not evidence of facility use or avoidable funding cost"
2026-04-29,E014,Aurelius India,APAC,3,3,0,489956.0284566256,0.0,489956.0284566256,False,False,ANALYST-CALC,"Entity deficit is an estimated position, not evidence of facility use or avoidable funding cost"
2026-04-29,E015,Aurelius Hong Kong,APAC,3,3,0,442451.3927666324,0.0,442451.3927666324,False,False,ANALYST-CALC,"Entity deficit is an estimated position, not evidence of facility use or avoidable funding cost"
2026-04-29,E016,Aurelius Global Sourcing,APAC,3,3,0,2671025.7,0.0,2671025.7,False,False,ANALYST-CALC,"Entity deficit is an estimated position, not evidence of facility use or avoidable funding cost"
2026-04-30,E001,Aurelius Group Holdings,NA,4,4,0,3895662.5500000003,0.0,3895662.5500000003,False,False,ANALYST-CALC,"Entity deficit is an estimated position, not evidence of facility use or avoidable funding cost"
2026-04-30,E002,Aurelius Home US,NA,5,5,0,7625260.66,0.0,7625260.66,False,False,ANALYST-CALC,"Entity deficit is an estimated position, not evidence of facility use or avoidable funding cost"
2026-04-30,E003,Aurelius Wellness US,NA,4,4,0,6777077.33,0.0,6777077.33,False,False,ANALYST-CALC,"Entity deficit is an estimated position, not evidence of facility use or avoidable funding cost"
2026-04-30,E004,Aurelius Canada,NA,3,3,0,2270346.154868614,0.0,2270346.154868614,False,False,ANALYST-CALC,"Entity deficit is an estimated position, not evidence of facility use or avoidable funding cost"
2026-04-30,E005,Aurelius UK,EMEA,4,4,0,4942210.736676609,0.0,4942210.736676609,False,False,ANALYST-CALC,"Entity deficit is an estimated position, not evidence of facility use or avoidable funding cost"
2026-04-30,E006,Aurelius Germany,EMEA,4,4,0,8653526.1523796,0.0,8653526.1523796,False,False,ANALYST-CALC,"Entity deficit is an estimated position, not evidence of facility use or avoidable funding cost"
2026-04-30,E007,Aurelius France,EMEA,3,2,1,1419447.9642684588,-1410497.3987322345,8950.565536224283,True,False,ANALYST-CALC,"Entity deficit is an estimated position, not evidence of facility use or avoidable funding cost"
2026-04-30,E008,Aurelius Netherlands,EMEA,3,3,0,7096472.981540529,0.0,7096472.981540529,False,False,ANALYST-CALC,"Entity deficit is an estimated position, not evidence of facility use or avoidable funding cost"
2026-04-30,E009,Aurelius Spain,EMEA,3,3,0,3946927.7443034854,0.0,3946927.7443034854,False,False,ANALYST-CALC,"Entity deficit is an estimated position, not evidence of facility use or avoidable funding cost"
2026-04-30,E010,Aurelius Singapore,APAC,4,3,1,1209654.6340688297,-985584.91,224069.7240688296,True,False,ANALYST-CALC,"Entity deficit is an estimated position, not evidence of facility use or avoidable funding cost"
2026-04-30,E011,Aurelius Australia,APAC,3,3,0,7078154.758399922,0.0,7078154.758399922,False,False,ANALYST-CALC,"Entity deficit is an estimated position, not evidence of facility use or avoidable funding cost"
2026-04-30,E012,Aurelius Japan,APAC,3,3,0,543249.7151488349,0.0,543249.7151488349,False,False,ANALYST-CALC,"Entity deficit is an estimated position, not evidence of facility use or avoidable funding cost"
2026-04-30,E013,Aurelius Korea,APAC,3,3,0,3054.1354916961,0.0,3054.1354916961,False,False,ANALYST-CALC,"Entity deficit is an estimated position, not evidence of facility use or avoidable funding cost"
2026-04-30,E014,Aurelius India,APAC,3,3,0,519985.2166156162,0.0,519985.2166156162,False,False,ANALYST-CALC,"Entity deficit is an estimated position, not evidence of facility use or avoidable funding cost"
2026-04-30,E015,Aurelius Hong Kong,APAC,3,3,0,424089.3487194432,0.0,424089.3487194432,False,False,ANALYST-CALC,"Entity deficit is an estimated position, not evidence of facility use or avoidable funding cost"
2026-04-30,E016,Aurelius Global Sourcing,APAC,3,3,0,2408253.29,0.0,2408253.29,False,False,ANALYST-CALC,"Entity deficit is an estimated position, not evidence of facility use or avoidable funding cost"
2026-05-01,E001,Aurelius Group Holdings,NA,4,4,0,3150620.43,0.0,3150620.43,False,False,ANALYST-CALC,"Entity deficit is an estimated position, not evidence of facility use or avoidable funding cost"
2026-05-01,E002,Aurelius Home US,NA,5,5,0,7467107.680000001,0.0,7467107.680000001,False,False,ANALYST-CALC,"Entity deficit is an estimated position, not evidence of facility use or avoidable funding cost"
2026-05-01,E003,Aurelius Wellness US,NA,4,4,0,7567659.4,0.0,7567659.4,False,False,ANALYST-CALC,"Entity deficit is an estimated position, not evidence of facility use or avoidable funding cost"
2026-05-01,E004,Aurelius Canada,NA,3,3,0,2312406.451505452,0.0,2312406.451505452,False,False,ANALYST-CALC,"Entity deficit is an estimated position, not evidence of facility use or avoidable funding cost"
2026-05-01,E005,Aurelius UK,EMEA,4,4,0,5035480.945408232,0.0,5035480.945408232,False,False,ANALYST-CALC,"Entity deficit is an estimated position, not evidence of facility use or avoidable funding cost"
2026-05-01,E006,Aurelius Germany,EMEA,4,4,0,9667640.652446853,0.0,9667640.652446853,False,False,ANALYST-CALC,"Entity deficit is an estimated position, not evidence of facility use or avoidable funding cost"
2026-05-01,E007,Aurelius France,EMEA,3,2,1,1455181.3707143383,-1173968.3128589941,281213.0578553441,True,False,ANALYST-CALC,"Entity deficit is an estimated position, not evidence of facility use or avoidable funding cost"
2026-05-01,E008,Aurelius Netherlands,EMEA,3,3,0,6703913.914899303,0.0,6703913.914899303,False,False,ANALYST-CALC,"Entity deficit is an estimated position, not evidence of facility use or avoidable funding cost"
2026-05-01,E009,Aurelius Spain,EMEA,3,3,0,3902692.3103578077,0.0,3902692.3103578077,False,False,ANALYST-CALC,"Entity deficit is an estimated position, not evidence of facility use or avoidable funding cost"
2026-05-01,E010,Aurelius Singapore,APAC,4,3,1,1061871.0642662537,-813654.68,248216.38426625362,True,False,ANALYST-CALC,"Entity deficit is an estimated position, not evidence of facility use or avoidable funding cost"
2026-05-01,E011,Aurelius Australia,APAC,3,3,0,6767400.129945984,0.0,6767400.129945984,False,False,ANALYST-CALC,"Entity deficit is an estimated position, not evidence of facility use or avoidable funding cost"
2026-05-01,E012,Aurelius Japan,APAC,3,3,0,563363.0825947308,0.0,563363.0825947308,False,False,ANALYST-CALC,"Entity deficit is an estimated position, not evidence of facility use or avoidable funding cost"
2026-05-01,E013,Aurelius Korea,APAC,3,3,0,3422.4404850540004,0.0,3422.4404850540004,False,False,ANALYST-CALC,"Entity deficit is an estimated position, not evidence of facility use or avoidable funding cost"
2026-05-01,E014,Aurelius India,APAC,3,3,0,592889.5937681963,0.0,592889.5937681963,False,False,ANALYST-CALC,"Entity deficit is an estimated position, not evidence of facility use or avoidable funding cost"
2026-05-01,E015,Aurelius Hong Kong,APAC,3,3,0,445042.681327692,0.0,445042.681327692,False,False,ANALYST-CALC,"Entity deficit is an estimated position, not evidence of facility use or avoidable funding cost"
2026-05-01,E016,Aurelius Global Sourcing,APAC,3,3,0,2397584.15,0.0,2397584.15,False,False,ANALYST-CALC,"Entity deficit is an estimated position, not evidence of facility use or avoidable funding cost"
2026-05-02,E001,Aurelius Group Holdings,NA,4,4,0,3136268.45,0.0,3136268.45,False,False,ANALYST-CALC,"Entity deficit is an estimated position, not evidence of facility use or avoidable funding cost"
2026-05-02,E002,Aurelius Home US,NA,5,5,0,7259037.75,0.0,7259037.75,False,False,ANALYST-CALC,"Entity deficit is an estimated position, not evidence of facility use or avoidable funding cost"
2026-05-02,E003,Aurelius Wellness US,NA,4,4,0,7526857.04,0.0,7526857.04,False,False,ANALYST-CALC,"Entity deficit is an estimated position, not evidence of facility use or avoidable funding cost"
2026-05-02,E004,Aurelius Canada,NA,3,3,0,2418879.2096493514,0.0,2418879.2096493514,False,False,ANALYST-CALC,"Entity deficit is an estimated position, not evidence of facility use or avoidable funding cost"
2026-05-02,E005,Aurelius UK,EMEA,4,4,0,5327783.202679842,0.0,5327783.202679842,False,False,ANALYST-CALC,"Entity deficit is an estimated position, not evidence of facility use or avoidable funding cost"
2026-05-02,E006,Aurelius Germany,EMEA,4,4,0,8435052.06376808,0.0,8435052.06376808,False,False,ANALYST-CALC,"Entity deficit is an estimated position, not evidence of facility use or avoidable funding cost"
2026-05-02,E007,Aurelius France,EMEA,3,2,1,1224764.71540272,-1203305.02558638,21459.689816340047,True,False,ANALYST-CALC,"Entity deficit is an estimated position, not evidence of facility use or avoidable funding cost"
2026-05-02,E008,Aurelius Netherlands,EMEA,3,3,0,6071941.74739644,0.0,6071941.74739644,False,False,ANALYST-CALC,"Entity deficit is an estimated position, not evidence of facility use or avoidable funding cost"
2026-05-02,E009,Aurelius Spain,EMEA,3,3,0,3831337.7215915,0.0,3831337.7215915,False,False,ANALYST-CALC,"Entity deficit is an estimated position, not evidence of facility use or avoidable funding cost"
2026-05-02,E010,Aurelius Singapore,APAC,4,3,1,1192665.4904154337,-800726.91,391938.5804154336,True,False,ANALYST-CALC,"Entity deficit is an estimated position, not evidence of facility use or avoidable funding cost"
2026-05-02,E011,Aurelius Australia,APAC,3,3,0,6816911.451030158,0.0,6816911.451030158,False,False,ANALYST-CALC,"Entity deficit is an estimated position, not evidence of facility use or avoidable funding cost"
2026-05-02,E012,Aurelius Japan,APAC,3,3,0,666772.413720556,0.0,666772.413720556,False,False,ANALYST-CALC,"Entity deficit is an estimated position, not evidence of facility use or avoidable funding cost"
2026-05-02,E013,Aurelius Korea,APAC,3,3,0,3515.6415592985995,0.0,3515.6415592985995,False,False,ANALYST-CALC,"Entity deficit is an estimated position, not evidence of facility use or avoidable funding cost"
2026-05-02,E014,Aurelius India,APAC,3,3,0,606590.7107907158,0.0,606590.7107907158,False,False,ANALYST-CALC,"Entity deficit is an estimated position, not evidence of facility use or avoidable funding cost"
2026-05-02,E015,Aurelius Hong Kong,APAC,3,3,0,499691.85301991686,0.0,499691.85301991686,False,False,ANALYST-CALC,"Entity deficit is an estimated position, not evidence of facility use or avoidable funding cost"
2026-05-02,E016,Aurelius Global Sourcing,APAC,3,3,0,2843984.49,0.0,2843984.49,False,False,ANALYST-CALC,"Entity deficit is an estimated position, not evidence of facility use or avoidable funding cost"
2026-05-03,E001,Aurelius Group Holdings,NA,4,4,0,3294471.56,0.0,3294471.56,False,False,ANALYST-CALC,"Entity deficit is an estimated position, not evidence of facility use or avoidable funding cost"
2026-05-03,E002,Aurelius Home US,NA,5,5,0,8012958.81,0.0,8012958.81,False,False,ANALYST-CALC,"Entity deficit is an estimated position, not evidence of facility use or avoidable funding cost"
2026-05-03,E003,Aurelius Wellness US,NA,4,4,0,8076684.33,0.0,8076684.33,False,False,ANALYST-CALC,"Entity deficit is an estimated position, not evidence of facility use or avoidable funding cost"
2026-05-03,E004,Aurelius Canada,NA,3,3,0,2126643.2296875278,0.0,2126643.2296875278,False,False,ANALYST-CALC,"Entity deficit is an estimated position, not evidence of facility use or avoidable funding cost"
2026-05-03,E005,Aurelius UK,EMEA,4,4,0,4644880.48417788,0.0,4644880.48417788,False,False,ANALYST-CALC,"Entity deficit is an estimated position, not evidence of facility use or avoidable funding cost"
2026-05-03,E006,Aurelius Germany,EMEA,4,4,0,8212321.754115189,0.0,8212321.754115189,False,False,ANALYST-CALC,"Entity deficit is an estimated position, not evidence of facility use or avoidable funding cost"
2026-05-03,E007,Aurelius France,EMEA,3,2,1,1319335.0497319351,-1171847.092756137,147487.95697579818,True,False,ANALYST-CALC,"Entity deficit is an estimated position, not evidence of facility use or avoidable funding cost"
2026-05-03,E008,Aurelius Netherlands,EMEA,3,3,0,5969859.502283366,0.0,5969859.502283366,False,False,ANALYST-CALC,"Entity deficit is an estimated position, not evidence of facility use or avoidable funding cost"
2026-05-03,E009,Aurelius Spain,EMEA,3,3,0,3336447.783991118,0.0,3336447.783991118,False,False,ANALYST-CALC,"Entity deficit is an estimated position, not evidence of facility use or avoidable funding cost"
2026-05-03,E010,Aurelius Singapore,APAC,4,3,1,1356354.5336375441,-951881.61,404472.92363754404,True,False,ANALYST-CALC,"Entity deficit is an estimated position, not evidence of facility use or avoidable funding cost"
2026-05-03,E011,Aurelius Australia,APAC,3,3,0,6307392.701029797,0.0,6307392.701029797,False,False,ANALYST-CALC,"Entity deficit is an estimated position, not evidence of facility use or avoidable funding cost"
2026-05-03,E012,Aurelius Japan,APAC,3,3,0,595905.2557221367,0.0,595905.2557221367,False,False,ANALYST-CALC,"Entity deficit is an estimated position, not evidence of facility use or avoidable funding cost"
2026-05-03,E013,Aurelius Korea,APAC,3,3,0,3735.3201657737004,0.0,3735.3201657737004,False,False,ANALYST-CALC,"Entity deficit is an estimated position, not evidence of facility use or avoidable funding cost"
2026-05-03,E014,Aurelius India,APAC,3,3,0,485429.8227512456,0.0,485429.8227512456,False,False,ANALYST-CALC,"Entity deficit is an estimated position, not evidence of facility use or avoidable funding cost"
2026-05-03,E015,Aurelius Hong Kong,APAC,3,3,0,503271.63231834956,0.0,503271.63231834956,False,False,ANALYST-CALC,"Entity deficit is an estimated position, not evidence of facility use or avoidable funding cost"
2026-05-03,E016,Aurelius Global Sourcing,APAC,3,3,0,2527447.54,0.0,2527447.54,False,False,ANALYST-CALC,"Entity deficit is an estimated position, not evidence of facility use or avoidable funding cost"
2026-05-04,E001,Aurelius Group Holdings,NA,4,4,0,3609845.9,0.0,3609845.9,False,False,ANALYST-CALC,"Entity deficit is an estimated position, not evidence of facility use or avoidable funding cost"
2026-05-04,E002,Aurelius Home US,NA,5,5,0,7193678.529999999,0.0,7193678.529999999,False,False,ANALYST-CALC,"Entity deficit is an estimated position, not evidence of facility use or avoidable funding cost"
2026-05-04,E003,Aurelius Wellness US,NA,4,4,0,8556245.18,0.0,8556245.18,False,False,ANALYST-CALC,"Entity deficit is an estimated position, not evidence of facility use or avoidable funding cost"
2026-05-04,E004,Aurelius Canada,NA,3,3,0,2274394.459223211,0.0,2274394.459223211,False,False,ANALYST-CALC,"Entity deficit is an estimated position, not evidence of facility use or avoidable funding cost"
2026-05-04,E005,Aurelius UK,EMEA,4,4,0,4652901.164974982,0.0,4652901.164974982,False,False,ANALYST-CALC,"Entity deficit is an estimated position, not evidence of facility use or avoidable funding cost"
2026-05-04,E006,Aurelius Germany,EMEA,4,4,0,7793359.651452749,0.0,7793359.651452749,False,False,ANALYST-CALC,"Entity deficit is an estimated position, not evidence of facility use or avoidable funding cost"
2026-05-04,E007,Aurelius France,EMEA,3,2,1,1252387.17035961,-1132494.309705015,119892.86065459502,True,False,ANALYST-CALC,"Entity deficit is an estimated position, not evidence of facility use or avoidable funding cost"
2026-05-04,E008,Aurelius Netherlands,EMEA,3,3,0,5766109.182253801,0.0,5766109.182253801,False,False,ANALYST-CALC,"Entity deficit is an estimated position, not evidence of facility use or avoidable funding cost"
2026-05-04,E009,Aurelius Spain,EMEA,3,3,0,3893832.930098449,0.0,3893832.930098449,False,False,ANALYST-CALC,"Entity deficit is an estimated position, not evidence of facility use or avoidable funding cost"
2026-05-04,E010,Aurelius Singapore,APAC,4,3,1,1267239.5386900215,-941333.11,325906.4286900215,True,False,ANALYST-CALC,"Entity deficit is an estimated position, not evidence of facility use or avoidable funding cost"
2026-05-04,E011,Aurelius Australia,APAC,3,3,0,7117948.8497614935,0.0,7117948.8497614935,False,False,ANALYST-CALC,"Entity deficit is an estimated position, not evidence of facility use or avoidable funding cost"
2026-05-04,E012,Aurelius Japan,APAC,3,3,0,626876.5881444671,0.0,626876.5881444671,False,False,ANALYST-CALC,"Entity deficit is an estimated position, not evidence of facility use or avoidable funding cost"
2026-05-04,E013,Aurelius Korea,APAC,3,3,0,3467.8059681440004,0.0,3467.8059681440004,False,False,ANALYST-CALC,"Entity deficit is an estimated position, not evidence of facility use or avoidable funding cost"
2026-05-04,E014,Aurelius India,APAC,3,3,0,449193.87433930347,0.0,449193.87433930347,False,False,ANALYST-CALC,"Entity deficit is an estimated position, not evidence of facility use or avoidable funding cost"
2026-05-04,E015,Aurelius Hong Kong,APAC,3,3,0,411338.3456131415,0.0,411338.3456131415,False,False,ANALYST-CALC,"Entity deficit is an estimated position, not evidence of facility use or avoidable funding cost"
2026-05-04,E016,Aurelius Global Sourcing,APAC,3,3,0,2744622.3200000003,0.0,2744622.3200000003,False,False,ANALYST-CALC,"Entity deficit is an estimated position, not evidence of facility use or avoidable funding cost"
2026-05-05,E001,Aurelius Group Holdings,NA,4,4,0,4016852.95,0.0,4016852.95,False,False,ANALYST-CALC,"Entity deficit is an estimated position, not evidence of facility use or avoidable funding cost"
2026-05-05,E002,Aurelius Home US,NA,5,5,0,6899151.35,0.0,6899151.35,False,False,ANALYST-CALC,"Entity deficit is an estimated position, not evidence of facility use or avoidable funding cost"
2026-05-05,E003,Aurelius Wellness US,NA,4,4,0,6536450.84,0.0,6536450.84,False,False,ANALYST-CALC,"Entity deficit is an estimated position, not evidence of facility use or avoidable funding cost"
2026-05-05,E004,Aurelius Canada,NA,3,3,0,2317812.772683803,0.0,2317812.772683803,False,False,ANALYST-CALC,"Entity deficit is an estimated position, not evidence of facility use or avoidable funding cost"
2026-05-05,E005,Aurelius UK,EMEA,4,4,0,4389445.671046792,0.0,4389445.671046792,False,False,ANALYST-CALC,"Entity deficit is an estimated position, not evidence of facility use or avoidable funding cost"
2026-05-05,E006,Aurelius Germany,EMEA,4,4,0,7598891.016226899,0.0,7598891.016226899,False,False,ANALYST-CALC,"Entity deficit is an estimated position, not evidence of facility use or avoidable funding cost"
2026-05-05,E007,Aurelius France,EMEA,3,2,1,1190671.1111322488,-1227945.7861138694,-37274.67498162069,True,True,ANALYST-CALC,"Entity deficit is an estimated position, not evidence of facility use or avoidable funding cost"
2026-05-05,E008,Aurelius Netherlands,EMEA,3,3,0,6344971.277744271,0.0,6344971.277744271,False,False,ANALYST-CALC,"Entity deficit is an estimated position, not evidence of facility use or avoidable funding cost"
2026-05-05,E009,Aurelius Spain,EMEA,3,3,0,4469808.927084209,0.0,4469808.927084209,False,False,ANALYST-CALC,"Entity deficit is an estimated position, not evidence of facility use or avoidable funding cost"
2026-05-05,E010,Aurelius Singapore,APAC,4,3,1,1133299.0315771776,-922560.06,210738.97157717752,True,False,ANALYST-CALC,"Entity deficit is an estimated position, not evidence of facility use or avoidable funding cost"
2026-05-05,E011,Aurelius Australia,APAC,3,3,0,7286429.943586253,0.0,7286429.943586253,False,False,ANALYST-CALC,"Entity deficit is an estimated position, not evidence of facility use or avoidable funding cost"
2026-05-05,E012,Aurelius Japan,APAC,3,3,0,513231.86573708756,0.0,513231.86573708756,False,False,ANALYST-CALC,"Entity deficit is an estimated position, not evidence of facility use or avoidable funding cost"
2026-05-05,E013,Aurelius Korea,APAC,3,3,0,3128.9871658824,0.0,3128.9871658824,False,False,ANALYST-CALC,"Entity deficit is an estimated position, not evidence of facility use or avoidable funding cost"
2026-05-05,E014,Aurelius India,APAC,3,3,0,488445.3922353055,0.0,488445.3922353055,False,False,ANALYST-CALC,"Entity deficit is an estimated position, not evidence of facility use or avoidable funding cost"
2026-05-05,E015,Aurelius Hong Kong,APAC,3,3,0,428435.934957489,0.0,428435.934957489,False,False,ANALYST-CALC,"Entity deficit is an estimated position, not evidence of facility use or avoidable funding cost"
2026-05-05,E016,Aurelius Global Sourcing,APAC,3,3,0,2620404.37,0.0,2620404.37,False,False,ANALYST-CALC,"Entity deficit is an estimated position, not evidence of facility use or avoidable funding cost"
2026-05-06,E001,Aurelius Group Holdings,NA,4,4,0,3957044.81,0.0,3957044.81,False,False,ANALYST-CALC,"Entity deficit is an estimated position, not evidence of facility use or avoidable funding cost"
2026-05-06,E002,Aurelius Home US,NA,5,5,0,6886254.319999999,0.0,6886254.319999999,False,False,ANALYST-CALC,"Entity deficit is an estimated position, not evidence of facility use or avoidable funding cost"
2026-05-06,E003,Aurelius Wellness US,NA,4,4,0,6517751.14,0.0,6517751.14,False,False,ANALYST-CALC,"Entity deficit is an estimated position, not evidence of facility use or avoidable funding cost"
2026-05-06,E004,Aurelius Canada,NA,3,3,0,2295290.977533915,0.0,2295290.977533915,False,False,ANALYST-CALC,"Entity deficit is an estimated position, not evidence of facility use or avoidable funding cost"
2026-05-06,E005,Aurelius UK,EMEA,4,4,0,5016446.5616818955,0.0,5016446.5616818955,False,False,ANALYST-CALC,"Entity deficit is an estimated position, not evidence of facility use or avoidable funding cost"
2026-05-06,E006,Aurelius Germany,EMEA,4,4,0,8441539.147261985,0.0,8441539.147261985,False,False,ANALYST-CALC,"Entity deficit is an estimated position, not evidence of facility use or avoidable funding cost"
2026-05-06,E007,Aurelius France,EMEA,3,2,1,1363291.4053837452,-1361064.5349691878,2226.870414557343,True,False,ANALYST-CALC,"Entity deficit is an estimated position, not evidence of facility use or avoidable funding cost"
2026-05-06,E008,Aurelius Netherlands,EMEA,3,3,0,5786321.372704392,0.0,5786321.372704392,False,False,ANALYST-CALC,"Entity deficit is an estimated position, not evidence of facility use or avoidable funding cost"
2026-05-06,E009,Aurelius Spain,EMEA,3,3,0,3854521.4555268995,0.0,3854521.4555268995,False,False,ANALYST-CALC,"Entity deficit is an estimated position, not evidence of facility use or avoidable funding cost"
2026-05-06,E010,Aurelius Singapore,APAC,4,3,1,1029862.969961301,-1019462.95,10400.019961301023,True,False,ANALYST-CALC,"Entity deficit is an estimated position, not evidence of facility use or avoidable funding cost"
2026-05-06,E011,Aurelius Australia,APAC,3,3,0,7530903.444670803,0.0,7530903.444670803,False,False,ANALYST-CALC,"Entity deficit is an estimated position, not evidence of facility use or avoidable funding cost"
2026-05-06,E012,Aurelius Japan,APAC,3,3,0,509476.1956400244,0.0,509476.1956400244,False,False,ANALYST-CALC,"Entity deficit is an estimated position, not evidence of facility use or avoidable funding cost"
2026-05-06,E013,Aurelius Korea,APAC,3,3,0,2605.2323394377,0.0,2605.2323394377,False,False,ANALYST-CALC,"Entity deficit is an estimated position, not evidence of facility use or avoidable funding cost"
2026-05-06,E014,Aurelius India,APAC,3,3,0,428576.625471132,0.0,428576.625471132,False,False,ANALYST-CALC,"Entity deficit is an estimated position, not evidence of facility use or avoidable funding cost"
2026-05-06,E015,Aurelius Hong Kong,APAC,3,3,0,445241.84782611066,0.0,445241.84782611066,False,False,ANALYST-CALC,"Entity deficit is an estimated position, not evidence of facility use or avoidable funding cost"
2026-05-06,E016,Aurelius Global Sourcing,APAC,3,3,0,2814182.2,0.0,2814182.2,False,False,ANALYST-CALC,"Entity deficit is an estimated position, not evidence of facility use or avoidable funding cost"
2026-05-07,E001,Aurelius Group Holdings,NA,4,4,0,3910270.95,0.0,3910270.95,False,False,ANALYST-CALC,"Entity deficit is an estimated position, not evidence of facility use or avoidable funding cost"
2026-05-07,E002,Aurelius Home US,NA,5,5,0,7469629.32,0.0,7469629.32,False,False,ANALYST-CALC,"Entity deficit is an estimated position, not evidence of facility use or avoidable funding cost"
2026-05-07,E003,Aurelius Wellness US,NA,4,4,0,6985381.52,0.0,6985381.52,False,False,ANALYST-CALC,"Entity deficit is an estimated position, not evidence of facility use or avoidable funding cost"
2026-05-07,E004,Aurelius Canada,NA,3,3,0,2367030.565481972,0.0,2367030.565481972,False,False,ANALYST-CALC,"Entity deficit is an estimated position, not evidence of facility use or avoidable funding cost"
2026-05-07,E005,Aurelius UK,EMEA,4,4,0,4970036.05201278,0.0,4970036.05201278,False,False,ANALYST-CALC,"Entity deficit is an estimated position, not evidence of facility use or avoidable funding cost"
2026-05-07,E006,Aurelius Germany,EMEA,4,4,0,8771870.825664956,0.0,8771870.825664956,False,False,ANALYST-CALC,"Entity deficit is an estimated position, not evidence of facility use or avoidable funding cost"
2026-05-07,E007,Aurelius France,EMEA,3,2,1,1274215.6029013696,-1179359.4276266382,94856.17527473136,True,False,ANALYST-CALC,"Entity deficit is an estimated position, not evidence of facility use or avoidable funding cost"
2026-05-07,E008,Aurelius Netherlands,EMEA,3,3,0,6252125.107299812,0.0,6252125.107299812,False,False,ANALYST-CALC,"Entity deficit is an estimated position, not evidence of facility use or avoidable funding cost"
2026-05-07,E009,Aurelius Spain,EMEA,3,3,0,3682997.8574608406,0.0,3682997.8574608406,False,False,ANALYST-CALC,"Entity deficit is an estimated position, not evidence of facility use or avoidable funding cost"
2026-05-07,E010,Aurelius Singapore,APAC,4,3,1,1308785.2430873753,-919845.64,388939.6030873753,True,False,ANALYST-CALC,"Entity deficit is an estimated position, not evidence of facility use or avoidable funding cost"
2026-05-07,E011,Aurelius Australia,APAC,3,3,0,7430072.741879582,0.0,7430072.741879582,False,False,ANALYST-CALC,"Entity deficit is an estimated position, not evidence of facility use or avoidable funding cost"
2026-05-07,E012,Aurelius Japan,APAC,3,3,0,480436.0545807436,0.0,480436.0545807436,False,False,ANALYST-CALC,"Entity deficit is an estimated position, not evidence of facility use or avoidable funding cost"
2026-05-07,E013,Aurelius Korea,APAC,3,3,0,3113.3881932918,0.0,3113.3881932918,False,False,ANALYST-CALC,"Entity deficit is an estimated position, not evidence of facility use or avoidable funding cost"
2026-05-07,E014,Aurelius India,APAC,3,3,0,529698.1317807906,0.0,529698.1317807906,False,False,ANALYST-CALC,"Entity deficit is an estimated position, not evidence of facility use or avoidable funding cost"
2026-05-07,E015,Aurelius Hong Kong,APAC,3,3,0,402688.2441067752,0.0,402688.2441067752,False,False,ANALYST-CALC,"Entity deficit is an estimated position, not evidence of facility use or avoidable funding cost"
2026-05-07,E016,Aurelius Global Sourcing,APAC,3,3,0,2841792.53,0.0,2841792.53,False,False,ANALYST-CALC,"Entity deficit is an estimated position, not evidence of facility use or avoidable funding cost"
2026-05-08,E001,Aurelius Group Holdings,NA,4,4,0,3459673.79,0.0,3459673.79,False,False,ANALYST-CALC,"Entity deficit is an estimated position, not evidence of facility use or avoidable funding cost"
2026-05-08,E002,Aurelius Home US,NA,5,5,0,7379227.63,0.0,7379227.63,False,False,ANALYST-CALC,"Entity deficit is an estimated position, not evidence of facility use or avoidable funding cost"
2026-05-08,E003,Aurelius Wellness US,NA,4,4,0,7616227.66,0.0,7616227.66,False,False,ANALYST-CALC,"Entity deficit is an estimated position, not evidence of facility use or avoidable funding cost"
2026-05-08,E004,Aurelius Canada,NA,3,3,0,2297990.035323362,0.0,2297990.035323362,False,False,ANALYST-CALC,"Entity deficit is an estimated position, not evidence of facility use or avoidable funding cost"
2026-05-08,E005,Aurelius UK,EMEA,4,4,0,5232559.748455318,0.0,5232559.748455318,False,False,ANALYST-CALC,"Entity deficit is an estimated position, not evidence of facility use or avoidable funding cost"
2026-05-08,E006,Aurelius Germany,EMEA,4,4,0,9139623.847366871,0.0,9139623.847366871,False,False,ANALYST-CALC,"Entity deficit is an estimated position, not evidence of facility use or avoidable funding cost"
2026-05-08,E007,Aurelius France,EMEA,3,2,1,1419927.7842185495,-1197657.6982152949,222270.08600325463,True,False,ANALYST-CALC,"Entity deficit is an estimated position, not evidence of facility use or avoidable funding cost"
2026-05-08,E008,Aurelius Netherlands,EMEA,3,3,0,5983720.418001044,0.0,5983720.418001044,False,False,ANALYST-CALC,"Entity deficit is an estimated position, not evidence of facility use or avoidable funding cost"
2026-05-08,E009,Aurelius Spain,EMEA,3,3,0,3839474.742526892,0.0,3839474.742526892,False,False,ANALYST-CALC,"Entity deficit is an estimated position, not evidence of facility use or avoidable funding cost"
2026-05-08,E010,Aurelius Singapore,APAC,4,3,1,1321815.487258434,-856553.5,465261.987258434,True,False,ANALYST-CALC,"Entity deficit is an estimated position, not evidence of facility use or avoidable funding cost"
2026-05-08,E011,Aurelius Australia,APAC,3,3,0,6573137.5417412985,0.0,6573137.5417412985,False,False,ANALYST-CALC,"Entity deficit is an estimated position, not evidence of facility use or avoidable funding cost"
2026-05-08,E012,Aurelius Japan,APAC,3,3,0,523678.36022617255,0.0,523678.36022617255,False,False,ANALYST-CALC,"Entity deficit is an estimated position, not evidence of facility use or avoidable funding cost"
2026-05-08,E013,Aurelius Korea,APAC,3,3,0,3200.053934776,0.0,3200.053934776,False,False,ANALYST-CALC,"Entity deficit is an estimated position, not evidence of facility use or avoidable funding cost"
2026-05-08,E014,Aurelius India,APAC,3,3,0,558247.5289293175,0.0,558247.5289293175,False,False,ANALYST-CALC,"Entity deficit is an estimated position, not evidence of facility use or avoidable funding cost"
2026-05-08,E015,Aurelius Hong Kong,APAC,3,3,0,455020.7128220859,0.0,455020.7128220859,False,False,ANALYST-CALC,"Entity deficit is an estimated position, not evidence of facility use or avoidable funding cost"
2026-05-08,E016,Aurelius Global Sourcing,APAC,3,3,0,2435177.0100000002,0.0,2435177.0100000002,False,False,ANALYST-CALC,"Entity deficit is an estimated position, not evidence of facility use or avoidable funding cost"
2026-05-09,E001,Aurelius Group Holdings,NA,4,4,0,3393634.12,0.0,3393634.12,False,False,ANALYST-CALC,"Entity deficit is an estimated position, not evidence of facility use or avoidable funding cost"
2026-05-09,E002,Aurelius Home US,NA,5,5,0,8037960.46,0.0,8037960.46,False,False,ANALYST-CALC,"Entity deficit is an estimated position, not evidence of facility use or avoidable funding cost"
2026-05-09,E003,Aurelius Wellness US,NA,4,4,0,7152656.970000001,0.0,7152656.970000001,False,False,ANALYST-CALC,"Entity deficit is an estimated position, not evidence of facility use or avoidable funding cost"
2026-05-09,E004,Aurelius Canada,NA,3,3,0,2328748.8674697955,0.0,2328748.8674697955,False,False,ANALYST-CALC,"Entity deficit is an estimated position, not evidence of facility use or avoidable funding cost"
2026-05-09,E005,Aurelius UK,EMEA,4,4,0,5131771.057825474,0.0,5131771.057825474,False,False,ANALYST-CALC,"Entity deficit is an estimated position, not evidence of facility use or avoidable funding cost"
2026-05-09,E006,Aurelius Germany,EMEA,4,4,0,9324828.752827194,0.0,9324828.752827194,False,False,ANALYST-CALC,"Entity deficit is an estimated position, not evidence of facility use or avoidable funding cost"
2026-05-09,E007,Aurelius France,EMEA,3,2,1,1313522.4437826104,-1011593.2184042314,301929.22537837905,True,False,ANALYST-CALC,"Entity deficit is an estimated position, not evidence of facility use or avoidable funding cost"
2026-05-09,E008,Aurelius Netherlands,EMEA,3,3,0,5717868.035203173,0.0,5717868.035203173,False,False,ANALYST-CALC,"Entity deficit is an estimated position, not evidence of facility use or avoidable funding cost"
2026-05-09,E009,Aurelius Spain,EMEA,3,3,0,3626590.7643766543,0.0,3626590.7643766543,False,False,ANALYST-CALC,"Entity deficit is an estimated position, not evidence of facility use or avoidable funding cost"
2026-05-09,E010,Aurelius Singapore,APAC,4,3,1,1385718.7452646699,-731213.01,654505.73526467,True,False,ANALYST-CALC,"Entity deficit is an estimated position, not evidence of facility use or avoidable funding cost"
2026-05-09,E011,Aurelius Australia,APAC,3,3,0,6597421.428718674,0.0,6597421.428718674,False,False,ANALYST-CALC,"Entity deficit is an estimated position, not evidence of facility use or avoidable funding cost"
2026-05-09,E012,Aurelius Japan,APAC,3,3,0,619330.1846415426,0.0,619330.1846415426,False,False,ANALYST-CALC,"Entity deficit is an estimated position, not evidence of facility use or avoidable funding cost"
2026-05-09,E013,Aurelius Korea,APAC,3,3,0,3266.567101161,0.0,3266.567101161,False,False,ANALYST-CALC,"Entity deficit is an estimated position, not evidence of facility use or avoidable funding cost"
2026-05-09,E014,Aurelius India,APAC,3,3,0,610571.9850791224,0.0,610571.9850791224,False,False,ANALYST-CALC,"Entity deficit is an estimated position, not evidence of facility use or avoidable funding cost"
2026-05-09,E015,Aurelius Hong Kong,APAC,3,3,0,524663.5567761847,0.0,524663.5567761847,False,False,ANALYST-CALC,"Entity deficit is an estimated position, not evidence of facility use or avoidable funding cost"
2026-05-09,E016,Aurelius Global Sourcing,APAC,3,3,0,2614220.89,0.0,2614220.89,False,False,ANALYST-CALC,"Entity deficit is an estimated position, not evidence of facility use or avoidable funding cost"
2026-05-10,E001,Aurelius Group Holdings,NA,4,4,0,3421102.8800000004,0.0,3421102.8800000004,False,False,ANALYST-CALC,"Entity deficit is an estimated position, not evidence of facility use or avoidable funding cost"
2026-05-10,E002,Aurelius Home US,NA,5,5,0,7598450.37,0.0,7598450.37,False,False,ANALYST-CALC,"Entity deficit is an estimated position, not evidence of facility use or avoidable funding cost"
2026-05-10,E003,Aurelius Wellness US,NA,4,4,0,7820798.13,0.0,7820798.13,False,False,ANALYST-CALC,"Entity deficit is an estimated position, not evidence of facility use or avoidable funding cost"
2026-05-10,E004,Aurelius Canada,NA,3,3,0,2187918.822403449,0.0,2187918.822403449,False,False,ANALYST-CALC,"Entity deficit is an estimated position, not evidence of facility use or avoidable funding cost"
2026-05-10,E005,Aurelius UK,EMEA,4,4,0,4984583.077133058,0.0,4984583.077133058,False,False,ANALYST-CALC,"Entity deficit is an estimated position, not evidence of facility use or avoidable funding cost"
2026-05-10,E006,Aurelius Germany,EMEA,4,4,0,8083384.442211488,0.0,8083384.442211488,False,False,ANALYST-CALC,"Entity deficit is an estimated position, not evidence of facility use or avoidable funding cost"
2026-05-10,E007,Aurelius France,EMEA,3,2,1,1172227.476530568,-1086155.3333281984,86072.14320236963,True,False,ANALYST-CALC,"Entity deficit is an estimated position, not evidence of facility use or avoidable funding cost"
2026-05-10,E008,Aurelius Netherlands,EMEA,3,3,0,5408940.451198435,0.0,5408940.451198435,False,False,ANALYST-CALC,"Entity deficit is an estimated position, not evidence of facility use or avoidable funding cost"
2026-05-10,E009,Aurelius Spain,EMEA,3,3,0,3543240.6680673887,0.0,3543240.6680673887,False,False,ANALYST-CALC,"Entity deficit is an estimated position, not evidence of facility use or avoidable funding cost"
2026-05-10,E010,Aurelius Singapore,APAC,4,3,1,1301327.569306699,-819257.61,482069.95930669905,True,False,ANALYST-CALC,"Entity deficit is an estimated position, not evidence of facility use or avoidable funding cost"
2026-05-10,E011,Aurelius Australia,APAC,3,3,0,5906641.020451487,0.0,5906641.020451487,False,False,ANALYST-CALC,"Entity deficit is an estimated position, not evidence of facility use or avoidable funding cost"
2026-05-10,E012,Aurelius Japan,APAC,3,3,0,636652.4108863685,0.0,636652.4108863685,False,False,ANALYST-CALC,"Entity deficit is an estimated position, not evidence of facility use or avoidable funding cost"
2026-05-10,E013,Aurelius Korea,APAC,3,3,0,3233.8014885702,0.0,3233.8014885702,False,False,ANALYST-CALC,"Entity deficit is an estimated position, not evidence of facility use or avoidable funding cost"
2026-05-10,E014,Aurelius India,APAC,3,3,0,547455.143815522,0.0,547455.143815522,False,False,ANALYST-CALC,"Entity deficit is an estimated position, not evidence of facility use or avoidable funding cost"
2026-05-10,E015,Aurelius Hong Kong,APAC,3,3,0,473671.223724978,0.0,473671.223724978,False,False,ANALYST-CALC,"Entity deficit is an estimated position, not evidence of facility use or avoidable funding cost"
2026-05-10,E016,Aurelius Global Sourcing,APAC,3,3,0,2954119.08,0.0,2954119.08,False,False,ANALYST-CALC,"Entity deficit is an estimated position, not evidence of facility use or avoidable funding cost"
2026-05-11,E001,Aurelius Group Holdings,NA,4,4,0,3661365.8,0.0,3661365.8,False,False,ANALYST-CALC,"Entity deficit is an estimated position, not evidence of facility use or avoidable funding cost"
2026-05-11,E002,Aurelius Home US,NA,5,5,0,7276117.0600000005,0.0,7276117.0600000005,False,False,ANALYST-CALC,"Entity deficit is an estimated position, not evidence of facility use or avoidable funding cost"
2026-05-11,E003,Aurelius Wellness US,NA,4,4,0,8356742.800000001,0.0,8356742.800000001,False,False,ANALYST-CALC,"Entity deficit is an estimated position, not evidence of facility use or avoidable funding cost"
2026-05-11,E004,Aurelius Canada,NA,3,3,0,2346113.1353493026,0.0,2346113.1353493026,False,False,ANALYST-CALC,"Entity deficit is an estimated position, not evidence of facility use or avoidable funding cost"
2026-05-11,E005,Aurelius UK,EMEA,4,4,0,5088941.607161416,0.0,5088941.607161416,False,False,ANALYST-CALC,"Entity deficit is an estimated position, not evidence of facility use or avoidable funding cost"
2026-05-11,E006,Aurelius Germany,EMEA,4,4,0,8046940.807083961,0.0,8046940.807083961,False,False,ANALYST-CALC,"Entity deficit is an estimated position, not evidence of facility use or avoidable funding cost"
2026-05-11,E007,Aurelius France,EMEA,3,2,1,1171748.34604308,-990921.9022988041,180826.44374427595,True,False,ANALYST-CALC,"Entity deficit is an estimated position, not evidence of facility use or avoidable funding cost"
2026-05-11,E008,Aurelius Netherlands,EMEA,3,3,0,5293074.797389623,0.0,5293074.797389623,False,False,ANALYST-CALC,"Entity deficit is an estimated position, not evidence of facility use or avoidable funding cost"
2026-05-11,E009,Aurelius Spain,EMEA,3,3,0,3726513.550625606,0.0,3726513.550625606,False,False,ANALYST-CALC,"Entity deficit is an estimated position, not evidence of facility use or avoidable funding cost"
2026-05-11,E010,Aurelius Singapore,APAC,4,3,1,1400018.5315350194,-824108.86,575909.6715350193,True,False,ANALYST-CALC,"Entity deficit is an estimated position, not evidence of facility use or avoidable funding cost"
2026-05-11,E011,Aurelius Australia,APAC,3,3,0,6300799.328819251,0.0,6300799.328819251,False,False,ANALYST-CALC,"Entity deficit is an estimated position, not evidence of facility use or avoidable funding cost"
2026-05-11,E012,Aurelius Japan,APAC,3,3,0,628832.5808622488,0.0,628832.5808622488,False,False,ANALYST-CALC,"Entity deficit is an estimated position, not evidence of facility use or avoidable funding cost"
2026-05-11,E013,Aurelius Korea,APAC,3,3,0,3446.6356843577996,0.0,3446.6356843577996,False,False,ANALYST-CALC,"Entity deficit is an estimated position, not evidence of facility use or avoidable funding cost"
2026-05-11,E014,Aurelius India,APAC,3,3,0,465344.8250683915,0.0,465344.8250683915,False,False,ANALYST-CALC,"Entity deficit is an estimated position, not evidence of facility use or avoidable funding cost"
2026-05-11,E015,Aurelius Hong Kong,APAC,3,3,0,445177.10813657194,0.0,445177.10813657194,False,False,ANALYST-CALC,"Entity deficit is an estimated position, not evidence of facility use or avoidable funding cost"
2026-05-11,E016,Aurelius Global Sourcing,APAC,3,3,0,2886951.36,0.0,2886951.36,False,False,ANALYST-CALC,"Entity deficit is an estimated position, not evidence of facility use or avoidable funding cost"
2026-05-12,E001,Aurelius Group Holdings,NA,4,4,0,3849339.66,0.0,3849339.66,False,False,ANALYST-CALC,"Entity deficit is an estimated position, not evidence of facility use or avoidable funding cost"
2026-05-12,E002,Aurelius Home US,NA,5,5,0,7490895.15,0.0,7490895.15,False,False,ANALYST-CALC,"Entity deficit is an estimated position, not evidence of facility use or avoidable funding cost"
2026-05-12,E003,Aurelius Wellness US,NA,4,4,0,7669045.77,0.0,7669045.77,False,False,ANALYST-CALC,"Entity deficit is an estimated position, not evidence of facility use or avoidable funding cost"
2026-05-12,E004,Aurelius Canada,NA,3,3,0,2116576.0427869014,0.0,2116576.0427869014,False,False,ANALYST-CALC,"Entity deficit is an estimated position, not evidence of facility use or avoidable funding cost"
2026-05-12,E005,Aurelius UK,EMEA,4,4,0,5033570.502770338,0.0,5033570.502770338,False,False,ANALYST-CALC,"Entity deficit is an estimated position, not evidence of facility use or avoidable funding cost"
2026-05-12,E006,Aurelius Germany,EMEA,4,4,0,8128125.233968049,0.0,8128125.233968049,False,False,ANALYST-CALC,"Entity deficit is an estimated position, not evidence of facility use or avoidable funding cost"
2026-05-12,E007,Aurelius France,EMEA,3,2,1,1185847.0753717502,-1167161.71470525,18685.360666500055,True,False,ANALYST-CALC,"Entity deficit is an estimated position, not evidence of facility use or avoidable funding cost"
2026-05-12,E008,Aurelius Netherlands,EMEA,3,3,0,5448904.499186999,0.0,5448904.499186999,False,False,ANALYST-CALC,"Entity deficit is an estimated position, not evidence of facility use or avoidable funding cost"
2026-05-12,E009,Aurelius Spain,EMEA,3,3,0,3735765.0580793503,0.0,3735765.0580793503,False,False,ANALYST-CALC,"Entity deficit is an estimated position, not evidence of facility use or avoidable funding cost"
2026-05-12,E010,Aurelius Singapore,APAC,4,3,1,1155473.7740402285,-761216.94,394256.83404022857,True,False,ANALYST-CALC,"Entity deficit is an estimated position, not evidence of facility use or avoidable funding cost"
2026-05-12,E011,Aurelius Australia,APAC,3,3,0,7626763.439175331,0.0,7626763.439175331,False,False,ANALYST-CALC,"Entity deficit is an estimated position, not evidence of facility use or avoidable funding cost"
2026-05-12,E012,Aurelius Japan,APAC,3,3,0,553446.258613256,0.0,553446.258613256,False,False,ANALYST-CALC,"Entity deficit is an estimated position, not evidence of facility use or avoidable funding cost"
2026-05-12,E013,Aurelius Korea,APAC,3,3,0,3337.9679454029997,0.0,3337.9679454029997,False,False,ANALYST-CALC,"Entity deficit is an estimated position, not evidence of facility use or avoidable funding cost"
2026-05-12,E014,Aurelius India,APAC,3,3,0,501749.9521204666,0.0,501749.9521204666,False,False,ANALYST-CALC,"Entity deficit is an estimated position, not evidence of facility use or avoidable funding cost"
2026-05-12,E015,Aurelius Hong Kong,APAC,3,3,0,473625.1638972327,0.0,473625.1638972327,False,False,ANALYST-CALC,"Entity deficit is an estimated position, not evidence of facility use or avoidable funding cost"
2026-05-12,E016,Aurelius Global Sourcing,APAC,3,3,0,2799657.1,0.0,2799657.1,False,False,ANALYST-CALC,"Entity deficit is an estimated position, not evidence of facility use or avoidable funding cost"
2026-05-13,E001,Aurelius Group Holdings,NA,4,4,0,3762197.58,0.0,3762197.58,False,False,ANALYST-CALC,"Entity deficit is an estimated position, not evidence of facility use or avoidable funding cost"
2026-05-13,E002,Aurelius Home US,NA,5,5,0,7420028.7299999995,0.0,7420028.7299999995,False,False,ANALYST-CALC,"Entity deficit is an estimated position, not evidence of facility use or avoidable funding cost"
2026-05-13,E003,Aurelius Wellness US,NA,4,4,0,6926034.27,0.0,6926034.27,False,False,ANALYST-CALC,"Entity deficit is an estimated position, not evidence of facility use or avoidable funding cost"
2026-05-13,E004,Aurelius Canada,NA,3,3,0,2242821.6730936677,0.0,2242821.6730936677,False,False,ANALYST-CALC,"Entity deficit is an estimated position, not evidence of facility use or avoidable funding cost"
2026-05-13,E005,Aurelius UK,EMEA,4,4,0,4496017.182729587,0.0,4496017.182729587,False,False,ANALYST-CALC,"Entity deficit is an estimated position, not evidence of facility use or avoidable funding cost"
2026-05-13,E006,Aurelius Germany,EMEA,4,4,0,7216404.381759808,0.0,7216404.381759808,False,False,ANALYST-CALC,"Entity deficit is an estimated position, not evidence of facility use or avoidable funding cost"
2026-05-13,E007,Aurelius France,EMEA,3,2,1,1245634.2305698944,-1289344.742850688,-43710.51228079363,True,True,ANALYST-CALC,"Entity deficit is an estimated position, not evidence of facility use or avoidable funding cost"
2026-05-13,E008,Aurelius Netherlands,EMEA,3,3,0,6245911.995441062,0.0,6245911.995441062,False,False,ANALYST-CALC,"Entity deficit is an estimated position, not evidence of facility use or avoidable funding cost"
2026-05-13,E009,Aurelius Spain,EMEA,3,3,0,3773846.492360461,0.0,3773846.492360461,False,False,ANALYST-CALC,"Entity deficit is an estimated position, not evidence of facility use or avoidable funding cost"
2026-05-13,E010,Aurelius Singapore,APAC,4,3,1,1076348.759318864,-962836.46,113512.29931886404,True,False,ANALYST-CALC,"Entity deficit is an estimated position, not evidence of facility use or avoidable funding cost"
2026-05-13,E011,Aurelius Australia,APAC,3,3,0,7961494.186287729,0.0,7961494.186287729,False,False,ANALYST-CALC,"Entity deficit is an estimated position, not evidence of facility use or avoidable funding cost"
2026-05-13,E012,Aurelius Japan,APAC,3,3,0,622811.6729669796,0.0,622811.6729669796,False,False,ANALYST-CALC,"Entity deficit is an estimated position, not evidence of facility use or avoidable funding cost"
2026-05-13,E013,Aurelius Korea,APAC,3,3,0,2905.8720788592,0.0,2905.8720788592,False,False,ANALYST-CALC,"Entity deficit is an estimated position, not evidence of facility use or avoidable funding cost"
2026-05-13,E014,Aurelius India,APAC,3,3,0,485998.308853241,0.0,485998.308853241,False,False,ANALYST-CALC,"Entity deficit is an estimated position, not evidence of facility use or avoidable funding cost"
2026-05-13,E015,Aurelius Hong Kong,APAC,3,3,0,426708.81634772697,0.0,426708.81634772697,False,False,ANALYST-CALC,"Entity deficit is an estimated position, not evidence of facility use or avoidable funding cost"
2026-05-13,E016,Aurelius Global Sourcing,APAC,3,3,0,3081914.01,0.0,3081914.01,False,False,ANALYST-CALC,"Entity deficit is an estimated position, not evidence of facility use or avoidable funding cost"
2026-05-14,E001,Aurelius Group Holdings,NA,4,4,0,4191310.27,0.0,4191310.27,False,False,ANALYST-CALC,"Entity deficit is an estimated position, not evidence of facility use or avoidable funding cost"
2026-05-14,E002,Aurelius Home US,NA,5,5,0,7669990.0,0.0,7669990.0,False,False,ANALYST-CALC,"Entity deficit is an estimated position, not evidence of facility use or avoidable funding cost"
2026-05-14,E003,Aurelius Wellness US,NA,4,4,0,6829113.37,0.0,6829113.37,False,False,ANALYST-CALC,"Entity deficit is an estimated position, not evidence of facility use or avoidable funding cost"
2026-05-14,E004,Aurelius Canada,NA,3,3,0,2491025.0392251196,0.0,2491025.0392251196,False,False,ANALYST-CALC,"Entity deficit is an estimated position, not evidence of facility use or avoidable funding cost"
2026-05-14,E005,Aurelius UK,EMEA,4,4,0,5469564.183028849,0.0,5469564.183028849,False,False,ANALYST-CALC,"Entity deficit is an estimated position, not evidence of facility use or avoidable funding cost"
2026-05-14,E006,Aurelius Germany,EMEA,4,4,0,7875464.184280279,0.0,7875464.184280279,False,False,ANALYST-CALC,"Entity deficit is an estimated position, not evidence of facility use or avoidable funding cost"
2026-05-14,E007,Aurelius France,EMEA,3,2,1,1280856.9241730208,-1251570.923489159,29286.000683861785,True,False,ANALYST-CALC,"Entity deficit is an estimated position, not evidence of facility use or avoidable funding cost"
2026-05-14,E008,Aurelius Netherlands,EMEA,3,3,0,6568089.560147649,0.0,6568089.560147649,False,False,ANALYST-CALC,"Entity deficit is an estimated position, not evidence of facility use or avoidable funding cost"
2026-05-14,E009,Aurelius Spain,EMEA,3,3,0,4030680.417841981,0.0,4030680.417841981,False,False,ANALYST-CALC,"Entity deficit is an estimated position, not evidence of facility use or avoidable funding cost"
2026-05-14,E010,Aurelius Singapore,APAC,4,3,1,1139323.4911201308,-985097.18,154226.31112013076,True,False,ANALYST-CALC,"Entity deficit is an estimated position, not evidence of facility use or avoidable funding cost"
2026-05-14,E011,Aurelius Australia,APAC,3,3,0,7342829.165459568,0.0,7342829.165459568,False,False,ANALYST-CALC,"Entity deficit is an estimated position, not evidence of facility use or avoidable funding cost"
2026-05-14,E012,Aurelius Japan,APAC,3,3,0,544676.4820321279,0.0,544676.4820321279,False,False,ANALYST-CALC,"Entity deficit is an estimated position, not evidence of facility use or avoidable funding cost"
2026-05-14,E013,Aurelius Korea,APAC,3,3,0,2758.5540990123,0.0,2758.5540990123,False,False,ANALYST-CALC,"Entity deficit is an estimated position, not evidence of facility use or avoidable funding cost"
2026-05-14,E014,Aurelius India,APAC,3,3,0,575141.0915216096,0.0,575141.0915216096,False,False,ANALYST-CALC,"Entity deficit is an estimated position, not evidence of facility use or avoidable funding cost"
2026-05-14,E015,Aurelius Hong Kong,APAC,3,3,0,464105.5409227791,0.0,464105.5409227791,False,False,ANALYST-CALC,"Entity deficit is an estimated position, not evidence of facility use or avoidable funding cost"
2026-05-14,E016,Aurelius Global Sourcing,APAC,3,3,0,2450179.5,0.0,2450179.5,False,False,ANALYST-CALC,"Entity deficit is an estimated position, not evidence of facility use or avoidable funding cost"
2026-05-15,E001,Aurelius Group Holdings,NA,4,4,0,3367617.7399999998,0.0,3367617.7399999998,False,False,ANALYST-CALC,"Entity deficit is an estimated position, not evidence of facility use or avoidable funding cost"
2026-05-15,E002,Aurelius Home US,NA,5,5,0,7870263.88,0.0,7870263.88,False,False,ANALYST-CALC,"Entity deficit is an estimated position, not evidence of facility use or avoidable funding cost"
2026-05-15,E003,Aurelius Wellness US,NA,4,4,0,7616123.83,0.0,7616123.83,False,False,ANALYST-CALC,"Entity deficit is an estimated position, not evidence of facility use or avoidable funding cost"
2026-05-15,E004,Aurelius Canada,NA,3,3,0,2489805.3393248674,0.0,2489805.3393248674,False,False,ANALYST-CALC,"Entity deficit is an estimated position, not evidence of facility use or avoidable funding cost"
2026-05-15,E005,Aurelius UK,EMEA,4,4,0,5173093.902125597,0.0,5173093.902125597,False,False,ANALYST-CALC,"Entity deficit is an estimated position, not evidence of facility use or avoidable funding cost"
2026-05-15,E006,Aurelius Germany,EMEA,4,4,0,9081695.091834918,0.0,9081695.091834918,False,False,ANALYST-CALC,"Entity deficit is an estimated position, not evidence of facility use or avoidable funding cost"
2026-05-15,E007,Aurelius France,EMEA,3,2,1,1437350.7857423928,-1147349.7966499547,290000.9890924381,True,False,ANALYST-CALC,"Entity deficit is an estimated position, not evidence of facility use or avoidable funding cost"
2026-05-15,E008,Aurelius Netherlands,EMEA,3,3,0,6036755.47960601,0.0,6036755.47960601,False,False,ANALYST-CALC,"Entity deficit is an estimated position, not evidence of facility use or avoidable funding cost"
2026-05-15,E009,Aurelius Spain,EMEA,3,3,0,3568707.058517722,0.0,3568707.058517722,False,False,ANALYST-CALC,"Entity deficit is an estimated position, not evidence of facility use or avoidable funding cost"
2026-05-15,E010,Aurelius Singapore,APAC,4,3,1,1269984.593586408,-897758.76,372225.8335864081,True,False,ANALYST-CALC,"Entity deficit is an estimated position, not evidence of facility use or avoidable funding cost"
2026-05-15,E011,Aurelius Australia,APAC,3,3,0,5870835.05273828,0.0,5870835.05273828,False,False,ANALYST-CALC,"Entity deficit is an estimated position, not evidence of facility use or avoidable funding cost"
2026-05-15,E012,Aurelius Japan,APAC,3,3,0,546672.2351800544,0.0,546672.2351800544,False,False,ANALYST-CALC,"Entity deficit is an estimated position, not evidence of facility use or avoidable funding cost"
2026-05-15,E013,Aurelius Korea,APAC,3,3,0,2884.0763249297997,0.0,2884.0763249297997,False,False,ANALYST-CALC,"Entity deficit is an estimated position, not evidence of facility use or avoidable funding cost"
2026-05-15,E014,Aurelius India,APAC,3,3,0,488990.4221362194,0.0,488990.4221362194,False,False,ANALYST-CALC,"Entity deficit is an estimated position, not evidence of facility use or avoidable funding cost"
2026-05-15,E015,Aurelius Hong Kong,APAC,3,3,0,522414.7426408658,0.0,522414.7426408658,False,False,ANALYST-CALC,"Entity deficit is an estimated position, not evidence of facility use or avoidable funding cost"
2026-05-15,E016,Aurelius Global Sourcing,APAC,3,3,0,2546207.38,0.0,2546207.38,False,False,ANALYST-CALC,"Entity deficit is an estimated position, not evidence of facility use or avoidable funding cost"
2026-05-16,E001,Aurelius Group Holdings,NA,4,4,0,3448128.9899999998,0.0,3448128.9899999998,False,False,ANALYST-CALC,"Entity deficit is an estimated position, not evidence of facility use or avoidable funding cost"
2026-05-16,E002,Aurelius Home US,NA,5,5,0,8242111.21,0.0,8242111.21,False,False,ANALYST-CALC,"Entity deficit is an estimated position, not evidence of facility use or avoidable funding cost"
2026-05-16,E003,Aurelius Wellness US,NA,4,4,0,8229937.109999999,0.0,8229937.109999999,False,False,ANALYST-CALC,"Entity deficit is an estimated position, not evidence of facility use or avoidable funding cost"
2026-05-16,E004,Aurelius Canada,NA,3,3,0,2392709.8703681193,0.0,2392709.8703681193,False,False,ANALYST-CALC,"Entity deficit is an estimated position, not evidence of facility use or avoidable funding cost"
2026-05-16,E005,Aurelius UK,EMEA,4,4,0,5350066.25049114,0.0,5350066.25049114,False,False,ANALYST-CALC,"Entity deficit is an estimated position, not evidence of facility use or avoidable funding cost"
2026-05-16,E006,Aurelius Germany,EMEA,4,4,0,8529352.349619195,0.0,8529352.349619195,False,False,ANALYST-CALC,"Entity deficit is an estimated position, not evidence of facility use or avoidable funding cost"
2026-05-16,E007,Aurelius France,EMEA,3,2,1,1240555.371444232,-887290.1690579185,353265.2023863135,True,False,ANALYST-CALC,"Entity deficit is an estimated position, not evidence of facility use or avoidable funding cost"
2026-05-16,E008,Aurelius Netherlands,EMEA,3,3,0,6263466.772327361,0.0,6263466.772327361,False,False,ANALYST-CALC,"Entity deficit is an estimated position, not evidence of facility use or avoidable funding cost"
2026-05-16,E009,Aurelius Spain,EMEA,3,3,0,3525132.429164566,0.0,3525132.429164566,False,False,ANALYST-CALC,"Entity deficit is an estimated position, not evidence of facility use or avoidable funding cost"
2026-05-16,E010,Aurelius Singapore,APAC,4,3,1,1165233.213060306,-877526.57,287706.643060306,True,False,ANALYST-CALC,"Entity deficit is an estimated position, not evidence of facility use or avoidable funding cost"
2026-05-16,E011,Aurelius Australia,APAC,3,3,0,6626270.143084547,0.0,6626270.143084547,False,False,ANALYST-CALC,"Entity deficit is an estimated position, not evidence of facility use or avoidable funding cost"
2026-05-16,E012,Aurelius Japan,APAC,3,3,0,557369.7999358135,0.0,557369.7999358135,False,False,ANALYST-CALC,"Entity deficit is an estimated position, not evidence of facility use or avoidable funding cost"
2026-05-16,E013,Aurelius Korea,APAC,3,3,0,3764.9629686325998,0.0,3764.9629686325998,False,False,ANALYST-CALC,"Entity deficit is an estimated position, not evidence of facility use or avoidable funding cost"
2026-05-16,E014,Aurelius India,APAC,3,3,0,516532.92867984,0.0,516532.92867984,False,False,ANALYST-CALC,"Entity deficit is an estimated position, not evidence of facility use or avoidable funding cost"
2026-05-16,E015,Aurelius Hong Kong,APAC,3,3,0,455827.0729706762,0.0,455827.0729706762,False,False,ANALYST-CALC,"Entity deficit is an estimated position, not evidence of facility use or avoidable funding cost"
2026-05-16,E016,Aurelius Global Sourcing,APAC,3,3,0,2630297.66,0.0,2630297.66,False,False,ANALYST-CALC,"Entity deficit is an estimated position, not evidence of facility use or avoidable funding cost"
2026-05-17,E001,Aurelius Group Holdings,NA,4,4,0,2993403.66,0.0,2993403.66,False,False,ANALYST-CALC,"Entity deficit is an estimated position, not evidence of facility use or avoidable funding cost"
2026-05-17,E002,Aurelius Home US,NA,5,5,0,8422953.77,0.0,8422953.77,False,False,ANALYST-CALC,"Entity deficit is an estimated position, not evidence of facility use or avoidable funding cost"
2026-05-17,E003,Aurelius Wellness US,NA,4,4,0,7572692.6899999995,0.0,7572692.6899999995,False,False,ANALYST-CALC,"Entity deficit is an estimated position, not evidence of facility use or avoidable funding cost"
2026-05-17,E004,Aurelius Canada,NA,3,3,0,2296271.1081717233,0.0,2296271.1081717233,False,False,ANALYST-CALC,"Entity deficit is an estimated position, not evidence of facility use or avoidable funding cost"
2026-05-17,E005,Aurelius UK,EMEA,4,4,0,5692608.000836525,0.0,5692608.000836525,False,False,ANALYST-CALC,"Entity deficit is an estimated position, not evidence of facility use or avoidable funding cost"
2026-05-17,E006,Aurelius Germany,EMEA,4,4,0,8060317.323521581,0.0,8060317.323521581,False,False,ANALYST-CALC,"Entity deficit is an estimated position, not evidence of facility use or avoidable funding cost"
2026-05-17,E007,Aurelius France,EMEA,3,2,1,1254415.8760584854,-987005.8651005271,267410.01095795835,True,False,ANALYST-CALC,"Entity deficit is an estimated position, not evidence of facility use or avoidable funding cost"
2026-05-17,E008,Aurelius Netherlands,EMEA,3,3,0,5662328.552737573,0.0,5662328.552737573,False,False,ANALYST-CALC,"Entity deficit is an estimated position, not evidence of facility use or avoidable funding cost"
2026-05-17,E009,Aurelius Spain,EMEA,3,3,0,3859862.2815910024,0.0,3859862.2815910024,False,False,ANALYST-CALC,"Entity deficit is an estimated position, not evidence of facility use or avoidable funding cost"
2026-05-17,E010,Aurelius Singapore,APAC,4,3,1,1257824.3088768,-897547.69,360276.6188768,True,False,ANALYST-CALC,"Entity deficit is an estimated position, not evidence of facility use or avoidable funding cost"
2026-05-17,E011,Aurelius Australia,APAC,3,3,0,6614733.864986399,0.0,6614733.864986399,False,False,ANALYST-CALC,"Entity deficit is an estimated position, not evidence of facility use or avoidable funding cost"
2026-05-17,E012,Aurelius Japan,APAC,3,3,0,616062.85552875,0.0,616062.85552875,False,False,ANALYST-CALC,"Entity deficit is an estimated position, not evidence of facility use or avoidable funding cost"
2026-05-17,E013,Aurelius Korea,APAC,3,3,0,3544.0921281270003,0.0,3544.0921281270003,False,False,ANALYST-CALC,"Entity deficit is an estimated position, not evidence of facility use or avoidable funding cost"
2026-05-17,E014,Aurelius India,APAC,3,3,0,535214.149058083,0.0,535214.149058083,False,False,ANALYST-CALC,"Entity deficit is an estimated position, not evidence of facility use or avoidable funding cost"
2026-05-17,E015,Aurelius Hong Kong,APAC,3,3,0,523137.08564850065,0.0,523137.08564850065,False,False,ANALYST-CALC,"Entity deficit is an estimated position, not evidence of facility use or avoidable funding cost"
2026-05-17,E016,Aurelius Global Sourcing,APAC,3,3,0,2754187.34,0.0,2754187.34,False,False,ANALYST-CALC,"Entity deficit is an estimated position, not evidence of facility use or avoidable funding cost"
2026-05-18,E001,Aurelius Group Holdings,NA,4,4,0,4019247.63,0.0,4019247.63,False,False,ANALYST-CALC,"Entity deficit is an estimated position, not evidence of facility use or avoidable funding cost"
2026-05-18,E002,Aurelius Home US,NA,5,5,0,7525719.86,0.0,7525719.86,False,False,ANALYST-CALC,"Entity deficit is an estimated position, not evidence of facility use or avoidable funding cost"
2026-05-18,E003,Aurelius Wellness US,NA,4,4,0,8333595.56,0.0,8333595.56,False,False,ANALYST-CALC,"Entity deficit is an estimated position, not evidence of facility use or avoidable funding cost"
2026-05-18,E004,Aurelius Canada,NA,3,3,0,2110306.834774387,0.0,2110306.834774387,False,False,ANALYST-CALC,"Entity deficit is an estimated position, not evidence of facility use or avoidable funding cost"
2026-05-18,E005,Aurelius UK,EMEA,4,4,0,5019019.12485671,0.0,5019019.12485671,False,False,ANALYST-CALC,"Entity deficit is an estimated position, not evidence of facility use or avoidable funding cost"
2026-05-18,E006,Aurelius Germany,EMEA,4,4,0,8284703.103999414,0.0,8284703.103999414,False,False,ANALYST-CALC,"Entity deficit is an estimated position, not evidence of facility use or avoidable funding cost"
2026-05-18,E007,Aurelius France,EMEA,3,2,1,1097299.538040225,-994624.0925349334,102675.44550529157,True,False,ANALYST-CALC,"Entity deficit is an estimated position, not evidence of facility use or avoidable funding cost"
2026-05-18,E008,Aurelius Netherlands,EMEA,3,3,0,5621448.462884665,0.0,5621448.462884665,False,False,ANALYST-CALC,"Entity deficit is an estimated position, not evidence of facility use or avoidable funding cost"
2026-05-18,E009,Aurelius Spain,EMEA,3,3,0,4064645.985536177,0.0,4064645.985536177,False,False,ANALYST-CALC,"Entity deficit is an estimated position, not evidence of facility use or avoidable funding cost"
2026-05-18,E010,Aurelius Singapore,APAC,4,3,1,1198041.0355340648,-850165.78,347875.2555340647,True,False,ANALYST-CALC,"Entity deficit is an estimated position, not evidence of facility use or avoidable funding cost"
2026-05-18,E011,Aurelius Australia,APAC,3,3,0,7314867.323113208,0.0,7314867.323113208,False,False,ANALYST-CALC,"Entity deficit is an estimated position, not evidence of facility use or avoidable funding cost"
2026-05-18,E012,Aurelius Japan,APAC,3,3,0,639555.5804675466,0.0,639555.5804675466,False,False,ANALYST-CALC,"Entity deficit is an estimated position, not evidence of facility use or avoidable funding cost"
2026-05-18,E013,Aurelius Korea,APAC,3,3,0,3022.4839248456,0.0,3022.4839248456,False,False,ANALYST-CALC,"Entity deficit is an estimated position, not evidence of facility use or avoidable funding cost"
2026-05-18,E014,Aurelius India,APAC,3,3,0,512476.12768739555,0.0,512476.12768739555,False,False,ANALYST-CALC,"Entity deficit is an estimated position, not evidence of facility use or avoidable funding cost"
2026-05-18,E015,Aurelius Hong Kong,APAC,3,3,0,492069.60780750914,0.0,492069.60780750914,False,False,ANALYST-CALC,"Entity deficit is an estimated position, not evidence of facility use or avoidable funding cost"
2026-05-18,E016,Aurelius Global Sourcing,APAC,3,3,0,2911153.42,0.0,2911153.42,False,False,ANALYST-CALC,"Entity deficit is an estimated position, not evidence of facility use or avoidable funding cost"
2026-05-19,E001,Aurelius Group Holdings,NA,4,4,0,4421674.57,0.0,4421674.57,False,False,ANALYST-CALC,"Entity deficit is an estimated position, not evidence of facility use or avoidable funding cost"
2026-05-19,E002,Aurelius Home US,NA,5,5,0,7008007.13,0.0,7008007.13,False,False,ANALYST-CALC,"Entity deficit is an estimated position, not evidence of facility use or avoidable funding cost"
2026-05-19,E003,Aurelius Wellness US,NA,4,4,0,8361425.64,0.0,8361425.64,False,False,ANALYST-CALC,"Entity deficit is an estimated position, not evidence of facility use or avoidable funding cost"
2026-05-19,E004,Aurelius Canada,NA,3,3,0,2178557.4972036807,0.0,2178557.4972036807,False,False,ANALYST-CALC,"Entity deficit is an estimated position, not evidence of facility use or avoidable funding cost"
2026-05-19,E005,Aurelius UK,EMEA,4,4,0,4742803.071631541,0.0,4742803.071631541,False,False,ANALYST-CALC,"Entity deficit is an estimated position, not evidence of facility use or avoidable funding cost"
2026-05-19,E006,Aurelius Germany,EMEA,4,4,0,8175725.020975302,0.0,8175725.020975302,False,False,ANALYST-CALC,"Entity deficit is an estimated position, not evidence of facility use or avoidable funding cost"
2026-05-19,E007,Aurelius France,EMEA,3,2,1,1184168.0192763659,-1183662.2158142568,505.8034621090046,True,False,ANALYST-CALC,"Entity deficit is an estimated position, not evidence of facility use or avoidable funding cost"
2026-05-19,E008,Aurelius Netherlands,EMEA,3,3,0,5031026.015932813,0.0,5031026.015932813,False,False,ANALYST-CALC,"Entity deficit is an estimated position, not evidence of facility use or avoidable funding cost"
2026-05-19,E009,Aurelius Spain,EMEA,3,3,0,3620124.9811040685,0.0,3620124.9811040685,False,False,ANALYST-CALC,"Entity deficit is an estimated position, not evidence of facility use or avoidable funding cost"
2026-05-19,E010,Aurelius Singapore,APAC,4,3,1,1023860.5736082989,-972659.06,51201.51360829886,True,False,ANALYST-CALC,"Entity deficit is an estimated position, not evidence of facility use or avoidable funding cost"
2026-05-19,E011,Aurelius Australia,APAC,3,3,0,7268343.097207978,0.0,7268343.097207978,False,False,ANALYST-CALC,"Entity deficit is an estimated position, not evidence of facility use or avoidable funding cost"
2026-05-19,E012,Aurelius Japan,APAC,3,3,0,481204.06971302,0.0,481204.06971302,False,False,ANALYST-CALC,"Entity deficit is an estimated position, not evidence of facility use or avoidable funding cost"
2026-05-19,E013,Aurelius Korea,APAC,3,3,0,2877.2123152755003,0.0,2877.2123152755003,False,False,ANALYST-CALC,"Entity deficit is an estimated position, not evidence of facility use or avoidable funding cost"
2026-05-19,E014,Aurelius India,APAC,3,3,0,460349.43150327774,0.0,460349.43150327774,False,False,ANALYST-CALC,"Entity deficit is an estimated position, not evidence of facility use or avoidable funding cost"
2026-05-19,E015,Aurelius Hong Kong,APAC,3,3,0,433159.6499012898,0.0,433159.6499012898,False,False,ANALYST-CALC,"Entity deficit is an estimated position, not evidence of facility use or avoidable funding cost"
2026-05-19,E016,Aurelius Global Sourcing,APAC,3,3,0,2812401.58,0.0,2812401.58,False,False,ANALYST-CALC,"Entity deficit is an estimated position, not evidence of facility use or avoidable funding cost"
2026-05-20,E001,Aurelius Group Holdings,NA,4,4,0,4055451.24,0.0,4055451.24,False,False,ANALYST-CALC,"Entity deficit is an estimated position, not evidence of facility use or avoidable funding cost"
2026-05-20,E002,Aurelius Home US,NA,5,5,0,7110509.66,0.0,7110509.66,False,False,ANALYST-CALC,"Entity deficit is an estimated position, not evidence of facility use or avoidable funding cost"
2026-05-20,E003,Aurelius Wellness US,NA,4,4,0,6681501.26,0.0,6681501.26,False,False,ANALYST-CALC,"Entity deficit is an estimated position, not evidence of facility use or avoidable funding cost"
2026-05-20,E004,Aurelius Canada,NA,3,3,0,2138843.0560688935,0.0,2138843.0560688935,False,False,ANALYST-CALC,"Entity deficit is an estimated position, not evidence of facility use or avoidable funding cost"
2026-05-20,E005,Aurelius UK,EMEA,4,4,0,5052292.250398708,0.0,5052292.250398708,False,False,ANALYST-CALC,"Entity deficit is an estimated position, not evidence of facility use or avoidable funding cost"
2026-05-20,E006,Aurelius Germany,EMEA,4,4,0,7607051.875674,0.0,7607051.875674,False,False,ANALYST-CALC,"Entity deficit is an estimated position, not evidence of facility use or avoidable funding cost"
2026-05-20,E007,Aurelius France,EMEA,3,2,1,1337817.082898676,-1160016.940007226,177800.1428914499,True,False,ANALYST-CALC,"Entity deficit is an estimated position, not evidence of facility use or avoidable funding cost"
2026-05-20,E008,Aurelius Netherlands,EMEA,3,3,0,5803309.418861984,0.0,5803309.418861984,False,False,ANALYST-CALC,"Entity deficit is an estimated position, not evidence of facility use or avoidable funding cost"
2026-05-20,E009,Aurelius Spain,EMEA,3,3,0,3941787.170240975,0.0,3941787.170240975,False,False,ANALYST-CALC,"Entity deficit is an estimated position, not evidence of facility use or avoidable funding cost"
2026-05-20,E010,Aurelius Singapore,APAC,4,3,1,1062968.8097837786,-1086910.12,-23941.310216221376,True,True,ANALYST-CALC,"Entity deficit is an estimated position, not evidence of facility use or avoidable funding cost"
2026-05-20,E011,Aurelius Australia,APAC,3,3,0,7538491.168139413,0.0,7538491.168139413,False,False,ANALYST-CALC,"Entity deficit is an estimated position, not evidence of facility use or avoidable funding cost"
2026-05-20,E012,Aurelius Japan,APAC,3,3,0,516503.2730596134,0.0,516503.2730596134,False,False,ANALYST-CALC,"Entity deficit is an estimated position, not evidence of facility use or avoidable funding cost"
2026-05-20,E013,Aurelius Korea,APAC,3,3,0,2859.560542608,0.0,2859.560542608,False,False,ANALYST-CALC,"Entity deficit is an estimated position, not evidence of facility use or avoidable funding cost"
2026-05-20,E014,Aurelius India,APAC,3,3,0,436920.37848915445,0.0,436920.37848915445,False,False,ANALYST-CALC,"Entity deficit is an estimated position, not evidence of facility use or avoidable funding cost"
2026-05-20,E015,Aurelius Hong Kong,APAC,3,3,0,385398.78000081785,0.0,385398.78000081785,False,False,ANALYST-CALC,"Entity deficit is an estimated position, not evidence of facility use or avoidable funding cost"
2026-05-20,E016,Aurelius Global Sourcing,APAC,3,3,0,2697411.5100000002,0.0,2697411.5100000002,False,False,ANALYST-CALC,"Entity deficit is an estimated position, not evidence of facility use or avoidable funding cost"
2026-05-21,E001,Aurelius Group Holdings,NA,4,4,0,3751347.1199999996,0.0,3751347.1199999996,False,False,ANALYST-CALC,"Entity deficit is an estimated position, not evidence of facility use or avoidable funding cost"
2026-05-21,E002,Aurelius Home US,NA,5,5,0,6930158.989999999,0.0,6930158.989999999,False,False,ANALYST-CALC,"Entity deficit is an estimated position, not evidence of facility use or avoidable funding cost"
2026-05-21,E003,Aurelius Wellness US,NA,4,4,0,5899877.7700000005,0.0,5899877.7700000005,False,False,ANALYST-CALC,"Entity deficit is an estimated position, not evidence of facility use or avoidable funding cost"
2026-05-21,E004,Aurelius Canada,NA,3,3,0,2253613.112466246,0.0,2253613.112466246,False,False,ANALYST-CALC,"Entity deficit is an estimated position, not evidence of facility use or avoidable funding cost"
2026-05-21,E005,Aurelius UK,EMEA,4,4,0,5225223.664818798,0.0,5225223.664818798,False,False,ANALYST-CALC,"Entity deficit is an estimated position, not evidence of facility use or avoidable funding cost"
2026-05-21,E006,Aurelius Germany,EMEA,4,4,0,9070101.885670507,0.0,9070101.885670507,False,False,ANALYST-CALC,"Entity deficit is an estimated position, not evidence of facility use or avoidable funding cost"
2026-05-21,E007,Aurelius France,EMEA,3,2,1,1602331.9379236074,-1411234.10261253,191097.83531107736,True,False,ANALYST-CALC,"Entity deficit is an estimated position, not evidence of facility use or avoidable funding cost"
2026-05-21,E008,Aurelius Netherlands,EMEA,3,3,0,6362059.695557725,0.0,6362059.695557725,False,False,ANALYST-CALC,"Entity deficit is an estimated position, not evidence of facility use or avoidable funding cost"
2026-05-21,E009,Aurelius Spain,EMEA,3,3,0,3789845.8360564676,0.0,3789845.8360564676,False,False,ANALYST-CALC,"Entity deficit is an estimated position, not evidence of facility use or avoidable funding cost"
2026-05-21,E010,Aurelius Singapore,APAC,4,3,1,1105446.711002491,-933337.41,172109.30100249103,True,False,ANALYST-CALC,"Entity deficit is an estimated position, not evidence of facility use or avoidable funding cost"
2026-05-21,E011,Aurelius Australia,APAC,3,3,0,7867594.931601565,0.0,7867594.931601565,False,False,ANALYST-CALC,"Entity deficit is an estimated position, not evidence of facility use or avoidable funding cost"
2026-05-21,E012,Aurelius Japan,APAC,3,3,0,483342.21802153805,0.0,483342.21802153805,False,False,ANALYST-CALC,"Entity deficit is an estimated position, not evidence of facility use or avoidable funding cost"
2026-05-21,E013,Aurelius Korea,APAC,3,3,0,2848.5336669213,0.0,2848.5336669213,False,False,ANALYST-CALC,"Entity deficit is an estimated position, not evidence of facility use or avoidable funding cost"
2026-05-21,E014,Aurelius India,APAC,3,3,0,532145.7534108608,0.0,532145.7534108608,False,False,ANALYST-CALC,"Entity deficit is an estimated position, not evidence of facility use or avoidable funding cost"
2026-05-21,E015,Aurelius Hong Kong,APAC,3,3,0,498087.2280088515,0.0,498087.2280088515,False,False,ANALYST-CALC,"Entity deficit is an estimated position, not evidence of facility use or avoidable funding cost"
2026-05-21,E016,Aurelius Global Sourcing,APAC,3,3,0,2542764.59,0.0,2542764.59,False,False,ANALYST-CALC,"Entity deficit is an estimated position, not evidence of facility use or avoidable funding cost"
2026-05-22,E001,Aurelius Group Holdings,NA,4,4,0,3936337.23,0.0,3936337.23,False,False,ANALYST-CALC,"Entity deficit is an estimated position, not evidence of facility use or avoidable funding cost"
2026-05-22,E002,Aurelius Home US,NA,5,5,0,7723091.92,0.0,7723091.92,False,False,ANALYST-CALC,"Entity deficit is an estimated position, not evidence of facility use or avoidable funding cost"
2026-05-22,E003,Aurelius Wellness US,NA,4,4,0,6680931.69,0.0,6680931.69,False,False,ANALYST-CALC,"Entity deficit is an estimated position, not evidence of facility use or avoidable funding cost"
2026-05-22,E004,Aurelius Canada,NA,3,3,0,2267046.267866153,0.0,2267046.267866153,False,False,ANALYST-CALC,"Entity deficit is an estimated position, not evidence of facility use or avoidable funding cost"
2026-05-22,E005,Aurelius UK,EMEA,4,4,0,5195158.978013678,0.0,5195158.978013678,False,False,ANALYST-CALC,"Entity deficit is an estimated position, not evidence of facility use or avoidable funding cost"
2026-05-22,E006,Aurelius Germany,EMEA,4,4,0,9572950.222926935,0.0,9572950.222926935,False,False,ANALYST-CALC,"Entity deficit is an estimated position, not evidence of facility use or avoidable funding cost"
2026-05-22,E007,Aurelius France,EMEA,3,2,1,1432128.5067435387,-1121844.1192678153,310284.38747572334,True,False,ANALYST-CALC,"Entity deficit is an estimated position, not evidence of facility use or avoidable funding cost"
2026-05-22,E008,Aurelius Netherlands,EMEA,3,3,0,6663378.133879466,0.0,6663378.133879466,False,False,ANALYST-CALC,"Entity deficit is an estimated position, not evidence of facility use or avoidable funding cost"
2026-05-22,E009,Aurelius Spain,EMEA,3,3,0,3522641.9124373035,0.0,3522641.9124373035,False,False,ANALYST-CALC,"Entity deficit is an estimated position, not evidence of facility use or avoidable funding cost"
2026-05-22,E010,Aurelius Singapore,APAC,4,3,1,1337193.2837254056,-950037.41,387155.8737254055,True,False,ANALYST-CALC,"Entity deficit is an estimated position, not evidence of facility use or avoidable funding cost"
2026-05-22,E011,Aurelius Australia,APAC,3,3,0,6852494.875566462,0.0,6852494.875566462,False,False,ANALYST-CALC,"Entity deficit is an estimated position, not evidence of facility use or avoidable funding cost"
2026-05-22,E012,Aurelius Japan,APAC,3,3,0,625548.3227994223,0.0,625548.3227994223,False,False,ANALYST-CALC,"Entity deficit is an estimated position, not evidence of facility use or avoidable funding cost"
2026-05-22,E013,Aurelius Korea,APAC,3,3,0,2909.0913852793,0.0,2909.0913852793,False,False,ANALYST-CALC,"Entity deficit is an estimated position, not evidence of facility use or avoidable funding cost"
2026-05-22,E014,Aurelius India,APAC,3,3,0,561159.1416951024,0.0,561159.1416951024,False,False,ANALYST-CALC,"Entity deficit is an estimated position, not evidence of facility use or avoidable funding cost"
2026-05-22,E015,Aurelius Hong Kong,APAC,3,3,0,487639.80563703744,0.0,487639.80563703744,False,False,ANALYST-CALC,"Entity deficit is an estimated position, not evidence of facility use or avoidable funding cost"
2026-05-22,E016,Aurelius Global Sourcing,APAC,3,3,0,2551851.83,0.0,2551851.83,False,False,ANALYST-CALC,"Entity deficit is an estimated position, not evidence of facility use or avoidable funding cost"
2026-05-23,E001,Aurelius Group Holdings,NA,4,4,0,2959528.03,0.0,2959528.03,False,False,ANALYST-CALC,"Entity deficit is an estimated position, not evidence of facility use or avoidable funding cost"
2026-05-23,E002,Aurelius Home US,NA,5,5,0,7806598.699999999,0.0,7806598.699999999,False,False,ANALYST-CALC,"Entity deficit is an estimated position, not evidence of facility use or avoidable funding cost"
2026-05-23,E003,Aurelius Wellness US,NA,4,4,0,7765800.180000001,0.0,7765800.180000001,False,False,ANALYST-CALC,"Entity deficit is an estimated position, not evidence of facility use or avoidable funding cost"
2026-05-23,E004,Aurelius Canada,NA,3,3,0,2665832.8934969036,0.0,2665832.8934969036,False,False,ANALYST-CALC,"Entity deficit is an estimated position, not evidence of facility use or avoidable funding cost"
2026-05-23,E005,Aurelius UK,EMEA,4,4,0,5130281.46379549,0.0,5130281.46379549,False,False,ANALYST-CALC,"Entity deficit is an estimated position, not evidence of facility use or avoidable funding cost"
2026-05-23,E006,Aurelius Germany,EMEA,4,4,0,8206730.238509766,0.0,8206730.238509766,False,False,ANALYST-CALC,"Entity deficit is an estimated position, not evidence of facility use or avoidable funding cost"
2026-05-23,E007,Aurelius France,EMEA,3,2,1,1215323.0343060473,-1038818.0683479144,176504.96595813293,True,False,ANALYST-CALC,"Entity deficit is an estimated position, not evidence of facility use or avoidable funding cost"
2026-05-23,E008,Aurelius Netherlands,EMEA,3,3,0,6096593.464005335,0.0,6096593.464005335,False,False,ANALYST-CALC,"Entity deficit is an estimated position, not evidence of facility use or avoidable funding cost"
2026-05-23,E009,Aurelius Spain,EMEA,3,3,0,3681926.9087579194,0.0,3681926.9087579194,False,False,ANALYST-CALC,"Entity deficit is an estimated position, not evidence of facility use or avoidable funding cost"
2026-05-23,E010,Aurelius Singapore,APAC,4,3,1,1247389.346619256,-817736.29,429653.0566192559,True,False,ANALYST-CALC,"Entity deficit is an estimated position, not evidence of facility use or avoidable funding cost"
2026-05-23,E011,Aurelius Australia,APAC,3,3,0,6864792.923039931,0.0,6864792.923039931,False,False,ANALYST-CALC,"Entity deficit is an estimated position, not evidence of facility use or avoidable funding cost"
2026-05-23,E012,Aurelius Japan,APAC,3,3,0,652605.3580166519,0.0,652605.3580166519,False,False,ANALYST-CALC,"Entity deficit is an estimated position, not evidence of facility use or avoidable funding cost"
2026-05-23,E013,Aurelius Korea,APAC,3,3,0,3319.0986603996002,0.0,3319.0986603996002,False,False,ANALYST-CALC,"Entity deficit is an estimated position, not evidence of facility use or avoidable funding cost"
2026-05-23,E014,Aurelius India,APAC,3,3,0,598876.5932138907,0.0,598876.5932138907,False,False,ANALYST-CALC,"Entity deficit is an estimated position, not evidence of facility use or avoidable funding cost"
2026-05-23,E015,Aurelius Hong Kong,APAC,3,3,0,474319.98911943357,0.0,474319.98911943357,False,False,ANALYST-CALC,"Entity deficit is an estimated position, not evidence of facility use or avoidable funding cost"
2026-05-23,E016,Aurelius Global Sourcing,APAC,3,3,0,2566737.04,0.0,2566737.04,False,False,ANALYST-CALC,"Entity deficit is an estimated position, not evidence of facility use or avoidable funding cost"
2026-05-24,E001,Aurelius Group Holdings,NA,4,4,0,3529530.96,0.0,3529530.96,False,False,ANALYST-CALC,"Entity deficit is an estimated position, not evidence of facility use or avoidable funding cost"
2026-05-24,E002,Aurelius Home US,NA,5,5,0,8542875.72,0.0,8542875.72,False,False,ANALYST-CALC,"Entity deficit is an estimated position, not evidence of facility use or avoidable funding cost"
2026-05-24,E003,Aurelius Wellness US,NA,4,4,0,7364642.09,0.0,7364642.09,False,False,ANALYST-CALC,"Entity deficit is an estimated position, not evidence of facility use or avoidable funding cost"
2026-05-24,E004,Aurelius Canada,NA,3,3,0,2273935.909339101,0.0,2273935.909339101,False,False,ANALYST-CALC,"Entity deficit is an estimated position, not evidence of facility use or avoidable funding cost"
2026-05-24,E005,Aurelius UK,EMEA,4,4,0,5200853.854544028,0.0,5200853.854544028,False,False,ANALYST-CALC,"Entity deficit is an estimated position, not evidence of facility use or avoidable funding cost"
2026-05-24,E006,Aurelius Germany,EMEA,4,4,0,7220261.4399618115,0.0,7220261.4399618115,False,False,ANALYST-CALC,"Entity deficit is an estimated position, not evidence of facility use or avoidable funding cost"
2026-05-24,E007,Aurelius France,EMEA,3,2,1,1137250.0216686,-1080925.176101472,56324.84556712804,True,False,ANALYST-CALC,"Entity deficit is an estimated position, not evidence of facility use or avoidable funding cost"
2026-05-24,E008,Aurelius Netherlands,EMEA,3,3,0,6488525.063319609,0.0,6488525.063319609,False,False,ANALYST-CALC,"Entity deficit is an estimated position, not evidence of facility use or avoidable funding cost"
2026-05-24,E009,Aurelius Spain,EMEA,3,3,0,3511564.395572484,0.0,3511564.395572484,False,False,ANALYST-CALC,"Entity deficit is an estimated position, not evidence of facility use or avoidable funding cost"
2026-05-24,E010,Aurelius Singapore,APAC,4,3,1,1211522.0809018058,-848809.69,362712.3909018058,True,False,ANALYST-CALC,"Entity deficit is an estimated position, not evidence of facility use or avoidable funding cost"
2026-05-24,E011,Aurelius Australia,APAC,3,3,0,6829844.023949582,0.0,6829844.023949582,False,False,ANALYST-CALC,"Entity deficit is an estimated position, not evidence of facility use or avoidable funding cost"
2026-05-24,E012,Aurelius Japan,APAC,3,3,0,591176.4302183505,0.0,591176.4302183505,False,False,ANALYST-CALC,"Entity deficit is an estimated position, not evidence of facility use or avoidable funding cost"
2026-05-24,E013,Aurelius Korea,APAC,3,3,0,3521.447104544,0.0,3521.447104544,False,False,ANALYST-CALC,"Entity deficit is an estimated position, not evidence of facility use or avoidable funding cost"
2026-05-24,E014,Aurelius India,APAC,3,3,0,533120.7252521722,0.0,533120.7252521722,False,False,ANALYST-CALC,"Entity deficit is an estimated position, not evidence of facility use or avoidable funding cost"
2026-05-24,E015,Aurelius Hong Kong,APAC,3,3,0,480870.1016042385,0.0,480870.1016042385,False,False,ANALYST-CALC,"Entity deficit is an estimated position, not evidence of facility use or avoidable funding cost"
2026-05-24,E016,Aurelius Global Sourcing,APAC,3,3,0,2920893.27,0.0,2920893.27,False,False,ANALYST-CALC,"Entity deficit is an estimated position, not evidence of facility use or avoidable funding cost"
2026-05-25,E001,Aurelius Group Holdings,NA,4,4,0,3546044.35,0.0,3546044.35,False,False,ANALYST-CALC,"Entity deficit is an estimated position, not evidence of facility use or avoidable funding cost"
2026-05-25,E002,Aurelius Home US,NA,5,5,0,7565969.09,0.0,7565969.09,False,False,ANALYST-CALC,"Entity deficit is an estimated position, not evidence of facility use or avoidable funding cost"
2026-05-25,E003,Aurelius Wellness US,NA,4,4,0,7356212.83,0.0,7356212.83,False,False,ANALYST-CALC,"Entity deficit is an estimated position, not evidence of facility use or avoidable funding cost"
2026-05-25,E004,Aurelius Canada,NA,3,3,0,2440343.2997498913,0.0,2440343.2997498913,False,False,ANALYST-CALC,"Entity deficit is an estimated position, not evidence of facility use or avoidable funding cost"
2026-05-25,E005,Aurelius UK,EMEA,4,4,0,4576529.046090691,0.0,4576529.046090691,False,False,ANALYST-CALC,"Entity deficit is an estimated position, not evidence of facility use or avoidable funding cost"
2026-05-25,E006,Aurelius Germany,EMEA,4,4,0,7131610.8721103985,0.0,7131610.8721103985,False,False,ANALYST-CALC,"Entity deficit is an estimated position, not evidence of facility use or avoidable funding cost"
2026-05-25,E007,Aurelius France,EMEA,3,2,1,1033685.958183306,-1025703.680662214,7982.277521091921,True,False,ANALYST-CALC,"Entity deficit is an estimated position, not evidence of facility use or avoidable funding cost"
2026-05-25,E008,Aurelius Netherlands,EMEA,3,3,0,5374393.937580392,0.0,5374393.937580392,False,False,ANALYST-CALC,"Entity deficit is an estimated position, not evidence of facility use or avoidable funding cost"
2026-05-25,E009,Aurelius Spain,EMEA,3,3,0,4019013.910097778,0.0,4019013.910097778,False,False,ANALYST-CALC,"Entity deficit is an estimated position, not evidence of facility use or avoidable funding cost"
2026-05-25,E010,Aurelius Singapore,APAC,4,3,1,1236919.2616259374,-920046.53,316872.73162593745,True,False,ANALYST-CALC,"Entity deficit is an estimated position, not evidence of facility use or avoidable funding cost"
2026-05-25,E011,Aurelius Australia,APAC,3,3,0,7150268.448612976,0.0,7150268.448612976,False,False,ANALYST-CALC,"Entity deficit is an estimated position, not evidence of facility use or avoidable funding cost"
2026-05-25,E012,Aurelius Japan,APAC,3,3,0,611101.2563890707,0.0,611101.2563890707,False,False,ANALYST-CALC,"Entity deficit is an estimated position, not evidence of facility use or avoidable funding cost"
2026-05-25,E013,Aurelius Korea,APAC,3,3,0,3202.4039976599997,0.0,3202.4039976599997,False,False,ANALYST-CALC,"Entity deficit is an estimated position, not evidence of facility use or avoidable funding cost"
2026-05-25,E014,Aurelius India,APAC,3,3,0,460596.5030323542,0.0,460596.5030323542,False,False,ANALYST-CALC,"Entity deficit is an estimated position, not evidence of facility use or avoidable funding cost"
2026-05-25,E015,Aurelius Hong Kong,APAC,3,3,0,443896.97191031935,0.0,443896.97191031935,False,False,ANALYST-CALC,"Entity deficit is an estimated position, not evidence of facility use or avoidable funding cost"
2026-05-25,E016,Aurelius Global Sourcing,APAC,3,3,0,2862769.7,0.0,2862769.7,False,False,ANALYST-CALC,"Entity deficit is an estimated position, not evidence of facility use or avoidable funding cost"
2026-05-26,E001,Aurelius Group Holdings,NA,4,4,0,4443300.85,0.0,4443300.85,False,False,ANALYST-CALC,"Entity deficit is an estimated position, not evidence of facility use or avoidable funding cost"
2026-05-26,E002,Aurelius Home US,NA,5,5,0,7013885.55,0.0,7013885.55,False,False,ANALYST-CALC,"Entity deficit is an estimated position, not evidence of facility use or avoidable funding cost"
2026-05-26,E003,Aurelius Wellness US,NA,4,4,0,7175663.84,0.0,7175663.84,False,False,ANALYST-CALC,"Entity deficit is an estimated position, not evidence of facility use or avoidable funding cost"
2026-05-26,E004,Aurelius Canada,NA,3,3,0,2042498.563810341,0.0,2042498.563810341,False,False,ANALYST-CALC,"Entity deficit is an estimated position, not evidence of facility use or avoidable funding cost"
2026-05-26,E005,Aurelius UK,EMEA,4,4,0,4652102.960660497,0.0,4652102.960660497,False,False,ANALYST-CALC,"Entity deficit is an estimated position, not evidence of facility use or avoidable funding cost"
2026-05-26,E006,Aurelius Germany,EMEA,4,4,0,7895141.808644676,0.0,7895141.808644676,False,False,ANALYST-CALC,"Entity deficit is an estimated position, not evidence of facility use or avoidable funding cost"
2026-05-26,E007,Aurelius France,EMEA,3,2,1,1013428.0810574454,-1052930.6121810381,-39502.53112359275,True,True,ANALYST-CALC,"Entity deficit is an estimated position, not evidence of facility use or avoidable funding cost"
2026-05-26,E008,Aurelius Netherlands,EMEA,3,3,0,5419596.552387508,0.0,5419596.552387508,False,False,ANALYST-CALC,"Entity deficit is an estimated position, not evidence of facility use or avoidable funding cost"
2026-05-26,E009,Aurelius Spain,EMEA,3,3,0,3730579.0117033552,0.0,3730579.0117033552,False,False,ANALYST-CALC,"Entity deficit is an estimated position, not evidence of facility use or avoidable funding cost"
2026-05-26,E010,Aurelius Singapore,APAC,4,3,1,1171234.4326246092,-1026348.99,144885.4426246092,True,False,ANALYST-CALC,"Entity deficit is an estimated position, not evidence of facility use or avoidable funding cost"
2026-05-26,E011,Aurelius Australia,APAC,3,3,0,7212653.699410612,0.0,7212653.699410612,False,False,ANALYST-CALC,"Entity deficit is an estimated position, not evidence of facility use or avoidable funding cost"
2026-05-26,E012,Aurelius Japan,APAC,3,3,0,524002.2487953168,0.0,524002.2487953168,False,False,ANALYST-CALC,"Entity deficit is an estimated position, not evidence of facility use or avoidable funding cost"
2026-05-26,E013,Aurelius Korea,APAC,3,3,0,3077.2537519178,0.0,3077.2537519178,False,False,ANALYST-CALC,"Entity deficit is an estimated position, not evidence of facility use or avoidable funding cost"
2026-05-26,E014,Aurelius India,APAC,3,3,0,461068.5775253232,0.0,461068.5775253232,False,False,ANALYST-CALC,"Entity deficit is an estimated position, not evidence of facility use or avoidable funding cost"
2026-05-26,E015,Aurelius Hong Kong,APAC,3,3,0,444625.6737607634,0.0,444625.6737607634,False,False,ANALYST-CALC,"Entity deficit is an estimated position, not evidence of facility use or avoidable funding cost"
2026-05-26,E016,Aurelius Global Sourcing,APAC,3,3,0,3004082.43,0.0,3004082.43,False,False,ANALYST-CALC,"Entity deficit is an estimated position, not evidence of facility use or avoidable funding cost"
2026-05-27,E001,Aurelius Group Holdings,NA,4,4,0,3987938.77,0.0,3987938.77,False,False,ANALYST-CALC,"Entity deficit is an estimated position, not evidence of facility use or avoidable funding cost"
2026-05-27,E002,Aurelius Home US,NA,5,5,0,7108607.3,0.0,7108607.3,False,False,ANALYST-CALC,"Entity deficit is an estimated position, not evidence of facility use or avoidable funding cost"
2026-05-27,E003,Aurelius Wellness US,NA,4,4,0,6667717.66,0.0,6667717.66,False,False,ANALYST-CALC,"Entity deficit is an estimated position, not evidence of facility use or avoidable funding cost"
2026-05-27,E004,Aurelius Canada,NA,3,3,0,2351732.9612627975,0.0,2351732.9612627975,False,False,ANALYST-CALC,"Entity deficit is an estimated position, not evidence of facility use or avoidable funding cost"
2026-05-27,E005,Aurelius UK,EMEA,4,4,0,4933185.091666003,0.0,4933185.091666003,False,False,ANALYST-CALC,"Entity deficit is an estimated position, not evidence of facility use or avoidable funding cost"
2026-05-27,E006,Aurelius Germany,EMEA,4,4,0,8720165.365109606,0.0,8720165.365109606,False,False,ANALYST-CALC,"Entity deficit is an estimated position, not evidence of facility use or avoidable funding cost"
2026-05-27,E007,Aurelius France,EMEA,3,2,1,1145310.328138979,-1335614.4664164484,-190304.1382774695,True,True,ANALYST-CALC,"Entity deficit is an estimated position, not evidence of facility use or avoidable funding cost"
2026-05-27,E008,Aurelius Netherlands,EMEA,3,3,0,5576725.926848959,0.0,5576725.926848959,False,False,ANALYST-CALC,"Entity deficit is an estimated position, not evidence of facility use or avoidable funding cost"
2026-05-27,E009,Aurelius Spain,EMEA,3,3,0,3865627.5184403346,0.0,3865627.5184403346,False,False,ANALYST-CALC,"Entity deficit is an estimated position, not evidence of facility use or avoidable funding cost"
2026-05-27,E010,Aurelius Singapore,APAC,4,3,1,1111664.7932534,-926922.32,184742.47325339986,True,False,ANALYST-CALC,"Entity deficit is an estimated position, not evidence of facility use or avoidable funding cost"
2026-05-27,E011,Aurelius Australia,APAC,3,3,0,7507841.314906035,0.0,7507841.314906035,False,False,ANALYST-CALC,"Entity deficit is an estimated position, not evidence of facility use or avoidable funding cost"
2026-05-27,E012,Aurelius Japan,APAC,3,3,0,586619.1002910561,0.0,586619.1002910561,False,False,ANALYST-CALC,"Entity deficit is an estimated position, not evidence of facility use or avoidable funding cost"
2026-05-27,E013,Aurelius Korea,APAC,3,3,0,2740.0631830442003,0.0,2740.0631830442003,False,False,ANALYST-CALC,"Entity deficit is an estimated position, not evidence of facility use or avoidable funding cost"
2026-05-27,E014,Aurelius India,APAC,3,3,0,413308.47139690316,0.0,413308.47139690316,False,False,ANALYST-CALC,"Entity deficit is an estimated position, not evidence of facility use or avoidable funding cost"
2026-05-27,E015,Aurelius Hong Kong,APAC,3,3,0,430965.77041978866,0.0,430965.77041978866,False,False,ANALYST-CALC,"Entity deficit is an estimated position, not evidence of facility use or avoidable funding cost"
2026-05-27,E016,Aurelius Global Sourcing,APAC,3,3,0,2774380.15,0.0,2774380.15,False,False,ANALYST-CALC,"Entity deficit is an estimated position, not evidence of facility use or avoidable funding cost"
2026-05-28,E001,Aurelius Group Holdings,NA,4,4,0,3427831.17,0.0,3427831.17,False,False,ANALYST-CALC,"Entity deficit is an estimated position, not evidence of facility use or avoidable funding cost"
2026-05-28,E002,Aurelius Home US,NA,5,5,0,7724872.83,0.0,7724872.83,False,False,ANALYST-CALC,"Entity deficit is an estimated position, not evidence of facility use or avoidable funding cost"
2026-05-28,E003,Aurelius Wellness US,NA,4,4,0,6619650.99,0.0,6619650.99,False,False,ANALYST-CALC,"Entity deficit is an estimated position, not evidence of facility use or avoidable funding cost"
2026-05-28,E004,Aurelius Canada,NA,3,3,0,2317584.1567785246,0.0,2317584.1567785246,False,False,ANALYST-CALC,"Entity deficit is an estimated position, not evidence of facility use or avoidable funding cost"
2026-05-28,E005,Aurelius UK,EMEA,4,4,0,5657243.659894681,0.0,5657243.659894681,False,False,ANALYST-CALC,"Entity deficit is an estimated position, not evidence of facility use or avoidable funding cost"
2026-05-28,E006,Aurelius Germany,EMEA,4,4,0,9165410.289663475,0.0,9165410.289663475,False,False,ANALYST-CALC,"Entity deficit is an estimated position, not evidence of facility use or avoidable funding cost"
2026-05-28,E007,Aurelius France,EMEA,3,2,1,1367628.940884932,-1127943.8858488945,239685.05503603752,True,False,ANALYST-CALC,"Entity deficit is an estimated position, not evidence of facility use or avoidable funding cost"
2026-05-28,E008,Aurelius Netherlands,EMEA,3,3,0,6400609.261711156,0.0,6400609.261711156,False,False,ANALYST-CALC,"Entity deficit is an estimated position, not evidence of facility use or avoidable funding cost"
2026-05-28,E009,Aurelius Spain,EMEA,3,3,0,3668833.2227981314,0.0,3668833.2227981314,False,False,ANALYST-CALC,"Entity deficit is an estimated position, not evidence of facility use or avoidable funding cost"
2026-05-28,E010,Aurelius Singapore,APAC,4,3,1,984526.9925134827,-1025685.79,-41158.79748651734,True,True,ANALYST-CALC,"Entity deficit is an estimated position, not evidence of facility use or avoidable funding cost"
2026-05-28,E011,Aurelius Australia,APAC,3,3,0,7138709.821348883,0.0,7138709.821348883,False,False,ANALYST-CALC,"Entity deficit is an estimated position, not evidence of facility use or avoidable funding cost"
2026-05-28,E012,Aurelius Japan,APAC,3,3,0,455013.2037745016,0.0,455013.2037745016,False,False,ANALYST-CALC,"Entity deficit is an estimated position, not evidence of facility use or avoidable funding cost"
2026-05-28,E013,Aurelius Korea,APAC,3,3,0,2698.8298703304,0.0,2698.8298703304,False,False,ANALYST-CALC,"Entity deficit is an estimated position, not evidence of facility use or avoidable funding cost"
2026-05-28,E014,Aurelius India,APAC,3,3,0,572394.3009728328,0.0,572394.3009728328,False,False,ANALYST-CALC,"Entity deficit is an estimated position, not evidence of facility use or avoidable funding cost"
2026-05-28,E015,Aurelius Hong Kong,APAC,3,3,0,455600.1302836725,0.0,455600.1302836725,False,False,ANALYST-CALC,"Entity deficit is an estimated position, not evidence of facility use or avoidable funding cost"
2026-05-28,E016,Aurelius Global Sourcing,APAC,3,3,0,2381567.35,0.0,2381567.35,False,False,ANALYST-CALC,"Entity deficit is an estimated position, not evidence of facility use or avoidable funding cost"
2026-05-29,E001,Aurelius Group Holdings,NA,4,4,0,3904390.0100000002,0.0,3904390.0100000002,False,False,ANALYST-CALC,"Entity deficit is an estimated position, not evidence of facility use or avoidable funding cost"
2026-05-29,E002,Aurelius Home US,NA,5,5,0,7607553.630000001,0.0,7607553.630000001,False,False,ANALYST-CALC,"Entity deficit is an estimated position, not evidence of facility use or avoidable funding cost"
2026-05-29,E003,Aurelius Wellness US,NA,4,4,0,6752795.5,0.0,6752795.5,False,False,ANALYST-CALC,"Entity deficit is an estimated position, not evidence of facility use or avoidable funding cost"
2026-05-29,E004,Aurelius Canada,NA,3,3,0,2375610.8267280515,0.0,2375610.8267280515,False,False,ANALYST-CALC,"Entity deficit is an estimated position, not evidence of facility use or avoidable funding cost"
2026-05-29,E005,Aurelius UK,EMEA,4,4,0,4888198.768950667,0.0,4888198.768950667,False,False,ANALYST-CALC,"Entity deficit is an estimated position, not evidence of facility use or avoidable funding cost"
2026-05-29,E006,Aurelius Germany,EMEA,4,4,0,8165282.839656883,0.0,8165282.839656883,False,False,ANALYST-CALC,"Entity deficit is an estimated position, not evidence of facility use or avoidable funding cost"
2026-05-29,E007,Aurelius France,EMEA,3,2,1,1477689.6850540608,-1109875.1811830609,367814.50387099996,True,False,ANALYST-CALC,"Entity deficit is an estimated position, not evidence of facility use or avoidable funding cost"
2026-05-29,E008,Aurelius Netherlands,EMEA,3,3,0,5934528.1607570825,0.0,5934528.1607570825,False,False,ANALYST-CALC,"Entity deficit is an estimated position, not evidence of facility use or avoidable funding cost"
2026-05-29,E009,Aurelius Spain,EMEA,3,3,0,3614342.6374065066,0.0,3614342.6374065066,False,False,ANALYST-CALC,"Entity deficit is an estimated position, not evidence of facility use or avoidable funding cost"
2026-05-29,E010,Aurelius Singapore,APAC,4,3,1,1105176.3600351007,-1053784.94,51391.42003510075,True,False,ANALYST-CALC,"Entity deficit is an estimated position, not evidence of facility use or avoidable funding cost"
2026-05-29,E011,Aurelius Australia,APAC,3,3,0,6453532.4215770485,0.0,6453532.4215770485,False,False,ANALYST-CALC,"Entity deficit is an estimated position, not evidence of facility use or avoidable funding cost"
2026-05-29,E012,Aurelius Japan,APAC,3,3,0,568589.30102833,0.0,568589.30102833,False,False,ANALYST-CALC,"Entity deficit is an estimated position, not evidence of facility use or avoidable funding cost"
2026-05-29,E013,Aurelius Korea,APAC,3,3,0,3271.4708176556005,0.0,3271.4708176556005,False,False,ANALYST-CALC,"Entity deficit is an estimated position, not evidence of facility use or avoidable funding cost"
2026-05-29,E014,Aurelius India,APAC,3,3,0,539975.9943238187,0.0,539975.9943238187,False,False,ANALYST-CALC,"Entity deficit is an estimated position, not evidence of facility use or avoidable funding cost"
2026-05-29,E015,Aurelius Hong Kong,APAC,3,3,0,529442.6368918493,0.0,529442.6368918493,False,False,ANALYST-CALC,"Entity deficit is an estimated position, not evidence of facility use or avoidable funding cost"
2026-05-29,E016,Aurelius Global Sourcing,APAC,3,3,0,2534655.53,0.0,2534655.53,False,False,ANALYST-CALC,"Entity deficit is an estimated position, not evidence of facility use or avoidable funding cost"
2026-05-30,E001,Aurelius Group Holdings,NA,4,3,0,3588161.62,0.0,3588161.62,False,False,ANALYST-CALC,"Entity deficit is an estimated position, not evidence of facility use or avoidable funding cost"
2026-05-30,E002,Aurelius Home US,NA,5,5,0,7706769.92,0.0,7706769.92,False,False,ANALYST-CALC,"Entity deficit is an estimated position, not evidence of facility use or avoidable funding cost"
2026-05-30,E003,Aurelius Wellness US,NA,4,4,0,7336558.04,0.0,7336558.04,False,False,ANALYST-CALC,"Entity deficit is an estimated position, not evidence of facility use or avoidable funding cost"
2026-05-30,E004,Aurelius Canada,NA,3,3,0,2219605.777647005,0.0,2219605.777647005,False,False,ANALYST-CALC,"Entity deficit is an estimated position, not evidence of facility use or avoidable funding cost"
2026-05-30,E005,Aurelius UK,EMEA,4,4,0,5152812.021221288,0.0,5152812.021221288,False,False,ANALYST-CALC,"Entity deficit is an estimated position, not evidence of facility use or avoidable funding cost"
2026-05-30,E006,Aurelius Germany,EMEA,4,4,0,9592379.541005816,0.0,9592379.541005816,False,False,ANALYST-CALC,"Entity deficit is an estimated position, not evidence of facility use or avoidable funding cost"
2026-05-30,E007,Aurelius France,EMEA,3,2,1,1126292.559970862,-977782.8730761793,148509.6868946827,True,False,ANALYST-CALC,"Entity deficit is an estimated position, not evidence of facility use or avoidable funding cost"
2026-05-30,E008,Aurelius Netherlands,EMEA,3,3,0,6354346.015533514,0.0,6354346.015533514,False,False,ANALYST-CALC,"Entity deficit is an estimated position, not evidence of facility use or avoidable funding cost"
2026-05-30,E009,Aurelius Spain,EMEA,3,3,0,3942244.9181310823,0.0,3942244.9181310823,False,False,ANALYST-CALC,"Entity deficit is an estimated position, not evidence of facility use or avoidable funding cost"
2026-05-30,E010,Aurelius Singapore,APAC,4,3,1,1385657.2470932694,-859505.19,526152.0570932695,True,False,ANALYST-CALC,"Entity deficit is an estimated position, not evidence of facility use or avoidable funding cost"
2026-05-30,E011,Aurelius Australia,APAC,3,3,0,7123155.179563162,0.0,7123155.179563162,False,False,ANALYST-CALC,"Entity deficit is an estimated position, not evidence of facility use or avoidable funding cost"
2026-05-30,E012,Aurelius Japan,APAC,3,3,0,599343.8098622165,0.0,599343.8098622165,False,False,ANALYST-CALC,"Entity deficit is an estimated position, not evidence of facility use or avoidable funding cost"
2026-05-30,E013,Aurelius Korea,APAC,3,3,0,3441.4361109546,0.0,3441.4361109546,False,False,ANALYST-CALC,"Entity deficit is an estimated position, not evidence of facility use or avoidable funding cost"
2026-05-30,E014,Aurelius India,APAC,3,3,0,555441.5231895166,0.0,555441.5231895166,False,False,ANALYST-CALC,"Entity deficit is an estimated position, not evidence of facility use or avoidable funding cost"
2026-05-30,E015,Aurelius Hong Kong,APAC,3,3,0,550195.2995060025,0.0,550195.2995060025,False,False,ANALYST-CALC,"Entity deficit is an estimated position, not evidence of facility use or avoidable funding cost"
2026-05-30,E016,Aurelius Global Sourcing,APAC,3,3,0,2410304.56,0.0,2410304.56,False,False,ANALYST-CALC,"Entity deficit is an estimated position, not evidence of facility use or avoidable funding cost"
2026-05-31,E001,Aurelius Group Holdings,NA,4,4,0,3331551.62,0.0,3331551.62,False,False,ANALYST-CALC,"Entity deficit is an estimated position, not evidence of facility use or avoidable funding cost"
2026-05-31,E002,Aurelius Home US,NA,5,5,0,7491949.76,0.0,7491949.76,False,False,ANALYST-CALC,"Entity deficit is an estimated position, not evidence of facility use or avoidable funding cost"
2026-05-31,E003,Aurelius Wellness US,NA,4,4,0,7760137.5,0.0,7760137.5,False,False,ANALYST-CALC,"Entity deficit is an estimated position, not evidence of facility use or avoidable funding cost"
2026-05-31,E004,Aurelius Canada,NA,3,3,0,2409303.567598194,0.0,2409303.567598194,False,False,ANALYST-CALC,"Entity deficit is an estimated position, not evidence of facility use or avoidable funding cost"
2026-05-31,E005,Aurelius UK,EMEA,4,4,0,5564482.258928031,0.0,5564482.258928031,False,False,ANALYST-CALC,"Entity deficit is an estimated position, not evidence of facility use or avoidable funding cost"
2026-05-31,E006,Aurelius Germany,EMEA,4,4,0,7901182.551831833,0.0,7901182.551831833,False,False,ANALYST-CALC,"Entity deficit is an estimated position, not evidence of facility use or avoidable funding cost"
2026-05-31,E007,Aurelius France,EMEA,3,2,1,1048927.3301241493,-910661.3146447334,138266.01547941583,True,False,ANALYST-CALC,"Entity deficit is an estimated position, not evidence of facility use or avoidable funding cost"
2026-05-31,E008,Aurelius Netherlands,EMEA,3,3,0,5654288.712596615,0.0,5654288.712596615,False,False,ANALYST-CALC,"Entity deficit is an estimated position, not evidence of facility use or avoidable funding cost"
2026-05-31,E009,Aurelius Spain,EMEA,3,3,0,4096106.254357979,0.0,4096106.254357979,False,False,ANALYST-CALC,"Entity deficit is an estimated position, not evidence of facility use or avoidable funding cost"
2026-05-31,E010,Aurelius Singapore,APAC,4,3,1,1292943.618854135,-791190.91,501752.70885413507,True,False,ANALYST-CALC,"Entity deficit is an estimated position, not evidence of facility use or avoidable funding cost"
2026-05-31,E011,Aurelius Australia,APAC,3,3,0,6678904.984583425,0.0,6678904.984583425,False,False,ANALYST-CALC,"Entity deficit is an estimated position, not evidence of facility use or avoidable funding cost"
2026-05-31,E012,Aurelius Japan,APAC,3,3,0,599991.7178068196,0.0,599991.7178068196,False,False,ANALYST-CALC,"Entity deficit is an estimated position, not evidence of facility use or avoidable funding cost"
2026-05-31,E013,Aurelius Korea,APAC,3,3,0,3068.0735242399996,0.0,3068.0735242399996,False,False,ANALYST-CALC,"Entity deficit is an estimated position, not evidence of facility use or avoidable funding cost"
2026-05-31,E014,Aurelius India,APAC,3,3,0,547450.3792577792,0.0,547450.3792577792,False,False,ANALYST-CALC,"Entity deficit is an estimated position, not evidence of facility use or avoidable funding cost"
2026-05-31,E015,Aurelius Hong Kong,APAC,3,3,0,502848.58943831245,0.0,502848.58943831245,False,False,ANALYST-CALC,"Entity deficit is an estimated position, not evidence of facility use or avoidable funding cost"
2026-05-31,E016,Aurelius Global Sourcing,APAC,3,3,0,2825413.62,0.0,2825413.62,False,False,ANALYST-CALC,"Entity deficit is an estimated position, not evidence of facility use or avoidable funding cost"
2026-06-01,E001,Aurelius Group Holdings,NA,4,4,0,3575745.43,0.0,3575745.43,False,False,ANALYST-CALC,"Entity deficit is an estimated position, not evidence of facility use or avoidable funding cost"
2026-06-01,E002,Aurelius Home US,NA,5,5,0,7672502.29,0.0,7672502.29,False,False,ANALYST-CALC,"Entity deficit is an estimated position, not evidence of facility use or avoidable funding cost"
2026-06-01,E003,Aurelius Wellness US,NA,4,4,0,7664308.9399999995,0.0,7664308.9399999995,False,False,ANALYST-CALC,"Entity deficit is an estimated position, not evidence of facility use or avoidable funding cost"
2026-06-01,E004,Aurelius Canada,NA,3,3,0,2169474.412887648,0.0,2169474.412887648,False,False,ANALYST-CALC,"Entity deficit is an estimated position, not evidence of facility use or avoidable funding cost"
2026-06-01,E005,Aurelius UK,EMEA,4,4,0,4849515.896125544,0.0,4849515.896125544,False,False,ANALYST-CALC,"Entity deficit is an estimated position, not evidence of facility use or avoidable funding cost"
2026-06-01,E006,Aurelius Germany,EMEA,4,4,0,8163680.065336609,0.0,8163680.065336609,False,False,ANALYST-CALC,"Entity deficit is an estimated position, not evidence of facility use or avoidable funding cost"
2026-06-01,E007,Aurelius France,EMEA,3,2,1,1051730.7655631788,-1209030.7145437587,-157299.94898057973,True,True,ANALYST-CALC,"Entity deficit is an estimated position, not evidence of facility use or avoidable funding cost"
2026-06-01,E008,Aurelius Netherlands,EMEA,3,3,0,5362650.587607994,0.0,5362650.587607994,False,False,ANALYST-CALC,"Entity deficit is an estimated position, not evidence of facility use or avoidable funding cost"
2026-06-01,E009,Aurelius Spain,EMEA,3,3,0,3851265.735112336,0.0,3851265.735112336,False,False,ANALYST-CALC,"Entity deficit is an estimated position, not evidence of facility use or avoidable funding cost"
2026-06-01,E010,Aurelius Singapore,APAC,4,3,1,1166618.714802546,-933052.58,233566.134802546,True,False,ANALYST-CALC,"Entity deficit is an estimated position, not evidence of facility use or avoidable funding cost"
2026-06-01,E011,Aurelius Australia,APAC,3,3,0,7188062.608778109,0.0,7188062.608778109,False,False,ANALYST-CALC,"Entity deficit is an estimated position, not evidence of facility use or avoidable funding cost"
2026-06-01,E012,Aurelius Japan,APAC,3,3,0,677327.9359937574,0.0,677327.9359937574,False,False,ANALYST-CALC,"Entity deficit is an estimated position, not evidence of facility use or avoidable funding cost"
2026-06-01,E013,Aurelius Korea,APAC,3,3,0,3663.4261267014,0.0,3663.4261267014,False,False,ANALYST-CALC,"Entity deficit is an estimated position, not evidence of facility use or avoidable funding cost"
2026-06-01,E014,Aurelius India,APAC,3,3,0,488205.4593088287,0.0,488205.4593088287,False,False,ANALYST-CALC,"Entity deficit is an estimated position, not evidence of facility use or avoidable funding cost"
2026-06-01,E015,Aurelius Hong Kong,APAC,3,3,0,535042.535975532,0.0,535042.535975532,False,False,ANALYST-CALC,"Entity deficit is an estimated position, not evidence of facility use or avoidable funding cost"
2026-06-01,E016,Aurelius Global Sourcing,APAC,3,3,0,2940747.9,0.0,2940747.9,False,False,ANALYST-CALC,"Entity deficit is an estimated position, not evidence of facility use or avoidable funding cost"
2026-06-02,E001,Aurelius Group Holdings,NA,4,4,0,4238368.9799999995,0.0,4238368.9799999995,False,False,ANALYST-CALC,"Entity deficit is an estimated position, not evidence of facility use or avoidable funding cost"
2026-06-02,E002,Aurelius Home US,NA,5,5,0,7431458.0,0.0,7431458.0,False,False,ANALYST-CALC,"Entity deficit is an estimated position, not evidence of facility use or avoidable funding cost"
2026-06-02,E003,Aurelius Wellness US,NA,4,4,0,7766640.66,0.0,7766640.66,False,False,ANALYST-CALC,"Entity deficit is an estimated position, not evidence of facility use or avoidable funding cost"
2026-06-02,E004,Aurelius Canada,NA,3,3,0,2307645.152031244,0.0,2307645.152031244,False,False,ANALYST-CALC,"Entity deficit is an estimated position, not evidence of facility use or avoidable funding cost"
2026-06-02,E005,Aurelius UK,EMEA,4,4,0,4525419.6563261105,0.0,4525419.6563261105,False,False,ANALYST-CALC,"Entity deficit is an estimated position, not evidence of facility use or avoidable funding cost"
2026-06-02,E006,Aurelius Germany,EMEA,4,4,0,8406625.857852563,0.0,8406625.857852563,False,False,ANALYST-CALC,"Entity deficit is an estimated position, not evidence of facility use or avoidable funding cost"
2026-06-02,E007,Aurelius France,EMEA,3,2,1,1210692.6294258758,-1161072.1234491915,49620.50597668451,True,False,ANALYST-CALC,"Entity deficit is an estimated position, not evidence of facility use or avoidable funding cost"
2026-06-02,E008,Aurelius Netherlands,EMEA,3,3,0,5377795.232958764,0.0,5377795.232958764,False,False,ANALYST-CALC,"Entity deficit is an estimated position, not evidence of facility use or avoidable funding cost"
2026-06-02,E009,Aurelius Spain,EMEA,3,3,0,3892339.2958670994,0.0,3892339.2958670994,False,False,ANALYST-CALC,"Entity deficit is an estimated position, not evidence of facility use or avoidable funding cost"
2026-06-02,E010,Aurelius Singapore,APAC,4,3,1,1114903.6609914992,-916928.69,197974.97099149926,True,False,ANALYST-CALC,"Entity deficit is an estimated position, not evidence of facility use or avoidable funding cost"
2026-06-02,E011,Aurelius Australia,APAC,3,3,0,6873712.051876135,0.0,6873712.051876135,False,False,ANALYST-CALC,"Entity deficit is an estimated position, not evidence of facility use or avoidable funding cost"
2026-06-02,E012,Aurelius Japan,APAC,3,3,0,490945.2508151935,0.0,490945.2508151935,False,False,ANALYST-CALC,"Entity deficit is an estimated position, not evidence of facility use or avoidable funding cost"
2026-06-02,E013,Aurelius Korea,APAC,3,3,0,2759.0829167419997,0.0,2759.0829167419997,False,False,ANALYST-CALC,"Entity deficit is an estimated position, not evidence of facility use or avoidable funding cost"
2026-06-02,E014,Aurelius India,APAC,3,3,0,487495.311648728,0.0,487495.311648728,False,False,ANALYST-CALC,"Entity deficit is an estimated position, not evidence of facility use or avoidable funding cost"
2026-06-02,E015,Aurelius Hong Kong,APAC,3,3,0,456285.63918416953,0.0,456285.63918416953,False,False,ANALYST-CALC,"Entity deficit is an estimated position, not evidence of facility use or avoidable funding cost"
2026-06-02,E016,Aurelius Global Sourcing,APAC,3,3,0,2775530.5700000003,0.0,2775530.5700000003,False,False,ANALYST-CALC,"Entity deficit is an estimated position, not evidence of facility use or avoidable funding cost"
2026-06-03,E001,Aurelius Group Holdings,NA,4,4,0,4087395.46,0.0,4087395.46,False,False,ANALYST-CALC,"Entity deficit is an estimated position, not evidence of facility use or avoidable funding cost"
2026-06-03,E002,Aurelius Home US,NA,5,5,0,7831299.1,0.0,7831299.1,False,False,ANALYST-CALC,"Entity deficit is an estimated position, not evidence of facility use or avoidable funding cost"
2026-06-03,E003,Aurelius Wellness US,NA,4,4,0,6011868.52,0.0,6011868.52,False,False,ANALYST-CALC,"Entity deficit is an estimated position, not evidence of facility use or avoidable funding cost"
2026-06-03,E004,Aurelius Canada,NA,3,3,0,2103734.0268572136,0.0,2103734.0268572136,False,False,ANALYST-CALC,"Entity deficit is an estimated position, not evidence of facility use or avoidable funding cost"
2026-06-03,E005,Aurelius UK,EMEA,4,4,0,4618472.459358226,0.0,4618472.459358226,False,False,ANALYST-CALC,"Entity deficit is an estimated position, not evidence of facility use or avoidable funding cost"
2026-06-03,E006,Aurelius Germany,EMEA,4,4,0,8825742.97918613,0.0,8825742.97918613,False,False,ANALYST-CALC,"Entity deficit is an estimated position, not evidence of facility use or avoidable funding cost"
2026-06-03,E007,Aurelius France,EMEA,3,2,1,1214843.0948631286,-1245391.880216961,-30548.785353832413,True,True,ANALYST-CALC,"Entity deficit is an estimated position, not evidence of facility use or avoidable funding cost"
2026-06-03,E008,Aurelius Netherlands,EMEA,3,3,0,6072650.486031548,0.0,6072650.486031548,False,False,ANALYST-CALC,"Entity deficit is an estimated position, not evidence of facility use or avoidable funding cost"
2026-06-03,E009,Aurelius Spain,EMEA,3,3,0,3755999.564819918,0.0,3755999.564819918,False,False,ANALYST-CALC,"Entity deficit is an estimated position, not evidence of facility use or avoidable funding cost"
2026-06-03,E010,Aurelius Singapore,APAC,4,3,1,1227930.7346856426,-949466.12,278464.6146856426,True,False,ANALYST-CALC,"Entity deficit is an estimated position, not evidence of facility use or avoidable funding cost"
2026-06-03,E011,Aurelius Australia,APAC,3,3,0,7164065.481769626,0.0,7164065.481769626,False,False,ANALYST-CALC,"Entity deficit is an estimated position, not evidence of facility use or avoidable funding cost"
2026-06-03,E012,Aurelius Japan,APAC,3,3,0,489302.9961291572,0.0,489302.9961291572,False,False,ANALYST-CALC,"Entity deficit is an estimated position, not evidence of facility use or avoidable funding cost"
2026-06-03,E013,Aurelius Korea,APAC,3,3,0,2869.628052816,0.0,2869.628052816,False,False,ANALYST-CALC,"Entity deficit is an estimated position, not evidence of facility use or avoidable funding cost"
2026-06-03,E014,Aurelius India,APAC,3,3,0,454694.8575925825,0.0,454694.8575925825,False,False,ANALYST-CALC,"Entity deficit is an estimated position, not evidence of facility use or avoidable funding cost"
2026-06-03,E015,Aurelius Hong Kong,APAC,3,3,0,446533.0198629138,0.0,446533.0198629138,False,False,ANALYST-CALC,"Entity deficit is an estimated position, not evidence of facility use or avoidable funding cost"
2026-06-03,E016,Aurelius Global Sourcing,APAC,3,3,0,2633535.85,0.0,2633535.85,False,False,ANALYST-CALC,"Entity deficit is an estimated position, not evidence of facility use or avoidable funding cost"
2026-06-04,E001,Aurelius Group Holdings,NA,4,4,0,3824779.4899999998,0.0,3824779.4899999998,False,False,ANALYST-CALC,"Entity deficit is an estimated position, not evidence of facility use or avoidable funding cost"
2026-06-04,E002,Aurelius Home US,NA,5,5,0,6859617.68,0.0,6859617.68,False,False,ANALYST-CALC,"Entity deficit is an estimated position, not evidence of facility use or avoidable funding cost"
2026-06-04,E003,Aurelius Wellness US,NA,4,4,0,6772078.359999999,0.0,6772078.359999999,False,False,ANALYST-CALC,"Entity deficit is an estimated position, not evidence of facility use or avoidable funding cost"
2026-06-04,E004,Aurelius Canada,NA,3,3,0,2112159.3885554136,0.0,2112159.3885554136,False,False,ANALYST-CALC,"Entity deficit is an estimated position, not evidence of facility use or avoidable funding cost"
2026-06-04,E005,Aurelius UK,EMEA,4,4,0,5495304.288891331,0.0,5495304.288891331,False,False,ANALYST-CALC,"Entity deficit is an estimated position, not evidence of facility use or avoidable funding cost"
2026-06-04,E006,Aurelius Germany,EMEA,4,4,0,9342706.362979073,0.0,9342706.362979073,False,False,ANALYST-CALC,"Entity deficit is an estimated position, not evidence of facility use or avoidable funding cost"
2026-06-04,E007,Aurelius France,EMEA,3,2,1,1330105.6092968895,-1172811.5125001576,157294.096796732,True,False,ANALYST-CALC,"Entity deficit is an estimated position, not evidence of facility use or avoidable funding cost"
2026-06-04,E008,Aurelius Netherlands,EMEA,3,3,0,6472129.73100765,0.0,6472129.73100765,False,False,ANALYST-CALC,"Entity deficit is an estimated position, not evidence of facility use or avoidable funding cost"
2026-06-04,E009,Aurelius Spain,EMEA,3,3,0,3546071.913434089,0.0,3546071.913434089,False,False,ANALYST-CALC,"Entity deficit is an estimated position, not evidence of facility use or avoidable funding cost"
2026-06-04,E010,Aurelius Singapore,APAC,4,3,1,1063070.2239487004,-953657.6,109412.62394870029,True,False,ANALYST-CALC,"Entity deficit is an estimated position, not evidence of facility use or avoidable funding cost"
2026-06-04,E011,Aurelius Australia,APAC,3,3,0,6963732.610290958,0.0,6963732.610290958,False,False,ANALYST-CALC,"Entity deficit is an estimated position, not evidence of facility use or avoidable funding cost"
2026-06-04,E012,Aurelius Japan,APAC,3,3,0,447609.9333793746,0.0,447609.9333793746,False,False,ANALYST-CALC,"Entity deficit is an estimated position, not evidence of facility use or avoidable funding cost"
2026-06-04,E013,Aurelius Korea,APAC,3,3,0,2654.619570256,0.0,2654.619570256,False,False,ANALYST-CALC,"Entity deficit is an estimated position, not evidence of facility use or avoidable funding cost"
2026-06-04,E014,Aurelius India,APAC,3,3,0,495490.0734133647,0.0,495490.0734133647,False,False,ANALYST-CALC,"Entity deficit is an estimated position, not evidence of facility use or avoidable funding cost"
2026-06-04,E015,Aurelius Hong Kong,APAC,3,3,0,413557.26649619127,0.0,413557.26649619127,False,False,ANALYST-CALC,"Entity deficit is an estimated position, not evidence of facility use or avoidable funding cost"
2026-06-04,E016,Aurelius Global Sourcing,APAC,3,3,0,2424189.12,0.0,2424189.12,False,False,ANALYST-CALC,"Entity deficit is an estimated position, not evidence of facility use or avoidable funding cost"
2026-06-05,E001,Aurelius Group Holdings,NA,4,4,0,3600928.94,0.0,3600928.94,False,False,ANALYST-CALC,"Entity deficit is an estimated position, not evidence of facility use or avoidable funding cost"
2026-06-05,E002,Aurelius Home US,NA,5,5,0,7618941.069999999,0.0,7618941.069999999,False,False,ANALYST-CALC,"Entity deficit is an estimated position, not evidence of facility use or avoidable funding cost"
2026-06-05,E003,Aurelius Wellness US,NA,4,4,0,6860137.33,0.0,6860137.33,False,False,ANALYST-CALC,"Entity deficit is an estimated position, not evidence of facility use or avoidable funding cost"
2026-06-05,E004,Aurelius Canada,NA,3,3,0,2205109.813936584,0.0,2205109.813936584,False,False,ANALYST-CALC,"Entity deficit is an estimated position, not evidence of facility use or avoidable funding cost"
2026-06-05,E005,Aurelius UK,EMEA,4,4,0,5006363.906178952,0.0,5006363.906178952,False,False,ANALYST-CALC,"Entity deficit is an estimated position, not evidence of facility use or avoidable funding cost"
2026-06-05,E006,Aurelius Germany,EMEA,4,4,0,8348257.840839842,0.0,8348257.840839842,False,False,ANALYST-CALC,"Entity deficit is an estimated position, not evidence of facility use or avoidable funding cost"
2026-06-05,E007,Aurelius France,EMEA,3,2,1,1447239.6545219421,-1056725.368517147,390514.2860047951,True,False,ANALYST-CALC,"Entity deficit is an estimated position, not evidence of facility use or avoidable funding cost"
2026-06-05,E008,Aurelius Netherlands,EMEA,3,3,0,6470016.447506856,0.0,6470016.447506856,False,False,ANALYST-CALC,"Entity deficit is an estimated position, not evidence of facility use or avoidable funding cost"
2026-06-05,E009,Aurelius Spain,EMEA,3,3,0,3680482.0680271685,0.0,3680482.0680271685,False,False,ANALYST-CALC,"Entity deficit is an estimated position, not evidence of facility use or avoidable funding cost"
2026-06-05,E010,Aurelius Singapore,APAC,4,3,1,1045766.1725732156,-946370.84,99395.33257321556,True,False,ANALYST-CALC,"Entity deficit is an estimated position, not evidence of facility use or avoidable funding cost"
2026-06-05,E011,Aurelius Australia,APAC,3,3,0,7238808.822658725,0.0,7238808.822658725,False,False,ANALYST-CALC,"Entity deficit is an estimated position, not evidence of facility use or avoidable funding cost"
2026-06-05,E012,Aurelius Japan,APAC,3,3,0,460815.88578814565,0.0,460815.88578814565,False,False,ANALYST-CALC,"Entity deficit is an estimated position, not evidence of facility use or avoidable funding cost"
2026-06-05,E013,Aurelius Korea,APAC,3,3,0,3183.4478135054,0.0,3183.4478135054,False,False,ANALYST-CALC,"Entity deficit is an estimated position, not evidence of facility use or avoidable funding cost"
2026-06-05,E014,Aurelius India,APAC,3,3,0,532148.8049161632,0.0,532148.8049161632,False,False,ANALYST-CALC,"Entity deficit is an estimated position, not evidence of facility use or avoidable funding cost"
2026-06-05,E015,Aurelius Hong Kong,APAC,3,3,0,542047.5191590382,0.0,542047.5191590382,False,False,ANALYST-CALC,"Entity deficit is an estimated position, not evidence of facility use or avoidable funding cost"
2026-06-05,E016,Aurelius Global Sourcing,APAC,3,3,0,2369787.77,0.0,2369787.77,False,False,ANALYST-CALC,"Entity deficit is an estimated position, not evidence of facility use or avoidable funding cost"
2026-06-06,E001,Aurelius Group Holdings,NA,4,4,0,3310515.6,0.0,3310515.6,False,False,ANALYST-CALC,"Entity deficit is an estimated position, not evidence of facility use or avoidable funding cost"
2026-06-06,E002,Aurelius Home US,NA,5,5,0,8333411.03,0.0,8333411.03,False,False,ANALYST-CALC,"Entity deficit is an estimated position, not evidence of facility use or avoidable funding cost"
2026-06-06,E003,Aurelius Wellness US,NA,4,4,0,7219605.79,0.0,7219605.79,False,False,ANALYST-CALC,"Entity deficit is an estimated position, not evidence of facility use or avoidable funding cost"
2026-06-06,E004,Aurelius Canada,NA,3,3,0,2107246.9793000054,0.0,2107246.9793000054,False,False,ANALYST-CALC,"Entity deficit is an estimated position, not evidence of facility use or avoidable funding cost"
2026-06-06,E005,Aurelius UK,EMEA,4,4,0,5125928.294866643,0.0,5125928.294866643,False,False,ANALYST-CALC,"Entity deficit is an estimated position, not evidence of facility use or avoidable funding cost"
2026-06-06,E006,Aurelius Germany,EMEA,4,4,0,8950505.452858534,0.0,8950505.452858534,False,False,ANALYST-CALC,"Entity deficit is an estimated position, not evidence of facility use or avoidable funding cost"
2026-06-06,E007,Aurelius France,EMEA,3,2,1,1269787.180827596,-1076807.60347898,192979.57734861597,True,False,ANALYST-CALC,"Entity deficit is an estimated position, not evidence of facility use or avoidable funding cost"
2026-06-06,E008,Aurelius Netherlands,EMEA,3,3,0,5739678.546291273,0.0,5739678.546291273,False,False,ANALYST-CALC,"Entity deficit is an estimated position, not evidence of facility use or avoidable funding cost"
2026-06-06,E009,Aurelius Spain,EMEA,3,3,0,3661576.570698312,0.0,3661576.570698312,False,False,ANALYST-CALC,"Entity deficit is an estimated position, not evidence of facility use or avoidable funding cost"
2026-06-06,E010,Aurelius Singapore,APAC,4,3,1,1194475.524541651,-972188.04,222287.4845416508,True,False,ANALYST-CALC,"Entity deficit is an estimated position, not evidence of facility use or avoidable funding cost"
2026-06-06,E011,Aurelius Australia,APAC,3,3,0,6979843.024939266,0.0,6979843.024939266,False,False,ANALYST-CALC,"Entity deficit is an estimated position, not evidence of facility use or avoidable funding cost"
2026-06-06,E012,Aurelius Japan,APAC,3,3,0,598879.4333936732,0.0,598879.4333936732,False,False,ANALYST-CALC,"Entity deficit is an estimated position, not evidence of facility use or avoidable funding cost"
2026-06-06,E013,Aurelius Korea,APAC,3,3,0,3055.2919710359997,0.0,3055.2919710359997,False,False,ANALYST-CALC,"Entity deficit is an estimated position, not evidence of facility use or avoidable funding cost"
2026-06-06,E014,Aurelius India,APAC,3,3,0,560544.5037190198,0.0,560544.5037190198,False,False,ANALYST-CALC,"Entity deficit is an estimated position, not evidence of facility use or avoidable funding cost"
2026-06-06,E015,Aurelius Hong Kong,APAC,3,3,0,455272.338140555,0.0,455272.338140555,False,False,ANALYST-CALC,"Entity deficit is an estimated position, not evidence of facility use or avoidable funding cost"
2026-06-06,E016,Aurelius Global Sourcing,APAC,3,3,0,2720024.86,0.0,2720024.86,False,False,ANALYST-CALC,"Entity deficit is an estimated position, not evidence of facility use or avoidable funding cost"
2026-06-07,E001,Aurelius Group Holdings,NA,4,4,0,3751583.5100000002,0.0,3751583.5100000002,False,False,ANALYST-CALC,"Entity deficit is an estimated position, not evidence of facility use or avoidable funding cost"
2026-06-07,E002,Aurelius Home US,NA,5,5,0,8102142.8100000005,0.0,8102142.8100000005,False,False,ANALYST-CALC,"Entity deficit is an estimated position, not evidence of facility use or avoidable funding cost"
2026-06-07,E003,Aurelius Wellness US,NA,4,4,0,8248170.82,0.0,8248170.82,False,False,ANALYST-CALC,"Entity deficit is an estimated position, not evidence of facility use or avoidable funding cost"
2026-06-07,E004,Aurelius Canada,NA,3,3,0,2311614.089894477,0.0,2311614.089894477,False,False,ANALYST-CALC,"Entity deficit is an estimated position, not evidence of facility use or avoidable funding cost"
2026-06-07,E005,Aurelius UK,EMEA,4,4,0,4975292.952643468,0.0,4975292.952643468,False,False,ANALYST-CALC,"Entity deficit is an estimated position, not evidence of facility use or avoidable funding cost"
2026-06-07,E006,Aurelius Germany,EMEA,4,4,0,8200464.909371233,0.0,8200464.909371233,False,False,ANALYST-CALC,"Entity deficit is an estimated position, not evidence of facility use or avoidable funding cost"
2026-06-07,E007,Aurelius France,EMEA,3,2,1,1258614.6272808881,-1022676.6496260787,235937.9776548096,True,False,ANALYST-CALC,"Entity deficit is an estimated position, not evidence of facility use or avoidable funding cost"
2026-06-07,E008,Aurelius Netherlands,EMEA,3,3,0,5199231.856503047,0.0,5199231.856503047,False,False,ANALYST-CALC,"Entity deficit is an estimated position, not evidence of facility use or avoidable funding cost"
2026-06-07,E009,Aurelius Spain,EMEA,3,3,0,3832603.990290446,0.0,3832603.990290446,False,False,ANALYST-CALC,"Entity deficit is an estimated position, not evidence of facility use or avoidable funding cost"
2026-06-07,E010,Aurelius Singapore,APAC,4,3,1,1306087.8612422976,-828843.37,477244.4912422976,True,False,ANALYST-CALC,"Entity deficit is an estimated position, not evidence of facility use or avoidable funding cost"
2026-06-07,E011,Aurelius Australia,APAC,3,3,0,6902023.1736199455,0.0,6902023.1736199455,False,False,ANALYST-CALC,"Entity deficit is an estimated position, not evidence of facility use or avoidable funding cost"
2026-06-07,E012,Aurelius Japan,APAC,3,3,0,669786.9955514219,0.0,669786.9955514219,False,False,ANALYST-CALC,"Entity deficit is an estimated position, not evidence of facility use or avoidable funding cost"
2026-06-07,E013,Aurelius Korea,APAC,3,3,0,3413.3778844382,0.0,3413.3778844382,False,False,ANALYST-CALC,"Entity deficit is an estimated position, not evidence of facility use or avoidable funding cost"
2026-06-07,E014,Aurelius India,APAC,3,3,0,595846.4535094021,0.0,595846.4535094021,False,False,ANALYST-CALC,"Entity deficit is an estimated position, not evidence of facility use or avoidable funding cost"
2026-06-07,E015,Aurelius Hong Kong,APAC,3,3,0,498951.062617641,0.0,498951.062617641,False,False,ANALYST-CALC,"Entity deficit is an estimated position, not evidence of facility use or avoidable funding cost"
2026-06-07,E016,Aurelius Global Sourcing,APAC,3,3,0,2868660.96,0.0,2868660.96,False,False,ANALYST-CALC,"Entity deficit is an estimated position, not evidence of facility use or avoidable funding cost"
2026-06-08,E001,Aurelius Group Holdings,NA,4,4,0,3682820.65,0.0,3682820.65,False,False,ANALYST-CALC,"Entity deficit is an estimated position, not evidence of facility use or avoidable funding cost"
2026-06-08,E002,Aurelius Home US,NA,5,5,0,7561076.43,0.0,7561076.43,False,False,ANALYST-CALC,"Entity deficit is an estimated position, not evidence of facility use or avoidable funding cost"
2026-06-08,E003,Aurelius Wellness US,NA,4,4,0,8010485.28,0.0,8010485.28,False,False,ANALYST-CALC,"Entity deficit is an estimated position, not evidence of facility use or avoidable funding cost"
2026-06-08,E004,Aurelius Canada,NA,3,3,0,2167930.3878870537,0.0,2167930.3878870537,False,False,ANALYST-CALC,"Entity deficit is an estimated position, not evidence of facility use or avoidable funding cost"
2026-06-08,E005,Aurelius UK,EMEA,4,4,0,5098001.854919063,0.0,5098001.854919063,False,False,ANALYST-CALC,"Entity deficit is an estimated position, not evidence of facility use or avoidable funding cost"
2026-06-08,E006,Aurelius Germany,EMEA,4,4,0,8154671.707610637,0.0,8154671.707610637,False,False,ANALYST-CALC,"Entity deficit is an estimated position, not evidence of facility use or avoidable funding cost"
2026-06-08,E007,Aurelius France,EMEA,3,2,1,1202981.5667206938,-910242.0716971848,292739.49502350896,True,False,ANALYST-CALC,"Entity deficit is an estimated position, not evidence of facility use or avoidable funding cost"
2026-06-08,E008,Aurelius Netherlands,EMEA,3,3,0,5235929.119459781,0.0,5235929.119459781,False,False,ANALYST-CALC,"Entity deficit is an estimated position, not evidence of facility use or avoidable funding cost"
2026-06-08,E009,Aurelius Spain,EMEA,3,3,0,3658860.5566484956,0.0,3658860.5566484956,False,False,ANALYST-CALC,"Entity deficit is an estimated position, not evidence of facility use or avoidable funding cost"
2026-06-08,E010,Aurelius Singapore,APAC,4,3,1,1349082.400905756,-856397.51,492684.890905756,True,False,ANALYST-CALC,"Entity deficit is an estimated position, not evidence of facility use or avoidable funding cost"
2026-06-08,E011,Aurelius Australia,APAC,3,3,0,8488635.761916867,0.0,8488635.761916867,False,False,ANALYST-CALC,"Entity deficit is an estimated position, not evidence of facility use or avoidable funding cost"
2026-06-08,E012,Aurelius Japan,APAC,3,3,0,587373.888524564,0.0,587373.888524564,False,False,ANALYST-CALC,"Entity deficit is an estimated position, not evidence of facility use or avoidable funding cost"
2026-06-08,E013,Aurelius Korea,APAC,3,3,0,3165.1441459254,0.0,3165.1441459254,False,False,ANALYST-CALC,"Entity deficit is an estimated position, not evidence of facility use or avoidable funding cost"
2026-06-08,E014,Aurelius India,APAC,3,3,0,505264.3964752588,0.0,505264.3964752588,False,False,ANALYST-CALC,"Entity deficit is an estimated position, not evidence of facility use or avoidable funding cost"
2026-06-08,E015,Aurelius Hong Kong,APAC,3,3,0,416420.1654735408,0.0,416420.1654735408,False,False,ANALYST-CALC,"Entity deficit is an estimated position, not evidence of facility use or avoidable funding cost"
2026-06-08,E016,Aurelius Global Sourcing,APAC,3,3,0,3099155.89,0.0,3099155.89,False,False,ANALYST-CALC,"Entity deficit is an estimated position, not evidence of facility use or avoidable funding cost"
2026-06-09,E001,Aurelius Group Holdings,NA,4,4,0,3486250.15,0.0,3486250.15,False,False,ANALYST-CALC,"Entity deficit is an estimated position, not evidence of facility use or avoidable funding cost"
2026-06-09,E002,Aurelius Home US,NA,5,5,0,6921309.600000001,0.0,6921309.600000001,False,False,ANALYST-CALC,"Entity deficit is an estimated position, not evidence of facility use or avoidable funding cost"
2026-06-09,E003,Aurelius Wellness US,NA,4,4,0,8392280.76,0.0,8392280.76,False,False,ANALYST-CALC,"Entity deficit is an estimated position, not evidence of facility use or avoidable funding cost"
2026-06-09,E004,Aurelius Canada,NA,3,3,0,2530173.3468591175,0.0,2530173.3468591175,False,False,ANALYST-CALC,"Entity deficit is an estimated position, not evidence of facility use or avoidable funding cost"
2026-06-09,E005,Aurelius UK,EMEA,4,4,0,4844203.594632469,0.0,4844203.594632469,False,False,ANALYST-CALC,"Entity deficit is an estimated position, not evidence of facility use or avoidable funding cost"
2026-06-09,E006,Aurelius Germany,EMEA,4,4,0,7509718.158715126,0.0,7509718.158715126,False,False,ANALYST-CALC,"Entity deficit is an estimated position, not evidence of facility use or avoidable funding cost"
2026-06-09,E007,Aurelius France,EMEA,3,2,1,1109426.1503303354,-1295373.3790688787,-185947.22873854334,True,True,ANALYST-CALC,"Entity deficit is an estimated position, not evidence of facility use or avoidable funding cost"
2026-06-09,E008,Aurelius Netherlands,EMEA,3,3,0,5322872.266539723,0.0,5322872.266539723,False,False,ANALYST-CALC,"Entity deficit is an estimated position, not evidence of facility use or avoidable funding cost"
2026-06-09,E009,Aurelius Spain,EMEA,3,3,0,4315995.427417889,0.0,4315995.427417889,False,False,ANALYST-CALC,"Entity deficit is an estimated position, not evidence of facility use or avoidable funding cost"
2026-06-09,E010,Aurelius Singapore,APAC,4,3,1,991217.7254573891,-967191.4,24026.32545738906,True,False,ANALYST-CALC,"Entity deficit is an estimated position, not evidence of facility use or avoidable funding cost"
2026-06-09,E011,Aurelius Australia,APAC,3,3,0,7054043.514541248,0.0,7054043.514541248,False,False,ANALYST-CALC,"Entity deficit is an estimated position, not evidence of facility use or avoidable funding cost"
2026-06-09,E012,Aurelius Japan,APAC,3,3,0,633235.344900545,0.0,633235.344900545,False,False,ANALYST-CALC,"Entity deficit is an estimated position, not evidence of facility use or avoidable funding cost"
2026-06-09,E013,Aurelius Korea,APAC,3,3,0,2916.4126619592,0.0,2916.4126619592,False,False,ANALYST-CALC,"Entity deficit is an estimated position, not evidence of facility use or avoidable funding cost"
2026-06-09,E014,Aurelius India,APAC,3,3,0,463485.6405217666,0.0,463485.6405217666,False,False,ANALYST-CALC,"Entity deficit is an estimated position, not evidence of facility use or avoidable funding cost"
2026-06-09,E015,Aurelius Hong Kong,APAC,3,3,0,462549.4326628914,0.0,462549.4326628914,False,False,ANALYST-CALC,"Entity deficit is an estimated position, not evidence of facility use or avoidable funding cost"
2026-06-09,E016,Aurelius Global Sourcing,APAC,3,3,0,2429981.8499999996,0.0,2429981.8499999996,False,False,ANALYST-CALC,"Entity deficit is an estimated position, not evidence of facility use or avoidable funding cost"
2026-06-10,E001,Aurelius Group Holdings,NA,4,4,0,3860022.33,0.0,3860022.33,False,False,ANALYST-CALC,"Entity deficit is an estimated position, not evidence of facility use or avoidable funding cost"
2026-06-10,E002,Aurelius Home US,NA,5,5,0,6862682.85,0.0,6862682.85,False,False,ANALYST-CALC,"Entity deficit is an estimated position, not evidence of facility use or avoidable funding cost"
2026-06-10,E003,Aurelius Wellness US,NA,4,4,0,7179509.97,0.0,7179509.97,False,False,ANALYST-CALC,"Entity deficit is an estimated position, not evidence of facility use or avoidable funding cost"
2026-06-10,E004,Aurelius Canada,NA,3,3,0,2090824.676769728,0.0,2090824.676769728,False,False,ANALYST-CALC,"Entity deficit is an estimated position, not evidence of facility use or avoidable funding cost"
2026-06-10,E005,Aurelius UK,EMEA,4,4,0,5011209.453029772,0.0,5011209.453029772,False,False,ANALYST-CALC,"Entity deficit is an estimated position, not evidence of facility use or avoidable funding cost"
2026-06-10,E006,Aurelius Germany,EMEA,4,4,0,8264657.562043049,0.0,8264657.562043049,False,False,ANALYST-CALC,"Entity deficit is an estimated position, not evidence of facility use or avoidable funding cost"
2026-06-10,E007,Aurelius France,EMEA,3,2,1,1288607.203855854,-1123368.67404783,165238.52980802394,True,False,ANALYST-CALC,"Entity deficit is an estimated position, not evidence of facility use or avoidable funding cost"
2026-06-10,E008,Aurelius Netherlands,EMEA,3,3,0,6253555.6473230235,0.0,6253555.6473230235,False,False,ANALYST-CALC,"Entity deficit is an estimated position, not evidence of facility use or avoidable funding cost"
2026-06-10,E009,Aurelius Spain,EMEA,3,3,0,3632028.68983005,0.0,3632028.68983005,False,False,ANALYST-CALC,"Entity deficit is an estimated position, not evidence of facility use or avoidable funding cost"
2026-06-10,E010,Aurelius Singapore,APAC,4,3,1,1082132.766161832,-1070441.74,11691.026161832026,True,False,ANALYST-CALC,"Entity deficit is an estimated position, not evidence of facility use or avoidable funding cost"
2026-06-10,E011,Aurelius Australia,APAC,3,3,0,7582253.533354226,0.0,7582253.533354226,False,False,ANALYST-CALC,"Entity deficit is an estimated position, not evidence of facility use or avoidable funding cost"
2026-06-10,E012,Aurelius Japan,APAC,3,3,0,530401.175595297,0.0,530401.175595297,False,False,ANALYST-CALC,"Entity deficit is an estimated position, not evidence of facility use or avoidable funding cost"
2026-06-10,E013,Aurelius Korea,APAC,3,3,0,2727.9830182216,0.0,2727.9830182216,False,False,ANALYST-CALC,"Entity deficit is an estimated position, not evidence of facility use or avoidable funding cost"
2026-06-10,E014,Aurelius India,APAC,3,3,0,451454.74662260804,0.0,451454.74662260804,False,False,ANALYST-CALC,"Entity deficit is an estimated position, not evidence of facility use or avoidable funding cost"
2026-06-10,E015,Aurelius Hong Kong,APAC,3,3,0,414699.39222809725,0.0,414699.39222809725,False,False,ANALYST-CALC,"Entity deficit is an estimated position, not evidence of facility use or avoidable funding cost"
2026-06-10,E016,Aurelius Global Sourcing,APAC,3,3,0,2649660.19,0.0,2649660.19,False,False,ANALYST-CALC,"Entity deficit is an estimated position, not evidence of facility use or avoidable funding cost"
2026-06-11,E001,Aurelius Group Holdings,NA,4,4,0,3730283.0300000003,0.0,3730283.0300000003,False,False,ANALYST-CALC,"Entity deficit is an estimated position, not evidence of facility use or avoidable funding cost"
2026-06-11,E002,Aurelius Home US,NA,5,5,0,7180790.99,0.0,7180790.99,False,False,ANALYST-CALC,"Entity deficit is an estimated position, not evidence of facility use or avoidable funding cost"
2026-06-11,E003,Aurelius Wellness US,NA,4,4,0,7067643.359999999,0.0,7067643.359999999,False,False,ANALYST-CALC,"Entity deficit is an estimated position, not evidence of facility use or avoidable funding cost"
2026-06-11,E004,Aurelius Canada,NA,3,3,0,2060069.1983031163,0.0,2060069.1983031163,False,False,ANALYST-CALC,"Entity deficit is an estimated position, not evidence of facility use or avoidable funding cost"
2026-06-11,E005,Aurelius UK,EMEA,4,4,0,5227439.42526908,0.0,5227439.42526908,False,False,ANALYST-CALC,"Entity deficit is an estimated position, not evidence of facility use or avoidable funding cost"
2026-06-11,E006,Aurelius Germany,EMEA,4,4,0,8499100.342866883,0.0,8499100.342866883,False,False,ANALYST-CALC,"Entity deficit is an estimated position, not evidence of facility use or avoidable funding cost"
2026-06-11,E007,Aurelius France,EMEA,3,2,1,1332205.518186587,-1144635.218553214,187570.29963337275,True,False,ANALYST-CALC,"Entity deficit is an estimated position, not evidence of facility use or avoidable funding cost"
2026-06-11,E008,Aurelius Netherlands,EMEA,3,3,0,6303895.871626218,0.0,6303895.871626218,False,False,ANALYST-CALC,"Entity deficit is an estimated position, not evidence of facility use or avoidable funding cost"
2026-06-11,E009,Aurelius Spain,EMEA,3,3,0,3574874.0600003493,0.0,3574874.0600003493,False,False,ANALYST-CALC,"Entity deficit is an estimated position, not evidence of facility use or avoidable funding cost"
2026-06-11,E010,Aurelius Singapore,APAC,4,3,1,1056334.840482089,-904756.95,151577.89048208893,True,False,ANALYST-CALC,"Entity deficit is an estimated position, not evidence of facility use or avoidable funding cost"
2026-06-11,E011,Aurelius Australia,APAC,3,3,0,7321576.510589351,0.0,7321576.510589351,False,False,ANALYST-CALC,"Entity deficit is an estimated position, not evidence of facility use or avoidable funding cost"
2026-06-11,E012,Aurelius Japan,APAC,3,3,0,551831.6701287142,0.0,551831.6701287142,False,False,ANALYST-CALC,"Entity deficit is an estimated position, not evidence of facility use or avoidable funding cost"
2026-06-11,E013,Aurelius Korea,APAC,3,3,0,3091.1060049156,0.0,3091.1060049156,False,False,ANALYST-CALC,"Entity deficit is an estimated position, not evidence of facility use or avoidable funding cost"
2026-06-11,E014,Aurelius India,APAC,3,3,0,505577.40691310086,0.0,505577.40691310086,False,False,ANALYST-CALC,"Entity deficit is an estimated position, not evidence of facility use or avoidable funding cost"
2026-06-11,E015,Aurelius Hong Kong,APAC,3,3,0,410401.58822103636,0.0,410401.58822103636,False,False,ANALYST-CALC,"Entity deficit is an estimated position, not evidence of facility use or avoidable funding cost"
2026-06-11,E016,Aurelius Global Sourcing,APAC,3,3,0,2507023.3200000003,0.0,2507023.3200000003,False,False,ANALYST-CALC,"Entity deficit is an estimated position, not evidence of facility use or avoidable funding cost"
2026-06-12,E001,Aurelius Group Holdings,NA,4,4,0,3991030.97,0.0,3991030.97,False,False,ANALYST-CALC,"Entity deficit is an estimated position, not evidence of facility use or avoidable funding cost"
2026-06-12,E002,Aurelius Home US,NA,5,5,0,7566043.72,0.0,7566043.72,False,False,ANALYST-CALC,"Entity deficit is an estimated position, not evidence of facility use or avoidable funding cost"
2026-06-12,E003,Aurelius Wellness US,NA,4,4,0,6625504.39,0.0,6625504.39,False,False,ANALYST-CALC,"Entity deficit is an estimated position, not evidence of facility use or avoidable funding cost"
2026-06-12,E004,Aurelius Canada,NA,3,3,0,2227386.220033204,0.0,2227386.220033204,False,False,ANALYST-CALC,"Entity deficit is an estimated position, not evidence of facility use or avoidable funding cost"
2026-06-12,E005,Aurelius UK,EMEA,4,4,0,5143387.02209662,0.0,5143387.02209662,False,False,ANALYST-CALC,"Entity deficit is an estimated position, not evidence of facility use or avoidable funding cost"
2026-06-12,E006,Aurelius Germany,EMEA,4,4,0,8868826.823284352,0.0,8868826.823284352,False,False,ANALYST-CALC,"Entity deficit is an estimated position, not evidence of facility use or avoidable funding cost"
2026-06-12,E007,Aurelius France,EMEA,3,2,1,1465135.8400756405,-1380056.6374310271,85079.20264461328,True,False,ANALYST-CALC,"Entity deficit is an estimated position, not evidence of facility use or avoidable funding cost"
2026-06-12,E008,Aurelius Netherlands,EMEA,3,3,0,6477860.956038637,0.0,6477860.956038637,False,False,ANALYST-CALC,"Entity deficit is an estimated position, not evidence of facility use or avoidable funding cost"
2026-06-12,E009,Aurelius Spain,EMEA,3,3,0,3833348.254045665,0.0,3833348.254045665,False,False,ANALYST-CALC,"Entity deficit is an estimated position, not evidence of facility use or avoidable funding cost"
2026-06-12,E010,Aurelius Singapore,APAC,4,3,1,1114175.6478384414,-923176.05,190999.5978384413,True,False,ANALYST-CALC,"Entity deficit is an estimated position, not evidence of facility use or avoidable funding cost"
2026-06-12,E011,Aurelius Australia,APAC,3,3,0,7257284.276905317,0.0,7257284.276905317,False,False,ANALYST-CALC,"Entity deficit is an estimated position, not evidence of facility use or avoidable funding cost"
2026-06-12,E012,Aurelius Japan,APAC,3,3,0,680053.5133433946,0.0,680053.5133433946,False,False,ANALYST-CALC,"Entity deficit is an estimated position, not evidence of facility use or avoidable funding cost"
2026-06-12,E013,Aurelius Korea,APAC,3,3,0,2947.953334747,0.0,2947.953334747,False,False,ANALYST-CALC,"Entity deficit is an estimated position, not evidence of facility use or avoidable funding cost"
2026-06-12,E014,Aurelius India,APAC,3,3,0,464493.8871708312,0.0,464493.8871708312,False,False,ANALYST-CALC,"Entity deficit is an estimated position, not evidence of facility use or avoidable funding cost"
2026-06-12,E015,Aurelius Hong Kong,APAC,3,3,0,522698.5214026176,0.0,522698.5214026176,False,False,ANALYST-CALC,"Entity deficit is an estimated position, not evidence of facility use or avoidable funding cost"
2026-06-12,E016,Aurelius Global Sourcing,APAC,3,3,0,2667392.18,0.0,2667392.18,False,False,ANALYST-CALC,"Entity deficit is an estimated position, not evidence of facility use or avoidable funding cost"
2026-06-13,E001,Aurelius Group Holdings,NA,4,4,0,3190958.65,0.0,3190958.65,False,False,ANALYST-CALC,"Entity deficit is an estimated position, not evidence of facility use or avoidable funding cost"
2026-06-13,E002,Aurelius Home US,NA,5,5,0,8240311.95,0.0,8240311.95,False,False,ANALYST-CALC,"Entity deficit is an estimated position, not evidence of facility use or avoidable funding cost"
2026-06-13,E003,Aurelius Wellness US,NA,4,4,0,7711270.38,0.0,7711270.38,False,False,ANALYST-CALC,"Entity deficit is an estimated position, not evidence of facility use or avoidable funding cost"
2026-06-13,E004,Aurelius Canada,NA,3,3,0,2361238.4416523185,0.0,2361238.4416523185,False,False,ANALYST-CALC,"Entity deficit is an estimated position, not evidence of facility use or avoidable funding cost"
2026-06-13,E005,Aurelius UK,EMEA,4,4,0,4733703.297450507,0.0,4733703.297450507,False,False,ANALYST-CALC,"Entity deficit is an estimated position, not evidence of facility use or avoidable funding cost"
2026-06-13,E006,Aurelius Germany,EMEA,4,4,0,7894318.4547854625,0.0,7894318.4547854625,False,False,ANALYST-CALC,"Entity deficit is an estimated position, not evidence of facility use or avoidable funding cost"
2026-06-13,E007,Aurelius France,EMEA,3,2,1,1234248.190714464,-1066607.1215975643,167641.06911689986,True,False,ANALYST-CALC,"Entity deficit is an estimated position, not evidence of facility use or avoidable funding cost"
2026-06-13,E008,Aurelius Netherlands,EMEA,3,3,0,6477091.228492444,0.0,6477091.228492444,False,False,ANALYST-CALC,"Entity deficit is an estimated position, not evidence of facility use or avoidable funding cost"
2026-06-13,E009,Aurelius Spain,EMEA,3,3,0,3475789.206950047,0.0,3475789.206950047,False,False,ANALYST-CALC,"Entity deficit is an estimated position, not evidence of facility use or avoidable funding cost"
2026-06-13,E010,Aurelius Singapore,APAC,4,3,1,1100242.668845855,-853747.3,246495.3688458549,True,False,ANALYST-CALC,"Entity deficit is an estimated position, not evidence of facility use or avoidable funding cost"
2026-06-13,E011,Aurelius Australia,APAC,3,3,0,6606619.0750866905,0.0,6606619.0750866905,False,False,ANALYST-CALC,"Entity deficit is an estimated position, not evidence of facility use or avoidable funding cost"
2026-06-13,E012,Aurelius Japan,APAC,3,3,0,537193.8312629608,0.0,537193.8312629608,False,False,ANALYST-CALC,"Entity deficit is an estimated position, not evidence of facility use or avoidable funding cost"
2026-06-13,E013,Aurelius Korea,APAC,3,3,0,3890.765806212,0.0,3890.765806212,False,False,ANALYST-CALC,"Entity deficit is an estimated position, not evidence of facility use or avoidable funding cost"
2026-06-13,E014,Aurelius India,APAC,3,3,0,542242.4151156904,0.0,542242.4151156904,False,False,ANALYST-CALC,"Entity deficit is an estimated position, not evidence of facility use or avoidable funding cost"
2026-06-13,E015,Aurelius Hong Kong,APAC,3,3,0,525118.980243888,0.0,525118.980243888,False,False,ANALYST-CALC,"Entity deficit is an estimated position, not evidence of facility use or avoidable funding cost"
2026-06-13,E016,Aurelius Global Sourcing,APAC,3,3,0,2381150.27,0.0,2381150.27,False,False,ANALYST-CALC,"Entity deficit is an estimated position, not evidence of facility use or avoidable funding cost"
2026-06-14,E001,Aurelius Group Holdings,NA,4,4,0,3251672.0,0.0,3251672.0,False,False,ANALYST-CALC,"Entity deficit is an estimated position, not evidence of facility use or avoidable funding cost"
2026-06-14,E002,Aurelius Home US,NA,5,5,0,8727720.18,0.0,8727720.18,False,False,ANALYST-CALC,"Entity deficit is an estimated position, not evidence of facility use or avoidable funding cost"
2026-06-14,E003,Aurelius Wellness US,NA,4,4,0,7931089.399999999,0.0,7931089.399999999,False,False,ANALYST-CALC,"Entity deficit is an estimated position, not evidence of facility use or avoidable funding cost"
2026-06-14,E004,Aurelius Canada,NA,3,3,0,2001572.7100633169,0.0,2001572.7100633169,False,False,ANALYST-CALC,"Entity deficit is an estimated position, not evidence of facility use or avoidable funding cost"
2026-06-14,E005,Aurelius UK,EMEA,4,4,0,4916325.990705302,0.0,4916325.990705302,False,False,ANALYST-CALC,"Entity deficit is an estimated position, not evidence of facility use or avoidable funding cost"
2026-06-14,E006,Aurelius Germany,EMEA,4,4,0,8543212.850815807,0.0,8543212.850815807,False,False,ANALYST-CALC,"Entity deficit is an estimated position, not evidence of facility use or avoidable funding cost"
2026-06-14,E007,Aurelius France,EMEA,3,2,1,1071429.8537926283,-1137078.2967583905,-65648.44296576222,True,True,ANALYST-CALC,"Entity deficit is an estimated position, not evidence of facility use or avoidable funding cost"
2026-06-14,E008,Aurelius Netherlands,EMEA,3,3,0,5574685.123726117,0.0,5574685.123726117,False,False,ANALYST-CALC,"Entity deficit is an estimated position, not evidence of facility use or avoidable funding cost"
2026-06-14,E009,Aurelius Spain,EMEA,3,3,0,3695148.591572483,0.0,3695148.591572483,False,False,ANALYST-CALC,"Entity deficit is an estimated position, not evidence of facility use or avoidable funding cost"
2026-06-14,E010,Aurelius Singapore,APAC,4,3,1,1332710.642854692,-866244.09,466466.552854692,True,False,ANALYST-CALC,"Entity deficit is an estimated position, not evidence of facility use or avoidable funding cost"
2026-06-14,E011,Aurelius Australia,APAC,3,3,0,6316967.309049912,0.0,6316967.309049912,False,False,ANALYST-CALC,"Entity deficit is an estimated position, not evidence of facility use or avoidable funding cost"
2026-06-14,E012,Aurelius Japan,APAC,3,3,0,591645.7354100022,0.0,591645.7354100022,False,False,ANALYST-CALC,"Entity deficit is an estimated position, not evidence of facility use or avoidable funding cost"
2026-06-14,E013,Aurelius Korea,APAC,3,3,0,3317.545236933,0.0,3317.545236933,False,False,ANALYST-CALC,"Entity deficit is an estimated position, not evidence of facility use or avoidable funding cost"
2026-06-14,E014,Aurelius India,APAC,3,3,0,480995.6323061762,0.0,480995.6323061762,False,False,ANALYST-CALC,"Entity deficit is an estimated position, not evidence of facility use or avoidable funding cost"
2026-06-14,E015,Aurelius Hong Kong,APAC,3,3,0,481785.6751626795,0.0,481785.6751626795,False,False,ANALYST-CALC,"Entity deficit is an estimated position, not evidence of facility use or avoidable funding cost"
2026-06-14,E016,Aurelius Global Sourcing,APAC,3,3,0,2924081.96,0.0,2924081.96,False,False,ANALYST-CALC,"Entity deficit is an estimated position, not evidence of facility use or avoidable funding cost"
2026-06-15,E001,Aurelius Group Holdings,NA,4,4,0,3639262.56,0.0,3639262.56,False,False,ANALYST-CALC,"Entity deficit is an estimated position, not evidence of facility use or avoidable funding cost"
2026-06-15,E002,Aurelius Home US,NA,5,5,0,7252644.22,0.0,7252644.22,False,False,ANALYST-CALC,"Entity deficit is an estimated position, not evidence of facility use or avoidable funding cost"
2026-06-15,E003,Aurelius Wellness US,NA,4,4,0,7770901.5200000005,0.0,7770901.5200000005,False,False,ANALYST-CALC,"Entity deficit is an estimated position, not evidence of facility use or avoidable funding cost"
2026-06-15,E004,Aurelius Canada,NA,3,3,0,2197009.9711186658,0.0,2197009.9711186658,False,False,ANALYST-CALC,"Entity deficit is an estimated position, not evidence of facility use or avoidable funding cost"
2026-06-15,E005,Aurelius UK,EMEA,4,4,0,4989392.331888047,0.0,4989392.331888047,False,False,ANALYST-CALC,"Entity deficit is an estimated position, not evidence of facility use or avoidable funding cost"
2026-06-15,E006,Aurelius Germany,EMEA,4,4,0,7508091.461044111,0.0,7508091.461044111,False,False,ANALYST-CALC,"Entity deficit is an estimated position, not evidence of facility use or avoidable funding cost"
2026-06-15,E007,Aurelius France,EMEA,3,2,1,1178784.6245377662,-1140992.5030732704,37792.12146449578,True,False,ANALYST-CALC,"Entity deficit is an estimated position, not evidence of facility use or avoidable funding cost"
2026-06-15,E008,Aurelius Netherlands,EMEA,3,3,0,5700246.705083828,0.0,5700246.705083828,False,False,ANALYST-CALC,"Entity deficit is an estimated position, not evidence of facility use or avoidable funding cost"
2026-06-15,E009,Aurelius Spain,EMEA,3,3,0,3805784.097113716,0.0,3805784.097113716,False,False,ANALYST-CALC,"Entity deficit is an estimated position, not evidence of facility use or avoidable funding cost"
2026-06-15,E010,Aurelius Singapore,APAC,4,3,1,1094177.2925115305,-775796.83,318380.4625115305,True,False,ANALYST-CALC,"Entity deficit is an estimated position, not evidence of facility use or avoidable funding cost"
2026-06-15,E011,Aurelius Australia,APAC,3,3,0,6735182.098896618,0.0,6735182.098896618,False,False,ANALYST-CALC,"Entity deficit is an estimated position, not evidence of facility use or avoidable funding cost"
2026-06-15,E012,Aurelius Japan,APAC,3,3,0,603347.48789777,0.0,603347.48789777,False,False,ANALYST-CALC,"Entity deficit is an estimated position, not evidence of facility use or avoidable funding cost"
2026-06-15,E013,Aurelius Korea,APAC,3,3,0,3233.9574885024003,0.0,3233.9574885024003,False,False,ANALYST-CALC,"Entity deficit is an estimated position, not evidence of facility use or avoidable funding cost"
2026-06-15,E014,Aurelius India,APAC,3,3,0,458662.7454720002,0.0,458662.7454720002,False,False,ANALYST-CALC,"Entity deficit is an estimated position, not evidence of facility use or avoidable funding cost"
2026-06-15,E015,Aurelius Hong Kong,APAC,3,3,0,438888.3347322492,0.0,438888.3347322492,False,False,ANALYST-CALC,"Entity deficit is an estimated position, not evidence of facility use or avoidable funding cost"
2026-06-15,E016,Aurelius Global Sourcing,APAC,3,3,0,3166805.0700000003,0.0,3166805.0700000003,False,False,ANALYST-CALC,"Entity deficit is an estimated position, not evidence of facility use or avoidable funding cost"
2026-06-16,E001,Aurelius Group Holdings,NA,4,4,0,3812062.79,0.0,3812062.79,False,False,ANALYST-CALC,"Entity deficit is an estimated position, not evidence of facility use or avoidable funding cost"
2026-06-16,E002,Aurelius Home US,NA,5,5,0,7134370.1,0.0,7134370.1,False,False,ANALYST-CALC,"Entity deficit is an estimated position, not evidence of facility use or avoidable funding cost"
2026-06-16,E003,Aurelius Wellness US,NA,4,4,0,7694009.109999999,0.0,7694009.109999999,False,False,ANALYST-CALC,"Entity deficit is an estimated position, not evidence of facility use or avoidable funding cost"
2026-06-16,E004,Aurelius Canada,NA,3,3,0,1972913.621251668,0.0,1972913.621251668,False,False,ANALYST-CALC,"Entity deficit is an estimated position, not evidence of facility use or avoidable funding cost"
2026-06-16,E005,Aurelius UK,EMEA,4,4,0,4758924.182319201,0.0,4758924.182319201,False,False,ANALYST-CALC,"Entity deficit is an estimated position, not evidence of facility use or avoidable funding cost"
2026-06-16,E006,Aurelius Germany,EMEA,4,4,0,8080683.476335689,0.0,8080683.476335689,False,False,ANALYST-CALC,"Entity deficit is an estimated position, not evidence of facility use or avoidable funding cost"
2026-06-16,E007,Aurelius France,EMEA,3,2,1,1179749.3304906352,-1281651.596588129,-101902.2660974937,True,True,ANALYST-CALC,"Entity deficit is an estimated position, not evidence of facility use or avoidable funding cost"
2026-06-16,E008,Aurelius Netherlands,EMEA,3,3,0,5085538.180090208,0.0,5085538.180090208,False,False,ANALYST-CALC,"Entity deficit is an estimated position, not evidence of facility use or avoidable funding cost"
2026-06-16,E009,Aurelius Spain,EMEA,3,3,0,3973472.0787532823,0.0,3973472.0787532823,False,False,ANALYST-CALC,"Entity deficit is an estimated position, not evidence of facility use or avoidable funding cost"
2026-06-16,E010,Aurelius Singapore,APAC,4,3,1,1049837.824217296,-1056162.91,-6325.085782703877,True,True,ANALYST-CALC,"Entity deficit is an estimated position, not evidence of facility use or avoidable funding cost"
2026-06-16,E011,Aurelius Australia,APAC,3,3,0,7885941.044582044,0.0,7885941.044582044,False,False,ANALYST-CALC,"Entity deficit is an estimated position, not evidence of facility use or avoidable funding cost"
2026-06-16,E012,Aurelius Japan,APAC,3,3,0,463277.55681187235,0.0,463277.55681187235,False,False,ANALYST-CALC,"Entity deficit is an estimated position, not evidence of facility use or avoidable funding cost"
2026-06-16,E013,Aurelius Korea,APAC,3,3,0,3311.779885008,0.0,3311.779885008,False,False,ANALYST-CALC,"Entity deficit is an estimated position, not evidence of facility use or avoidable funding cost"
2026-06-16,E014,Aurelius India,APAC,3,3,0,397170.3864596784,0.0,397170.3864596784,False,False,ANALYST-CALC,"Entity deficit is an estimated position, not evidence of facility use or avoidable funding cost"
2026-06-16,E015,Aurelius Hong Kong,APAC,3,3,0,430915.60274260724,0.0,430915.60274260724,False,False,ANALYST-CALC,"Entity deficit is an estimated position, not evidence of facility use or avoidable funding cost"
2026-06-16,E016,Aurelius Global Sourcing,APAC,3,3,0,2812994.36,0.0,2812994.36,False,False,ANALYST-CALC,"Entity deficit is an estimated position, not evidence of facility use or avoidable funding cost"
2026-06-17,E001,Aurelius Group Holdings,NA,4,4,0,3781762.26,0.0,3781762.26,False,False,ANALYST-CALC,"Entity deficit is an estimated position, not evidence of facility use or avoidable funding cost"
2026-06-17,E002,Aurelius Home US,NA,5,5,0,6670777.87,0.0,6670777.87,False,False,ANALYST-CALC,"Entity deficit is an estimated position, not evidence of facility use or avoidable funding cost"
2026-06-17,E003,Aurelius Wellness US,NA,4,4,0,6716364.32,0.0,6716364.32,False,False,ANALYST-CALC,"Entity deficit is an estimated position, not evidence of facility use or avoidable funding cost"
2026-06-17,E004,Aurelius Canada,NA,3,3,0,2152357.384494923,0.0,2152357.384494923,False,False,ANALYST-CALC,"Entity deficit is an estimated position, not evidence of facility use or avoidable funding cost"
2026-06-17,E005,Aurelius UK,EMEA,4,4,0,5466133.189952219,0.0,5466133.189952219,False,False,ANALYST-CALC,"Entity deficit is an estimated position, not evidence of facility use or avoidable funding cost"
2026-06-17,E006,Aurelius Germany,EMEA,4,4,0,8842173.063927656,0.0,8842173.063927656,False,False,ANALYST-CALC,"Entity deficit is an estimated position, not evidence of facility use or avoidable funding cost"
2026-06-17,E007,Aurelius France,EMEA,3,2,1,1177266.7910614025,-1197853.1337909414,-20586.34272953897,True,True,ANALYST-CALC,"Entity deficit is an estimated position, not evidence of facility use or avoidable funding cost"
2026-06-17,E008,Aurelius Netherlands,EMEA,3,3,0,6156030.230641847,0.0,6156030.230641847,False,False,ANALYST-CALC,"Entity deficit is an estimated position, not evidence of facility use or avoidable funding cost"
2026-06-17,E009,Aurelius Spain,EMEA,3,3,0,3538321.639626627,0.0,3538321.639626627,False,False,ANALYST-CALC,"Entity deficit is an estimated position, not evidence of facility use or avoidable funding cost"
2026-06-17,E010,Aurelius Singapore,APAC,4,3,1,974649.3216098704,-972189.47,2459.851609870446,True,False,ANALYST-CALC,"Entity deficit is an estimated position, not evidence of facility use or avoidable funding cost"
2026-06-17,E011,Aurelius Australia,APAC,3,3,0,7314504.2146529695,0.0,7314504.2146529695,False,False,ANALYST-CALC,"Entity deficit is an estimated position, not evidence of facility use or avoidable funding cost"
2026-06-17,E012,Aurelius Japan,APAC,3,3,0,474336.229087408,0.0,474336.229087408,False,False,ANALYST-CALC,"Entity deficit is an estimated position, not evidence of facility use or avoidable funding cost"
2026-06-17,E013,Aurelius Korea,APAC,3,3,0,3020.9441745,0.0,3020.9441745,False,False,ANALYST-CALC,"Entity deficit is an estimated position, not evidence of facility use or avoidable funding cost"
2026-06-17,E014,Aurelius India,APAC,3,3,0,489401.06072454003,0.0,489401.06072454003,False,False,ANALYST-CALC,"Entity deficit is an estimated position, not evidence of facility use or avoidable funding cost"
2026-06-17,E015,Aurelius Hong Kong,APAC,3,3,0,429221.22720846825,0.0,429221.22720846825,False,False,ANALYST-CALC,"Entity deficit is an estimated position, not evidence of facility use or avoidable funding cost"
2026-06-17,E016,Aurelius Global Sourcing,APAC,3,3,0,2423553.64,0.0,2423553.64,False,False,ANALYST-CALC,"Entity deficit is an estimated position, not evidence of facility use or avoidable funding cost"
2026-06-18,E001,Aurelius Group Holdings,NA,4,4,0,3739331.18,0.0,3739331.18,False,False,ANALYST-CALC,"Entity deficit is an estimated position, not evidence of facility use or avoidable funding cost"
2026-06-18,E002,Aurelius Home US,NA,5,5,0,8039326.76,0.0,8039326.76,False,False,ANALYST-CALC,"Entity deficit is an estimated position, not evidence of facility use or avoidable funding cost"
2026-06-18,E003,Aurelius Wellness US,NA,4,4,0,6235052.21,0.0,6235052.21,False,False,ANALYST-CALC,"Entity deficit is an estimated position, not evidence of facility use or avoidable funding cost"
2026-06-18,E004,Aurelius Canada,NA,3,3,0,2112505.1647567195,0.0,2112505.1647567195,False,False,ANALYST-CALC,"Entity deficit is an estimated position, not evidence of facility use or avoidable funding cost"
2026-06-18,E005,Aurelius UK,EMEA,4,4,0,5249078.056955023,0.0,5249078.056955023,False,False,ANALYST-CALC,"Entity deficit is an estimated position, not evidence of facility use or avoidable funding cost"
2026-06-18,E006,Aurelius Germany,EMEA,4,4,0,9474546.666683357,0.0,9474546.666683357,False,False,ANALYST-CALC,"Entity deficit is an estimated position, not evidence of facility use or avoidable funding cost"
2026-06-18,E007,Aurelius France,EMEA,3,2,1,1395538.4272383265,-1151875.1882335402,243663.23900478648,True,False,ANALYST-CALC,"Entity deficit is an estimated position, not evidence of facility use or avoidable funding cost"
2026-06-18,E008,Aurelius Netherlands,EMEA,3,3,0,6154916.675265474,0.0,6154916.675265474,False,False,ANALYST-CALC,"Entity deficit is an estimated position, not evidence of facility use or avoidable funding cost"
2026-06-18,E009,Aurelius Spain,EMEA,3,3,0,4056844.378960499,0.0,4056844.378960499,False,False,ANALYST-CALC,"Entity deficit is an estimated position, not evidence of facility use or avoidable funding cost"
2026-06-18,E010,Aurelius Singapore,APAC,4,3,1,1043319.6621974811,-1087386.97,-44067.30780251886,True,True,ANALYST-CALC,"Entity deficit is an estimated position, not evidence of facility use or avoidable funding cost"
2026-06-18,E011,Aurelius Australia,APAC,3,3,0,7927823.780579336,0.0,7927823.780579336,False,False,ANALYST-CALC,"Entity deficit is an estimated position, not evidence of facility use or avoidable funding cost"
2026-06-18,E012,Aurelius Japan,APAC,3,3,0,619208.841347039,0.0,619208.841347039,False,False,ANALYST-CALC,"Entity deficit is an estimated position, not evidence of facility use or avoidable funding cost"
2026-06-18,E013,Aurelius Korea,APAC,3,3,0,2855.9364005865,0.0,2855.9364005865,False,False,ANALYST-CALC,"Entity deficit is an estimated position, not evidence of facility use or avoidable funding cost"
2026-06-18,E014,Aurelius India,APAC,3,3,0,498657.9382761356,0.0,498657.9382761356,False,False,ANALYST-CALC,"Entity deficit is an estimated position, not evidence of facility use or avoidable funding cost"
2026-06-18,E015,Aurelius Hong Kong,APAC,3,3,0,475540.4619027258,0.0,475540.4619027258,False,False,ANALYST-CALC,"Entity deficit is an estimated position, not evidence of facility use or avoidable funding cost"
2026-06-18,E016,Aurelius Global Sourcing,APAC,3,3,0,2520689.28,0.0,2520689.28,False,False,ANALYST-CALC,"Entity deficit is an estimated position, not evidence of facility use or avoidable funding cost"
2026-06-19,E001,Aurelius Group Holdings,NA,4,4,0,3758276.43,0.0,3758276.43,False,False,ANALYST-CALC,"Entity deficit is an estimated position, not evidence of facility use or avoidable funding cost"
2026-06-19,E002,Aurelius Home US,NA,5,5,0,7737244.59,0.0,7737244.59,False,False,ANALYST-CALC,"Entity deficit is an estimated position, not evidence of facility use or avoidable funding cost"
2026-06-19,E003,Aurelius Wellness US,NA,4,4,0,6931157.86,0.0,6931157.86,False,False,ANALYST-CALC,"Entity deficit is an estimated position, not evidence of facility use or avoidable funding cost"
2026-06-19,E004,Aurelius Canada,NA,3,3,0,2304947.126905635,0.0,2304947.126905635,False,False,ANALYST-CALC,"Entity deficit is an estimated position, not evidence of facility use or avoidable funding cost"
2026-06-19,E005,Aurelius UK,EMEA,4,4,0,5694109.856871938,0.0,5694109.856871938,False,False,ANALYST-CALC,"Entity deficit is an estimated position, not evidence of facility use or avoidable funding cost"
2026-06-19,E006,Aurelius Germany,EMEA,4,4,0,9143740.352696616,0.0,9143740.352696616,False,False,ANALYST-CALC,"Entity deficit is an estimated position, not evidence of facility use or avoidable funding cost"
2026-06-19,E007,Aurelius France,EMEA,3,2,1,1511792.2637739982,-976160.635419177,535631.6283548212,True,False,ANALYST-CALC,"Entity deficit is an estimated position, not evidence of facility use or avoidable funding cost"
2026-06-19,E008,Aurelius Netherlands,EMEA,3,3,0,6226827.540221101,0.0,6226827.540221101,False,False,ANALYST-CALC,"Entity deficit is an estimated position, not evidence of facility use or avoidable funding cost"
2026-06-19,E009,Aurelius Spain,EMEA,3,3,0,3770629.6347036175,0.0,3770629.6347036175,False,False,ANALYST-CALC,"Entity deficit is an estimated position, not evidence of facility use or avoidable funding cost"
2026-06-19,E010,Aurelius Singapore,APAC,4,3,1,1172905.7463101188,-904910.41,267995.33631011867,True,False,ANALYST-CALC,"Entity deficit is an estimated position, not evidence of facility use or avoidable funding cost"
2026-06-19,E011,Aurelius Australia,APAC,3,3,0,7536562.166467379,0.0,7536562.166467379,False,False,ANALYST-CALC,"Entity deficit is an estimated position, not evidence of facility use or avoidable funding cost"
2026-06-19,E012,Aurelius Japan,APAC,3,3,0,548255.5348258275,0.0,548255.5348258275,False,False,ANALYST-CALC,"Entity deficit is an estimated position, not evidence of facility use or avoidable funding cost"
2026-06-19,E013,Aurelius Korea,APAC,3,3,0,3342.3143547500003,0.0,3342.3143547500003,False,False,ANALYST-CALC,"Entity deficit is an estimated position, not evidence of facility use or avoidable funding cost"
2026-06-19,E014,Aurelius India,APAC,3,3,0,450194.91930744884,0.0,450194.91930744884,False,False,ANALYST-CALC,"Entity deficit is an estimated position, not evidence of facility use or avoidable funding cost"
2026-06-19,E015,Aurelius Hong Kong,APAC,3,3,0,527242.7950709723,0.0,527242.7950709723,False,False,ANALYST-CALC,"Entity deficit is an estimated position, not evidence of facility use or avoidable funding cost"
2026-06-19,E016,Aurelius Global Sourcing,APAC,3,3,0,2622717.86,0.0,2622717.86,False,False,ANALYST-CALC,"Entity deficit is an estimated position, not evidence of facility use or avoidable funding cost"
2026-06-20,E001,Aurelius Group Holdings,NA,4,4,0,2967163.29,0.0,2967163.29,False,False,ANALYST-CALC,"Entity deficit is an estimated position, not evidence of facility use or avoidable funding cost"
2026-06-20,E002,Aurelius Home US,NA,5,5,0,7796076.4799999995,0.0,7796076.4799999995,False,False,ANALYST-CALC,"Entity deficit is an estimated position, not evidence of facility use or avoidable funding cost"
2026-06-20,E003,Aurelius Wellness US,NA,4,4,0,7503785.41,0.0,7503785.41,False,False,ANALYST-CALC,"Entity deficit is an estimated position, not evidence of facility use or avoidable funding cost"
2026-06-20,E004,Aurelius Canada,NA,3,3,0,2216425.61178749,0.0,2216425.61178749,False,False,ANALYST-CALC,"Entity deficit is an estimated position, not evidence of facility use or avoidable funding cost"
2026-06-20,E005,Aurelius UK,EMEA,4,4,0,5513646.835073447,0.0,5513646.835073447,False,False,ANALYST-CALC,"Entity deficit is an estimated position, not evidence of facility use or avoidable funding cost"
2026-06-20,E006,Aurelius Germany,EMEA,4,4,0,8686003.190700458,0.0,8686003.190700458,False,False,ANALYST-CALC,"Entity deficit is an estimated position, not evidence of facility use or avoidable funding cost"
2026-06-20,E007,Aurelius France,EMEA,3,2,1,1374654.9236621256,-1042742.9190700081,331912.00459211756,True,False,ANALYST-CALC,"Entity deficit is an estimated position, not evidence of facility use or avoidable funding cost"
2026-06-20,E008,Aurelius Netherlands,EMEA,3,3,0,6191741.266199378,0.0,6191741.266199378,False,False,ANALYST-CALC,"Entity deficit is an estimated position, not evidence of facility use or avoidable funding cost"
2026-06-20,E009,Aurelius Spain,EMEA,3,3,0,3423368.882589321,0.0,3423368.882589321,False,False,ANALYST-CALC,"Entity deficit is an estimated position, not evidence of facility use or avoidable funding cost"
2026-06-20,E010,Aurelius Singapore,APAC,4,3,1,1312968.7052765824,-874257.17,438711.53527658223,True,False,ANALYST-CALC,"Entity deficit is an estimated position, not evidence of facility use or avoidable funding cost"
2026-06-20,E011,Aurelius Australia,APAC,3,3,0,6233946.311679103,0.0,6233946.311679103,False,False,ANALYST-CALC,"Entity deficit is an estimated position, not evidence of facility use or avoidable funding cost"
2026-06-20,E012,Aurelius Japan,APAC,3,3,0,521553.0598237292,0.0,521553.0598237292,False,False,ANALYST-CALC,"Entity deficit is an estimated position, not evidence of facility use or avoidable funding cost"
2026-06-20,E013,Aurelius Korea,APAC,3,3,0,3218.8370564438,0.0,3218.8370564438,False,False,ANALYST-CALC,"Entity deficit is an estimated position, not evidence of facility use or avoidable funding cost"
2026-06-20,E014,Aurelius India,APAC,3,3,0,580869.8111525194,0.0,580869.8111525194,False,False,ANALYST-CALC,"Entity deficit is an estimated position, not evidence of facility use or avoidable funding cost"
2026-06-20,E015,Aurelius Hong Kong,APAC,3,3,0,520422.662780366,0.0,520422.662780366,False,False,ANALYST-CALC,"Entity deficit is an estimated position, not evidence of facility use or avoidable funding cost"
2026-06-20,E016,Aurelius Global Sourcing,APAC,3,3,0,2652947.62,0.0,2652947.62,False,False,ANALYST-CALC,"Entity deficit is an estimated position, not evidence of facility use or avoidable funding cost"
2026-06-21,E001,Aurelius Group Holdings,NA,4,4,0,3553995.32,0.0,3553995.32,False,False,ANALYST-CALC,"Entity deficit is an estimated position, not evidence of facility use or avoidable funding cost"
2026-06-21,E002,Aurelius Home US,NA,5,5,0,7590329.91,0.0,7590329.91,False,False,ANALYST-CALC,"Entity deficit is an estimated position, not evidence of facility use or avoidable funding cost"
2026-06-21,E003,Aurelius Wellness US,NA,4,4,0,7935320.15,0.0,7935320.15,False,False,ANALYST-CALC,"Entity deficit is an estimated position, not evidence of facility use or avoidable funding cost"
2026-06-21,E004,Aurelius Canada,NA,3,3,0,2222765.1790975574,0.0,2222765.1790975574,False,False,ANALYST-CALC,"Entity deficit is an estimated position, not evidence of facility use or avoidable funding cost"
2026-06-21,E005,Aurelius UK,EMEA,4,4,0,4779448.865946368,0.0,4779448.865946368,False,False,ANALYST-CALC,"Entity deficit is an estimated position, not evidence of facility use or avoidable funding cost"
2026-06-21,E006,Aurelius Germany,EMEA,4,4,0,8351608.830788133,0.0,8351608.830788133,False,False,ANALYST-CALC,"Entity deficit is an estimated position, not evidence of facility use or avoidable funding cost"
2026-06-21,E007,Aurelius France,EMEA,3,2,1,1082682.8295802767,-991326.1670755345,91356.66250474239,True,False,ANALYST-CALC,"Entity deficit is an estimated position, not evidence of facility use or avoidable funding cost"
2026-06-21,E008,Aurelius Netherlands,EMEA,3,3,0,6108450.885000806,0.0,6108450.885000806,False,False,ANALYST-CALC,"Entity deficit is an estimated position, not evidence of facility use or avoidable funding cost"
2026-06-21,E009,Aurelius Spain,EMEA,3,3,0,3767728.1237744833,0.0,3767728.1237744833,False,False,ANALYST-CALC,"Entity deficit is an estimated position, not evidence of facility use or avoidable funding cost"
2026-06-21,E010,Aurelius Singapore,APAC,4,3,1,1185606.6907711287,-728579.16,457027.53077112883,True,False,ANALYST-CALC,"Entity deficit is an estimated position, not evidence of facility use or avoidable funding cost"
2026-06-21,E011,Aurelius Australia,APAC,3,3,0,7155815.809271722,0.0,7155815.809271722,False,False,ANALYST-CALC,"Entity deficit is an estimated position, not evidence of facility use or avoidable funding cost"
2026-06-21,E012,Aurelius Japan,APAC,3,3,0,577978.1689336896,0.0,577978.1689336896,False,False,ANALYST-CALC,"Entity deficit is an estimated position, not evidence of facility use or avoidable funding cost"
2026-06-21,E013,Aurelius Korea,APAC,3,3,0,3302.9835999731995,0.0,3302.9835999731995,False,False,ANALYST-CALC,"Entity deficit is an estimated position, not evidence of facility use or avoidable funding cost"
2026-06-21,E014,Aurelius India,APAC,3,3,0,538038.7152046072,0.0,538038.7152046072,False,False,ANALYST-CALC,"Entity deficit is an estimated position, not evidence of facility use or avoidable funding cost"
2026-06-21,E015,Aurelius Hong Kong,APAC,3,3,0,457119.09149011207,0.0,457119.09149011207,False,False,ANALYST-CALC,"Entity deficit is an estimated position, not evidence of facility use or avoidable funding cost"
2026-06-21,E016,Aurelius Global Sourcing,APAC,3,3,0,2852824.33,0.0,2852824.33,False,False,ANALYST-CALC,"Entity deficit is an estimated position, not evidence of facility use or avoidable funding cost"
2026-06-22,E001,Aurelius Group Holdings,NA,4,4,0,3456713.72,0.0,3456713.72,False,False,ANALYST-CALC,"Entity deficit is an estimated position, not evidence of facility use or avoidable funding cost"
2026-06-22,E002,Aurelius Home US,NA,5,5,0,7588296.94,0.0,7588296.94,False,False,ANALYST-CALC,"Entity deficit is an estimated position, not evidence of facility use or avoidable funding cost"
2026-06-22,E003,Aurelius Wellness US,NA,4,4,0,7479427.88,0.0,7479427.88,False,False,ANALYST-CALC,"Entity deficit is an estimated position, not evidence of facility use or avoidable funding cost"
2026-06-22,E004,Aurelius Canada,NA,3,3,0,2373428.960187459,0.0,2373428.960187459,False,False,ANALYST-CALC,"Entity deficit is an estimated position, not evidence of facility use or avoidable funding cost"
2026-06-22,E005,Aurelius UK,EMEA,4,4,0,4833481.518719448,0.0,4833481.518719448,False,False,ANALYST-CALC,"Entity deficit is an estimated position, not evidence of facility use or avoidable funding cost"
2026-06-22,E006,Aurelius Germany,EMEA,4,4,0,7545962.005476892,0.0,7545962.005476892,False,False,ANALYST-CALC,"Entity deficit is an estimated position, not evidence of facility use or avoidable funding cost"
2026-06-22,E007,Aurelius France,EMEA,3,2,1,1258871.328345301,-1171073.4004464946,87797.92789880652,True,False,ANALYST-CALC,"Entity deficit is an estimated position, not evidence of facility use or avoidable funding cost"
2026-06-22,E008,Aurelius Netherlands,EMEA,3,3,0,5132443.762349877,0.0,5132443.762349877,False,False,ANALYST-CALC,"Entity deficit is an estimated position, not evidence of facility use or avoidable funding cost"
2026-06-22,E009,Aurelius Spain,EMEA,3,3,0,4221443.742104484,0.0,4221443.742104484,False,False,ANALYST-CALC,"Entity deficit is an estimated position, not evidence of facility use or avoidable funding cost"
2026-06-22,E010,Aurelius Singapore,APAC,4,3,1,1177661.4570287478,-820491.16,357170.2970287476,True,False,ANALYST-CALC,"Entity deficit is an estimated position, not evidence of facility use or avoidable funding cost"
2026-06-22,E011,Aurelius Australia,APAC,3,3,0,7603571.001133649,0.0,7603571.001133649,False,False,ANALYST-CALC,"Entity deficit is an estimated position, not evidence of facility use or avoidable funding cost"
2026-06-22,E012,Aurelius Japan,APAC,3,3,0,631446.0402012176,0.0,631446.0402012176,False,False,ANALYST-CALC,"Entity deficit is an estimated position, not evidence of facility use or avoidable funding cost"
2026-06-22,E013,Aurelius Korea,APAC,3,3,0,3269.7043300739997,0.0,3269.7043300739997,False,False,ANALYST-CALC,"Entity deficit is an estimated position, not evidence of facility use or avoidable funding cost"
2026-06-22,E014,Aurelius India,APAC,3,3,0,465444.9648407222,0.0,465444.9648407222,False,False,ANALYST-CALC,"Entity deficit is an estimated position, not evidence of facility use or avoidable funding cost"
2026-06-22,E015,Aurelius Hong Kong,APAC,3,3,0,416107.593883512,0.0,416107.593883512,False,False,ANALYST-CALC,"Entity deficit is an estimated position, not evidence of facility use or avoidable funding cost"
2026-06-22,E016,Aurelius Global Sourcing,APAC,3,3,0,2871712.81,0.0,2871712.81,False,False,ANALYST-CALC,"Entity deficit is an estimated position, not evidence of facility use or avoidable funding cost"
2026-06-23,E001,Aurelius Group Holdings,NA,4,4,0,4065817.29,0.0,4065817.29,False,False,ANALYST-CALC,"Entity deficit is an estimated position, not evidence of facility use or avoidable funding cost"
2026-06-23,E002,Aurelius Home US,NA,5,5,0,6974676.92,0.0,6974676.92,False,False,ANALYST-CALC,"Entity deficit is an estimated position, not evidence of facility use or avoidable funding cost"
2026-06-23,E003,Aurelius Wellness US,NA,4,4,0,7160640.13,0.0,7160640.13,False,False,ANALYST-CALC,"Entity deficit is an estimated position, not evidence of facility use or avoidable funding cost"
2026-06-23,E004,Aurelius Canada,NA,3,3,0,2112722.368775687,0.0,2112722.368775687,False,False,ANALYST-CALC,"Entity deficit is an estimated position, not evidence of facility use or avoidable funding cost"
2026-06-23,E005,Aurelius UK,EMEA,4,4,0,5057227.879527647,0.0,5057227.879527647,False,False,ANALYST-CALC,"Entity deficit is an estimated position, not evidence of facility use or avoidable funding cost"
2026-06-23,E006,Aurelius Germany,EMEA,4,4,0,7787752.903011044,0.0,7787752.903011044,False,False,ANALYST-CALC,"Entity deficit is an estimated position, not evidence of facility use or avoidable funding cost"
2026-06-23,E007,Aurelius France,EMEA,3,2,1,1272969.7941689724,-1311724.7259397528,-38754.93177078047,True,True,ANALYST-CALC,"Entity deficit is an estimated position, not evidence of facility use or avoidable funding cost"
2026-06-23,E008,Aurelius Netherlands,EMEA,3,3,0,6291716.333052771,0.0,6291716.333052771,False,False,ANALYST-CALC,"Entity deficit is an estimated position, not evidence of facility use or avoidable funding cost"
2026-06-23,E009,Aurelius Spain,EMEA,3,3,0,4248290.343356182,0.0,4248290.343356182,False,False,ANALYST-CALC,"Entity deficit is an estimated position, not evidence of facility use or avoidable funding cost"
2026-06-23,E010,Aurelius Singapore,APAC,4,3,1,1218326.2390530542,-973242.58,245083.65905305423,True,False,ANALYST-CALC,"Entity deficit is an estimated position, not evidence of facility use or avoidable funding cost"
2026-06-23,E011,Aurelius Australia,APAC,3,3,0,7221821.691588963,0.0,7221821.691588963,False,False,ANALYST-CALC,"Entity deficit is an estimated position, not evidence of facility use or avoidable funding cost"
2026-06-23,E012,Aurelius Japan,APAC,3,3,0,521888.42204601824,0.0,521888.42204601824,False,False,ANALYST-CALC,"Entity deficit is an estimated position, not evidence of facility use or avoidable funding cost"
2026-06-23,E013,Aurelius Korea,APAC,3,3,0,2869.2324730105997,0.0,2869.2324730105997,False,False,ANALYST-CALC,"Entity deficit is an estimated position, not evidence of facility use or avoidable funding cost"
2026-06-23,E014,Aurelius India,APAC,3,3,0,532518.7300257055,0.0,532518.7300257055,False,False,ANALYST-CALC,"Entity deficit is an estimated position, not evidence of facility use or avoidable funding cost"
2026-06-23,E015,Aurelius Hong Kong,APAC,3,3,0,433527.7920681456,0.0,433527.7920681456,False,False,ANALYST-CALC,"Entity deficit is an estimated position, not evidence of facility use or avoidable funding cost"
2026-06-23,E016,Aurelius Global Sourcing,APAC,3,3,0,2996307.29,0.0,2996307.29,False,False,ANALYST-CALC,"Entity deficit is an estimated position, not evidence of facility use or avoidable funding cost"
2026-06-24,E001,Aurelius Group Holdings,NA,4,4,0,3713884.7600000002,0.0,3713884.7600000002,False,False,ANALYST-CALC,"Entity deficit is an estimated position, not evidence of facility use or avoidable funding cost"
2026-06-24,E002,Aurelius Home US,NA,5,5,0,7533953.78,0.0,7533953.78,False,False,ANALYST-CALC,"Entity deficit is an estimated position, not evidence of facility use or avoidable funding cost"
2026-06-24,E003,Aurelius Wellness US,NA,4,4,0,6434673.4799999995,0.0,6434673.4799999995,False,False,ANALYST-CALC,"Entity deficit is an estimated position, not evidence of facility use or avoidable funding cost"
2026-06-24,E004,Aurelius Canada,NA,3,3,0,2246598.408981943,0.0,2246598.408981943,False,False,ANALYST-CALC,"Entity deficit is an estimated position, not evidence of facility use or avoidable funding cost"
2026-06-24,E005,Aurelius UK,EMEA,4,4,0,5424248.716737138,0.0,5424248.716737138,False,False,ANALYST-CALC,"Entity deficit is an estimated position, not evidence of facility use or avoidable funding cost"
2026-06-24,E006,Aurelius Germany,EMEA,4,4,0,8715271.591223601,0.0,8715271.591223601,False,False,ANALYST-CALC,"Entity deficit is an estimated position, not evidence of facility use or avoidable funding cost"
2026-06-24,E007,Aurelius France,EMEA,3,2,1,1284111.9431930752,-1271900.9749762267,12210.968216848676,True,False,ANALYST-CALC,"Entity deficit is an estimated position, not evidence of facility use or avoidable funding cost"
2026-06-24,E008,Aurelius Netherlands,EMEA,3,3,0,5907123.563770263,0.0,5907123.563770263,False,False,ANALYST-CALC,"Entity deficit is an estimated position, not evidence of facility use or avoidable funding cost"
2026-06-24,E009,Aurelius Spain,EMEA,3,3,0,4017358.364877758,0.0,4017358.364877758,False,False,ANALYST-CALC,"Entity deficit is an estimated position, not evidence of facility use or avoidable funding cost"
2026-06-24,E010,Aurelius Singapore,APAC,4,3,1,986177.218016824,-961534.72,24642.49801682401,True,False,ANALYST-CALC,"Entity deficit is an estimated position, not evidence of facility use or avoidable funding cost"
2026-06-24,E011,Aurelius Australia,APAC,3,3,0,7244344.133976776,0.0,7244344.133976776,False,False,ANALYST-CALC,"Entity deficit is an estimated position, not evidence of facility use or avoidable funding cost"
2026-06-24,E012,Aurelius Japan,APAC,3,3,0,502012.735417846,0.0,502012.735417846,False,False,ANALYST-CALC,"Entity deficit is an estimated position, not evidence of facility use or avoidable funding cost"
2026-06-24,E013,Aurelius Korea,APAC,3,3,0,2913.8187932220003,0.0,2913.8187932220003,False,False,ANALYST-CALC,"Entity deficit is an estimated position, not evidence of facility use or avoidable funding cost"
2026-06-24,E014,Aurelius India,APAC,3,3,0,493807.9837147954,0.0,493807.9837147954,False,False,ANALYST-CALC,"Entity deficit is an estimated position, not evidence of facility use or avoidable funding cost"
2026-06-24,E015,Aurelius Hong Kong,APAC,3,3,0,403564.28004567686,0.0,403564.28004567686,False,False,ANALYST-CALC,"Entity deficit is an estimated position, not evidence of facility use or avoidable funding cost"
2026-06-24,E016,Aurelius Global Sourcing,APAC,3,3,0,2752436.1999999997,0.0,2752436.1999999997,False,False,ANALYST-CALC,"Entity deficit is an estimated position, not evidence of facility use or avoidable funding cost"
2026-06-25,E001,Aurelius Group Holdings,NA,4,4,0,3699345.0100000002,0.0,3699345.0100000002,False,False,ANALYST-CALC,"Entity deficit is an estimated position, not evidence of facility use or avoidable funding cost"
2026-06-25,E002,Aurelius Home US,NA,5,5,0,7226053.72,0.0,7226053.72,False,False,ANALYST-CALC,"Entity deficit is an estimated position, not evidence of facility use or avoidable funding cost"
2026-06-25,E003,Aurelius Wellness US,NA,4,4,0,6778969.8100000005,0.0,6778969.8100000005,False,False,ANALYST-CALC,"Entity deficit is an estimated position, not evidence of facility use or avoidable funding cost"
2026-06-25,E004,Aurelius Canada,NA,3,3,0,2411684.6327915266,0.0,2411684.6327915266,False,False,ANALYST-CALC,"Entity deficit is an estimated position, not evidence of facility use or avoidable funding cost"
2026-06-25,E005,Aurelius UK,EMEA,4,4,0,4910613.858840172,0.0,4910613.858840172,False,False,ANALYST-CALC,"Entity deficit is an estimated position, not evidence of facility use or avoidable funding cost"
2026-06-25,E006,Aurelius Germany,EMEA,4,4,0,8582201.952565964,0.0,8582201.952565964,False,False,ANALYST-CALC,"Entity deficit is an estimated position, not evidence of facility use or avoidable funding cost"
2026-06-25,E007,Aurelius France,EMEA,3,2,1,1350329.6210681566,-1280558.167812882,69771.45325527451,True,False,ANALYST-CALC,"Entity deficit is an estimated position, not evidence of facility use or avoidable funding cost"
2026-06-25,E008,Aurelius Netherlands,EMEA,3,3,0,6154250.336539564,0.0,6154250.336539564,False,False,ANALYST-CALC,"Entity deficit is an estimated position, not evidence of facility use or avoidable funding cost"
2026-06-25,E009,Aurelius Spain,EMEA,3,3,0,3863593.4758606474,0.0,3863593.4758606474,False,False,ANALYST-CALC,"Entity deficit is an estimated position, not evidence of facility use or avoidable funding cost"
2026-06-25,E010,Aurelius Singapore,APAC,4,3,1,1221093.7100995728,-985218.91,235874.80009957266,True,False,ANALYST-CALC,"Entity deficit is an estimated position, not evidence of facility use or avoidable funding cost"
2026-06-25,E011,Aurelius Australia,APAC,3,3,0,6935168.145748655,0.0,6935168.145748655,False,False,ANALYST-CALC,"Entity deficit is an estimated position, not evidence of facility use or avoidable funding cost"
2026-06-25,E012,Aurelius Japan,APAC,3,3,0,534692.9109894751,0.0,534692.9109894751,False,False,ANALYST-CALC,"Entity deficit is an estimated position, not evidence of facility use or avoidable funding cost"
2026-06-25,E013,Aurelius Korea,APAC,3,3,0,2593.9625211875,0.0,2593.9625211875,False,False,ANALYST-CALC,"Entity deficit is an estimated position, not evidence of facility use or avoidable funding cost"
2026-06-25,E014,Aurelius India,APAC,3,3,0,558360.5617933436,0.0,558360.5617933436,False,False,ANALYST-CALC,"Entity deficit is an estimated position, not evidence of facility use or avoidable funding cost"
2026-06-25,E015,Aurelius Hong Kong,APAC,3,3,0,433379.81996430084,0.0,433379.81996430084,False,False,ANALYST-CALC,"Entity deficit is an estimated position, not evidence of facility use or avoidable funding cost"
2026-06-25,E016,Aurelius Global Sourcing,APAC,3,3,0,2785469.08,0.0,2785469.08,False,False,ANALYST-CALC,"Entity deficit is an estimated position, not evidence of facility use or avoidable funding cost"
2026-06-26,E001,Aurelius Group Holdings,NA,4,4,0,3661398.29,0.0,3661398.29,False,False,ANALYST-CALC,"Entity deficit is an estimated position, not evidence of facility use or avoidable funding cost"
2026-06-26,E002,Aurelius Home US,NA,5,5,0,7551290.49,0.0,7551290.49,False,False,ANALYST-CALC,"Entity deficit is an estimated position, not evidence of facility use or avoidable funding cost"
2026-06-26,E003,Aurelius Wellness US,NA,4,4,0,7183983.63,0.0,7183983.63,False,False,ANALYST-CALC,"Entity deficit is an estimated position, not evidence of facility use or avoidable funding cost"
2026-06-26,E004,Aurelius Canada,NA,3,3,0,2410075.62033884,0.0,2410075.62033884,False,False,ANALYST-CALC,"Entity deficit is an estimated position, not evidence of facility use or avoidable funding cost"
2026-06-26,E005,Aurelius UK,EMEA,4,4,0,5250448.695849819,0.0,5250448.695849819,False,False,ANALYST-CALC,"Entity deficit is an estimated position, not evidence of facility use or avoidable funding cost"
2026-06-26,E006,Aurelius Germany,EMEA,4,4,0,9025619.177778719,0.0,9025619.177778719,False,False,ANALYST-CALC,"Entity deficit is an estimated position, not evidence of facility use or avoidable funding cost"
2026-06-26,E007,Aurelius France,EMEA,3,2,1,1439932.5335261258,-1013141.4047504447,426791.12877568125,True,False,ANALYST-CALC,"Entity deficit is an estimated position, not evidence of facility use or avoidable funding cost"
2026-06-26,E008,Aurelius Netherlands,EMEA,3,3,0,7231859.604375297,0.0,7231859.604375297,False,False,ANALYST-CALC,"Entity deficit is an estimated position, not evidence of facility use or avoidable funding cost"
2026-06-26,E009,Aurelius Spain,EMEA,3,3,0,3668786.880359346,0.0,3668786.880359346,False,False,ANALYST-CALC,"Entity deficit is an estimated position, not evidence of facility use or avoidable funding cost"
2026-06-26,E010,Aurelius Singapore,APAC,4,3,1,1396883.2244703923,-872472.31,524410.9144703922,True,False,ANALYST-CALC,"Entity deficit is an estimated position, not evidence of facility use or avoidable funding cost"
2026-06-26,E011,Aurelius Australia,APAC,3,3,0,7008594.323988732,0.0,7008594.323988732,False,False,ANALYST-CALC,"Entity deficit is an estimated position, not evidence of facility use or avoidable funding cost"
2026-06-26,E012,Aurelius Japan,APAC,3,3,0,471008.458630322,0.0,471008.458630322,False,False,ANALYST-CALC,"Entity deficit is an estimated position, not evidence of facility use or avoidable funding cost"
2026-06-26,E013,Aurelius Korea,APAC,3,3,0,3337.7158391744,0.0,3337.7158391744,False,False,ANALYST-CALC,"Entity deficit is an estimated position, not evidence of facility use or avoidable funding cost"
2026-06-26,E014,Aurelius India,APAC,3,3,0,593676.4166836834,0.0,593676.4166836834,False,False,ANALYST-CALC,"Entity deficit is an estimated position, not evidence of facility use or avoidable funding cost"
2026-06-26,E015,Aurelius Hong Kong,APAC,3,3,0,422332.1595393273,0.0,422332.1595393273,False,False,ANALYST-CALC,"Entity deficit is an estimated position, not evidence of facility use or avoidable funding cost"
2026-06-26,E016,Aurelius Global Sourcing,APAC,3,3,0,2409253.7,0.0,2409253.7,False,False,ANALYST-CALC,"Entity deficit is an estimated position, not evidence of facility use or avoidable funding cost"
2026-06-27,E001,Aurelius Group Holdings,NA,4,4,0,3457390.23,0.0,3457390.23,False,False,ANALYST-CALC,"Entity deficit is an estimated position, not evidence of facility use or avoidable funding cost"
2026-06-27,E002,Aurelius Home US,NA,5,5,0,7851983.04,0.0,7851983.04,False,False,ANALYST-CALC,"Entity deficit is an estimated position, not evidence of facility use or avoidable funding cost"
2026-06-27,E003,Aurelius Wellness US,NA,4,4,0,7843584.32,0.0,7843584.32,False,False,ANALYST-CALC,"Entity deficit is an estimated position, not evidence of facility use or avoidable funding cost"
2026-06-27,E004,Aurelius Canada,NA,3,3,0,2130487.131228932,0.0,2130487.131228932,False,False,ANALYST-CALC,"Entity deficit is an estimated position, not evidence of facility use or avoidable funding cost"
2026-06-27,E005,Aurelius UK,EMEA,4,4,0,5148300.235170778,0.0,5148300.235170778,False,False,ANALYST-CALC,"Entity deficit is an estimated position, not evidence of facility use or avoidable funding cost"
2026-06-27,E006,Aurelius Germany,EMEA,4,4,0,8907273.471242188,0.0,8907273.471242188,False,False,ANALYST-CALC,"Entity deficit is an estimated position, not evidence of facility use or avoidable funding cost"
2026-06-27,E007,Aurelius France,EMEA,3,2,1,1226907.178752,-1018741.9780067328,208165.2007452672,True,False,ANALYST-CALC,"Entity deficit is an estimated position, not evidence of facility use or avoidable funding cost"
2026-06-27,E008,Aurelius Netherlands,EMEA,3,3,0,6227420.124217292,0.0,6227420.124217292,False,False,ANALYST-CALC,"Entity deficit is an estimated position, not evidence of facility use or avoidable funding cost"
2026-06-27,E009,Aurelius Spain,EMEA,3,3,0,3591209.38133847,0.0,3591209.38133847,False,False,ANALYST-CALC,"Entity deficit is an estimated position, not evidence of facility use or avoidable funding cost"
2026-06-27,E010,Aurelius Singapore,APAC,4,3,1,1378990.5132738005,-725572.29,653418.2232738006,True,False,ANALYST-CALC,"Entity deficit is an estimated position, not evidence of facility use or avoidable funding cost"
2026-06-27,E011,Aurelius Australia,APAC,3,3,0,6899624.466832504,0.0,6899624.466832504,False,False,ANALYST-CALC,"Entity deficit is an estimated position, not evidence of facility use or avoidable funding cost"
2026-06-27,E012,Aurelius Japan,APAC,3,3,0,584278.0829065415,0.0,584278.0829065415,False,False,ANALYST-CALC,"Entity deficit is an estimated position, not evidence of facility use or avoidable funding cost"
2026-06-27,E013,Aurelius Korea,APAC,3,3,0,3186.7440754104,0.0,3186.7440754104,False,False,ANALYST-CALC,"Entity deficit is an estimated position, not evidence of facility use or avoidable funding cost"
2026-06-27,E014,Aurelius India,APAC,3,3,0,539122.9140343899,0.0,539122.9140343899,False,False,ANALYST-CALC,"Entity deficit is an estimated position, not evidence of facility use or avoidable funding cost"
2026-06-27,E015,Aurelius Hong Kong,APAC,3,3,0,503211.3873530611,0.0,503211.3873530611,False,False,ANALYST-CALC,"Entity deficit is an estimated position, not evidence of facility use or avoidable funding cost"
2026-06-27,E016,Aurelius Global Sourcing,APAC,3,3,0,2848178.0300000003,0.0,2848178.0300000003,False,False,ANALYST-CALC,"Entity deficit is an estimated position, not evidence of facility use or avoidable funding cost"
2026-06-28,E001,Aurelius Group Holdings,NA,4,4,0,3267960.75,0.0,3267960.75,False,False,ANALYST-CALC,"Entity deficit is an estimated position, not evidence of facility use or avoidable funding cost"
2026-06-28,E002,Aurelius Home US,NA,5,5,0,7530280.779999999,0.0,7530280.779999999,False,False,ANALYST-CALC,"Entity deficit is an estimated position, not evidence of facility use or avoidable funding cost"
2026-06-28,E003,Aurelius Wellness US,NA,4,4,0,8255758.06,0.0,8255758.06,False,False,ANALYST-CALC,"Entity deficit is an estimated position, not evidence of facility use or avoidable funding cost"
2026-06-28,E004,Aurelius Canada,NA,3,3,0,2054363.474017008,0.0,2054363.474017008,False,False,ANALYST-CALC,"Entity deficit is an estimated position, not evidence of facility use or avoidable funding cost"
2026-06-28,E005,Aurelius UK,EMEA,4,4,0,4865961.055459881,0.0,4865961.055459881,False,False,ANALYST-CALC,"Entity deficit is an estimated position, not evidence of facility use or avoidable funding cost"
2026-06-28,E006,Aurelius Germany,EMEA,4,4,0,9599331.523015501,0.0,9599331.523015501,False,False,ANALYST-CALC,"Entity deficit is an estimated position, not evidence of facility use or avoidable funding cost"
2026-06-28,E007,Aurelius France,EMEA,3,2,1,1145817.4447504077,-1045826.7479075695,99990.69684283814,True,False,ANALYST-CALC,"Entity deficit is an estimated position, not evidence of facility use or avoidable funding cost"
2026-06-28,E008,Aurelius Netherlands,EMEA,3,3,0,6027839.463635085,0.0,6027839.463635085,False,False,ANALYST-CALC,"Entity deficit is an estimated position, not evidence of facility use or avoidable funding cost"
2026-06-28,E009,Aurelius Spain,EMEA,3,3,0,3950852.404452948,0.0,3950852.404452948,False,False,ANALYST-CALC,"Entity deficit is an estimated position, not evidence of facility use or avoidable funding cost"
2026-06-28,E010,Aurelius Singapore,APAC,4,3,1,1277241.6123277778,-698394.4,578847.2123277778,True,False,ANALYST-CALC,"Entity deficit is an estimated position, not evidence of facility use or avoidable funding cost"
2026-06-28,E011,Aurelius Australia,APAC,3,3,0,6148549.822639357,0.0,6148549.822639357,False,False,ANALYST-CALC,"Entity deficit is an estimated position, not evidence of facility use or avoidable funding cost"
2026-06-28,E012,Aurelius Japan,APAC,3,3,0,694888.0469824404,0.0,694888.0469824404,False,False,ANALYST-CALC,"Entity deficit is an estimated position, not evidence of facility use or avoidable funding cost"
2026-06-28,E013,Aurelius Korea,APAC,3,3,0,3334.7177922693,0.0,3334.7177922693,False,False,ANALYST-CALC,"Entity deficit is an estimated position, not evidence of facility use or avoidable funding cost"
2026-06-28,E014,Aurelius India,APAC,3,3,0,500204.47947702,0.0,500204.47947702,False,False,ANALYST-CALC,"Entity deficit is an estimated position, not evidence of facility use or avoidable funding cost"
2026-06-28,E015,Aurelius Hong Kong,APAC,3,3,0,499892.99964081065,0.0,499892.99964081065,False,False,ANALYST-CALC,"Entity deficit is an estimated position, not evidence of facility use or avoidable funding cost"
2026-06-28,E016,Aurelius Global Sourcing,APAC,3,3,0,2854061.07,0.0,2854061.07,False,False,ANALYST-CALC,"Entity deficit is an estimated position, not evidence of facility use or avoidable funding cost"
2026-06-29,E001,Aurelius Group Holdings,NA,4,4,0,3990070.92,0.0,3990070.92,False,False,ANALYST-CALC,"Entity deficit is an estimated position, not evidence of facility use or avoidable funding cost"
2026-06-29,E002,Aurelius Home US,NA,5,5,0,8046952.96,0.0,8046952.96,False,False,ANALYST-CALC,"Entity deficit is an estimated position, not evidence of facility use or avoidable funding cost"
2026-06-29,E003,Aurelius Wellness US,NA,4,4,0,8556815.75,0.0,8556815.75,False,False,ANALYST-CALC,"Entity deficit is an estimated position, not evidence of facility use or avoidable funding cost"
2026-06-29,E004,Aurelius Canada,NA,3,3,0,2383820.082599251,0.0,2383820.082599251,False,False,ANALYST-CALC,"Entity deficit is an estimated position, not evidence of facility use or avoidable funding cost"
2026-06-29,E005,Aurelius UK,EMEA,4,4,0,5115074.935555135,0.0,5115074.935555135,False,False,ANALYST-CALC,"Entity deficit is an estimated position, not evidence of facility use or avoidable funding cost"
2026-06-29,E006,Aurelius Germany,EMEA,4,4,0,8538279.671463618,0.0,8538279.671463618,False,False,ANALYST-CALC,"Entity deficit is an estimated position, not evidence of facility use or avoidable funding cost"
2026-06-29,E007,Aurelius France,EMEA,3,2,1,1219799.0698350456,-1186968.72890646,32830.3409285855,True,False,ANALYST-CALC,"Entity deficit is an estimated position, not evidence of facility use or avoidable funding cost"
2026-06-29,E008,Aurelius Netherlands,EMEA,3,3,0,5121079.520686377,0.0,5121079.520686377,False,False,ANALYST-CALC,"Entity deficit is an estimated position, not evidence of facility use or avoidable funding cost"
2026-06-29,E009,Aurelius Spain,EMEA,3,3,0,4071323.3782941815,0.0,4071323.3782941815,False,False,ANALYST-CALC,"Entity deficit is an estimated position, not evidence of facility use or avoidable funding cost"
2026-06-29,E010,Aurelius Singapore,APAC,4,3,1,1078758.0695806905,-944262.72,134495.3495806904,True,False,ANALYST-CALC,"Entity deficit is an estimated position, not evidence of facility use or avoidable funding cost"
2026-06-29,E011,Aurelius Australia,APAC,3,3,0,6581604.603418495,0.0,6581604.603418495,False,False,ANALYST-CALC,"Entity deficit is an estimated position, not evidence of facility use or avoidable funding cost"
2026-06-29,E012,Aurelius Japan,APAC,3,3,0,586714.3140475985,0.0,586714.3140475985,False,False,ANALYST-CALC,"Entity deficit is an estimated position, not evidence of facility use or avoidable funding cost"
2026-06-29,E013,Aurelius Korea,APAC,3,3,0,3275.9649626376,0.0,3275.9649626376,False,False,ANALYST-CALC,"Entity deficit is an estimated position, not evidence of facility use or avoidable funding cost"
2026-06-29,E014,Aurelius India,APAC,3,3,0,521120.82957166794,0.0,521120.82957166794,False,False,ANALYST-CALC,"Entity deficit is an estimated position, not evidence of facility use or avoidable funding cost"
2026-06-29,E015,Aurelius Hong Kong,APAC,3,3,0,508600.83898291836,0.0,508600.83898291836,False,False,ANALYST-CALC,"Entity deficit is an estimated position, not evidence of facility use or avoidable funding cost"
2026-06-29,E016,Aurelius Global Sourcing,APAC,3,3,0,2951771.14,0.0,2951771.14,False,False,ANALYST-CALC,"Entity deficit is an estimated position, not evidence of facility use or avoidable funding cost"
2026-06-30,E001,Aurelius Group Holdings,NA,4,4,0,3815275.3699999996,0.0,3815275.3699999996,False,False,ANALYST-CALC,"Entity deficit is an estimated position, not evidence of facility use or avoidable funding cost"
2026-06-30,E002,Aurelius Home US,NA,5,5,0,7262984.74,0.0,7262984.74,False,False,ANALYST-CALC,"Entity deficit is an estimated position, not evidence of facility use or avoidable funding cost"
2026-06-30,E003,Aurelius Wellness US,NA,4,4,0,7790456.93,0.0,7790456.93,False,False,ANALYST-CALC,"Entity deficit is an estimated position, not evidence of facility use or avoidable funding cost"
2026-06-30,E004,Aurelius Canada,NA,3,3,0,2099742.2798635713,0.0,2099742.2798635713,False,False,ANALYST-CALC,"Entity deficit is an estimated position, not evidence of facility use or avoidable funding cost"
2026-06-30,E005,Aurelius UK,EMEA,4,4,0,4782833.344984192,0.0,4782833.344984192,False,False,ANALYST-CALC,"Entity deficit is an estimated position, not evidence of facility use or avoidable funding cost"
2026-06-30,E006,Aurelius Germany,EMEA,4,4,0,8660461.336620016,0.0,8660461.336620016,False,False,ANALYST-CALC,"Entity deficit is an estimated position, not evidence of facility use or avoidable funding cost"
2026-06-30,E007,Aurelius France,EMEA,3,2,1,1133172.4754437162,-1251281.1461162264,-118108.67067251028,True,True,ANALYST-CALC,"Entity deficit is an estimated position, not evidence of facility use or avoidable funding cost"
2026-06-30,E008,Aurelius Netherlands,EMEA,3,3,0,5851141.359728709,0.0,5851141.359728709,False,False,ANALYST-CALC,"Entity deficit is an estimated position, not evidence of facility use or avoidable funding cost"
2026-06-30,E009,Aurelius Spain,EMEA,3,3,0,3921364.4940016866,0.0,3921364.4940016866,False,False,ANALYST-CALC,"Entity deficit is an estimated position, not evidence of facility use or avoidable funding cost"
2026-06-30,E010,Aurelius Singapore,APAC,4,3,1,1190566.806672746,-887011.95,303554.8566727461,True,False,ANALYST-CALC,"Entity deficit is an estimated position, not evidence of facility use or avoidable funding cost"
2026-06-30,E011,Aurelius Australia,APAC,3,3,0,7156840.644553047,0.0,7156840.644553047,False,False,ANALYST-CALC,"Entity deficit is an estimated position, not evidence of facility use or avoidable funding cost"
2026-06-30,E012,Aurelius Japan,APAC,3,3,0,526220.7818271547,0.0,526220.7818271547,False,False,ANALYST-CALC,"Entity deficit is an estimated position, not evidence of facility use or avoidable funding cost"
2026-06-30,E013,Aurelius Korea,APAC,3,3,0,3032.707767639,0.0,3032.707767639,False,False,ANALYST-CALC,"Entity deficit is an estimated position, not evidence of facility use or avoidable funding cost"
2026-06-30,E014,Aurelius India,APAC,3,3,0,459266.0265052,0.0,459266.0265052,False,False,ANALYST-CALC,"Entity deficit is an estimated position, not evidence of facility use or avoidable funding cost"
2026-06-30,E015,Aurelius Hong Kong,APAC,3,3,0,350098.5054630571,0.0,350098.5054630571,False,False,ANALYST-CALC,"Entity deficit is an estimated position, not evidence of facility use or avoidable funding cost"
2026-06-30,E016,Aurelius Global Sourcing,APAC,3,3,0,2797757.66,0.0,2797757.66,False,False,ANALYST-CALC,"Entity deficit is an estimated position, not evidence of facility use or avoidable funding cost"
