date,account_id,closing_balance_local,available_balance_local,reported_to_group_date,source_quality
2026-01-01,AC0001,2861054.14,2661539.9,2026-01-04,Estimated
2026-01-02,AC0001,2493354.83,2456082.13,2026-01-04,Estimated
2026-01-03,AC0001,2466598.01,2333870.59,2026-01-05,Estimated
2026-01-04,AC0001,2449942.89,2194489.9,2026-01-06,Estimated
2026-01-05,AC0001,2612739.51,2367788.46,2026-01-07,Estimated
2026-01-06,AC0001,2754608.05,2676279.43,2026-01-08,Estimated
2026-01-07,AC0001,2703222.65,2396024.58,2026-01-09,Estimated
2026-01-08,AC0001,2636968.12,2525232.63,2026-01-10,Estimated
2026-01-09,AC0001,2399452.15,2178618.79,2026-01-11,Estimated
2026-01-10,AC0001,2387044.41,2103259.05,2026-01-12,Estimated
2026-01-11,AC0001,2287728.09,2172923.63,2026-01-14,Estimated
2026-01-12,AC0001,2564428.82,2356870.59,2026-01-14,Estimated
2026-01-13,AC0001,2702011.25,2632554.97,2026-01-15,Estimated
2026-01-14,AC0001,2712075.97,2535890.38,2026-01-16,Estimated
2026-01-15,AC0001,2264140.92,2131895.13,2026-01-17,Estimated
2026-01-16,AC0001,2388060.08,2229941.68,2026-01-18,Estimated
2026-01-17,AC0001,1994545.88,1809152.9,2026-01-19,Estimated
2026-01-18,AC0001,2337703.35,2115636.39,2026-01-20,Estimated
2026-01-19,AC0001,2900146.54,2790652.23,2026-01-21,Estimated
2026-01-20,AC0001,2788176.93,2606832.75,2026-01-22,Estimated
2026-01-21,AC0001,2463269.34,2400831.17,2026-01-23,Estimated
2026-01-22,AC0001,2357652.47,2320141.12,2026-01-24,Estimated
2026-01-23,AC0001,2362111.72,2082302.05,2026-01-25,Estimated
2026-01-24,AC0001,2140151.79,1929579.83,2026-01-26,Estimated
2026-01-25,AC0001,2164370.77,1944036.44,2026-01-27,Estimated
2026-01-26,AC0001,2473116.55,2344435.54,2026-01-29,Estimated
2026-01-27,AC0001,2975417.99,2906082.28,2026-01-29,Estimated
2026-01-28,AC0001,2465117.1,2439125.42,2026-01-30,Estimated
2026-01-29,AC0001,2388798.41,2171585.18,2026-01-31,Estimated
2026-01-30,AC0001,2270651.75,2005960.37,2026-02-01,Estimated
2026-01-31,AC0001,2091958.18,1912993.47,2026-02-02,Estimated
2026-02-01,AC0001,2624549.83,2510605.19,2026-02-04,Estimated
2026-02-02,AC0001,2541012.78,2498897.34,2026-02-04,Estimated
2026-02-03,AC0001,2712181.63,2641936.04,2026-02-05,Estimated
2026-02-04,AC0001,2958299.67,2877256.91,2026-02-06,Estimated
2026-02-05,AC0001,2671607.5,2530609.5,2026-02-07,Estimated
2026-02-06,AC0001,2288153.31,2070253.47,2026-02-09,Estimated
2026-02-07,AC0001,2530202.36,2401845.55,2026-02-09,Estimated
2026-02-08,AC0001,2221596.82,2165023.58,2026-02-10,Estimated
2026-02-09,AC0001,2601891.23,2327951.11,2026-02-11,Estimated
2026-02-10,AC0001,2999596.86,2959542.33,2026-02-12,Estimated
2026-02-11,AC0001,2615117.78,2303773.04,2026-02-14,Estimated
2026-02-12,AC0001,2563778.78,2482585.94,2026-02-14,Estimated
2026-02-13,AC0001,2292178.98,2119020.3,2026-02-15,Estimated
2026-02-14,AC0001,1996511.13,1779351.35,2026-02-16,Estimated
2026-02-15,AC0001,2479694.76,2454389.17,2026-02-17,Estimated
2026-02-16,AC0001,2557811.36,2269880.12,2026-02-19,Estimated
2026-02-17,AC0001,2709779.92,2649351.07,2026-02-19,Estimated
2026-02-18,AC0001,2606604.62,2372102.2,2026-02-20,Estimated
2026-02-19,AC0001,2507616.54,2441202.67,2026-02-21,Estimated
2026-02-20,AC0001,2415298.42,2329256.67,2026-02-22,Estimated
2026-02-21,AC0001,2328235.05,2231858.53,2026-02-24,Estimated
2026-02-22,AC0001,2315494.0,2271276.37,2026-02-24,Estimated
2026-02-23,AC0001,2704734.21,2569435.86,2026-02-25,Estimated
2026-02-24,AC0001,2503790.87,2275704.98,2026-02-27,Estimated
2026-02-25,AC0001,2621809.95,2380267.19,2026-02-27,Estimated
2026-02-26,AC0001,2552371.14,2374486.62,2026-02-28,Estimated
2026-02-27,AC0001,2319261.94,2224260.65,2026-03-01,Estimated
2026-02-28,AC0001,2418973.64,2220032.09,2026-03-02,Estimated
2026-03-01,AC0001,2442932.66,2356659.89,2026-03-03,Estimated
2026-03-02,AC0001,2323275.28,2241009.05,2026-03-04,Estimated
2026-03-03,AC0001,2872581.84,2728705.13,2026-03-06,Estimated
2026-03-04,AC0001,2536795.67,2282451.91,2026-03-06,Estimated
2026-03-05,AC0001,2756564.38,2647677.45,2026-03-07,Estimated
2026-03-06,AC0001,2355053.14,2110110.74,2026-03-08,Estimated
2026-03-07,AC0001,2269955.84,2112195.51,2026-03-10,Estimated
2026-03-08,AC0001,2704576.91,2494382.97,2026-03-10,Estimated
2026-03-09,AC0001,2918209.11,2823606.53,2026-03-11,Estimated
2026-03-10,AC0001,2741848.28,2707243.35,2026-03-12,Estimated
2026-03-11,AC0001,2600649.07,2474200.57,2026-03-13,Estimated
2026-03-12,AC0001,2400851.68,2354961.28,2026-03-14,Estimated
2026-03-13,AC0001,2353661.06,2232668.71,2026-03-15,Estimated
2026-03-14,AC0001,2068101.94,1914171.72,2026-03-16,Estimated
2026-03-15,AC0001,2713722.26,2441069.28,2026-03-17,Estimated
2026-03-16,AC0001,2719725.06,2640193.37,2026-03-18,Estimated
2026-03-17,AC0001,2760933.6,2595057.28,2026-03-19,Estimated
2026-03-18,AC0001,2703399.81,2437918.52,2026-03-20,Estimated
2026-03-19,AC0001,2493040.8,2299325.57,2026-03-21,Estimated
2026-03-20,AC0001,2486776.54,2377238.18,2026-03-22,Estimated
2026-03-21,AC0001,2194730.38,2063768.39,2026-03-23,Estimated
2026-03-22,AC0001,2612766.93,2514406.69,2026-03-25,Estimated
2026-03-23,AC0001,2572518.43,2311028.38,2026-03-25,Estimated
2026-03-24,AC0001,2653662.19,2603948.17,2026-03-26,Estimated
2026-03-25,AC0001,2652899.78,2417885.06,2026-03-27,Estimated
2026-03-26,AC0001,2603721.66,2361573.31,2026-03-29,Estimated
2026-03-27,AC0001,1992474.63,1862217.31,2026-03-29,Estimated
2026-03-28,AC0001,2536378.86,2505562.13,2026-03-30,Estimated
2026-03-29,AC0001,1729942.43,1676033.19,2026-03-31,Estimated
2026-03-30,AC0001,2360701.03,2184992.58,2026-04-01,Estimated
2026-03-31,AC0001,2762140.06,2521022.69,2026-04-02,Estimated
2026-04-01,AC0001,2575904.71,2395278.05,2026-04-03,Estimated
2026-04-02,AC0001,2508795.2,2382375.57,2026-04-05,Estimated
2026-04-03,AC0001,2544177.3,2382023.1,2026-04-06,Estimated
2026-04-04,AC0001,2611462.3,2436878.83,2026-04-07,Estimated
2026-04-05,AC0001,2677729.34,2475001.4,2026-04-07,Estimated
2026-04-06,AC0001,2631870.14,2541691.48,2026-04-09,Estimated
2026-04-07,AC0001,2666196.11,2356014.07,2026-04-09,Estimated
2026-04-08,AC0001,2245498.7,2195028.29,2026-04-10,Estimated
2026-04-09,AC0001,2548411.91,2346721.2,2026-04-11,Estimated
2026-04-10,AC0001,2542273.53,2310637.1,2026-04-13,Estimated
2026-04-11,AC0001,2234340.43,1984258.35,2026-04-13,Estimated
2026-04-12,AC0001,2756684.18,2609454.72,2026-04-14,Estimated
2026-04-13,AC0001,2589718.4,2528265.12,2026-04-16,Estimated
2026-04-14,AC0001,2624007.53,2346650.74,2026-04-17,Estimated
2026-04-15,AC0001,2468420.71,2435702.82,2026-04-17,Estimated
2026-04-16,AC0001,2438210.48,2184101.31,2026-04-18,Estimated
2026-04-17,AC0001,2358332.86,2158289.36,2026-04-19,Estimated
2026-04-18,AC0001,2018131.73,1980476.06,2026-04-20,Estimated
2026-04-19,AC0001,2408476.71,2355287.73,2026-04-21,Estimated
2026-04-20,AC0001,2396374.09,2250153.83,2026-04-22,Estimated
2026-04-21,AC0001,2579564.24,2374893.19,2026-04-23,Estimated
2026-04-22,AC0001,2624668.64,2495642.05,2026-04-24,Estimated
2026-04-23,AC0001,2522279.53,2443739.84,2026-04-25,Estimated
2026-04-24,AC0001,2469055.3,2340024.82,2026-04-26,Estimated
2026-04-25,AC0001,2435517.01,2312370.63,2026-04-27,Estimated
2026-04-26,AC0001,2352557.9,2193853.66,2026-04-28,Estimated
2026-04-27,AC0001,2649631.81,2473833.67,2026-04-29,Estimated
2026-04-28,AC0001,2810594.66,2772956.37,2026-05-01,Estimated
2026-04-29,AC0001,2481323.66,2404626.86,2026-05-01,Estimated
2026-04-30,AC0001,2509345.63,2470771.68,2026-05-03,Estimated
2026-05-01,AC0001,1962161.5,1831938.3,2026-05-03,Estimated
2026-05-02,AC0001,2099215.38,1959895.97,2026-05-04,Estimated
2026-05-03,AC0001,2408735.51,2184803.43,2026-05-06,Estimated
2026-05-04,AC0001,2493554.33,2408513.9,2026-05-06,Estimated
2026-05-05,AC0001,3052290.34,2694919.97,2026-05-08,Estimated
2026-05-06,AC0001,2753367.54,2666338.77,2026-05-08,Estimated
2026-05-07,AC0001,2444528.23,2417287.46,2026-05-09,Estimated
2026-05-08,AC0001,2228668.49,2054585.63,2026-05-10,Estimated
2026-05-09,AC0001,2384558.64,2099494.41,2026-05-11,Estimated
2026-05-10,AC0001,2578113.38,2399232.93,2026-05-12,Estimated
2026-05-11,AC0001,2693098.19,2539054.76,2026-05-13,Estimated
2026-05-12,AC0001,2784114.97,2649077.1,2026-05-14,Estimated
2026-05-13,AC0001,2445739.17,2378054.15,2026-05-15,Estimated
2026-05-14,AC0001,2946037.49,2678631.48,2026-05-16,Estimated
2026-05-15,AC0001,2233169.67,2101362.94,2026-05-17,Estimated
2026-05-16,AC0001,2302321.49,2057123.01,2026-05-18,Estimated
2026-05-17,AC0001,2113006.41,1924648.74,2026-05-20,Estimated
2026-05-18,AC0001,2808382.88,2727564.59,2026-05-20,Estimated
2026-05-19,AC0001,3116785.68,3044880.12,2026-05-21,Estimated
2026-05-20,AC0001,2753584.74,2621352.39,2026-05-22,Estimated
2026-05-21,AC0001,2805087.24,2519399.05,2026-05-23,Estimated
2026-05-22,AC0001,2587971.11,2519774.18,2026-05-24,Estimated
2026-05-23,AC0001,2061450.53,1859869.23,2026-05-25,Estimated
2026-05-24,AC0001,2544924.47,2365980.67,2026-05-26,Estimated
2026-05-25,AC0001,2616809.07,2345294.73,2026-05-27,Estimated
2026-05-26,AC0001,3062250.57,2987628.98,2026-05-28,Estimated
2026-05-27,AC0001,2903295.1,2592322.31,2026-05-29,Estimated
2026-05-28,AC0001,2235187.28,2093038.44,2026-05-30,Estimated
2026-05-29,AC0001,2473599.78,2426744.66,2026-05-31,Estimated
2026-05-30,AC0001,2536244.74,2290607.39,2026-06-01,Estimated
2026-05-31,AC0001,2410130.29,2160227.66,2026-06-03,Estimated
2026-06-01,AC0001,2550267.03,2441165.62,2026-06-03,Estimated
2026-06-02,AC0001,2976032.27,2904405.26,2026-06-05,Estimated
2026-06-03,AC0001,2950151.0,2730734.66,2026-06-05,Estimated
2026-06-04,AC0001,2632459.81,2573084.03,2026-06-06,Estimated
2026-06-05,AC0001,2428108.17,2290262.33,2026-06-07,Estimated
2026-06-06,AC0001,2096732.77,2051911.62,2026-06-08,Estimated
2026-06-07,AC0001,2820016.87,2583439.24,2026-06-10,Estimated
2026-06-08,AC0001,2598607.87,2420117.23,2026-06-10,Estimated
2026-06-09,AC0001,2411671.2,2224544.93,2026-06-11,Estimated
2026-06-10,AC0001,2653076.73,2443241.77,2026-06-12,Estimated
2026-06-11,AC0001,2523044.87,2367375.77,2026-06-13,Estimated
2026-06-12,AC0001,2760528.79,2577100.43,2026-06-14,Estimated
2026-06-13,AC0001,2084606.48,1975414.93,2026-06-15,Estimated
2026-06-14,AC0001,2305445.02,2147836.96,2026-06-16,Estimated
2026-06-15,AC0001,2433167.06,2375382.27,2026-06-17,Estimated
2026-06-16,AC0001,2483732.92,2394661.64,2026-06-18,Estimated
2026-06-17,AC0001,2769340.24,2440441.78,2026-06-19,Estimated
2026-06-18,AC0001,2509588.97,2431442.45,2026-06-20,Estimated
2026-06-19,AC0001,2521836.6,2494602.49,2026-06-22,Estimated
2026-06-20,AC0001,2064647.69,1855948.07,2026-06-23,Estimated
2026-06-21,AC0001,2472477.96,2382796.79,2026-06-23,Estimated
2026-06-22,AC0001,2440253.08,2287003.0,2026-06-24,Estimated
2026-06-23,AC0001,2953878.12,2771758.81,2026-06-25,Estimated
2026-06-24,AC0001,2781173.79,2464672.46,2026-06-26,Estimated
2026-06-25,AC0001,2461965.1,2266145.6,2026-06-28,Estimated
2026-06-26,AC0001,2435458.1,2321166.48,2026-06-28,Estimated
2026-06-27,AC0001,2332869.45,2228733.81,2026-06-29,Estimated
2026-06-28,AC0001,2326395.43,2085428.63,2026-06-30,Estimated
2026-06-29,AC0001,2992341.0,2748884.89,2026-07-01,Estimated
2026-06-30,AC0001,2655696.63,2578167.03,2026-07-02,Estimated
2026-01-01,AC0002,993956.56,971083.19,2026-01-02,Manually reported
2026-01-02,AC0002,1077784.57,1047402.66,2026-01-03,Manually reported
2026-01-03,AC0002,937826.31,876545.59,2026-01-04,Manually reported
2026-01-04,AC0002,922599.03,851274.49,2026-01-05,Manually reported
2026-01-05,AC0002,924177.42,850064.6,2026-01-06,Manually reported
2026-01-06,AC0002,999501.52,955218.13,2026-01-07,Manually reported
2026-01-07,AC0002,1103547.27,1013207.24,2026-01-08,Manually reported
2026-01-08,AC0002,1072838.79,966956.9,2026-01-09,Manually reported
2026-01-09,AC0002,1009476.92,920364.37,2026-01-10,Manually reported
2026-01-10,AC0002,946186.64,873951.04,2026-01-11,Manually reported
2026-01-11,AC0002,914941.63,887500.13,2026-01-12,Manually reported
2026-01-12,AC0002,777369.51,768593.76,2026-01-13,Manually reported
2026-01-13,AC0002,901489.35,844851.62,2026-01-14,Manually reported
2026-01-14,AC0002,1175506.19,1085303.59,2026-01-15,Manually reported
2026-01-15,AC0002,1025208.91,959963.81,2026-01-16,Manually reported
2026-01-16,AC0002,1079804.24,978286.39,2026-01-17,Manually reported
2026-01-17,AC0002,921855.17,817775.2,2026-01-18,Manually reported
2026-01-18,AC0002,851703.96,759659.42,2026-01-19,Manually reported
2026-01-19,AC0002,909351.12,869474.95,2026-01-20,Manually reported
2026-01-20,AC0002,974477.91,928440.6,2026-01-21,Manually reported
2026-01-21,AC0002,1209822.16,1109925.94,2026-01-22,Manually reported
2026-01-22,AC0002,998459.8,899412.31,2026-01-23,Manually reported
2026-01-23,AC0002,1092554.73,1000528.3,2026-01-24,Manually reported
2026-01-24,AC0002,961950.24,935739.64,2026-01-25,Manually reported
2026-01-25,AC0002,845145.37,785965.23,2026-01-26,Manually reported
2026-01-26,AC0002,759748.35,682774.54,2026-01-27,Manually reported
2026-01-27,AC0002,977498.34,963337.11,2026-01-28,Manually reported
2026-01-28,AC0002,1064593.88,1033525.99,2026-01-29,Manually reported
2026-01-29,AC0002,1042532.12,955227.9,2026-01-30,Manually reported
2026-01-30,AC0002,952880.48,859711.76,2026-01-31,Manually reported
2026-01-31,AC0002,1025716.36,983478.24,2026-02-01,Manually reported
2026-02-01,AC0002,949606.21,901392.5,2026-02-02,Manually reported
2026-02-02,AC0002,891989.57,809531.23,2026-02-03,Manually reported
2026-02-03,AC0002,965024.74,923303.8,2026-02-04,Manually reported
2026-02-04,AC0002,1092622.52,1039824.71,2026-02-05,Manually reported
2026-02-05,AC0002,1011193.27,970975.35,2026-02-06,Manually reported
2026-02-06,AC0002,1006147.13,984670.22,2026-02-07,Manually reported
2026-02-07,AC0002,1012469.89,939686.78,2026-02-08,Manually reported
2026-02-08,AC0002,838345.12,793672.93,2026-02-09,Manually reported
2026-02-09,AC0002,963024.44,866848.15,2026-02-10,Manually reported
2026-02-10,AC0002,819879.93,811520.24,2026-02-11,Manually reported
2026-02-11,AC0002,1065247.64,983439.15,2026-02-12,Manually reported
2026-02-12,AC0002,1065920.26,998374.91,2026-02-13,Manually reported
2026-02-13,AC0002,1066046.37,1029571.06,2026-02-14,Manually reported
2026-02-14,AC0002,903039.83,825405.84,2026-02-15,Manually reported
2026-02-15,AC0002,881164.55,782313.47,2026-02-16,Manually reported
2026-02-16,AC0002,940122.57,875986.26,2026-02-17,Manually reported
2026-02-17,AC0002,1094154.98,1001581.79,2026-02-18,Manually reported
2026-02-18,AC0002,929413.17,864844.29,2026-02-19,Manually reported
2026-02-19,AC0002,1099893.47,1060240.79,2026-02-20,Manually reported
2026-02-20,AC0002,899894.06,889376.01,2026-02-21,Manually reported
2026-02-21,AC0002,915849.28,871496.8,2026-02-22,Manually reported
2026-02-22,AC0002,962447.09,920279.02,2026-02-23,Manually reported
2026-02-23,AC0002,1027402.22,987825.09,2026-02-24,Manually reported
2026-02-24,AC0002,1049666.27,930056.98,2026-02-25,Manually reported
2026-02-25,AC0002,985723.93,915091.38,2026-02-26,Manually reported
2026-02-26,AC0002,1040007.79,937073.01,2026-02-27,Manually reported
2026-02-27,AC0002,983940.92,902483.74,2026-02-28,Manually reported
2026-02-28,AC0002,1064609.44,1010781.65,2026-03-01,Manually reported
2026-03-01,AC0002,860210.27,789296.54,2026-03-02,Manually reported
2026-03-02,AC0002,863478.54,832234.96,2026-03-03,Manually reported
2026-03-03,AC0002,1220231.14,1106532.84,2026-03-04,Manually reported
2026-03-04,AC0002,1073437.87,956209.01,2026-03-05,Manually reported
2026-03-05,AC0002,1021364.23,966904.61,2026-03-06,Manually reported
2026-03-06,AC0002,961059.62,940104.23,2026-03-07,Manually reported
2026-03-07,AC0002,903947.5,806156.37,2026-03-08,Manually reported
2026-03-08,AC0002,923559.03,824348.97,2026-03-09,Manually reported
2026-03-09,AC0002,908682.31,805899.04,2026-03-10,Manually reported
2026-03-10,AC0002,958736.89,899375.74,2026-03-11,Manually reported
2026-03-11,AC0002,1084031.22,958987.41,2026-03-12,Manually reported
2026-03-12,AC0002,1197538.55,1065551.73,2026-03-13,Manually reported
2026-03-13,AC0002,873152.8,815351.72,2026-03-14,Manually reported
2026-03-14,AC0002,1033918.49,955128.0,2026-03-15,Manually reported
2026-03-15,AC0002,984567.44,915223.18,2026-03-16,Manually reported
2026-03-16,AC0002,920127.54,867751.37,2026-03-17,Manually reported
2026-03-17,AC0002,842115.86,802685.98,2026-03-18,Manually reported
2026-03-18,AC0002,1071800.88,950574.1,2026-03-19,Manually reported
2026-03-19,AC0002,970447.89,904765.71,2026-03-20,Manually reported
2026-03-20,AC0002,1127658.5,1074043.29,2026-03-21,Manually reported
2026-03-21,AC0002,1009415.29,891746.09,2026-03-22,Manually reported
2026-03-22,AC0002,880980.23,866504.03,2026-03-23,Manually reported
2026-03-23,AC0002,952600.13,847045.45,2026-03-24,Manually reported
2026-03-24,AC0002,989264.55,954866.65,2026-03-25,Manually reported
2026-03-25,AC0002,1090028.04,1073847.27,2026-03-26,Manually reported
2026-03-26,AC0002,1070810.77,962983.82,2026-03-27,Manually reported
2026-03-27,AC0002,967795.49,925408.58,2026-03-28,Manually reported
2026-03-28,AC0002,899433.15,870739.52,2026-03-29,Manually reported
2026-03-29,AC0002,726341.6,682305.48,2026-03-30,Manually reported
2026-03-30,AC0002,960860.42,883723.84,2026-03-31,Manually reported
2026-03-31,AC0002,864779.75,823961.17,2026-04-01,Manually reported
2026-04-01,AC0002,850284.15,786988.19,2026-04-02,Manually reported
2026-04-02,AC0002,1137846.0,1087645.15,2026-04-03,Manually reported
2026-04-03,AC0002,1022195.31,903400.17,2026-04-04,Manually reported
2026-04-04,AC0002,937147.03,858897.67,2026-04-05,Manually reported
2026-04-05,AC0002,973696.92,904738.53,2026-04-06,Manually reported
2026-04-06,AC0002,897029.58,854857.06,2026-04-07,Manually reported
2026-04-07,AC0002,974772.37,926293.16,2026-04-08,Manually reported
2026-04-08,AC0002,1042280.19,1021732.76,2026-04-09,Manually reported
2026-04-09,AC0002,937704.69,908582.56,2026-04-10,Manually reported
2026-04-10,AC0002,949986.72,939117.75,2026-04-11,Manually reported
2026-04-11,AC0002,1098038.13,972230.07,2026-04-12,Manually reported
2026-04-12,AC0002,920114.83,878556.52,2026-04-13,Manually reported
2026-04-13,AC0002,840177.18,815311.09,2026-04-14,Manually reported
2026-04-14,AC0002,894565.47,821896.0,2026-04-15,Manually reported
2026-04-15,AC0002,922524.94,890046.03,2026-04-16,Manually reported
2026-04-16,AC0002,1148454.53,1058400.28,2026-04-17,Manually reported
2026-04-17,AC0002,948843.42,938849.55,2026-04-18,Manually reported
2026-04-18,AC0002,976571.64,879890.39,2026-04-19,Manually reported
2026-04-19,AC0002,924148.95,875246.49,2026-04-20,Manually reported
2026-04-20,AC0002,868226.97,813169.18,2026-04-21,Manually reported
2026-04-21,AC0002,1019057.0,915324.85,2026-04-22,Manually reported
2026-04-22,AC0002,1012130.77,893327.09,2026-04-23,Manually reported
2026-04-23,AC0002,987691.07,924982.64,2026-04-24,Manually reported
2026-04-24,AC0002,944387.94,912606.04,2026-04-25,Manually reported
2026-04-25,AC0002,1037038.9,988285.22,2026-04-26,Manually reported
2026-04-26,AC0002,888867.68,787960.82,2026-04-27,Manually reported
2026-04-27,AC0002,864045.4,830599.93,2026-04-28,Manually reported
2026-04-28,AC0002,868948.8,780463.89,2026-04-29,Manually reported
2026-04-29,AC0002,1049615.35,994758.71,2026-04-30,Manually reported
2026-04-30,AC0002,1145645.38,1010755.89,2026-05-01,Manually reported
2026-05-01,AC0002,1032459.99,935607.63,2026-05-02,Manually reported
2026-05-02,AC0002,914555.4,845577.25,2026-05-03,Manually reported
2026-05-03,AC0002,883822.59,782002.93,2026-05-04,Manually reported
2026-05-04,AC0002,898664.32,850337.74,2026-05-05,Manually reported
2026-05-05,AC0002,1038001.73,982118.85,2026-05-06,Manually reported
2026-05-06,AC0002,960505.83,933423.68,2026-05-07,Manually reported
2026-05-07,AC0002,1151238.64,1136870.33,2026-05-08,Manually reported
2026-05-08,AC0002,1066132.56,1043989.22,2026-05-09,Manually reported
2026-05-09,AC0002,965824.34,955703.95,2026-05-10,Manually reported
2026-05-10,AC0002,740519.73,722003.59,2026-05-11,Manually reported
2026-05-11,AC0002,891956.63,801961.14,2026-05-12,Manually reported
2026-05-12,AC0002,939419.41,892081.99,2026-05-13,Manually reported
2026-05-13,AC0002,1005011.97,989433.37,2026-05-14,Manually reported
2026-05-14,AC0002,1147697.97,1129687.15,2026-05-15,Manually reported
2026-05-15,AC0002,937391.17,889840.49,2026-05-16,Manually reported
2026-05-16,AC0002,1060099.38,1026643.7,2026-05-17,Manually reported
2026-05-17,AC0002,756606.2,717733.34,2026-05-18,Manually reported
2026-05-18,AC0002,965777.04,931619.89,2026-05-19,Manually reported
2026-05-19,AC0002,1068353.35,1025026.36,2026-05-20,Manually reported
2026-05-20,AC0002,1170312.47,1070663.15,2026-05-21,Manually reported
2026-05-21,AC0002,933709.92,864908.18,2026-05-22,Manually reported
2026-05-22,AC0002,1053231.63,1012838.57,2026-05-23,Manually reported
2026-05-23,AC0002,818827.84,780995.38,2026-05-24,Manually reported
2026-05-24,AC0002,891949.08,829091.77,2026-05-25,Manually reported
2026-05-25,AC0002,877854.58,856522.63,2026-05-26,Manually reported
2026-05-26,AC0002,1222778.91,1087020.65,2026-05-27,Manually reported
2026-05-27,AC0002,1090391.87,984118.61,2026-05-28,Manually reported
2026-05-28,AC0002,998376.49,910694.96,2026-05-29,Manually reported
2026-05-29,AC0002,1111991.26,1085450.17,2026-05-30,Manually reported
2026-05-30,AC0002,985806.24,956424.76,2026-05-31,Manually reported
2026-05-31,AC0002,1006411.29,886184.97,2026-06-01,Manually reported
2026-06-01,AC0002,902309.15,816976.11,2026-06-02,Manually reported
2026-06-02,AC0002,1022165.59,975084.32,2026-06-03,Manually reported
2026-06-03,AC0002,1187499.17,1064426.42,2026-06-04,Manually reported
2026-06-04,AC0002,924676.12,878689.44,2026-06-05,Manually reported
2026-06-05,AC0002,1064819.9,966493.73,2026-06-06,Manually reported
2026-06-06,AC0002,970660.56,921777.62,2026-06-07,Manually reported
2026-06-07,AC0002,935309.16,893011.88,2026-06-08,Manually reported
2026-06-08,AC0002,967288.94,922871.62,2026-06-09,Manually reported
2026-06-09,AC0002,1049658.92,939085.45,2026-06-10,Manually reported
2026-06-10,AC0002,1182941.72,1061172.79,2026-06-11,Manually reported
2026-06-11,AC0002,1080337.75,1034101.8,2026-06-12,Manually reported
2026-06-12,AC0002,1071827.26,1034710.96,2026-06-13,Manually reported
2026-06-13,AC0002,857818.21,824865.0,2026-06-14,Manually reported
2026-06-14,AC0002,844676.93,788661.97,2026-06-15,Manually reported
2026-06-15,AC0002,942728.31,931337.27,2026-06-16,Manually reported
2026-06-16,AC0002,1110800.79,1057491.61,2026-06-17,Manually reported
2026-06-17,AC0002,1097496.13,1014568.15,2026-06-18,Manually reported
2026-06-18,AC0002,940298.05,930880.5,2026-06-19,Manually reported
2026-06-19,AC0002,975941.76,932259.89,2026-06-20,Manually reported
2026-06-20,AC0002,909442.01,842060.71,2026-06-21,Manually reported
2026-06-21,AC0002,918552.01,857420.03,2026-06-22,Manually reported
2026-06-22,AC0002,904535.6,840588.65,2026-06-23,Manually reported
2026-06-23,AC0002,1103100.57,982069.56,2026-06-24,Manually reported
2026-06-24,AC0002,982622.41,963296.91,2026-06-25,Manually reported
2026-06-25,AC0002,1095461.69,1074205.07,2026-06-26,Manually reported
2026-06-26,AC0002,1026054.03,1015382.45,2026-06-27,Manually reported
2026-06-27,AC0002,966795.83,906589.47,2026-06-28,Manually reported
2026-06-28,AC0002,913026.55,895863.95,2026-06-29,Manually reported
2026-06-29,AC0002,968957.58,938401.5,2026-06-30,Manually reported
2026-06-30,AC0002,972230.11,897197.24,2026-07-01,Manually reported
2026-01-01,AC0003,411262.49,374742.36,2026-01-01,Automated
2026-01-02,AC0003,375882.44,362730.58,2026-01-02,Automated
2026-01-03,AC0003,300088.59,274124.22,2026-01-03,Automated
2026-01-04,AC0003,387119.76,344378.14,2026-01-04,Automated
2026-01-05,AC0003,314726.6,300427.18,2026-01-05,Automated
2026-01-06,AC0003,339494.59,322643.73,2026-01-06,Automated
2026-01-07,AC0003,427588.5,421728.65,2026-01-07,Automated
2026-01-08,AC0003,391956.82,353910.04,2026-01-08,Automated
2026-01-09,AC0003,378899.32,356718.49,2026-01-09,Automated
2026-01-10,AC0003,334464.29,326939.17,2026-01-10,Automated
2026-01-11,AC0003,309498.73,296249.73,2026-01-11,Automated
2026-01-12,AC0003,304349.04,278756.24,2026-01-12,Automated
2026-01-13,AC0003,357725.8,332722.1,2026-01-13,Automated
2026-01-14,AC0003,363689.98,359170.42,2026-01-14,Automated
2026-01-15,AC0003,427187.48,389321.91,2026-01-15,Automated
2026-01-16,AC0003,368134.87,364078.72,2026-01-16,Automated
2026-01-17,AC0003,375574.07,332519.62,2026-01-17,Automated
2026-01-18,AC0003,284968.38,272765.19,2026-01-18,Automated
2026-01-19,AC0003,328153.41,315967.54,2026-01-19,Automated
2026-01-20,AC0003,370391.79,358437.34,2026-01-20,Automated
2026-01-21,AC0003,366357.3,325147.77,2026-01-21,Automated
2026-01-22,AC0003,451406.53,444419.55,2026-01-22,Automated
2026-01-23,AC0003,394687.92,384637.33,2026-01-23,Automated
2026-01-24,AC0003,299223.58,284151.44,2026-01-24,Automated
2026-01-25,AC0003,308643.48,287319.33,2026-01-25,Automated
2026-01-26,AC0003,332055.92,324407.25,2026-01-26,Automated
2026-01-27,AC0003,355577.46,325576.7,2026-01-27,Automated
2026-01-28,AC0003,412496.06,366289.59,2026-01-28,Automated
2026-01-29,AC0003,454949.59,410000.2,2026-01-29,Automated
2026-01-30,AC0003,344955.96,328912.6,2026-01-30,Automated
2026-01-31,AC0003,350486.37,338348.26,2026-01-31,Automated
2026-02-01,AC0003,391464.12,386184.56,2026-02-01,Automated
2026-02-02,AC0003,372571.35,331884.95,2026-02-02,Automated
2026-02-03,AC0003,357311.36,334104.07,2026-02-03,Automated
2026-02-04,AC0003,350050.67,337435.45,2026-02-04,Automated
2026-02-05,AC0003,408488.34,365673.55,2026-02-05,Automated
2026-02-06,AC0003,418389.4,411541.86,2026-02-06,Automated
2026-02-07,AC0003,347960.66,331069.08,2026-02-07,Automated
2026-02-08,AC0003,326615.25,290138.24,2026-02-08,Automated
2026-02-09,AC0003,271081.75,239052.72,2026-02-09,Automated
2026-02-10,AC0003,361904.26,348148.61,2026-02-10,Automated
2026-02-11,AC0003,390846.0,348437.27,2026-02-11,Automated
2026-02-12,AC0003,312422.59,287273.81,2026-02-12,Automated
2026-02-13,AC0003,350796.3,340334.95,2026-02-13,Automated
2026-02-14,AC0003,402314.43,358999.91,2026-02-14,Automated
2026-02-15,AC0003,323776.06,291511.55,2026-02-15,Automated
2026-02-16,AC0003,320504.69,300915.21,2026-02-16,Automated
2026-02-17,AC0003,321602.78,284155.79,2026-02-17,Automated
2026-02-18,AC0003,389330.83,343969.44,2026-02-18,Automated
2026-02-19,AC0003,428844.88,411627.75,2026-02-19,Automated
2026-02-20,AC0003,381129.97,349313.94,2026-02-20,Automated
2026-02-21,AC0003,274799.25,248826.17,2026-02-21,Automated
2026-02-22,AC0003,323368.92,305687.93,2026-02-22,Automated
2026-02-23,AC0003,355700.84,331682.05,2026-02-23,Automated
2026-02-24,AC0003,347151.38,321501.97,2026-02-24,Automated
2026-02-25,AC0003,396768.25,388669.14,2026-02-25,Automated
2026-02-26,AC0003,316215.11,294698.9,2026-02-26,Automated
2026-02-27,AC0003,388995.58,343542.84,2026-02-27,Automated
2026-02-28,AC0003,328409.46,309981.74,2026-02-28,Automated
2026-03-01,AC0003,299462.57,273041.64,2026-03-01,Automated
2026-03-02,AC0003,353393.61,344631.39,2026-03-02,Automated
2026-03-03,AC0003,373129.2,341711.46,2026-03-03,Automated
2026-03-04,AC0003,359074.32,323024.64,2026-03-04,Automated
2026-03-05,AC0003,376431.77,370476.04,2026-03-05,Automated
2026-03-06,AC0003,395976.41,350958.22,2026-03-06,Automated
2026-03-07,AC0003,348203.22,309979.63,2026-03-07,Automated
2026-03-08,AC0003,295408.01,274867.06,2026-03-08,Automated
2026-03-09,AC0003,401813.43,380941.09,2026-03-09,Automated
2026-03-10,AC0003,386147.43,341084.0,2026-03-10,Automated
2026-03-11,AC0003,420378.59,377303.54,2026-03-11,Automated
2026-03-12,AC0003,409227.39,372399.26,2026-03-12,Automated
2026-03-13,AC0003,357089.57,331057.54,2026-03-13,Automated
2026-03-14,AC0003,326923.39,299479.7,2026-03-14,Automated
2026-03-15,AC0003,324651.18,294516.32,2026-03-15,Automated
2026-03-16,AC0003,344406.75,333950.52,2026-03-16,Automated
2026-03-17,AC0003,358998.43,355152.26,2026-03-17,Automated
2026-03-18,AC0003,382568.2,336749.86,2026-03-18,Automated
2026-03-19,AC0003,367086.38,325585.85,2026-03-19,Automated
2026-03-20,AC0003,401186.88,374203.32,2026-03-20,Automated
2026-03-21,AC0003,367724.99,355726.21,2026-03-21,Automated
2026-03-22,AC0003,343742.04,327099.93,2026-03-22,Automated
2026-03-23,AC0003,335684.07,302695.7,2026-03-23,Automated
2026-03-24,AC0003,341335.11,314081.27,2026-03-24,Automated
2026-03-25,AC0003,368510.24,362796.72,2026-03-25,Automated
2026-03-26,AC0003,392941.73,365368.46,2026-03-26,Automated
2026-03-27,AC0003,385237.7,347976.97,2026-03-27,Automated
2026-03-28,AC0003,319390.82,291826.84,2026-03-28,Automated
2026-03-29,AC0003,302707.93,286310.41,2026-03-29,Automated
2026-03-30,AC0003,336721.99,322116.56,2026-03-30,Automated
2026-03-31,AC0003,437977.25,416796.45,2026-03-31,Automated
2026-04-01,AC0003,409455.52,404266.78,2026-04-01,Automated
2026-04-02,AC0003,376163.33,364901.56,2026-04-02,Automated
2026-04-03,AC0003,424109.13,386913.71,2026-04-03,Automated
2026-04-04,AC0003,360125.08,343208.63,2026-04-04,Automated
2026-04-05,AC0003,358957.76,345027.64,2026-04-05,Automated
2026-04-06,AC0003,333424.18,297546.64,2026-04-06,Automated
2026-04-07,AC0003,372726.59,353966.85,2026-04-07,Automated
2026-04-08,AC0003,359478.56,349408.82,2026-04-08,Automated
2026-04-09,AC0003,373396.64,334336.44,2026-04-09,Automated
2026-04-10,AC0003,330034.9,295887.22,2026-04-10,Automated
2026-04-11,AC0003,336965.1,311490.88,2026-04-11,Automated
2026-04-12,AC0003,359351.04,345989.36,2026-04-12,Automated
2026-04-13,AC0003,344787.04,311928.72,2026-04-13,Automated
2026-04-14,AC0003,325000.24,304588.54,2026-04-14,Automated
2026-04-15,AC0003,393193.73,379753.21,2026-04-15,Automated
2026-04-16,AC0003,427522.1,381554.45,2026-04-16,Automated
2026-04-17,AC0003,358398.22,316807.09,2026-04-17,Automated
2026-04-18,AC0003,339219.34,315708.7,2026-04-18,Automated
2026-04-19,AC0003,292558.85,274011.8,2026-04-19,Automated
2026-04-20,AC0003,389424.76,353829.6,2026-04-20,Automated
2026-04-21,AC0003,409490.99,402009.07,2026-04-21,Automated
2026-04-22,AC0003,343118.59,326011.82,2026-04-22,Automated
2026-04-23,AC0003,378112.3,366706.72,2026-04-23,Automated
2026-04-24,AC0003,349429.53,314918.56,2026-04-24,Automated
2026-04-25,AC0003,358802.75,334138.95,2026-04-25,Automated
2026-04-26,AC0003,340342.61,321160.33,2026-04-26,Automated
2026-04-27,AC0003,357299.43,322801.86,2026-04-27,Automated
2026-04-28,AC0003,350445.11,319753.33,2026-04-28,Automated
2026-04-29,AC0003,400302.25,354106.98,2026-04-29,Automated
2026-04-30,AC0003,435638.0,412064.73,2026-04-30,Automated
2026-05-01,AC0003,393859.1,382100.56,2026-05-01,Automated
2026-05-02,AC0003,346913.44,328508.07,2026-05-02,Automated
2026-05-03,AC0003,331945.56,326518.22,2026-05-03,Automated
2026-05-04,AC0003,362786.61,348888.44,2026-05-04,Automated
2026-05-05,AC0003,359689.3,337571.22,2026-05-05,Automated
2026-05-06,AC0003,386826.16,356191.58,2026-05-06,Automated
2026-05-07,AC0003,398396.31,355056.62,2026-05-07,Automated
2026-05-08,AC0003,364380.08,359715.54,2026-05-08,Automated
2026-05-09,AC0003,348088.49,337129.81,2026-05-09,Automated
2026-05-10,AC0003,332643.43,298931.15,2026-05-10,Automated
2026-05-11,AC0003,340554.22,318977.9,2026-05-11,Automated
2026-05-12,AC0003,317777.57,307396.45,2026-05-12,Automated
2026-05-13,AC0003,404698.19,392820.9,2026-05-13,Automated
2026-05-14,AC0003,404017.97,381679.92,2026-05-14,Automated
2026-05-15,AC0003,391853.63,374347.47,2026-05-15,Automated
2026-05-16,AC0003,367895.47,362005.02,2026-05-16,Automated
2026-05-17,AC0003,375781.77,350227.59,2026-05-17,Automated
2026-05-18,AC0003,385931.54,359471.53,2026-05-18,Automated
2026-05-19,AC0003,378183.72,349808.21,2026-05-19,Automated
2026-05-20,AC0003,402897.74,361927.96,2026-05-20,Automated
2026-05-21,AC0003,382043.11,365514.06,2026-05-21,Automated
2026-05-22,AC0003,434869.5,401651.92,2026-05-22,Automated
2026-05-23,AC0003,332501.35,317917.05,2026-05-23,Automated
2026-05-24,AC0003,368869.36,332571.45,2026-05-24,Automated
2026-05-25,AC0003,377371.91,342740.62,2026-05-25,Automated
2026-05-26,AC0003,399419.77,366149.42,2026-05-26,Automated
2026-05-27,AC0003,422846.74,410042.27,2026-05-27,Automated
2026-05-28,AC0003,446156.44,421745.6,2026-05-28,Automated
2026-05-29,AC0003,411248.57,390953.39,2026-05-29,Automated
2026-05-30,AC0003,352719.64,341129.47,2026-05-30,Automated
2026-05-31,AC0003,296924.9,283445.94,2026-05-31,Automated
2026-06-01,AC0003,341986.83,316078.82,2026-06-01,Automated
2026-06-02,AC0003,377905.37,356965.9,2026-06-02,Automated
2026-06-03,AC0003,317145.44,291275.79,2026-06-03,Automated
2026-06-04,AC0003,421570.39,372735.38,2026-06-04,Automated
2026-06-05,AC0003,387345.43,342657.82,2026-06-05,Automated
2026-06-06,AC0003,370734.06,333781.76,2026-06-06,Automated
2026-06-07,AC0003,304728.92,273875.47,2026-06-07,Automated
2026-06-08,AC0003,343407.07,338474.14,2026-06-08,Automated
2026-06-09,AC0003,336505.09,321364.19,2026-06-09,Automated
2026-06-10,AC0003,389343.55,354064.68,2026-06-10,Automated
2026-06-11,AC0003,366904.85,327325.33,2026-06-11,Automated
2026-06-12,AC0003,420897.05,378481.05,2026-06-12,Automated
2026-06-13,AC0003,414490.87,389628.86,2026-06-13,Automated
2026-06-14,AC0003,346132.02,313945.15,2026-06-14,Automated
2026-06-15,AC0003,356875.19,331352.74,2026-06-15,Automated
2026-06-16,AC0003,400497.08,358291.55,2026-06-16,Automated
2026-06-17,AC0003,358257.26,326265.09,2026-06-17,Automated
2026-06-18,AC0003,418209.25,375255.94,2026-06-18,Automated
2026-06-19,AC0003,356805.06,329149.3,2026-06-19,Automated
2026-06-20,AC0003,291816.43,267720.02,2026-06-20,Automated
2026-06-21,AC0003,316325.61,311615.04,2026-06-21,Automated
2026-06-22,AC0003,345453.1,327208.61,2026-06-22,Automated
2026-06-23,AC0003,342324.71,309762.58,2026-06-23,Automated
2026-06-24,AC0003,310631.03,283929.9,2026-06-24,Automated
2026-06-25,AC0003,372548.39,357121.28,2026-06-25,Automated
2026-06-26,AC0003,351077.64,323946.44,2026-06-26,Automated
2026-06-27,AC0003,350871.29,321209.19,2026-06-27,Automated
2026-06-28,AC0003,298380.33,285585.04,2026-06-28,Automated
2026-06-29,AC0003,330945.75,300937.84,2026-06-29,Automated
2026-06-30,AC0003,360977.09,338342.91,2026-06-30,Automated
2026-01-01,AC0004,1226.07,1120.59,2026-01-01,Automated
2026-01-02,AC0004,2321.59,2065.97,2026-01-02,Automated
2026-01-03,AC0004,2308.08,2089.86,2026-01-03,Automated
2026-01-04,AC0004,1101.13,1006.99,2026-01-04,Automated
2026-01-05,AC0004,1047.85,979.66,2026-01-05,Automated
2026-01-06,AC0004,1379.52,1295.18,2026-01-06,Automated
2026-01-07,AC0004,798.58,707.98,2026-01-07,Automated
2026-01-08,AC0004,1868.34,1743.99,2026-01-08,Automated
2026-01-09,AC0004,1230.16,1104.47,2026-01-09,Automated
2026-01-10,AC0004,2156.69,1965.12,2026-01-10,Automated
2026-01-11,AC0004,1241.02,1135.58,2026-01-11,Automated
2026-01-12,AC0004,1789.22,1685.71,2026-01-12,Automated
2026-01-13,AC0004,1182.98,1133.63,2026-01-13,Automated
2026-01-14,AC0004,1396.82,1277.7,2026-01-14,Automated
2026-01-15,AC0004,975.32,883.05,2026-01-15,Automated
2026-01-16,AC0004,1072.56,1027.22,2026-01-16,Automated
2026-01-17,AC0004,1411.04,1350.78,2026-01-17,Automated
2026-01-18,AC0004,1120.17,1103.42,2026-01-18,Automated
2026-01-19,AC0004,2864.5,2552.43,2026-01-19,Automated
2026-01-20,AC0004,760.18,672.45,2026-01-20,Automated
2026-01-21,AC0004,2564.03,2393.97,2026-01-21,Automated
2026-01-22,AC0004,1201.03,1088.45,2026-01-22,Automated
2026-01-23,AC0004,1011.3,985.97,2026-01-23,Automated
2026-01-24,AC0004,397.57,366.78,2026-01-24,Automated
2026-01-25,AC0004,1079.64,1041.33,2026-01-25,Automated
2026-01-26,AC0004,2238.83,2154.01,2026-01-26,Automated
2026-01-27,AC0004,2229.55,2127.41,2026-01-27,Automated
2026-01-28,AC0004,908.46,833.76,2026-01-28,Automated
2026-01-29,AC0004,1936.63,1821.24,2026-01-29,Automated
2026-01-30,AC0004,1361.11,1261.38,2026-01-30,Automated
2026-01-31,AC0004,1820.56,1694.99,2026-01-31,Automated
2026-02-01,AC0004,2113.93,1987.44,2026-02-01,Automated
2026-02-02,AC0004,1678.84,1616.0,2026-02-02,Automated
2026-02-03,AC0004,2458.24,2345.43,2026-02-03,Automated
2026-02-04,AC0004,1710.55,1660.06,2026-02-04,Automated
2026-02-05,AC0004,796.27,757.56,2026-02-05,Automated
2026-02-06,AC0004,2539.27,2424.62,2026-02-06,Automated
2026-02-07,AC0004,1496.08,1464.1,2026-02-07,Automated
2026-02-08,AC0004,2212.6,2134.07,2026-02-08,Automated
2026-02-09,AC0004,2006.23,1975.26,2026-02-09,Automated
2026-02-10,AC0004,1861.28,1771.28,2026-02-10,Automated
2026-02-11,AC0004,678.84,623.52,2026-02-11,Automated
2026-02-12,AC0004,1939.77,1906.82,2026-02-12,Automated
2026-02-13,AC0004,1589.37,1447.46,2026-02-13,Automated
2026-02-14,AC0004,634.18,560.79,2026-02-14,Automated
2026-02-15,AC0004,1555.99,1502.06,2026-02-15,Automated
2026-02-16,AC0004,822.37,727.99,2026-02-16,Automated
2026-02-17,AC0004,2092.84,2024.65,2026-02-17,Automated
2026-02-18,AC0004,1152.66,1061.38,2026-02-18,Automated
2026-02-19,AC0004,876.24,788.88,2026-02-19,Automated
2026-02-20,AC0004,1858.1,1701.9,2026-02-20,Automated
2026-02-21,AC0004,2253.82,2168.77,2026-02-21,Automated
2026-02-22,AC0004,1348.47,1306.35,2026-02-22,Automated
2026-02-23,AC0004,2164.73,2058.81,2026-02-23,Automated
2026-02-24,AC0004,1619.31,1595.78,2026-02-24,Automated
2026-02-25,AC0004,1070.98,956.16,2026-02-25,Automated
2026-02-26,AC0004,856.49,817.61,2026-02-26,Automated
2026-02-27,AC0004,1645.82,1607.18,2026-02-27,Automated
2026-02-28,AC0004,2881.33,2587.48,2026-02-28,Automated
2026-03-01,AC0004,592.73,546.19,2026-03-01,Automated
2026-03-02,AC0004,1319.36,1226.0,2026-03-02,Automated
2026-03-03,AC0004,1688.62,1607.26,2026-03-03,Automated
2026-03-04,AC0004,1078.86,1012.02,2026-03-04,Automated
2026-03-05,AC0004,1686.08,1621.6,2026-03-05,Automated
2026-03-06,AC0004,1196.79,1167.62,2026-03-06,Automated
2026-03-07,AC0004,1099.39,985.07,2026-03-07,Automated
2026-03-08,AC0004,2091.48,1998.47,2026-03-08,Automated
2026-03-09,AC0004,1061.06,1006.73,2026-03-09,Automated
2026-03-10,AC0004,3051.98,2841.25,2026-03-10,Automated
2026-03-11,AC0004,2305.56,2150.28,2026-03-11,Automated
2026-03-12,AC0004,1334.25,1276.66,2026-03-12,Automated
2026-03-13,AC0004,2183.55,2097.12,2026-03-13,Automated
2026-03-14,AC0004,1199.53,1127.95,2026-03-14,Automated
2026-03-15,AC0004,744.23,718.29,2026-03-15,Automated
2026-03-16,AC0004,1459.64,1322.92,2026-03-16,Automated
2026-03-17,AC0004,2300.66,2040.63,2026-03-17,Automated
2026-03-18,AC0004,1025.59,955.62,2026-03-18,Automated
2026-03-19,AC0004,1224.05,1129.87,2026-03-19,Automated
2026-03-20,AC0004,1670.22,1545.28,2026-03-20,Automated
2026-03-21,AC0004,1039.67,948.91,2026-03-21,Automated
2026-03-22,AC0004,805.38,784.52,2026-03-22,Automated
2026-03-23,AC0004,1508.86,1462.31,2026-03-23,Automated
2026-03-24,AC0004,1275.49,1241.76,2026-03-24,Automated
2026-03-25,AC0004,771.26,709.53,2026-03-25,Automated
2026-03-26,AC0004,1902.25,1750.06,2026-03-26,Automated
2026-03-27,AC0004,1137.26,1094.29,2026-03-27,Automated
2026-03-28,AC0004,1982.04,1947.97,2026-03-28,Automated
2026-03-29,AC0004,2037.28,1835.7,2026-03-29,Automated
2026-03-30,AC0004,2038.92,1861.87,2026-03-30,Automated
2026-03-31,AC0004,1993.04,1760.1,2026-03-31,Automated
2026-04-01,AC0004,1552.79,1508.55,2026-04-01,Automated
2026-04-02,AC0004,1181.44,1155.86,2026-04-02,Automated
2026-04-03,AC0004,1603.89,1428.24,2026-04-03,Automated
2026-04-04,AC0004,549.66,520.67,2026-04-04,Automated
2026-04-05,AC0004,1544.26,1364.04,2026-04-05,Automated
2026-04-06,AC0004,437.57,405.32,2026-04-06,Automated
2026-04-07,AC0004,1996.14,1894.03,2026-04-07,Automated
2026-04-08,AC0004,1641.48,1586.83,2026-04-08,Automated
2026-04-09,AC0004,1360.85,1222.39,2026-04-09,Automated
2026-04-10,AC0004,1149.77,1127.59,2026-04-10,Automated
2026-04-11,AC0004,1071.65,961.46,2026-04-11,Automated
2026-04-12,AC0004,396.13,363.75,2026-04-12,Automated
2026-04-13,AC0004,1910.61,1758.57,2026-04-13,Automated
2026-04-14,AC0004,301.46,295.05,2026-04-14,Automated
2026-04-15,AC0004,1743.22,1611.88,2026-04-15,Automated
2026-04-16,AC0004,2361.66,2171.4,2026-04-16,Automated
2026-04-17,AC0004,1436.4,1394.43,2026-04-17,Automated
2026-04-18,AC0004,2443.32,2225.14,2026-04-18,Automated
2026-04-19,AC0004,1328.58,1238.07,2026-04-19,Automated
2026-04-20,AC0004,0.0,0.0,2026-04-20,Automated
2026-04-21,AC0004,764.06,679.5,2026-04-21,Automated
2026-04-22,AC0004,1996.3,1770.15,2026-04-22,Automated
2026-04-23,AC0004,1295.44,1207.22,2026-04-23,Automated
2026-04-24,AC0004,1638.85,1500.48,2026-04-24,Automated
2026-04-25,AC0004,1777.79,1681.01,2026-04-25,Automated
2026-04-26,AC0004,1518.75,1337.83,2026-04-26,Automated
2026-04-27,AC0004,246.34,234.89,2026-04-27,Automated
2026-04-28,AC0004,883.51,836.97,2026-04-28,Automated
2026-04-29,AC0004,985.16,954.58,2026-04-29,Automated
2026-04-30,AC0004,2234.63,2070.25,2026-04-30,Automated
2026-05-01,AC0004,1083.32,973.94,2026-05-01,Automated
2026-05-02,AC0004,2419.18,2287.16,2026-05-02,Automated
2026-05-03,AC0004,1166.03,1146.98,2026-05-03,Automated
2026-05-04,AC0004,2333.19,2105.82,2026-05-04,Automated
2026-05-05,AC0004,2391.45,2242.91,2026-05-05,Automated
2026-05-06,AC0004,1232.22,1090.78,2026-05-06,Automated
2026-05-07,AC0004,1154.24,1056.54,2026-05-07,Automated
2026-05-08,AC0004,1493.83,1383.4,2026-05-08,Automated
2026-05-09,AC0004,1463.34,1305.95,2026-05-09,Automated
2026-05-10,AC0004,946.73,935.21,2026-05-10,Automated
2026-05-11,AC0004,1445.36,1372.0,2026-05-11,Automated
2026-05-12,AC0004,872.22,784.12,2026-05-12,Automated
2026-05-13,AC0004,2115.6,1889.16,2026-05-13,Automated
2026-05-14,AC0004,1469.65,1311.72,2026-05-14,Automated
2026-05-15,AC0004,2228.23,2066.84,2026-05-15,Automated
2026-05-16,AC0004,2530.31,2357.26,2026-05-16,Automated
2026-05-17,AC0004,810.19,793.99,2026-05-17,Automated
2026-05-18,AC0004,626.29,591.62,2026-05-18,Automated
2026-05-19,AC0004,2080.48,1959.88,2026-05-19,Automated
2026-05-20,AC0004,1580.83,1507.74,2026-05-20,Automated
2026-05-21,AC0004,1675.74,1525.83,2026-05-21,Automated
2026-05-22,AC0004,2119.09,2072.56,2026-05-22,Automated
2026-05-23,AC0004,806.18,746.37,2026-05-23,Automated
2026-05-24,AC0004,2063.92,1887.07,2026-05-24,Automated
2026-05-25,AC0004,1575.86,1486.37,2026-05-25,Automated
2026-05-26,AC0004,2700.21,2501.8,2026-05-26,Automated
2026-05-27,AC0004,1639.1,1455.58,2026-05-27,Automated
2026-05-28,AC0004,2479.48,2352.17,2026-05-28,Automated
2026-05-29,AC0004,1369.62,1241.79,2026-05-29,Automated
2026-05-30,AC0004,0.0,0.0,2026-05-30,Automated
2026-05-31,AC0004,1847.61,1693.05,2026-05-31,Automated
2026-06-01,AC0004,1672.79,1524.88,2026-06-01,Automated
2026-06-02,AC0004,2076.56,1913.5,2026-06-02,Automated
2026-06-03,AC0004,1010.47,958.59,2026-06-03,Automated
2026-06-04,AC0004,285.94,270.64,2026-06-04,Automated
2026-06-05,AC0004,1708.01,1515.06,2026-06-05,Automated
2026-06-06,AC0004,3091.55,3044.6,2026-06-06,Automated
2026-06-07,AC0004,1338.55,1256.92,2026-06-07,Automated
2026-06-08,AC0004,1423.69,1357.66,2026-06-08,Automated
2026-06-09,AC0004,1421.67,1255.58,2026-06-09,Automated
2026-06-10,AC0004,1591.56,1543.09,2026-06-10,Automated
2026-06-11,AC0004,1631.82,1480.13,2026-06-11,Automated
2026-06-12,AC0004,822.63,738.53,2026-06-12,Automated
2026-06-13,AC0004,1142.29,1049.86,2026-06-13,Automated
2026-06-14,AC0004,1248.2,1227.92,2026-06-14,Automated
2026-06-15,AC0004,1331.72,1190.28,2026-06-15,Automated
2026-06-16,AC0004,1768.71,1617.99,2026-06-16,Automated
2026-06-17,AC0004,520.29,487.24,2026-06-17,Automated
2026-06-18,AC0004,1879.87,1752.29,2026-06-18,Automated
2026-06-19,AC0004,2314.78,2264.75,2026-06-19,Automated
2026-06-20,AC0004,1479.55,1434.49,2026-06-20,Automated
2026-06-21,AC0004,2191.29,2163.46,2026-06-21,Automated
2026-06-22,AC0004,2086.31,1913.46,2026-06-22,Automated
2026-06-23,AC0004,2314.89,2226.34,2026-06-23,Automated
2026-06-24,AC0004,2199.95,1985.49,2026-06-24,Automated
2026-06-25,AC0004,2013.46,1873.06,2026-06-25,Automated
2026-06-26,AC0004,988.16,902.92,2026-06-26,Automated
2026-06-27,AC0004,883.96,857.76,2026-06-27,Automated
2026-06-28,AC0004,1114.36,1083.13,2026-06-28,Automated
2026-06-29,AC0004,1971.29,1846.69,2026-06-29,Automated
2026-06-30,AC0004,1770.61,1568.19,2026-06-30,Automated
2026-01-01,AC0005,2696761.64,2587857.59,2026-01-01,Automated
2026-01-02,AC0005,3239402.26,2930208.58,2026-01-02,Automated
2026-01-03,AC0005,2704221.22,2559500.42,2026-01-03,Automated
2026-01-04,AC0005,2793551.16,2584571.45,2026-01-04,Automated
2026-01-05,AC0005,2444487.28,2226094.14,2026-01-05,Automated
2026-01-06,AC0005,2919642.85,2753267.21,2026-01-06,Automated
2026-01-07,AC0005,2598430.76,2422356.7,2026-01-07,Automated
2026-01-08,AC0005,2650483.12,2385540.66,2026-01-08,Automated
2026-01-09,AC0005,2653629.66,2459392.76,2026-01-09,Automated
2026-01-10,AC0005,3212009.75,3007044.92,2026-01-10,Automated
2026-01-11,AC0005,3049201.84,2762599.4,2026-01-11,Automated
2026-01-12,AC0005,3201979.04,3101647.9,2026-01-12,Automated
2026-01-13,AC0005,2375798.62,2216682.52,2026-01-13,Automated
2026-01-14,AC0005,2772309.68,2596579.64,2026-01-14,Automated
2026-01-15,AC0005,2896081.65,2596264.75,2026-01-15,Automated
2026-01-16,AC0005,2841519.94,2605353.64,2026-01-16,Automated
2026-01-17,AC0005,3178844.76,3113733.05,2026-01-17,Automated
2026-01-18,AC0005,3302876.76,3123309.16,2026-01-18,Automated
2026-01-19,AC0005,3324775.65,3124211.62,2026-01-19,Automated
2026-01-20,AC0005,2632933.8,2348241.49,2026-01-20,Automated
2026-01-21,AC0005,2812466.94,2706129.76,2026-01-21,Automated
2026-01-22,AC0005,2491581.48,2317521.35,2026-01-22,Automated
2026-01-23,AC0005,3232296.38,2892059.57,2026-01-23,Automated
2026-01-24,AC0005,2763417.67,2683914.18,2026-01-24,Automated
2026-01-25,AC0005,3244955.38,3198674.58,2026-01-25,Automated
2026-01-26,AC0005,3278571.02,3073477.12,2026-01-26,Automated
2026-01-27,AC0005,3324606.54,2927897.29,2026-01-27,Automated
2026-01-28,AC0005,3120501.96,2914258.89,2026-01-28,Automated
2026-01-29,AC0005,2774481.62,2655797.94,2026-01-29,Automated
2026-01-30,AC0005,3284914.86,3214114.29,2026-01-30,Automated
2026-01-31,AC0005,2985462.66,2711194.31,2026-01-31,Automated
2026-02-01,AC0005,3397950.53,3274390.29,2026-02-01,Automated
2026-02-02,AC0005,3447520.1,3377031.26,2026-02-02,Automated
2026-02-03,AC0005,3078085.67,2895328.53,2026-02-03,Automated
2026-02-04,AC0005,2712048.02,2413038.51,2026-02-04,Automated
2026-02-05,AC0005,2715229.75,2507255.75,2026-02-05,Automated
2026-02-06,AC0005,2808973.77,2652742.78,2026-02-06,Automated
2026-02-07,AC0005,2876074.39,2668354.06,2026-02-07,Automated
2026-02-08,AC0005,3612659.09,3222877.5,2026-02-08,Automated
2026-02-09,AC0005,3180197.82,2835557.59,2026-02-09,Automated
2026-02-10,AC0005,3216241.74,2832401.37,2026-02-10,Automated
2026-02-11,AC0005,2747453.72,2583696.07,2026-02-11,Automated
2026-02-12,AC0005,2915575.93,2840988.54,2026-02-12,Automated
2026-02-13,AC0005,2836236.16,2772878.78,2026-02-13,Automated
2026-02-14,AC0005,3264986.88,2984770.33,2026-02-14,Automated
2026-02-15,AC0005,2821455.89,2790621.58,2026-02-15,Automated
2026-02-16,AC0005,3473841.82,3427335.41,2026-02-16,Automated
2026-02-17,AC0005,2740405.66,2557156.21,2026-02-17,Automated
2026-02-18,AC0005,2708944.73,2420919.9,2026-02-18,Automated
2026-02-19,AC0005,2597575.94,2446567.53,2026-02-19,Automated
2026-02-20,AC0005,2180937.08,1975916.41,2026-02-20,Automated
2026-02-21,AC0005,3018774.32,2850709.95,2026-02-21,Automated
2026-02-22,AC0005,3370422.23,3068837.56,2026-02-22,Automated
2026-02-23,AC0005,3214911.28,3151748.69,2026-02-23,Automated
2026-02-24,AC0005,2983890.97,2940890.17,2026-02-24,Automated
2026-02-25,AC0005,2919623.15,2888065.96,2026-02-25,Automated
2026-02-26,AC0005,2487234.16,2328338.18,2026-02-26,Automated
2026-02-27,AC0005,2782807.25,2644561.79,2026-02-27,Automated
2026-02-28,AC0005,3102675.17,3035516.4,2026-02-28,Automated
2026-03-01,AC0005,3310329.16,2977546.28,2026-03-01,Automated
2026-03-02,AC0005,3176221.69,2877772.25,2026-03-02,Automated
2026-03-03,AC0005,3064393.75,2979497.54,2026-03-03,Automated
2026-03-04,AC0005,2436528.62,2405194.12,2026-03-04,Automated
2026-03-05,AC0005,2743148.91,2637295.26,2026-03-05,Automated
2026-03-06,AC0005,2575528.07,2435255.17,2026-03-06,Automated
2026-03-07,AC0005,2931786.34,2636095.85,2026-03-07,Automated
2026-03-08,AC0005,3438241.64,3328192.88,2026-03-08,Automated
2026-03-09,AC0005,3390705.55,3348566.31,2026-03-09,Automated
2026-03-10,AC0005,2821715.06,2722725.65,2026-03-10,Automated
2026-03-11,AC0005,2854039.02,2820130.14,2026-03-11,Automated
2026-03-12,AC0005,2720809.05,2475031.16,2026-03-12,Automated
2026-03-13,AC0005,2791965.46,2721268.58,2026-03-13,Automated
2026-03-14,AC0005,2799017.86,2539174.13,2026-03-14,Automated
2026-03-15,AC0005,3285293.21,2974860.6,2026-03-15,Automated
2026-03-16,AC0005,3242093.37,2951947.27,2026-03-16,Automated
2026-03-17,AC0005,2604969.89,2480386.88,2026-03-17,Automated
2026-03-18,AC0005,3062271.74,2945780.02,2026-03-18,Automated
2026-03-19,AC0005,2392593.98,2255595.9,2026-03-19,Automated
2026-03-20,AC0005,2894509.62,2701635.3,2026-03-20,Automated
2026-03-21,AC0005,2700254.45,2444440.06,2026-03-21,Automated
2026-03-22,AC0005,3220976.0,2838190.15,2026-03-22,Automated
2026-03-23,AC0005,2862734.76,2726220.88,2026-03-23,Automated
2026-03-24,AC0005,2878048.44,2612884.39,2026-03-24,Automated
2026-03-25,AC0005,2986910.24,2739731.89,2026-03-25,Automated
2026-03-26,AC0005,2627610.95,2394275.35,2026-03-26,Automated
2026-03-27,AC0005,2640553.06,2342243.36,2026-03-27,Automated
2026-03-28,AC0005,3025555.91,2714889.61,2026-03-28,Automated
2026-03-29,AC0005,3635219.01,3523881.85,2026-03-29,Automated
2026-03-30,AC0005,3072487.63,3031332.68,2026-03-30,Automated
2026-03-31,AC0005,3092934.07,2823070.48,2026-03-31,Automated
2026-04-01,AC0005,2838520.3,2785903.6,2026-04-01,Automated
2026-04-02,AC0005,2896904.86,2693875.79,2026-04-02,Automated
2026-04-03,AC0005,2766270.84,2452610.59,2026-04-03,Automated
2026-04-04,AC0005,2991155.42,2757246.26,2026-04-04,Automated
2026-04-05,AC0005,3628677.5,3224490.45,2026-04-05,Automated
2026-04-06,AC0005,3136689.87,2830699.22,2026-04-06,Automated
2026-04-07,AC0005,3134455.54,2854591.87,2026-04-07,Automated
2026-04-08,AC0005,2734455.23,2424402.19,2026-04-08,Automated
2026-04-09,AC0005,2870868.29,2597049.11,2026-04-09,Automated
2026-04-10,AC0005,2754198.3,2432757.41,2026-04-10,Automated
2026-04-11,AC0005,3226797.19,3060630.34,2026-04-11,Automated
2026-04-12,AC0005,3164597.13,3079879.32,2026-04-12,Automated
2026-04-13,AC0005,3773795.06,3335275.71,2026-04-13,Automated
2026-04-14,AC0005,3176671.99,3004545.78,2026-04-14,Automated
2026-04-15,AC0005,2465632.47,2214299.75,2026-04-15,Automated
2026-04-16,AC0005,2543682.32,2388385.52,2026-04-16,Automated
2026-04-17,AC0005,2726896.82,2424124.66,2026-04-17,Automated
2026-04-18,AC0005,2607944.82,2558575.3,2026-04-18,Automated
2026-04-19,AC0005,3382916.36,3133317.0,2026-04-19,Automated
2026-04-20,AC0005,3318638.17,2973598.58,2026-04-20,Automated
2026-04-21,AC0005,2763869.54,2735640.29,2026-04-21,Automated
2026-04-22,AC0005,2722668.71,2641991.0,2026-04-22,Automated
2026-04-23,AC0005,2900413.58,2815415.51,2026-04-23,Automated
2026-04-24,AC0005,2612103.49,2387033.21,2026-04-24,Automated
2026-04-25,AC0005,2854123.63,2550488.76,2026-04-25,Automated
2026-04-26,AC0005,3477211.87,3417948.23,2026-04-26,Automated
2026-04-27,AC0005,2867207.53,2830890.49,2026-04-27,Automated
2026-04-28,AC0005,3093866.79,2887564.2,2026-04-28,Automated
2026-04-29,AC0005,2879403.13,2842938.48,2026-04-29,Automated
2026-04-30,AC0005,2881195.87,2738434.09,2026-04-30,Automated
2026-05-01,AC0005,2549791.6,2328287.99,2026-05-01,Automated
2026-05-02,AC0005,2686674.31,2644859.66,2026-05-02,Automated
2026-05-03,AC0005,3621454.18,3314836.69,2026-05-03,Automated
2026-05-04,AC0005,2975315.7,2800530.82,2026-05-04,Automated
2026-05-05,AC0005,3271057.6,3184499.84,2026-05-05,Automated
2026-05-06,AC0005,2666219.51,2563268.55,2026-05-06,Automated
2026-05-07,AC0005,2442471.41,2288730.93,2026-05-07,Automated
2026-05-08,AC0005,2928273.76,2664532.46,2026-05-08,Automated
2026-05-09,AC0005,3133071.89,3027578.26,2026-05-09,Automated
2026-05-10,AC0005,3340682.4,2989517.94,2026-05-10,Automated
2026-05-11,AC0005,2991729.68,2936829.47,2026-05-11,Automated
2026-05-12,AC0005,3219732.85,2843932.73,2026-05-12,Automated
2026-05-13,AC0005,2740213.78,2556324.21,2026-05-13,Automated
2026-05-14,AC0005,2699218.06,2610871.74,2026-05-14,Automated
2026-05-15,AC0005,2917787.85,2703169.8,2026-05-15,Automated
2026-05-16,AC0005,3238680.62,2957515.13,2026-05-16,Automated
2026-05-17,AC0005,3456094.65,3342422.32,2026-05-17,Automated
2026-05-18,AC0005,3125654.88,2826500.15,2026-05-18,Automated
2026-05-19,AC0005,2960984.23,2871084.59,2026-05-19,Automated
2026-05-20,AC0005,2861308.18,2666438.71,2026-05-20,Automated
2026-05-21,AC0005,2559759.54,2428299.96,2026-05-21,Automated
2026-05-22,AC0005,2852506.2,2818164.2,2026-05-22,Automated
2026-05-23,AC0005,3267569.77,2958119.11,2026-05-23,Automated
2026-05-24,AC0005,3053246.54,3006012.5,2026-05-24,Automated
2026-05-25,AC0005,3450404.07,3037428.21,2026-05-25,Automated
2026-05-26,AC0005,3066673.04,2796078.37,2026-05-26,Automated
2026-05-27,AC0005,2803118.43,2756309.74,2026-05-27,Automated
2026-05-28,AC0005,2952483.12,2772529.7,2026-05-28,Automated
2026-05-29,AC0005,2847193.24,2701334.04,2026-05-29,Automated
2026-05-30,AC0005,2829106.19,2738843.13,2026-05-30,Automated
2026-05-31,AC0005,2882647.4,2575981.63,2026-05-31,Automated
2026-06-01,AC0005,3477607.28,3440625.21,2026-06-01,Automated
2026-06-02,AC0005,3105098.7,2740707.3,2026-06-02,Automated
2026-06-03,AC0005,2732855.66,2690365.83,2026-06-03,Automated
2026-06-04,AC0005,2501762.1,2320782.18,2026-06-04,Automated
2026-06-05,AC0005,2762443.86,2554275.71,2026-06-05,Automated
2026-06-06,AC0005,3147722.83,3074948.7,2026-06-06,Automated
2026-06-07,AC0005,3413888.51,3048309.45,2026-06-07,Automated
2026-06-08,AC0005,2969530.97,2913274.82,2026-06-08,Automated
2026-06-09,AC0005,2993293.65,2918063.92,2026-06-09,Automated
2026-06-10,AC0005,2464280.7,2201502.21,2026-06-10,Automated
2026-06-11,AC0005,2815642.5,2570787.48,2026-06-11,Automated
2026-06-12,AC0005,2930356.1,2791445.53,2026-06-12,Automated
2026-06-13,AC0005,3219776.7,3050594.8,2026-06-13,Automated
2026-06-14,AC0005,3453305.77,3158699.39,2026-06-14,Automated
2026-06-15,AC0005,3193714.35,3125155.02,2026-06-15,Automated
2026-06-16,AC0005,2786139.6,2683108.21,2026-06-16,Automated
2026-06-17,AC0005,2452399.1,2309240.46,2026-06-17,Automated
2026-06-18,AC0005,2955436.42,2732924.85,2026-06-18,Automated
2026-06-19,AC0005,2542468.7,2467660.31,2026-06-19,Automated
2026-06-20,AC0005,2852497.09,2606601.28,2026-06-20,Automated
2026-06-21,AC0005,3003444.08,2789358.86,2026-06-21,Automated
2026-06-22,AC0005,3434046.5,3066094.08,2026-06-22,Automated
2026-06-23,AC0005,2975879.9,2849298.82,2026-06-23,Automated
2026-06-24,AC0005,2834539.46,2748095.28,2026-06-24,Automated
2026-06-25,AC0005,2569320.82,2343798.67,2026-06-25,Automated
2026-06-26,AC0005,2864930.55,2608229.41,2026-06-26,Automated
2026-06-27,AC0005,3107054.02,2954179.59,2026-06-27,Automated
2026-06-28,AC0005,3046628.82,2951668.08,2026-06-28,Automated
2026-06-29,AC0005,3480802.06,3122966.08,2026-06-29,Automated
2026-06-30,AC0005,3136468.64,2886942.34,2026-06-30,Automated
2026-01-01,AC0006,3105007.64,2844380.08,2026-01-01,Automated
2026-01-02,AC0006,3214720.39,3074059.18,2026-01-02,Automated
2026-01-03,AC0006,3841841.56,3494478.33,2026-01-03,Automated
2026-01-04,AC0006,3825866.59,3477394.3,2026-01-04,Automated
2026-01-05,AC0006,2886252.71,2806846.76,2026-01-05,Automated
2026-01-06,AC0006,3040118.99,2781273.66,2026-01-06,Automated
2026-01-07,AC0006,2840945.06,2583123.43,2026-01-07,Automated
2026-01-08,AC0006,2640133.43,2404208.66,2026-01-08,Automated
2026-01-09,AC0006,3156770.71,3010323.54,2026-01-09,Automated
2026-01-10,AC0006,3896407.66,3731216.93,2026-01-10,Automated
2026-01-11,AC0006,2971233.15,2855011.48,2026-01-11,Automated
2026-01-12,AC0006,3129805.93,2777411.51,2026-01-12,Automated
2026-01-13,AC0006,2644407.25,2510965.47,2026-01-13,Automated
2026-01-14,AC0006,2931699.03,2666172.86,2026-01-14,Automated
2026-01-15,AC0006,2385838.46,2204986.76,2026-01-15,Automated
2026-01-16,AC0006,3540959.6,3409300.41,2026-01-16,Automated
2026-01-17,AC0006,3350982.39,3159882.75,2026-01-17,Automated
2026-01-18,AC0006,2604254.57,2369812.37,2026-01-18,Automated
2026-01-19,AC0006,3169456.73,3003824.69,2026-01-19,Automated
2026-01-20,AC0006,2695416.17,2590836.1,2026-01-20,Automated
2026-01-21,AC0006,2771880.65,2671759.94,2026-01-21,Automated
2026-01-22,AC0006,3182606.13,3109065.07,2026-01-22,Automated
2026-01-23,AC0006,3370945.04,3170489.81,2026-01-23,Automated
2026-01-24,AC0006,3518496.66,3282444.66,2026-01-24,Automated
2026-01-25,AC0006,3684163.74,3266063.2,2026-01-25,Automated
2026-01-26,AC0006,3494696.99,3203417.49,2026-01-26,Automated
2026-01-27,AC0006,2845998.67,2772777.08,2026-01-27,Automated
2026-01-28,AC0006,2785496.01,2634702.39,2026-01-28,Automated
2026-01-29,AC0006,3250951.14,2929076.61,2026-01-29,Automated
2026-01-30,AC0006,3218356.06,3103351.16,2026-01-30,Automated
2026-01-31,AC0006,3530872.81,3368260.51,2026-01-31,Automated
2026-02-01,AC0006,2900343.94,2788757.23,2026-02-01,Automated
2026-02-02,AC0006,2690222.77,2586815.15,2026-02-02,Automated
2026-02-03,AC0006,3027670.56,2767272.63,2026-02-03,Automated
2026-02-04,AC0006,2784422.77,2716774.15,2026-02-04,Automated
2026-02-05,AC0006,3224762.78,3145799.71,2026-02-05,Automated
2026-02-06,AC0006,3513803.92,3229161.31,2026-02-06,Automated
2026-02-07,AC0006,3249006.43,3004954.56,2026-02-07,Automated
2026-02-08,AC0006,3528598.87,3275679.56,2026-02-08,Automated
2026-02-09,AC0006,2986239.2,2728067.74,2026-02-09,Automated
2026-02-10,AC0006,2736700.64,2437105.87,2026-02-10,Automated
2026-02-11,AC0006,2569637.16,2513007.05,2026-02-11,Automated
2026-02-12,AC0006,3163385.0,3087445.29,2026-02-12,Automated
2026-02-13,AC0006,3672577.58,3437544.77,2026-02-13,Automated
2026-02-14,AC0006,4082584.34,3674338.92,2026-02-14,Automated
2026-02-15,AC0006,3169112.91,2824684.26,2026-02-15,Automated
2026-02-16,AC0006,3154120.46,3020050.14,2026-02-16,Automated
2026-02-17,AC0006,2998743.14,2683949.3,2026-02-17,Automated
2026-02-18,AC0006,3203513.04,2964137.55,2026-02-18,Automated
2026-02-19,AC0006,2780774.82,2564759.15,2026-02-19,Automated
2026-02-20,AC0006,3301574.62,3261025.6,2026-02-20,Automated
2026-02-21,AC0006,3028047.33,2900903.31,2026-02-21,Automated
2026-02-22,AC0006,3255492.99,2916198.24,2026-02-22,Automated
2026-02-23,AC0006,2978645.95,2903296.56,2026-02-23,Automated
2026-02-24,AC0006,2346095.99,2083666.0,2026-02-24,Automated
2026-02-25,AC0006,2843356.1,2667605.0,2026-02-25,Automated
2026-02-26,AC0006,2895832.94,2776580.88,2026-02-26,Automated
2026-02-27,AC0006,3351804.9,3018215.38,2026-02-27,Automated
2026-02-28,AC0006,3791256.66,3611355.01,2026-02-28,Automated
2026-03-01,AC0006,3346806.71,3143488.89,2026-03-01,Automated
2026-03-02,AC0006,2959489.68,2672289.44,2026-03-02,Automated
2026-03-03,AC0006,2858901.21,2563123.43,2026-03-03,Automated
2026-03-04,AC0006,2719209.73,2563560.2,2026-03-04,Automated
2026-03-05,AC0006,2851497.77,2624253.89,2026-03-05,Automated
2026-03-06,AC0006,3211251.79,2903367.72,2026-03-06,Automated
2026-03-07,AC0006,3435436.47,3076280.94,2026-03-07,Automated
2026-03-08,AC0006,3141262.8,2900906.6,2026-03-08,Automated
2026-03-09,AC0006,3050810.58,2753209.67,2026-03-09,Automated
2026-03-10,AC0006,3459411.38,3361939.86,2026-03-10,Automated
2026-03-11,AC0006,2459635.24,2320125.42,2026-03-11,Automated
2026-03-12,AC0006,2853775.45,2606749.47,2026-03-12,Automated
2026-03-13,AC0006,3145393.25,2819016.13,2026-03-13,Automated
2026-03-14,AC0006,3699201.82,3475431.63,2026-03-14,Automated
2026-03-15,AC0006,3293415.4,3033650.51,2026-03-15,Automated
2026-03-16,AC0006,3295823.95,3004453.88,2026-03-16,Automated
2026-03-17,AC0006,2808245.97,2483171.57,2026-03-17,Automated
2026-03-18,AC0006,2704367.06,2390748.15,2026-03-18,Automated
2026-03-19,AC0006,2693523.54,2649392.53,2026-03-19,Automated
2026-03-20,AC0006,3259055.13,3157859.75,2026-03-20,Automated
2026-03-21,AC0006,3624606.73,3467101.3,2026-03-21,Automated
2026-03-22,AC0006,3188047.86,2973605.84,2026-03-22,Automated
2026-03-23,AC0006,2941004.4,2819206.03,2026-03-23,Automated
2026-03-24,AC0006,2954018.11,2825241.4,2026-03-24,Automated
2026-03-25,AC0006,2595775.94,2455378.75,2026-03-25,Automated
2026-03-26,AC0006,3176394.03,2866064.19,2026-03-26,Automated
2026-03-27,AC0006,3386920.52,2987929.86,2026-03-27,Automated
2026-03-28,AC0006,3812938.19,3634283.72,2026-03-28,Automated
2026-03-29,AC0006,3225442.82,3068472.41,2026-03-29,Automated
2026-03-30,AC0006,2731672.56,2499497.0,2026-03-30,Automated
2026-03-31,AC0006,2863668.13,2752618.86,2026-03-31,Automated
2026-04-01,AC0006,2873521.7,2784706.08,2026-04-01,Automated
2026-04-02,AC0006,2840503.15,2669258.09,2026-04-02,Automated
2026-04-03,AC0006,3572238.08,3215723.8,2026-04-03,Automated
2026-04-04,AC0006,3644547.87,3252538.2,2026-04-04,Automated
2026-04-05,AC0006,3201316.56,2958262.17,2026-04-05,Automated
2026-04-06,AC0006,2789637.27,2634547.1,2026-04-06,Automated
2026-04-07,AC0006,2904711.19,2860377.15,2026-04-07,Automated
2026-04-08,AC0006,2945276.98,2755004.41,2026-04-08,Automated
2026-04-09,AC0006,2946759.17,2734686.03,2026-04-09,Automated
2026-04-10,AC0006,3021115.92,2708207.82,2026-04-10,Automated
2026-04-11,AC0006,3300820.42,3266702.53,2026-04-11,Automated
2026-04-12,AC0006,3491947.52,3143418.66,2026-04-12,Automated
2026-04-13,AC0006,2941159.38,2754203.57,2026-04-13,Automated
2026-04-14,AC0006,2634714.77,2391733.6,2026-04-14,Automated
2026-04-15,AC0006,2862455.54,2673506.03,2026-04-15,Automated
2026-04-16,AC0006,2695202.21,2638237.11,2026-04-16,Automated
2026-04-17,AC0006,3115102.13,2985664.65,2026-04-17,Automated
2026-04-18,AC0006,3724467.26,3606056.12,2026-04-18,Automated
2026-04-19,AC0006,3415409.83,3195958.8,2026-04-19,Automated
2026-04-20,AC0006,2886619.88,2819247.77,2026-04-20,Automated
2026-04-21,AC0006,3032495.15,2778920.47,2026-04-21,Automated
2026-04-22,AC0006,2957159.5,2863725.88,2026-04-22,Automated
2026-04-23,AC0006,3500244.38,3194858.79,2026-04-23,Automated
2026-04-24,AC0006,3363488.89,3240678.84,2026-04-24,Automated
2026-04-25,AC0006,4033419.6,3857171.27,2026-04-25,Automated
2026-04-26,AC0006,3305926.56,3156793.71,2026-04-26,Automated
2026-04-27,AC0006,2910665.73,2814727.98,2026-04-27,Automated
2026-04-28,AC0006,2976159.44,2678290.44,2026-04-28,Automated
2026-04-29,AC0006,3198253.97,3124896.33,2026-04-29,Automated
2026-04-30,AC0006,3293652.02,3037593.91,2026-04-30,Automated
2026-05-01,AC0006,3353323.15,3209658.18,2026-05-01,Automated
2026-05-02,AC0006,2974510.59,2619474.04,2026-05-02,Automated
2026-05-03,AC0006,3097689.92,3002355.81,2026-05-03,Automated
2026-05-04,AC0006,3114587.81,2907939.07,2026-05-04,Automated
2026-05-05,AC0006,2542344.11,2309012.31,2026-05-05,Automated
2026-05-06,AC0006,2715270.82,2438981.19,2026-05-06,Automated
2026-05-07,AC0006,3272212.37,3180316.3,2026-05-07,Automated
2026-05-08,AC0006,3141890.15,2949732.3,2026-05-08,Automated
2026-05-09,AC0006,3356698.93,3161070.77,2026-05-09,Automated
2026-05-10,AC0006,3127930.26,2911044.09,2026-05-10,Automated
2026-05-11,AC0006,2828831.01,2606655.67,2026-05-11,Automated
2026-05-12,AC0006,3006410.08,2893537.12,2026-05-12,Automated
2026-05-13,AC0006,3144228.45,3004854.06,2026-05-13,Automated
2026-05-14,AC0006,3221454.42,3113426.41,2026-05-14,Automated
2026-05-15,AC0006,3408438.57,3209449.24,2026-05-15,Automated
2026-05-16,AC0006,3447136.53,3333495.43,2026-05-16,Automated
2026-05-17,AC0006,3329385.08,3289708.33,2026-05-17,Automated
2026-05-18,AC0006,2934082.17,2877482.64,2026-05-18,Automated
2026-05-19,AC0006,2688322.19,2596111.07,2026-05-19,Automated
2026-05-20,AC0006,2769759.42,2728731.4,2026-05-20,Automated
2026-05-21,AC0006,2709122.72,2501297.82,2026-05-21,Automated
2026-05-22,AC0006,3120819.96,2833385.58,2026-05-22,Automated
2026-05-23,AC0006,3437667.64,3038997.9,2026-05-23,Automated
2026-05-24,AC0006,3572327.74,3466566.06,2026-05-24,Automated
2026-05-25,AC0006,3114484.8,2917810.01,2026-05-25,Automated
2026-05-26,AC0006,2827811.95,2498413.92,2026-05-26,Automated
2026-05-27,AC0006,2638286.37,2585338.92,2026-05-27,Automated
2026-05-28,AC0006,3320625.87,2966516.19,2026-05-28,Automated
2026-05-29,AC0006,3245763.64,2896925.22,2026-05-29,Automated
2026-05-30,AC0006,3291500.58,3048604.52,2026-05-30,Automated
2026-05-31,AC0006,3365791.9,3050141.59,2026-05-31,Automated
2026-06-01,AC0006,2994849.95,2713792.51,2026-06-01,Automated
2026-06-02,AC0006,3092887.62,2943350.96,2026-06-02,Automated
2026-06-03,AC0006,3415428.9,3143511.78,2026-06-03,Automated
2026-06-04,AC0006,2840229.54,2674422.59,2026-06-04,Automated
2026-06-05,AC0006,3361729.42,3116405.13,2026-06-05,Automated
2026-06-06,AC0006,3502610.31,3337721.95,2026-06-06,Automated
2026-06-07,AC0006,3076878.03,3034225.56,2026-06-07,Automated
2026-06-08,AC0006,3173315.84,3001503.59,2026-06-08,Automated
2026-06-09,AC0006,2754354.96,2540689.49,2026-06-09,Automated
2026-06-10,AC0006,2922209.64,2748278.08,2026-06-10,Automated
2026-06-11,AC0006,3021176.55,2694219.08,2026-06-11,Automated
2026-06-12,AC0006,3071209.56,2704599.64,2026-06-12,Automated
2026-06-13,AC0006,3391467.57,3286403.68,2026-06-13,Automated
2026-06-14,AC0006,3929714.45,3657059.3,2026-06-14,Automated
2026-06-15,AC0006,2630052.38,2563867.71,2026-06-15,Automated
2026-06-16,AC0006,2856553.59,2617418.17,2026-06-16,Automated
2026-06-17,AC0006,2622782.67,2571230.19,2026-06-17,Automated
2026-06-18,AC0006,3502772.72,3410426.23,2026-06-18,Automated
2026-06-19,AC0006,3470252.25,3334659.19,2026-06-19,Automated
2026-06-20,AC0006,3512913.03,3239372.0,2026-06-20,Automated
2026-06-21,AC0006,3279082.75,3010783.91,2026-06-21,Automated
2026-06-22,AC0006,3058223.56,2984857.95,2026-06-22,Automated
2026-06-23,AC0006,2803508.67,2545879.18,2026-06-23,Automated
2026-06-24,AC0006,3283553.62,3063600.99,2026-06-24,Automated
2026-06-25,AC0006,3112015.35,2892076.69,2026-06-25,Automated
2026-06-26,AC0006,2986549.26,2885492.6,2026-06-26,Automated
2026-06-27,AC0006,3080471.15,2826046.72,2026-06-27,Automated
2026-06-28,AC0006,3033299.44,2951660.51,2026-06-28,Automated
2026-06-29,AC0006,3539526.82,3341563.67,2026-06-29,Automated
2026-06-30,AC0006,3015221.85,2920407.47,2026-06-30,Automated
2026-01-01,AC0007,1282467.95,1238463.53,2026-01-01,Automated
2026-01-02,AC0007,1092864.27,978976.52,2026-01-02,Automated
2026-01-03,AC0007,1205061.31,1110652.03,2026-01-03,Automated
2026-01-04,AC0007,1046005.74,1019830.3,2026-01-04,Automated
2026-01-05,AC0007,1069785.24,947423.42,2026-01-05,Automated
2026-01-06,AC0007,1141579.13,1097730.63,2026-01-06,Automated
2026-01-07,AC0007,958908.2,844956.06,2026-01-07,Automated
2026-01-08,AC0007,1257457.75,1132150.42,2026-01-08,Automated
2026-01-09,AC0007,1163850.4,1032029.7,2026-01-09,Automated
2026-01-10,AC0007,1234505.82,1142370.97,2026-01-10,Automated
2026-01-11,AC0007,1025589.63,973168.78,2026-01-11,Automated
2026-01-12,AC0007,1048166.13,926371.55,2026-01-12,Automated
2026-01-13,AC0007,1172615.24,1145434.54,2026-01-13,Automated
2026-01-14,AC0007,1082190.16,1030367.36,2026-01-14,Automated
2026-01-15,AC0007,1238792.03,1187069.64,2026-01-15,Automated
2026-01-16,AC0007,1282102.93,1225738.86,2026-01-16,Automated
2026-01-17,AC0007,1239788.58,1172489.63,2026-01-17,Automated
2026-01-18,AC0007,998467.28,958829.7,2026-01-18,Automated
2026-01-19,AC0007,1050059.57,928862.31,2026-01-19,Automated
2026-01-20,AC0007,963779.76,902148.81,2026-01-20,Automated
2026-01-21,AC0007,1147817.2,1039511.17,2026-01-21,Automated
2026-01-22,AC0007,1204065.6,1181313.89,2026-01-22,Automated
2026-01-23,AC0007,1101727.65,1070919.3,2026-01-23,Automated
2026-01-24,AC0007,1244727.9,1158997.46,2026-01-24,Automated
2026-01-25,AC0007,1231873.89,1175843.63,2026-01-25,Automated
2026-01-26,AC0007,995328.6,930946.41,2026-01-26,Automated
2026-01-27,AC0007,1006654.58,978686.43,2026-01-27,Automated
2026-01-28,AC0007,1091198.49,994168.92,2026-01-28,Automated
2026-01-29,AC0007,1150322.66,1089180.54,2026-01-29,Automated
2026-01-30,AC0007,1233429.4,1217156.67,2026-01-30,Automated
2026-01-31,AC0007,1083135.04,1039378.66,2026-01-31,Automated
2026-02-01,AC0007,1186376.77,1080292.23,2026-02-01,Automated
2026-02-02,AC0007,1062303.16,1020385.09,2026-02-02,Automated
2026-02-03,AC0007,1113429.77,1030684.09,2026-02-03,Automated
2026-02-04,AC0007,1204362.63,1131654.53,2026-02-04,Automated
2026-02-05,AC0007,1070682.77,956160.14,2026-02-05,Automated
2026-02-06,AC0007,1349881.4,1195702.13,2026-02-06,Automated
2026-02-07,AC0007,1301917.34,1228035.93,2026-02-07,Automated
2026-02-08,AC0007,1083297.1,1025866.95,2026-02-08,Automated
2026-02-09,AC0007,917143.27,879428.22,2026-02-09,Automated
2026-02-10,AC0007,1101803.61,1067443.85,2026-02-10,Automated
2026-02-11,AC0007,1103853.99,1058972.26,2026-02-11,Automated
2026-02-12,AC0007,1153371.12,1087249.48,2026-02-12,Automated
2026-02-13,AC0007,1322563.8,1172289.12,2026-02-13,Automated
2026-02-14,AC0007,1206671.66,1127333.09,2026-02-14,Automated
2026-02-15,AC0007,1056171.17,982960.87,2026-02-15,Automated
2026-02-16,AC0007,1038045.39,964789.89,2026-02-16,Automated
2026-02-17,AC0007,1030604.96,941309.91,2026-02-17,Automated
2026-02-18,AC0007,1130799.44,1064520.25,2026-02-18,Automated
2026-02-19,AC0007,976521.6,883968.36,2026-02-19,Automated
2026-02-20,AC0007,1337865.83,1287927.51,2026-02-20,Automated
2026-02-21,AC0007,1174893.99,1092466.91,2026-02-21,Automated
2026-02-22,AC0007,1302201.87,1186617.96,2026-02-22,Automated
2026-02-23,AC0007,1045043.61,993610.96,2026-02-23,Automated
2026-02-24,AC0007,1161932.19,1090828.36,2026-02-24,Automated
2026-02-25,AC0007,1254569.93,1144213.07,2026-02-25,Automated
2026-02-26,AC0007,1289298.6,1252659.71,2026-02-26,Automated
2026-02-27,AC0007,1319467.73,1261753.48,2026-02-27,Automated
2026-02-28,AC0007,1331674.73,1274711.37,2026-02-28,Automated
2026-03-01,AC0007,1116032.11,1054002.7,2026-03-01,Automated
2026-03-02,AC0007,1141397.04,1112359.3,2026-03-02,Automated
2026-03-03,AC0007,1163026.79,1049478.39,2026-03-03,Automated
2026-03-04,AC0007,1068880.6,1033533.01,2026-03-04,Automated
2026-03-05,AC0007,1300574.29,1271162.2,2026-03-05,Automated
2026-03-06,AC0007,1483782.31,1407077.86,2026-03-06,Automated
2026-03-07,AC0007,1213140.69,1094147.23,2026-03-07,Automated
2026-03-08,AC0007,1203180.44,1134829.12,2026-03-08,Automated
2026-03-09,AC0007,1055437.21,993667.61,2026-03-09,Automated
2026-03-10,AC0007,981722.55,880532.95,2026-03-10,Automated
2026-03-11,AC0007,958043.59,925446.61,2026-03-11,Automated
2026-03-12,AC0007,1217234.16,1201316.46,2026-03-12,Automated
2026-03-13,AC0007,1305297.12,1195913.83,2026-03-13,Automated
2026-03-14,AC0007,1193694.31,1061325.96,2026-03-14,Automated
2026-03-15,AC0007,1064259.33,962216.25,2026-03-15,Automated
2026-03-16,AC0007,1027959.37,991777.47,2026-03-16,Automated
2026-03-17,AC0007,1064873.1,961034.02,2026-03-17,Automated
2026-03-18,AC0007,1149312.18,1020454.32,2026-03-18,Automated
2026-03-19,AC0007,1134260.99,1112879.98,2026-03-19,Automated
2026-03-20,AC0007,1269396.61,1136943.27,2026-03-20,Automated
2026-03-21,AC0007,1172925.73,1054919.95,2026-03-21,Automated
2026-03-22,AC0007,1400226.85,1260281.18,2026-03-22,Automated
2026-03-23,AC0007,1086751.02,1068443.26,2026-03-23,Automated
2026-03-24,AC0007,1071911.64,1050067.02,2026-03-24,Automated
2026-03-25,AC0007,1031354.83,995123.54,2026-03-25,Automated
2026-03-26,AC0007,1404196.13,1340069.85,2026-03-26,Automated
2026-03-27,AC0007,1308913.7,1158733.77,2026-03-27,Automated
2026-03-28,AC0007,1327212.8,1177554.16,2026-03-28,Automated
2026-03-29,AC0007,1144023.27,1015598.3,2026-03-29,Automated
2026-03-30,AC0007,1054973.32,937533.4,2026-03-30,Automated
2026-03-31,AC0007,1151633.37,1027460.78,2026-03-31,Automated
2026-04-01,AC0007,1138069.81,1023637.57,2026-04-01,Automated
2026-04-02,AC0007,1183768.78,1114967.79,2026-04-02,Automated
2026-04-03,AC0007,1225414.32,1165786.33,2026-04-03,Automated
2026-04-04,AC0007,1241615.18,1108411.34,2026-04-04,Automated
2026-04-05,AC0007,1109711.62,1008032.77,2026-04-05,Automated
2026-04-06,AC0007,1035866.17,941360.7,2026-04-06,Automated
2026-04-07,AC0007,1072137.4,967569.8,2026-04-07,Automated
2026-04-08,AC0007,1017364.4,917767.32,2026-04-08,Automated
2026-04-09,AC0007,1391756.81,1320734.75,2026-04-09,Automated
2026-04-10,AC0007,1379779.34,1333748.79,2026-04-10,Automated
2026-04-11,AC0007,1196759.77,1177207.43,2026-04-11,Automated
2026-04-12,AC0007,1298814.36,1193054.48,2026-04-12,Automated
2026-04-13,AC0007,972194.9,868326.88,2026-04-13,Automated
2026-04-14,AC0007,1040633.54,1007215.38,2026-04-14,Automated
2026-04-15,AC0007,1287056.98,1235711.04,2026-04-15,Automated
2026-04-16,AC0007,1130869.04,1088869.45,2026-04-16,Automated
2026-04-17,AC0007,1318620.09,1225126.54,2026-04-17,Automated
2026-04-18,AC0007,1292934.71,1277033.36,2026-04-18,Automated
2026-04-19,AC0007,1052540.62,1000958.28,2026-04-19,Automated
2026-04-20,AC0007,1020505.53,935319.81,2026-04-20,Automated
2026-04-21,AC0007,1068606.13,999498.95,2026-04-21,Automated
2026-04-22,AC0007,1122778.31,1066261.66,2026-04-22,Automated
2026-04-23,AC0007,1360547.42,1329646.7,2026-04-23,Automated
2026-04-24,AC0007,1373900.21,1302404.85,2026-04-24,Automated
2026-04-25,AC0007,1202508.18,1142454.36,2026-04-25,Automated
2026-04-26,AC0007,1026969.31,938704.38,2026-04-26,Automated
2026-04-27,AC0007,979420.24,918720.46,2026-04-27,Automated
2026-04-28,AC0007,1118859.83,1050965.19,2026-04-28,Automated
2026-04-29,AC0007,1130185.79,1103974.09,2026-04-29,Automated
2026-04-30,AC0007,1186241.44,1056041.96,2026-04-30,Automated
2026-05-01,AC0007,1271910.52,1150929.45,2026-05-01,Automated
2026-05-02,AC0007,1210465.74,1138463.15,2026-05-02,Automated
2026-05-03,AC0007,1169088.09,1047190.83,2026-05-03,Automated
2026-05-04,AC0007,923948.89,856978.43,2026-05-04,Automated
2026-05-05,AC0007,916455.24,807553.22,2026-05-05,Automated
2026-05-06,AC0007,1225852.69,1086633.25,2026-05-06,Automated
2026-05-07,AC0007,1250372.42,1135437.79,2026-05-07,Automated
2026-05-08,AC0007,1042555.71,1001483.88,2026-05-08,Automated
2026-05-09,AC0007,1169799.7,1086035.52,2026-05-09,Automated
2026-05-10,AC0007,960003.14,909993.12,2026-05-10,Automated
2026-05-11,AC0007,1094014.05,1038009.99,2026-05-11,Automated
2026-05-12,AC0007,1193197.35,1067232.43,2026-05-12,Automated
2026-05-13,AC0007,1209264.62,1086094.23,2026-05-13,Automated
2026-05-14,AC0007,1304102.48,1189975.11,2026-05-14,Automated
2026-05-15,AC0007,1286056.72,1159378.1,2026-05-15,Automated
2026-05-16,AC0007,1288774.31,1178322.62,2026-05-16,Automated
2026-05-17,AC0007,1188739.47,1054443.3,2026-05-17,Automated
2026-05-18,AC0007,1083343.22,1048071.61,2026-05-18,Automated
2026-05-19,AC0007,1016525.61,929272.41,2026-05-19,Automated
2026-05-20,AC0007,1072769.63,979410.96,2026-05-20,Automated
2026-05-21,AC0007,1283579.89,1166320.15,2026-05-21,Automated
2026-05-22,AC0007,1374999.53,1269380.13,2026-05-22,Automated
2026-05-23,AC0007,1144414.93,1131558.16,2026-05-23,Automated
2026-05-24,AC0007,1243196.24,1223097.94,2026-05-24,Automated
2026-05-25,AC0007,1019276.65,1006852.09,2026-05-25,Automated
2026-05-26,AC0007,1085213.81,957430.13,2026-05-26,Automated
2026-05-27,AC0007,1085900.39,1010967.15,2026-05-27,Automated
2026-05-28,AC0007,1281673.49,1211305.23,2026-05-28,Automated
2026-05-29,AC0007,1253719.69,1182220.35,2026-05-29,Automated
2026-05-30,AC0007,1212923.39,1159288.37,2026-05-30,Automated
2026-05-31,AC0007,1161658.29,1083236.07,2026-05-31,Automated
2026-06-01,AC0007,1005212.44,892000.44,2026-06-01,Automated
2026-06-02,AC0007,1186843.97,1088591.58,2026-06-02,Automated
2026-06-03,AC0007,1265760.92,1217426.47,2026-06-03,Automated
2026-06-04,AC0007,1234888.08,1173856.58,2026-06-04,Automated
2026-06-05,AC0007,1186108.79,1145367.65,2026-06-05,Automated
2026-06-06,AC0007,1139384.2,1084131.57,2026-06-06,Automated
2026-06-07,AC0007,1290519.47,1177804.6,2026-06-07,Automated
2026-06-08,AC0007,1022114.23,923570.81,2026-06-08,Automated
2026-06-09,AC0007,964707.95,857718.92,2026-06-09,Automated
2026-06-10,AC0007,1239541.34,1179275.66,2026-06-10,Automated
2026-06-11,AC0007,1177732.29,1117063.73,2026-06-11,Automated
2026-06-12,AC0007,1284385.14,1265304.92,2026-06-12,Automated
2026-06-13,AC0007,1258634.4,1125951.05,2026-06-13,Automated
2026-06-14,AC0007,1268505.51,1164974.81,2026-06-14,Automated
2026-06-15,AC0007,948038.59,844770.35,2026-06-15,Automated
2026-06-16,AC0007,1184245.61,1165982.34,2026-06-16,Automated
2026-06-17,AC0007,1172800.98,1036015.41,2026-06-17,Automated
2026-06-18,AC0007,1189379.55,1067205.41,2026-06-18,Automated
2026-06-19,AC0007,1339132.74,1201797.62,2026-06-19,Automated
2026-06-20,AC0007,1196220.44,1106558.53,2026-06-20,Automated
2026-06-21,AC0007,1060548.76,1023832.11,2026-06-21,Automated
2026-06-22,AC0007,903400.33,864421.41,2026-06-22,Automated
2026-06-23,AC0007,913062.93,859588.57,2026-06-23,Automated
2026-06-24,AC0007,1005969.06,957370.54,2026-06-24,Automated
2026-06-25,AC0007,1301272.04,1169205.87,2026-06-25,Automated
2026-06-26,AC0007,1251254.2,1221541.73,2026-06-26,Automated
2026-06-27,AC0007,1244084.03,1159787.08,2026-06-27,Automated
2026-06-28,AC0007,1038374.95,931073.11,2026-06-28,Automated
2026-06-29,AC0007,889277.89,816654.31,2026-06-29,Automated
2026-06-30,AC0007,883303.36,823520.45,2026-06-30,Automated
2026-01-01,AC0008,840778.31,771183.42,2026-01-02,Manually reported
2026-01-02,AC0008,847031.93,755169.49,2026-01-03,Manually reported
2026-01-03,AC0008,874910.9,843504.24,2026-01-04,Manually reported
2026-01-04,AC0008,753589.45,734227.33,2026-01-05,Manually reported
2026-01-05,AC0008,615764.87,596737.97,2026-01-06,Manually reported
2026-01-06,AC0008,756144.2,745315.61,2026-01-07,Manually reported
2026-01-07,AC0008,750567.09,694806.25,2026-01-08,Manually reported
2026-01-08,AC0008,823973.0,742796.72,2026-01-09,Manually reported
2026-01-09,AC0008,958925.55,947782.12,2026-01-10,Manually reported
2026-01-10,AC0008,811704.07,768620.94,2026-01-11,Manually reported
2026-01-11,AC0008,778917.1,759014.86,2026-01-12,Manually reported
2026-01-12,AC0008,765734.27,722211.79,2026-01-13,Manually reported
2026-01-13,AC0008,664066.73,642145.07,2026-01-14,Manually reported
2026-01-14,AC0008,789191.6,720287.16,2026-01-15,Manually reported
2026-01-15,AC0008,831020.73,774821.1,2026-01-16,Manually reported
2026-01-16,AC0008,851452.38,774216.4,2026-01-17,Manually reported
2026-01-17,AC0008,827866.17,754700.06,2026-01-18,Manually reported
2026-01-18,AC0008,766850.9,694656.52,2026-01-19,Manually reported
2026-01-19,AC0008,759583.75,734754.57,2026-01-20,Manually reported
2026-01-20,AC0008,783461.13,761977.7,2026-01-21,Manually reported
2026-01-21,AC0008,773472.07,699023.36,2026-01-22,Manually reported
2026-01-22,AC0008,780258.5,706629.91,2026-01-23,Manually reported
2026-01-23,AC0008,881170.95,865640.06,2026-01-24,Manually reported
2026-01-24,AC0008,910606.28,838475.26,2026-01-25,Manually reported
2026-01-25,AC0008,794615.29,780998.89,2026-01-26,Manually reported
2026-01-26,AC0008,650913.68,576572.97,2026-01-27,Manually reported
2026-01-27,AC0008,778295.71,761674.3,2026-01-28,Manually reported
2026-01-28,AC0008,745287.55,711177.33,2026-01-29,Manually reported
2026-01-29,AC0008,876088.13,837256.18,2026-01-30,Manually reported
2026-01-30,AC0008,868830.15,859812.36,2026-01-31,Manually reported
2026-01-31,AC0008,801229.33,736841.87,2026-02-01,Manually reported
2026-02-01,AC0008,687238.62,676487.04,2026-02-02,Manually reported
2026-02-02,AC0008,586678.41,540227.38,2026-02-03,Manually reported
2026-02-03,AC0008,800695.36,770809.16,2026-02-04,Manually reported
2026-02-04,AC0008,764635.37,747904.68,2026-02-05,Manually reported
2026-02-05,AC0008,762830.0,676528.01,2026-02-06,Manually reported
2026-02-06,AC0008,886465.1,857346.56,2026-02-07,Manually reported
2026-02-07,AC0008,834946.8,737854.14,2026-02-08,Manually reported
2026-02-08,AC0008,757837.53,707525.85,2026-02-09,Manually reported
2026-02-09,AC0008,694293.4,667517.01,2026-02-10,Manually reported
2026-02-10,AC0008,775473.9,687499.41,2026-02-11,Manually reported
2026-02-11,AC0008,748818.44,739993.41,2026-02-12,Manually reported
2026-02-12,AC0008,805253.75,764424.21,2026-02-13,Manually reported
2026-02-13,AC0008,866237.62,845780.43,2026-02-14,Manually reported
2026-02-14,AC0008,682701.23,659856.92,2026-02-15,Manually reported
2026-02-15,AC0008,742654.12,729530.52,2026-02-16,Manually reported
2026-02-16,AC0008,737267.52,655634.29,2026-02-17,Manually reported
2026-02-17,AC0008,773478.38,765389.73,2026-02-18,Manually reported
2026-02-18,AC0008,713135.19,658934.65,2026-02-19,Manually reported
2026-02-19,AC0008,868991.43,813003.58,2026-02-20,Manually reported
2026-02-20,AC0008,928722.42,839439.92,2026-02-21,Manually reported
2026-02-21,AC0008,839971.27,784741.5,2026-02-22,Manually reported
2026-02-22,AC0008,799541.86,731556.94,2026-02-23,Manually reported
2026-02-23,AC0008,761647.63,689599.23,2026-02-24,Manually reported
2026-02-24,AC0008,696236.84,617743.13,2026-02-25,Manually reported
2026-02-25,AC0008,737716.28,661312.99,2026-02-26,Manually reported
2026-02-26,AC0008,837369.08,807671.61,2026-02-27,Manually reported
2026-02-27,AC0008,799901.56,786684.44,2026-02-28,Manually reported
2026-02-28,AC0008,816905.51,788738.48,2026-03-01,Manually reported
2026-03-01,AC0008,835105.15,773632.35,2026-03-02,Manually reported
2026-03-02,AC0008,740341.76,721949.33,2026-03-03,Manually reported
2026-03-03,AC0008,761793.48,692180.22,2026-03-04,Manually reported
2026-03-04,AC0008,867550.04,772833.61,2026-03-05,Manually reported
2026-03-05,AC0008,869135.2,850431.49,2026-03-06,Manually reported
2026-03-06,AC0008,776624.12,693793.53,2026-03-07,Manually reported
2026-03-07,AC0008,779232.43,718759.74,2026-03-08,Manually reported
2026-03-08,AC0008,794145.13,729047.93,2026-03-09,Manually reported
2026-03-09,AC0008,731808.52,682515.71,2026-03-10,Manually reported
2026-03-10,AC0008,672020.22,635816.92,2026-03-11,Manually reported
2026-03-11,AC0008,943870.25,913350.02,2026-03-12,Manually reported
2026-03-12,AC0008,927031.43,867434.02,2026-03-13,Manually reported
2026-03-13,AC0008,857780.29,817830.66,2026-03-14,Manually reported
2026-03-14,AC0008,763319.45,705184.07,2026-03-15,Manually reported
2026-03-15,AC0008,771209.46,751076.19,2026-03-16,Manually reported
2026-03-16,AC0008,684200.88,635480.72,2026-03-17,Manually reported
2026-03-17,AC0008,711330.75,664449.27,2026-03-18,Manually reported
2026-03-18,AC0008,617620.11,545660.47,2026-03-19,Manually reported
2026-03-19,AC0008,800960.43,783020.32,2026-03-20,Manually reported
2026-03-20,AC0008,932309.64,916691.29,2026-03-21,Manually reported
2026-03-21,AC0008,778139.56,740637.45,2026-03-22,Manually reported
2026-03-22,AC0008,781162.13,767962.18,2026-03-23,Manually reported
2026-03-23,AC0008,805952.78,726078.54,2026-03-24,Manually reported
2026-03-24,AC0008,711104.85,633510.2,2026-03-25,Manually reported
2026-03-25,AC0008,848129.84,808750.37,2026-03-26,Manually reported
2026-03-26,AC0008,826994.26,747486.64,2026-03-27,Manually reported
2026-03-27,AC0008,916124.11,896350.58,2026-03-28,Manually reported
2026-03-28,AC0008,836634.13,820940.83,2026-03-29,Manually reported
2026-03-29,AC0008,799430.67,760167.01,2026-03-30,Manually reported
2026-03-30,AC0008,673949.45,649519.24,2026-03-31,Manually reported
2026-03-31,AC0008,575485.18,533669.04,2026-04-01,Manually reported
2026-04-01,AC0008,662633.04,612449.65,2026-04-02,Manually reported
2026-04-02,AC0008,823319.71,787042.23,2026-04-03,Manually reported
2026-04-03,AC0008,754520.12,733271.13,2026-04-04,Manually reported
2026-04-04,AC0008,828960.28,761360.08,2026-04-05,Manually reported
2026-04-05,AC0008,787502.05,744676.96,2026-04-06,Manually reported
2026-04-06,AC0008,754995.45,741534.14,2026-04-07,Manually reported
2026-04-07,AC0008,649644.66,579944.64,2026-04-08,Manually reported
2026-04-08,AC0008,789150.73,776446.44,2026-04-09,Manually reported
2026-04-09,AC0008,863988.02,841122.57,2026-04-10,Manually reported
2026-04-10,AC0008,854252.02,761034.38,2026-04-11,Manually reported
2026-04-11,AC0008,814253.5,781664.21,2026-04-12,Manually reported
2026-04-12,AC0008,676720.86,612961.9,2026-04-13,Manually reported
2026-04-13,AC0008,713794.22,656032.1,2026-04-14,Manually reported
2026-04-14,AC0008,654920.01,642495.93,2026-04-15,Manually reported
2026-04-15,AC0008,731511.39,678479.88,2026-04-16,Manually reported
2026-04-16,AC0008,761394.79,716847.65,2026-04-17,Manually reported
2026-04-17,AC0008,986540.2,881880.92,2026-04-18,Manually reported
2026-04-18,AC0008,850408.08,840969.56,2026-04-19,Manually reported
2026-04-19,AC0008,650344.48,595634.52,2026-04-20,Manually reported
2026-04-20,AC0008,748037.38,680439.97,2026-04-21,Manually reported
2026-04-21,AC0008,780125.26,766740.17,2026-04-22,Manually reported
2026-04-22,AC0008,795897.3,706837.44,2026-04-23,Manually reported
2026-04-23,AC0008,864107.77,791010.5,2026-04-24,Manually reported
2026-04-24,AC0008,719135.96,677240.34,2026-04-25,Manually reported
2026-04-25,AC0008,918131.89,891980.13,2026-04-26,Manually reported
2026-04-26,AC0008,764795.85,746180.17,2026-04-27,Manually reported
2026-04-27,AC0008,672725.3,605181.12,2026-04-28,Manually reported
2026-04-28,AC0008,691477.84,642405.78,2026-04-29,Manually reported
2026-04-29,AC0008,691452.67,628384.56,2026-04-30,Manually reported
2026-04-30,AC0008,789508.4,772593.57,2026-05-01,Manually reported
2026-05-01,AC0008,850923.49,757430.59,2026-05-02,Manually reported
2026-05-02,AC0008,905780.99,835259.05,2026-05-03,Manually reported
2026-05-03,AC0008,661742.13,627679.76,2026-05-04,Manually reported
2026-05-04,AC0008,655746.58,608050.73,2026-05-05,Manually reported
2026-05-05,AC0008,650040.71,577231.37,2026-05-06,Manually reported
2026-05-06,AC0008,831353.24,775429.5,2026-05-07,Manually reported
2026-05-07,AC0008,865830.02,844045.93,2026-05-08,Manually reported
2026-05-08,AC0008,842209.01,742912.19,2026-05-09,Manually reported
2026-05-09,AC0008,762024.32,740697.19,2026-05-10,Manually reported
2026-05-10,AC0008,777189.63,766858.86,2026-05-11,Manually reported
2026-05-11,AC0008,697950.36,672810.38,2026-05-12,Manually reported
2026-05-12,AC0008,736789.56,664467.14,2026-05-13,Manually reported
2026-05-13,AC0008,760680.83,750092.94,2026-05-14,Manually reported
2026-05-14,AC0008,803889.61,733482.48,2026-05-15,Manually reported
2026-05-15,AC0008,870078.3,776604.73,2026-05-16,Manually reported
2026-05-16,AC0008,798475.67,751470.51,2026-05-17,Manually reported
2026-05-17,AC0008,744190.81,716299.41,2026-05-18,Manually reported
2026-05-18,AC0008,806682.52,753204.1,2026-05-19,Manually reported
2026-05-19,AC0008,611236.79,590064.97,2026-05-20,Manually reported
2026-05-20,AC0008,774437.97,716095.03,2026-05-21,Manually reported
2026-05-21,AC0008,919495.59,813346.47,2026-05-22,Manually reported
2026-05-22,AC0008,883919.25,779317.38,2026-05-23,Manually reported
2026-05-23,AC0008,720035.01,655634.37,2026-05-24,Manually reported
2026-05-24,AC0008,873531.07,827437.01,2026-05-25,Manually reported
2026-05-25,AC0008,630493.98,583723.83,2026-05-26,Manually reported
2026-05-26,AC0008,748819.84,739806.16,2026-05-27,Manually reported
2026-05-27,AC0008,746590.99,735095.66,2026-05-28,Manually reported
2026-05-28,AC0008,823917.93,751691.28,2026-05-29,Manually reported
2026-05-29,AC0008,826476.62,805917.18,2026-05-30,Manually reported
2026-05-30,AC0008,817125.56,738350.06,2026-05-31,Manually reported
2026-05-31,AC0008,823746.36,762413.4,2026-06-01,Manually reported
2026-06-01,AC0008,684303.01,605345.97,2026-06-02,Manually reported
2026-06-02,AC0008,658704.88,635626.47,2026-06-03,Manually reported
2026-06-03,AC0008,777593.81,758348.76,2026-06-04,Manually reported
2026-06-04,AC0008,746216.44,668347.78,2026-06-05,Manually reported
2026-06-05,AC0008,880418.65,779754.15,2026-06-06,Manually reported
2026-06-06,AC0008,873730.04,816464.6,2026-06-07,Manually reported
2026-06-07,AC0008,886515.19,820507.16,2026-06-08,Manually reported
2026-06-08,AC0008,723923.76,702290.19,2026-06-09,Manually reported
2026-06-09,AC0008,660490.46,583332.74,2026-06-10,Manually reported
2026-06-10,AC0008,763542.88,711579.86,2026-06-11,Manually reported
2026-06-11,AC0008,854156.07,775679.32,2026-06-12,Manually reported
2026-06-12,AC0008,796116.46,782111.57,2026-06-13,Manually reported
2026-06-13,AC0008,843904.2,755557.36,2026-06-14,Manually reported
2026-06-14,AC0008,748635.66,726731.86,2026-06-15,Manually reported
2026-06-15,AC0008,741304.97,698434.08,2026-06-16,Manually reported
2026-06-16,AC0008,679810.81,647668.7,2026-06-17,Manually reported
2026-06-17,AC0008,783636.67,731982.25,2026-06-18,Manually reported
2026-06-18,AC0008,901710.99,808492.86,2026-06-19,Manually reported
2026-06-19,AC0008,749787.47,712223.74,2026-06-20,Manually reported
2026-06-20,AC0008,843993.62,821777.87,2026-06-21,Manually reported
2026-06-21,AC0008,760718.06,746343.23,2026-06-22,Manually reported
2026-06-22,AC0008,720357.21,651443.27,2026-06-23,Manually reported
2026-06-23,AC0008,720639.91,697812.89,2026-06-24,Manually reported
2026-06-24,AC0008,804207.96,743406.62,2026-06-25,Manually reported
2026-06-25,AC0008,892596.47,799467.56,2026-06-26,Manually reported
2026-06-26,AC0008,880032.59,814844.49,2026-06-27,Manually reported
2026-06-27,AC0008,916811.15,890484.56,2026-06-28,Manually reported
2026-06-28,AC0008,743168.06,675427.94,2026-06-29,Manually reported
2026-06-29,AC0008,761441.45,744219.78,2026-06-30,Manually reported
2026-06-30,AC0008,670556.82,610367.38,2026-07-01,Manually reported
2026-01-01,AC0009,23903.14,23579.3,2026-01-02,Manually reported
2026-01-02,AC0009,23064.99,20795.13,2026-01-03,Manually reported
2026-01-03,AC0009,21944.84,21016.14,2026-01-04,Manually reported
2026-01-04,AC0009,22150.1,21335.15,2026-01-05,Manually reported
2026-01-05,AC0009,23123.2,22767.14,2026-01-06,Manually reported
2026-01-06,AC0009,23182.02,22011.16,2026-01-07,Manually reported
2026-01-07,AC0009,21976.45,19630.24,2026-01-08,Manually reported
2026-01-08,AC0009,21811.23,19987.62,2026-01-09,Manually reported
2026-01-09,AC0009,22302.81,20217.88,2026-01-10,Manually reported
2026-01-10,AC0009,23311.97,21677.08,2026-01-11,Manually reported
2026-01-11,AC0009,23910.03,22877.96,2026-01-12,Manually reported
2026-01-12,AC0009,24080.86,21632.88,2026-01-13,Manually reported
2026-01-13,AC0009,22883.3,20769.12,2026-01-14,Manually reported
2026-01-14,AC0009,22225.57,21356.06,2026-01-15,Manually reported
2026-01-15,AC0009,22731.38,21222.78,2026-01-16,Manually reported
2026-01-16,AC0009,23245.96,21482.1,2026-01-17,Manually reported
2026-01-17,AC0009,23049.5,22022.92,2026-01-18,Manually reported
2026-01-18,AC0009,23217.42,22713.29,2026-01-19,Manually reported
2026-01-19,AC0009,23085.36,21829.11,2026-01-20,Manually reported
2026-01-20,AC0009,23010.81,20588.61,2026-01-21,Manually reported
2026-01-21,AC0009,22776.49,21651.16,2026-01-22,Manually reported
2026-01-22,AC0009,22148.17,19574.7,2026-01-23,Manually reported
2026-01-23,AC0009,22304.1,21161.74,2026-01-24,Manually reported
2026-01-24,AC0009,23152.6,20673.27,2026-01-25,Manually reported
2026-01-25,AC0009,22564.57,22228.52,2026-01-26,Manually reported
2026-01-26,AC0009,22813.98,20352.04,2026-01-27,Manually reported
2026-01-27,AC0009,22166.11,20368.81,2026-01-28,Manually reported
2026-01-28,AC0009,22860.44,21380.51,2026-01-29,Manually reported
2026-01-29,AC0009,22844.71,21512.41,2026-01-30,Manually reported
2026-01-30,AC0009,22081.11,20551.36,2026-01-31,Manually reported
2026-01-31,AC0009,22335.0,21792.56,2026-02-01,Manually reported
2026-02-01,AC0009,23512.87,21619.85,2026-02-02,Manually reported
2026-02-02,AC0009,22681.37,22370.27,2026-02-03,Manually reported
2026-02-03,AC0009,23290.79,22481.69,2026-02-04,Manually reported
2026-02-04,AC0009,22820.64,21060.46,2026-02-05,Manually reported
2026-02-05,AC0009,22565.39,20619.86,2026-02-06,Manually reported
2026-02-06,AC0009,23606.46,21179.82,2026-02-07,Manually reported
2026-02-07,AC0009,21915.33,21128.28,2026-02-08,Manually reported
2026-02-08,AC0009,22847.87,20805.53,2026-02-09,Manually reported
2026-02-09,AC0009,23391.42,22011.61,2026-02-10,Manually reported
2026-02-10,AC0009,22328.93,19735.41,2026-02-11,Manually reported
2026-02-11,AC0009,21684.48,20139.77,2026-02-12,Manually reported
2026-02-12,AC0009,22945.12,20840.97,2026-02-13,Manually reported
2026-02-13,AC0009,22509.47,20920.8,2026-02-14,Manually reported
2026-02-14,AC0009,22081.54,20167.64,2026-02-15,Manually reported
2026-02-15,AC0009,23558.55,20809.49,2026-02-16,Manually reported
2026-02-16,AC0009,23416.73,22003.51,2026-02-17,Manually reported
2026-02-17,AC0009,23515.42,21949.08,2026-02-18,Manually reported
2026-02-18,AC0009,22080.94,21532.01,2026-02-19,Manually reported
2026-02-19,AC0009,23558.31,22217.39,2026-02-20,Manually reported
2026-02-20,AC0009,22972.96,22165.62,2026-02-21,Manually reported
2026-02-21,AC0009,23595.37,22103.17,2026-02-22,Manually reported
2026-02-22,AC0009,23613.0,22794.63,2026-02-23,Manually reported
2026-02-23,AC0009,21976.6,19933.66,2026-02-24,Manually reported
2026-02-24,AC0009,22761.51,22442.02,2026-02-25,Manually reported
2026-02-25,AC0009,23443.14,21642.62,2026-02-26,Manually reported
2026-02-26,AC0009,22279.51,20408.98,2026-02-27,Manually reported
2026-02-27,AC0009,22343.49,20172.2,2026-02-28,Manually reported
2026-02-28,AC0009,23051.43,22511.02,2026-03-01,Manually reported
2026-03-01,AC0009,23703.65,22839.93,2026-03-02,Manually reported
2026-03-02,AC0009,22363.98,21455.19,2026-03-03,Manually reported
2026-03-03,AC0009,20901.83,20507.89,2026-03-04,Manually reported
2026-03-04,AC0009,22515.48,21949.06,2026-03-05,Manually reported
2026-03-05,AC0009,23138.28,22823.87,2026-03-06,Manually reported
2026-03-06,AC0009,23229.7,22444.3,2026-03-07,Manually reported
2026-03-07,AC0009,24044.67,22416.96,2026-03-08,Manually reported
2026-03-08,AC0009,22500.28,20460.33,2026-03-09,Manually reported
2026-03-09,AC0009,22517.34,21689.85,2026-03-10,Manually reported
2026-03-10,AC0009,22934.54,22066.06,2026-03-11,Manually reported
2026-03-11,AC0009,22368.94,21914.86,2026-03-12,Manually reported
2026-03-12,AC0009,22859.34,20203.05,2026-03-13,Manually reported
2026-03-13,AC0009,24140.2,22576.11,2026-03-14,Manually reported
2026-03-14,AC0009,21245.1,20122.95,2026-03-15,Manually reported
2026-03-15,AC0009,23256.55,22103.98,2026-03-16,Manually reported
2026-03-16,AC0009,22679.69,21123.16,2026-03-17,Manually reported
2026-03-17,AC0009,23660.5,22739.0,2026-03-18,Manually reported
2026-03-18,AC0009,22867.19,22418.37,2026-03-19,Manually reported
2026-03-19,AC0009,22787.23,22008.54,2026-03-20,Manually reported
2026-03-20,AC0009,23435.22,21240.94,2026-03-21,Manually reported
2026-03-21,AC0009,23805.54,22201.97,2026-03-22,Manually reported
2026-03-22,AC0009,22374.31,20443.72,2026-03-23,Manually reported
2026-03-23,AC0009,21988.26,19908.73,2026-03-24,Manually reported
2026-03-24,AC0009,22251.13,21909.78,2026-03-25,Manually reported
2026-03-25,AC0009,21198.83,19828.34,2026-03-26,Manually reported
2026-03-26,AC0009,22433.28,20231.1,2026-03-27,Manually reported
2026-03-27,AC0009,23682.92,21603.51,2026-03-28,Manually reported
2026-03-28,AC0009,21604.18,21120.96,2026-03-29,Manually reported
2026-03-29,AC0009,22934.31,20797.73,2026-03-30,Manually reported
2026-03-30,AC0009,22310.23,21615.81,2026-03-31,Manually reported
2026-03-31,AC0009,22619.92,21842.44,2026-04-01,Manually reported
2026-04-01,AC0009,23048.94,20815.33,2026-04-02,Manually reported
2026-04-02,AC0009,21718.33,20657.55,2026-04-03,Manually reported
2026-04-03,AC0009,23048.58,21836.55,2026-04-04,Manually reported
2026-04-04,AC0009,21865.97,20700.34,2026-04-05,Manually reported
2026-04-05,AC0009,22305.75,21544.4,2026-04-06,Manually reported
2026-04-06,AC0009,24189.0,21862.52,2026-04-07,Manually reported
2026-04-07,AC0009,22004.21,20844.2,2026-04-08,Manually reported
2026-04-08,AC0009,22346.89,21870.69,2026-04-09,Manually reported
2026-04-09,AC0009,22597.29,20012.23,2026-04-10,Manually reported
2026-04-10,AC0009,22586.84,20357.66,2026-04-11,Manually reported
2026-04-11,AC0009,22242.22,20648.43,2026-04-12,Manually reported
2026-04-12,AC0009,22124.22,20684.6,2026-04-13,Manually reported
2026-04-13,AC0009,22646.21,21787.05,2026-04-14,Manually reported
2026-04-14,AC0009,22737.09,20675.14,2026-04-15,Manually reported
2026-04-15,AC0009,22843.06,20113.26,2026-04-16,Manually reported
2026-04-16,AC0009,22914.63,21224.29,2026-04-17,Manually reported
2026-04-17,AC0009,23581.06,20971.43,2026-04-18,Manually reported
2026-04-18,AC0009,22786.96,20450.86,2026-04-19,Manually reported
2026-04-19,AC0009,23276.68,21043.51,2026-04-20,Manually reported
2026-04-20,AC0009,23571.19,21697.05,2026-04-21,Manually reported
2026-04-21,AC0009,23984.08,21237.59,2026-04-22,Manually reported
2026-04-22,AC0009,22635.96,21452.79,2026-04-23,Manually reported
2026-04-23,AC0009,23360.41,20779.69,2026-04-24,Manually reported
2026-04-24,AC0009,23162.69,21927.73,2026-04-25,Manually reported
2026-04-25,AC0009,22834.79,21845.07,2026-04-26,Manually reported
2026-04-26,AC0009,22449.73,21691.38,2026-04-27,Manually reported
2026-04-27,AC0009,22733.41,20723.36,2026-04-28,Manually reported
2026-04-28,AC0009,22529.0,21496.13,2026-04-29,Manually reported
2026-04-29,AC0009,23781.04,22742.55,2026-04-30,Manually reported
2026-04-30,AC0009,22580.25,20597.13,2026-05-01,Manually reported
2026-05-01,AC0009,22392.81,20801.47,2026-05-02,Manually reported
2026-05-02,AC0009,22939.46,20981.85,2026-05-03,Manually reported
2026-05-03,AC0009,22910.18,20895.72,2026-05-04,Manually reported
2026-05-04,AC0009,21681.9,20179.48,2026-05-05,Manually reported
2026-05-05,AC0009,22724.47,20854.61,2026-05-06,Manually reported
2026-05-06,AC0009,22706.77,21941.83,2026-05-07,Manually reported
2026-05-07,AC0009,22677.61,21098.37,2026-05-08,Manually reported
2026-05-08,AC0009,22749.99,20566.8,2026-05-09,Manually reported
2026-05-09,AC0009,23376.1,22578.72,2026-05-10,Manually reported
2026-05-10,AC0009,23813.09,21036.36,2026-05-11,Manually reported
2026-05-11,AC0009,23235.26,21811.55,2026-05-12,Manually reported
2026-05-12,AC0009,22926.87,21725.73,2026-05-13,Manually reported
2026-05-13,AC0009,23229.81,22663.29,2026-05-14,Manually reported
2026-05-14,AC0009,22942.6,22234.26,2026-05-15,Manually reported
2026-05-15,AC0009,22986.99,21662.01,2026-05-16,Manually reported
2026-05-16,AC0009,23188.22,21307.52,2026-05-17,Manually reported
2026-05-17,AC0009,22776.12,20080.41,2026-05-18,Manually reported
2026-05-18,AC0009,22178.75,20461.36,2026-05-19,Manually reported
2026-05-19,AC0009,22887.39,21474.09,2026-05-20,Manually reported
2026-05-20,AC0009,22271.75,19833.56,2026-05-21,Manually reported
2026-05-21,AC0009,22713.9,20894.59,2026-05-22,Manually reported
2026-05-22,AC0009,24376.82,22844.63,2026-05-23,Manually reported
2026-05-23,AC0009,23010.07,22289.16,2026-05-24,Manually reported
2026-05-24,AC0009,21942.86,19762.21,2026-05-25,Manually reported
2026-05-25,AC0009,21816.76,20154.95,2026-05-26,Manually reported
2026-05-26,AC0009,23457.89,22156.97,2026-05-27,Manually reported
2026-05-27,AC0009,23037.24,20895.83,2026-05-28,Manually reported
2026-05-28,AC0009,23186.17,22830.43,2026-05-29,Manually reported
2026-05-29,AC0009,22652.1,21156.84,2026-05-30,Manually reported
2026-05-30,AC0009,22839.04,21683.84,2026-05-31,Manually reported
2026-05-31,AC0009,22691.57,20177.07,2026-06-01,Manually reported
2026-06-01,AC0009,22975.81,20738.16,2026-06-02,Manually reported
2026-06-02,AC0009,24378.34,23181.69,2026-06-03,Manually reported
2026-06-03,AC0009,22575.16,21646.26,2026-06-04,Manually reported
2026-06-04,AC0009,22695.38,22208.55,2026-06-05,Manually reported
2026-06-05,AC0009,23452.82,23138.43,2026-06-06,Manually reported
2026-06-06,AC0009,22206.07,20144.21,2026-06-07,Manually reported
2026-06-07,AC0009,22110.55,21296.04,2026-06-08,Manually reported
2026-06-08,AC0009,22922.93,20437.02,2026-06-09,Manually reported
2026-06-09,AC0009,23010.32,21504.53,2026-06-10,Manually reported
2026-06-10,AC0009,22836.08,22047.04,2026-06-11,Manually reported
2026-06-11,AC0009,23486.33,23041.38,2026-06-12,Manually reported
2026-06-12,AC0009,23048.67,22582.06,2026-06-13,Manually reported
2026-06-13,AC0009,22780.92,21805.06,2026-06-14,Manually reported
2026-06-14,AC0009,22988.76,20254.82,2026-06-15,Manually reported
2026-06-15,AC0009,21838.72,20417.06,2026-06-16,Manually reported
2026-06-16,AC0009,21478.02,20192.68,2026-06-17,Manually reported
2026-06-17,AC0009,22957.94,22309.56,2026-06-18,Manually reported
2026-06-18,AC0009,22231.73,20277.41,2026-06-19,Manually reported
2026-06-19,AC0009,23323.69,20903.73,2026-06-20,Manually reported
2026-06-20,AC0009,23484.3,21766.8,2026-06-21,Manually reported
2026-06-21,AC0009,22190.97,20011.8,2026-06-22,Manually reported
2026-06-22,AC0009,22469.94,21480.23,2026-06-23,Manually reported
2026-06-23,AC0009,23467.0,22097.46,2026-06-24,Manually reported
2026-06-24,AC0009,22312.69,21480.35,2026-06-25,Manually reported
2026-06-25,AC0009,22413.03,21504.93,2026-06-26,Manually reported
2026-06-26,AC0009,22711.47,21182.26,2026-06-27,Manually reported
2026-06-27,AC0009,22504.99,21485.09,2026-06-28,Manually reported
2026-06-28,AC0009,22823.87,20451.14,2026-06-29,Manually reported
2026-06-29,AC0009,23779.84,21549.12,2026-06-30,Manually reported
2026-06-30,AC0009,22090.08,21747.1,2026-07-01,Manually reported
2026-01-01,AC0010,3574088.99,3194465.71,2026-01-03,Estimated
2026-01-02,AC0010,3734492.09,3357462.71,2026-01-04,Estimated
2026-01-03,AC0010,4258102.92,3903113.65,2026-01-05,Estimated
2026-01-04,AC0010,4239794.68,4067480.45,2026-01-06,Estimated
2026-01-05,AC0010,3976536.26,3827443.05,2026-01-07,Estimated
2026-01-06,AC0010,3917725.45,3485254.41,2026-01-08,Estimated
2026-01-07,AC0010,4110651.21,3687015.18,2026-01-09,Estimated
2026-01-08,AC0010,3995199.86,3932185.53,2026-01-10,Estimated
2026-01-09,AC0010,4579562.76,4503018.49,2026-01-11,Estimated
2026-01-10,AC0010,4464613.11,4110116.75,2026-01-12,Estimated
2026-01-11,AC0010,4543918.64,4067067.73,2026-01-13,Estimated
2026-01-12,AC0010,4373319.26,4090326.34,2026-01-14,Estimated
2026-01-13,AC0010,4192454.02,3989579.83,2026-01-16,Estimated
2026-01-14,AC0010,3890167.65,3674157.02,2026-01-16,Estimated
2026-01-15,AC0010,4218212.68,4163704.99,2026-01-17,Estimated
2026-01-16,AC0010,3570454.78,3454745.01,2026-01-18,Estimated
2026-01-17,AC0010,4034505.87,3695681.91,2026-01-19,Estimated
2026-01-18,AC0010,4535598.12,4347822.89,2026-01-21,Estimated
2026-01-19,AC0010,4654804.49,4258425.64,2026-01-22,Estimated
2026-01-20,AC0010,4394345.36,4299853.01,2026-01-22,Estimated
2026-01-21,AC0010,3503780.41,3176258.46,2026-01-23,Estimated
2026-01-22,AC0010,3530642.2,3238493.48,2026-01-25,Estimated
2026-01-23,AC0010,3839667.79,3783476.88,2026-01-26,Estimated
2026-01-24,AC0010,4398421.52,4179585.15,2026-01-26,Estimated
2026-01-25,AC0010,5046645.32,4803170.33,2026-01-27,Estimated
2026-01-26,AC0010,4443781.74,4035668.07,2026-01-28,Estimated
2026-01-27,AC0010,4176882.61,3895080.0,2026-01-29,Estimated
2026-01-28,AC0010,3709890.41,3649547.22,2026-01-30,Estimated
2026-01-29,AC0010,3854057.89,3608304.99,2026-01-31,Estimated
2026-01-30,AC0010,4187810.96,3752728.41,2026-02-01,Estimated
2026-01-31,AC0010,3900047.57,3806150.7,2026-02-03,Estimated
2026-02-01,AC0010,4100478.22,3874404.03,2026-02-03,Estimated
2026-02-02,AC0010,4486248.29,4232364.29,2026-02-04,Estimated
2026-02-03,AC0010,4230054.83,3930534.03,2026-02-05,Estimated
2026-02-04,AC0010,3857855.13,3539774.54,2026-02-07,Estimated
2026-02-05,AC0010,4254566.15,4025616.8,2026-02-07,Estimated
2026-02-06,AC0010,3097058.83,2802168.51,2026-02-08,Estimated
2026-02-07,AC0010,4613995.61,4535147.41,2026-02-09,Estimated
2026-02-08,AC0010,4632338.28,4161680.55,2026-02-11,Estimated
2026-02-09,AC0010,4789541.38,4296098.76,2026-02-12,Estimated
2026-02-10,AC0010,4297348.31,3923776.28,2026-02-12,Estimated
2026-02-11,AC0010,4640116.41,4133386.55,2026-02-13,Estimated
2026-02-12,AC0010,4513056.61,4103084.48,2026-02-14,Estimated
2026-02-13,AC0010,3968311.48,3582148.48,2026-02-15,Estimated
2026-02-14,AC0010,4673968.26,4481159.26,2026-02-17,Estimated
2026-02-15,AC0010,4266327.5,4173514.17,2026-02-17,Estimated
2026-02-16,AC0010,4464221.64,4310241.95,2026-02-18,Estimated
2026-02-17,AC0010,5158969.82,4633042.25,2026-02-19,Estimated
2026-02-18,AC0010,3838003.55,3637052.97,2026-02-20,Estimated
2026-02-19,AC0010,3771387.32,3644523.01,2026-02-21,Estimated
2026-02-20,AC0010,4559276.03,4233298.65,2026-02-22,Estimated
2026-02-21,AC0010,4529060.1,4463773.36,2026-02-23,Estimated
2026-02-22,AC0010,4260734.77,4119255.01,2026-02-25,Estimated
2026-02-23,AC0010,5148355.66,5007810.21,2026-02-25,Estimated
2026-02-24,AC0010,3988365.22,3750530.33,2026-02-27,Estimated
2026-02-25,AC0010,3811719.63,3592564.15,2026-02-27,Estimated
2026-02-26,AC0010,3971649.33,3892712.7,2026-02-28,Estimated
2026-02-27,AC0010,4285880.22,3843840.83,2026-03-01,Estimated
2026-02-28,AC0010,4795457.01,4742495.21,2026-03-02,Estimated
2026-03-01,AC0010,4899570.92,4312842.08,2026-03-03,Estimated
2026-03-02,AC0010,4446628.36,4229933.15,2026-03-05,Estimated
2026-03-03,AC0010,4606308.74,4337761.36,2026-03-05,Estimated
2026-03-04,AC0010,4512568.16,4013773.61,2026-03-06,Estimated
2026-03-05,AC0010,3861982.09,3747750.63,2026-03-08,Estimated
2026-03-06,AC0010,3599460.66,3292231.54,2026-03-08,Estimated
2026-03-07,AC0010,3993264.32,3787911.86,2026-03-09,Estimated
2026-03-08,AC0010,4575318.57,4301258.33,2026-03-10,Estimated
2026-03-09,AC0010,3732849.35,3562806.43,2026-03-11,Estimated
2026-03-10,AC0010,3914758.04,3591007.85,2026-03-12,Estimated
2026-03-11,AC0010,4124749.64,4012053.15,2026-03-13,Estimated
2026-03-12,AC0010,4274934.1,4094603.64,2026-03-14,Estimated
2026-03-13,AC0010,4044878.89,3570650.49,2026-03-16,Estimated
2026-03-14,AC0010,4737462.95,4317739.08,2026-03-16,Estimated
2026-03-15,AC0010,4794539.77,4558926.36,2026-03-17,Estimated
2026-03-16,AC0010,4817128.8,4468292.28,2026-03-19,Estimated
2026-03-17,AC0010,4491628.42,4007433.36,2026-03-20,Estimated
2026-03-18,AC0010,4461879.92,4159965.79,2026-03-20,Estimated
2026-03-19,AC0010,3391105.67,3019719.39,2026-03-21,Estimated
2026-03-20,AC0010,4617724.17,4070611.53,2026-03-22,Estimated
2026-03-21,AC0010,4534650.24,4128073.75,2026-03-23,Estimated
2026-03-22,AC0010,5029904.2,4822579.42,2026-03-25,Estimated
2026-03-23,AC0010,4354179.53,3930898.04,2026-03-25,Estimated
2026-03-24,AC0010,4127703.83,3910737.23,2026-03-26,Estimated
2026-03-25,AC0010,4146949.78,3936843.05,2026-03-28,Estimated
2026-03-26,AC0010,3566725.28,3448439.21,2026-03-29,Estimated
2026-03-27,AC0010,4341329.58,4259184.73,2026-03-29,Estimated
2026-03-28,AC0010,4131018.34,3997408.21,2026-03-31,Estimated
2026-03-29,AC0010,4662533.98,4350036.27,2026-03-31,Estimated
2026-03-30,AC0010,4336239.97,3888292.04,2026-04-01,Estimated
2026-03-31,AC0010,4481948.62,3997930.92,2026-04-02,Estimated
2026-04-01,AC0010,3753472.02,3414144.2,2026-04-03,Estimated
2026-04-02,AC0010,4578665.43,4423983.26,2026-04-05,Estimated
2026-04-03,AC0010,3835729.29,3663932.61,2026-04-05,Estimated
2026-04-04,AC0010,4626313.82,4549849.09,2026-04-06,Estimated
2026-04-05,AC0010,4412508.44,4006808.8,2026-04-07,Estimated
2026-04-06,AC0010,4580194.78,4057488.86,2026-04-08,Estimated
2026-04-07,AC0010,4098603.3,3795475.98,2026-04-09,Estimated
2026-04-08,AC0010,3434228.12,3123736.2,2026-04-10,Estimated
2026-04-09,AC0010,3668476.49,3304301.43,2026-04-12,Estimated
2026-04-10,AC0010,3807486.52,3387179.18,2026-04-12,Estimated
2026-04-11,AC0010,4875939.15,4668854.25,2026-04-13,Estimated
2026-04-12,AC0010,4508848.3,4011391.95,2026-04-14,Estimated
2026-04-13,AC0010,4849177.26,4585748.26,2026-04-16,Estimated
2026-04-14,AC0010,4001993.26,3768016.8,2026-04-16,Estimated
2026-04-15,AC0010,3489179.55,3187795.9,2026-04-17,Estimated
2026-04-16,AC0010,3708622.54,3458913.53,2026-04-19,Estimated
2026-04-17,AC0010,3813640.85,3767461.29,2026-04-19,Estimated
2026-04-18,AC0010,4406443.24,4345307.64,2026-04-20,Estimated
2026-04-19,AC0010,5217709.61,5081070.08,2026-04-21,Estimated
2026-04-20,AC0010,4398188.55,3895257.83,2026-04-22,Estimated
2026-04-21,AC0010,3816276.03,3497008.3,2026-04-23,Estimated
2026-04-22,AC0010,4131918.2,3863477.6,2026-04-24,Estimated
2026-04-23,AC0010,4113196.78,3840373.4,2026-04-26,Estimated
2026-04-24,AC0010,3671225.12,3388307.58,2026-04-26,Estimated
2026-04-25,AC0010,4243611.96,4065964.08,2026-04-27,Estimated
2026-04-26,AC0010,4257877.82,4142901.81,2026-04-29,Estimated
2026-04-27,AC0010,4351528.78,4112440.81,2026-04-29,Estimated
2026-04-28,AC0010,4448930.27,4008027.57,2026-04-30,Estimated
2026-04-29,AC0010,4384981.31,3893425.64,2026-05-01,Estimated
2026-04-30,AC0010,3895444.09,3526397.7,2026-05-02,Estimated
2026-05-01,AC0010,4342481.39,4118391.31,2026-05-03,Estimated
2026-05-02,AC0010,4602708.32,4054922.58,2026-05-04,Estimated
2026-05-03,AC0010,4329663.73,4263558.53,2026-05-05,Estimated
2026-05-04,AC0010,4836536.24,4706881.56,2026-05-07,Estimated
2026-05-05,AC0010,3694743.86,3347736.59,2026-05-07,Estimated
2026-05-06,AC0010,3615633.08,3261008.02,2026-05-08,Estimated
2026-05-07,AC0010,4277459.35,3774270.35,2026-05-09,Estimated
2026-05-08,AC0010,4268516.15,4155325.32,2026-05-10,Estimated
2026-05-09,AC0010,4658098.71,4107199.18,2026-05-11,Estimated
2026-05-10,AC0010,4549442.78,4412418.07,2026-05-13,Estimated
2026-05-11,AC0010,4807698.31,4513496.15,2026-05-13,Estimated
2026-05-12,AC0010,4200192.71,4100194.71,2026-05-14,Estimated
2026-05-13,AC0010,4018442.16,3866415.02,2026-05-16,Estimated
2026-05-14,AC0010,3528587.27,3435014.44,2026-05-17,Estimated
2026-05-15,AC0010,4161998.44,3896008.52,2026-05-17,Estimated
2026-05-16,AC0010,5060717.09,4854420.55,2026-05-18,Estimated
2026-05-17,AC0010,4192763.05,4052586.67,2026-05-19,Estimated
2026-05-18,AC0010,4595415.51,4527973.22,2026-05-20,Estimated
2026-05-19,AC0010,4836990.72,4677063.47,2026-05-21,Estimated
2026-05-20,AC0010,3783898.91,3396787.26,2026-05-22,Estimated
2026-05-21,AC0010,3295833.23,3059738.52,2026-05-24,Estimated
2026-05-22,AC0010,3768167.6,3458826.29,2026-05-24,Estimated
2026-05-23,AC0010,4347705.92,4248219.78,2026-05-25,Estimated
2026-05-24,AC0010,3985086.75,3602317.67,2026-05-26,Estimated
2026-05-25,AC0010,4313471.59,3946276.59,2026-05-27,Estimated
2026-05-26,AC0010,4179520.58,3759762.55,2026-05-28,Estimated
2026-05-27,AC0010,3716502.66,3521575.37,2026-05-29,Estimated
2026-05-28,AC0010,3802835.27,3555263.85,2026-05-30,Estimated
2026-05-29,AC0010,4326120.74,3811434.37,2026-06-01,Estimated
2026-05-30,AC0010,4530404.64,4058673.94,2026-06-01,Estimated
2026-05-31,AC0010,4326555.11,4001807.61,2026-06-02,Estimated
2026-06-01,AC0010,4326415.63,4062819.42,2026-06-03,Estimated
2026-06-02,AC0010,4543602.44,4247913.4,2026-06-04,Estimated
2026-06-03,AC0010,3246285.28,3020562.94,2026-06-05,Estimated
2026-06-04,AC0010,3783345.68,3688276.09,2026-06-06,Estimated
2026-06-05,AC0010,3762724.0,3427792.32,2026-06-07,Estimated
2026-06-06,AC0010,3953394.52,3650149.22,2026-06-08,Estimated
2026-06-07,AC0010,4987871.81,4569174.53,2026-06-09,Estimated
2026-06-08,AC0010,4632112.35,4154203.83,2026-06-10,Estimated
2026-06-09,AC0010,4449673.28,4345564.83,2026-06-12,Estimated
2026-06-10,AC0010,4135861.84,3770786.84,2026-06-12,Estimated
2026-06-11,AC0010,4246139.54,4037247.51,2026-06-14,Estimated
2026-06-12,AC0010,3423935.19,3386278.46,2026-06-14,Estimated
2026-06-13,AC0010,4403154.32,4176261.36,2026-06-15,Estimated
2026-06-14,AC0010,4262376.56,3953275.9,2026-06-16,Estimated
2026-06-15,AC0010,4742268.97,4274118.5,2026-06-17,Estimated
2026-06-16,AC0010,4500098.88,4351321.63,2026-06-18,Estimated
2026-06-17,AC0010,3883020.84,3462903.13,2026-06-19,Estimated
2026-06-18,AC0010,3718182.01,3322478.28,2026-06-20,Estimated
2026-06-19,AC0010,3913885.03,3530623.99,2026-06-21,Estimated
2026-06-20,AC0010,4680701.23,4476465.24,2026-06-22,Estimated
2026-06-21,AC0010,4546808.12,4351890.86,2026-06-23,Estimated
2026-06-22,AC0010,4309698.72,4034949.31,2026-06-24,Estimated
2026-06-23,AC0010,3917662.55,3531606.09,2026-06-25,Estimated
2026-06-24,AC0010,3880095.57,3461127.03,2026-06-26,Estimated
2026-06-25,AC0010,3963043.48,3839266.87,2026-06-27,Estimated
2026-06-26,AC0010,4149781.23,4009782.58,2026-06-29,Estimated
2026-06-27,AC0010,4339335.16,4210307.16,2026-06-30,Estimated
2026-06-28,AC0010,4524094.11,4405906.97,2026-06-30,Estimated
2026-06-29,AC0010,4755623.78,4578313.21,2026-07-01,Estimated
2026-06-30,AC0010,4439932.11,4302824.27,2026-07-02,Estimated
2026-01-01,AC0011,1869332.74,1794130.79,2026-01-01,Automated
2026-01-02,AC0011,2014015.2,1834696.82,2026-01-02,Automated
2026-01-03,AC0011,2016734.94,1988785.01,2026-01-03,Automated
2026-01-04,AC0011,2378430.55,2209459.71,2026-01-04,Automated
2026-01-05,AC0011,2417892.17,2258400.93,2026-01-05,Automated
2026-01-06,AC0011,2469122.7,2182613.76,2026-01-06,Automated
2026-01-07,AC0011,1864651.9,1737765.28,2026-01-07,Automated
2026-01-08,AC0011,1966699.61,1936278.04,2026-01-08,Automated
2026-01-09,AC0011,1841348.22,1664276.71,2026-01-09,Automated
2026-01-10,AC0011,2531558.29,2240611.58,2026-01-10,Automated
2026-01-11,AC0011,2586522.99,2451907.04,2026-01-11,Automated
2026-01-12,AC0011,2532549.97,2251128.38,2026-01-12,Automated
2026-01-13,AC0011,2046658.7,1803181.71,2026-01-13,Automated
2026-01-14,AC0011,2319153.43,2156662.7,2026-01-14,Automated
2026-01-15,AC0011,1880808.38,1725703.75,2026-01-15,Automated
2026-01-16,AC0011,1762322.91,1553932.69,2026-01-16,Automated
2026-01-17,AC0011,2214563.26,1977295.73,2026-01-17,Automated
2026-01-18,AC0011,2142016.27,2011730.51,2026-01-18,Automated
2026-01-19,AC0011,2333999.86,2294373.19,2026-01-19,Automated
2026-01-20,AC0011,2354108.05,2241216.28,2026-01-20,Automated
2026-01-21,AC0011,2070871.76,1939015.76,2026-01-21,Automated
2026-01-22,AC0011,2213846.99,2058577.93,2026-01-22,Automated
2026-01-23,AC0011,1895303.66,1712873.08,2026-01-23,Automated
2026-01-24,AC0011,2018638.55,1938036.29,2026-01-24,Automated
2026-01-25,AC0011,2290232.94,2213128.67,2026-01-25,Automated
2026-01-26,AC0011,2280586.5,2249569.8,2026-01-26,Automated
2026-01-27,AC0011,2057707.18,1978122.17,2026-01-27,Automated
2026-01-28,AC0011,2070417.49,1822560.6,2026-01-28,Automated
2026-01-29,AC0011,1810977.91,1700749.46,2026-01-29,Automated
2026-01-30,AC0011,1961528.13,1831029.18,2026-01-30,Automated
2026-01-31,AC0011,2018096.66,1791371.25,2026-01-31,Automated
2026-02-01,AC0011,2402119.29,2252924.73,2026-02-01,Automated
2026-02-02,AC0011,2614843.03,2386167.6,2026-02-02,Automated
2026-02-03,AC0011,2154645.15,2005083.91,2026-02-03,Automated
2026-02-04,AC0011,2158997.15,2026198.32,2026-02-04,Automated
2026-02-05,AC0011,1526381.44,1378451.3,2026-02-05,Automated
2026-02-06,AC0011,1841574.71,1715865.18,2026-02-06,Automated
2026-02-07,AC0011,2119497.89,2021527.91,2026-02-07,Automated
2026-02-08,AC0011,2279834.99,2093711.24,2026-02-08,Automated
2026-02-09,AC0011,2383970.35,2233692.66,2026-02-09,Automated
2026-02-10,AC0011,2064096.87,1852806.92,2026-02-10,Automated
2026-02-11,AC0011,2122561.23,1993314.52,2026-02-11,Automated
2026-02-12,AC0011,1949894.54,1791601.27,2026-02-12,Automated
2026-02-13,AC0011,1956366.63,1758434.95,2026-02-13,Automated
2026-02-14,AC0011,2065181.37,1860719.57,2026-02-14,Automated
2026-02-15,AC0011,2319216.26,2063752.24,2026-02-15,Automated
2026-02-16,AC0011,2266669.1,2210388.85,2026-02-16,Automated
2026-02-17,AC0011,1707581.93,1670427.61,2026-02-17,Automated
2026-02-18,AC0011,2436713.76,2374194.72,2026-02-18,Automated
2026-02-19,AC0011,2238927.79,2062704.25,2026-02-19,Automated
2026-02-20,AC0011,1861568.51,1746121.21,2026-02-20,Automated
2026-02-21,AC0011,2191301.43,2105993.22,2026-02-21,Automated
2026-02-22,AC0011,2419487.73,2306196.34,2026-02-22,Automated
2026-02-23,AC0011,2325939.22,2055736.82,2026-02-23,Automated
2026-02-24,AC0011,2132558.18,1995487.26,2026-02-24,Automated
2026-02-25,AC0011,1816753.76,1624964.5,2026-02-25,Automated
2026-02-26,AC0011,2112076.97,1942300.32,2026-02-26,Automated
2026-02-27,AC0011,1894659.26,1738353.15,2026-02-27,Automated
2026-02-28,AC0011,2021686.54,1902555.15,2026-02-28,Automated
2026-03-01,AC0011,2506460.18,2265291.63,2026-03-01,Automated
2026-03-02,AC0011,2586229.74,2551649.75,2026-03-02,Automated
2026-03-03,AC0011,2301687.53,2136872.88,2026-03-03,Automated
2026-03-04,AC0011,1928425.71,1766960.67,2026-03-04,Automated
2026-03-05,AC0011,1827231.25,1777249.8,2026-03-05,Automated
2026-03-06,AC0011,2108658.73,2062587.6,2026-03-06,Automated
2026-03-07,AC0011,2140923.93,1999430.54,2026-03-07,Automated
2026-03-08,AC0011,1958730.18,1935026.57,2026-03-08,Automated
2026-03-09,AC0011,2048088.95,1811393.14,2026-03-09,Automated
2026-03-10,AC0011,2304222.59,2202428.08,2026-03-10,Automated
2026-03-11,AC0011,2084725.92,2027233.49,2026-03-11,Automated
2026-03-12,AC0011,1911281.19,1707868.43,2026-03-12,Automated
2026-03-13,AC0011,1702261.3,1587320.02,2026-03-13,Automated
2026-03-14,AC0011,2343465.38,2073715.92,2026-03-14,Automated
2026-03-15,AC0011,2132123.73,1982076.14,2026-03-15,Automated
2026-03-16,AC0011,2266902.13,2190176.11,2026-03-16,Automated
2026-03-17,AC0011,2252260.4,2049323.69,2026-03-17,Automated
2026-03-18,AC0011,2006042.98,1939517.88,2026-03-18,Automated
2026-03-19,AC0011,1920358.03,1742779.8,2026-03-19,Automated
2026-03-20,AC0011,1630244.45,1592167.05,2026-03-20,Automated
2026-03-21,AC0011,2480093.93,2405186.97,2026-03-21,Automated
2026-03-22,AC0011,2481428.19,2314819.03,2026-03-22,Automated
2026-03-23,AC0011,2640206.18,2604175.04,2026-03-23,Automated
2026-03-24,AC0011,2109912.67,1917054.88,2026-03-24,Automated
2026-03-25,AC0011,1901027.91,1808627.35,2026-03-25,Automated
2026-03-26,AC0011,1754748.72,1577817.8,2026-03-26,Automated
2026-03-27,AC0011,2066145.99,1841055.26,2026-03-27,Automated
2026-03-28,AC0011,2312521.19,2060480.47,2026-03-28,Automated
2026-03-29,AC0011,2413011.14,2337359.89,2026-03-29,Automated
2026-03-30,AC0011,2226759.46,2158353.56,2026-03-30,Automated
2026-03-31,AC0011,2247783.5,2097877.61,2026-03-31,Automated
2026-04-01,AC0011,1858853.73,1769130.92,2026-04-01,Automated
2026-04-02,AC0011,1791699.18,1709926.18,2026-04-02,Automated
2026-04-03,AC0011,1517535.03,1464925.89,2026-04-03,Automated
2026-04-04,AC0011,2105598.43,1943046.91,2026-04-04,Automated
2026-04-05,AC0011,2461748.89,2253622.84,2026-04-05,Automated
2026-04-06,AC0011,2707174.55,2490133.14,2026-04-06,Automated
2026-04-07,AC0011,2002131.55,1902811.98,2026-04-07,Automated
2026-04-08,AC0011,1883145.21,1845937.29,2026-04-08,Automated
2026-04-09,AC0011,1973647.61,1902255.42,2026-04-09,Automated
2026-04-10,AC0011,1922796.52,1720330.58,2026-04-10,Automated
2026-04-11,AC0011,1952079.42,1781374.8,2026-04-11,Automated
2026-04-12,AC0011,2043843.32,1900401.1,2026-04-12,Automated
2026-04-13,AC0011,2367979.69,2182211.9,2026-04-13,Automated
2026-04-14,AC0011,2325707.29,2128123.49,2026-04-14,Automated
2026-04-15,AC0011,1867052.09,1818127.23,2026-04-15,Automated
2026-04-16,AC0011,1928871.61,1790652.7,2026-04-16,Automated
2026-04-17,AC0011,1710440.01,1520965.26,2026-04-17,Automated
2026-04-18,AC0011,2117449.87,1890783.33,2026-04-18,Automated
2026-04-19,AC0011,2304864.47,2220977.73,2026-04-19,Automated
2026-04-20,AC0011,2349348.79,2072925.19,2026-04-20,Automated
2026-04-21,AC0011,2070710.19,1937435.49,2026-04-21,Automated
2026-04-22,AC0011,2047158.84,2025960.67,2026-04-22,Automated
2026-04-23,AC0011,1952341.26,1810482.91,2026-04-23,Automated
2026-04-24,AC0011,2102778.73,1888563.27,2026-04-24,Automated
2026-04-25,AC0011,2240346.85,2157329.63,2026-04-25,Automated
2026-04-26,AC0011,2242221.08,2098356.24,2026-04-26,Automated
2026-04-27,AC0011,2176304.13,2105768.43,2026-04-27,Automated
2026-04-28,AC0011,2003605.62,1884105.21,2026-04-28,Automated
2026-04-29,AC0011,2125559.38,2023059.2,2026-04-29,Automated
2026-04-30,AC0011,2115688.98,1946154.05,2026-04-30,Automated
2026-05-01,AC0011,2102625.38,2058933.11,2026-05-01,Automated
2026-05-02,AC0011,2078061.1,2032410.91,2026-05-02,Automated
2026-05-03,AC0011,2341865.97,2252305.48,2026-05-03,Automated
2026-05-04,AC0011,2421196.3,2348965.61,2026-05-04,Automated
2026-05-05,AC0011,2144935.66,1914608.8,2026-05-05,Automated
2026-05-06,AC0011,2154229.22,2054952.7,2026-05-06,Automated
2026-05-07,AC0011,2066501.81,1955509.99,2026-05-07,Automated
2026-05-08,AC0011,2241982.94,2058770.74,2026-05-08,Automated
2026-05-09,AC0011,1837369.72,1694303.57,2026-05-09,Automated
2026-05-10,AC0011,2005951.44,1964735.2,2026-05-10,Automated
2026-05-11,AC0011,2332887.12,2251443.36,2026-05-11,Automated
2026-05-12,AC0011,2295926.77,2194564.67,2026-05-12,Automated
2026-05-13,AC0011,1778440.41,1691228.26,2026-05-13,Automated
2026-05-14,AC0011,2045861.36,2024114.52,2026-05-14,Automated
2026-05-15,AC0011,2258791.86,2171596.57,2026-05-15,Automated
2026-05-16,AC0011,2096305.42,1904646.44,2026-05-16,Automated
2026-05-17,AC0011,2103913.63,2055271.72,2026-05-17,Automated
2026-05-18,AC0011,2431728.35,2364491.93,2026-05-18,Automated
2026-05-19,AC0011,2350247.54,2150149.65,2026-05-19,Automated
2026-05-20,AC0011,2146902.47,1961968.43,2026-05-20,Automated
2026-05-21,AC0011,1776875.11,1662911.78,2026-05-21,Automated
2026-05-22,AC0011,1984919.26,1933135.22,2026-05-22,Automated
2026-05-23,AC0011,2187020.76,2011861.86,2026-05-23,Automated
2026-05-24,AC0011,2381585.88,2237169.63,2026-05-24,Automated
2026-05-25,AC0011,2307668.25,2095111.98,2026-05-25,Automated
2026-05-26,AC0011,2170042.06,2131737.17,2026-05-26,Automated
2026-05-27,AC0011,1824522.0,1740355.98,2026-05-27,Automated
2026-05-28,AC0011,1901334.7,1676883.8,2026-05-28,Automated
2026-05-29,AC0011,1557997.79,1517785.68,2026-05-29,Automated
2026-05-30,AC0011,1887273.22,1866399.8,2026-05-30,Automated
2026-05-31,AC0011,2488073.39,2326384.6,2026-05-31,Automated
2026-06-01,AC0011,2128406.11,2098382.83,2026-06-01,Automated
2026-06-02,AC0011,2115445.64,2010613.83,2026-06-02,Automated
2026-06-03,AC0011,1882588.13,1784887.3,2026-06-03,Automated
2026-06-04,AC0011,1900973.0,1721013.31,2026-06-04,Automated
2026-06-05,AC0011,2035088.17,1993786.72,2026-06-05,Automated
2026-06-06,AC0011,2021674.63,1890958.0,2026-06-06,Automated
2026-06-07,AC0011,2183226.3,2009214.26,2026-06-07,Automated
2026-06-08,AC0011,2546082.19,2473293.97,2026-06-08,Automated
2026-06-09,AC0011,2675633.22,2553836.45,2026-06-09,Automated
2026-06-10,AC0011,2151829.4,2107066.39,2026-06-10,Automated
2026-06-11,AC0011,1984352.34,1843859.76,2026-06-11,Automated
2026-06-12,AC0011,1965900.3,1742290.36,2026-06-12,Automated
2026-06-13,AC0011,2310294.47,2071836.23,2026-06-13,Automated
2026-06-14,AC0011,2724455.69,2541672.38,2026-06-14,Automated
2026-06-15,AC0011,2203110.77,1987054.34,2026-06-15,Automated
2026-06-16,AC0011,2150913.91,1979430.45,2026-06-16,Automated
2026-06-17,AC0011,2102800.82,2069888.0,2026-06-17,Automated
2026-06-18,AC0011,1767644.49,1584338.3,2026-06-18,Automated
2026-06-19,AC0011,2156980.93,2060224.11,2026-06-19,Automated
2026-06-20,AC0011,1949770.17,1776478.62,2026-06-20,Automated
2026-06-21,AC0011,2146183.95,2087329.28,2026-06-21,Automated
2026-06-22,AC0011,2106792.79,1946771.66,2026-06-22,Automated
2026-06-23,AC0011,2413049.29,2295220.26,2026-06-23,Automated
2026-06-24,AC0011,1762060.61,1600595.33,2026-06-24,Automated
2026-06-25,AC0011,1891687.23,1724991.62,2026-06-25,Automated
2026-06-26,AC0011,1832960.79,1700968.97,2026-06-26,Automated
2026-06-27,AC0011,2192995.04,2085751.87,2026-06-27,Automated
2026-06-28,AC0011,2361459.52,2322177.27,2026-06-28,Automated
2026-06-29,AC0011,2848517.83,2545649.1,2026-06-29,Automated
2026-06-30,AC0011,2245738.82,2118213.55,2026-06-30,Automated
2026-01-01,AC0012,638089.38,592235.61,2026-01-01,Automated
2026-01-02,AC0012,646604.33,630548.38,2026-01-02,Automated
2026-01-03,AC0012,892527.27,861799.9,2026-01-03,Automated
2026-01-04,AC0012,863184.62,777515.21,2026-01-04,Automated
2026-01-05,AC0012,832673.64,815663.9,2026-01-05,Automated
2026-01-06,AC0012,556207.51,545040.81,2026-01-06,Automated
2026-01-07,AC0012,638760.85,564730.64,2026-01-07,Automated
2026-01-08,AC0012,698639.48,689023.51,2026-01-08,Automated
2026-01-09,AC0012,661756.4,592829.69,2026-01-09,Automated
2026-01-10,AC0012,790051.99,730981.91,2026-01-10,Automated
2026-01-11,AC0012,939612.5,921939.41,2026-01-11,Automated
2026-01-12,AC0012,814201.96,785362.39,2026-01-12,Automated
2026-01-13,AC0012,833229.18,752868.43,2026-01-13,Automated
2026-01-14,AC0012,818311.16,783990.28,2026-01-14,Automated
2026-01-15,AC0012,756091.43,669230.78,2026-01-15,Automated
2026-01-16,AC0012,620991.44,581773.52,2026-01-16,Automated
2026-01-17,AC0012,714293.0,688070.85,2026-01-17,Automated
2026-01-18,AC0012,867829.3,810394.73,2026-01-18,Automated
2026-01-19,AC0012,728173.91,655066.83,2026-01-19,Automated
2026-01-20,AC0012,808974.36,751865.02,2026-01-20,Automated
2026-01-21,AC0012,673623.94,595978.83,2026-01-21,Automated
2026-01-22,AC0012,709852.69,683049.38,2026-01-22,Automated
2026-01-23,AC0012,647059.46,639183.35,2026-01-23,Automated
2026-01-24,AC0012,788291.25,731451.3,2026-01-24,Automated
2026-01-25,AC0012,762391.16,698299.34,2026-01-25,Automated
2026-01-26,AC0012,939953.85,901860.88,2026-01-26,Automated
2026-01-27,AC0012,684067.82,604610.46,2026-01-27,Automated
2026-01-28,AC0012,672274.81,628377.18,2026-01-28,Automated
2026-01-29,AC0012,793522.34,711290.36,2026-01-29,Automated
2026-01-30,AC0012,643972.07,604536.48,2026-01-30,Automated
2026-01-31,AC0012,714134.48,647085.65,2026-01-31,Automated
2026-02-01,AC0012,763331.55,680678.85,2026-02-01,Automated
2026-02-02,AC0012,838075.01,747800.16,2026-02-02,Automated
2026-02-03,AC0012,752639.76,724671.47,2026-02-03,Automated
2026-02-04,AC0012,654394.38,578024.6,2026-02-04,Automated
2026-02-05,AC0012,663262.24,601761.41,2026-02-05,Automated
2026-02-06,AC0012,701181.72,686006.78,2026-02-06,Automated
2026-02-07,AC0012,738555.09,682658.86,2026-02-07,Automated
2026-02-08,AC0012,798436.42,757223.16,2026-02-08,Automated
2026-02-09,AC0012,882717.23,782159.02,2026-02-09,Automated
2026-02-10,AC0012,816689.94,785963.44,2026-02-10,Automated
2026-02-11,AC0012,708319.55,650563.71,2026-02-11,Automated
2026-02-12,AC0012,695673.71,687014.11,2026-02-12,Automated
2026-02-13,AC0012,735746.38,681190.69,2026-02-13,Automated
2026-02-14,AC0012,830538.82,777097.18,2026-02-14,Automated
2026-02-15,AC0012,917645.62,824019.04,2026-02-15,Automated
2026-02-16,AC0012,881904.49,812399.51,2026-02-16,Automated
2026-02-17,AC0012,754065.98,711030.32,2026-02-17,Automated
2026-02-18,AC0012,632500.97,570227.95,2026-02-18,Automated
2026-02-19,AC0012,673978.7,641677.78,2026-02-19,Automated
2026-02-20,AC0012,699209.79,644632.24,2026-02-20,Automated
2026-02-21,AC0012,790027.85,747245.89,2026-02-21,Automated
2026-02-22,AC0012,842091.42,760559.22,2026-02-22,Automated
2026-02-23,AC0012,803708.58,749782.86,2026-02-23,Automated
2026-02-24,AC0012,673231.78,596271.3,2026-02-24,Automated
2026-02-25,AC0012,778348.44,717041.29,2026-02-25,Automated
2026-02-26,AC0012,683336.42,659758.16,2026-02-26,Automated
2026-02-27,AC0012,815563.23,754116.23,2026-02-27,Automated
2026-02-28,AC0012,792951.57,762356.97,2026-02-28,Automated
2026-03-01,AC0012,726851.24,686162.32,2026-03-01,Automated
2026-03-02,AC0012,824383.18,782201.21,2026-03-02,Automated
2026-03-03,AC0012,714756.68,675308.87,2026-03-03,Automated
2026-03-04,AC0012,722888.66,670664.28,2026-03-04,Automated
2026-03-05,AC0012,714333.82,630863.49,2026-03-05,Automated
2026-03-06,AC0012,690776.45,617237.07,2026-03-06,Automated
2026-03-07,AC0012,687116.33,637382.01,2026-03-07,Automated
2026-03-08,AC0012,960232.25,919907.5,2026-03-08,Automated
2026-03-09,AC0012,804027.4,742318.41,2026-03-09,Automated
2026-03-10,AC0012,708170.73,636605.56,2026-03-10,Automated
2026-03-11,AC0012,751706.21,738856.97,2026-03-11,Automated
2026-03-12,AC0012,698501.0,645881.18,2026-03-12,Automated
2026-03-13,AC0012,712007.02,633135.89,2026-03-13,Automated
2026-03-14,AC0012,837841.06,828351.46,2026-03-14,Automated
2026-03-15,AC0012,808819.95,791713.66,2026-03-15,Automated
2026-03-16,AC0012,846201.25,831422.74,2026-03-16,Automated
2026-03-17,AC0012,761166.59,718864.69,2026-03-17,Automated
2026-03-18,AC0012,773840.59,731520.02,2026-03-18,Automated
2026-03-19,AC0012,832124.06,763488.94,2026-03-19,Automated
2026-03-20,AC0012,849654.22,766571.34,2026-03-20,Automated
2026-03-21,AC0012,704462.26,648219.91,2026-03-21,Automated
2026-03-22,AC0012,800602.54,708018.77,2026-03-22,Automated
2026-03-23,AC0012,802041.91,772372.2,2026-03-23,Automated
2026-03-24,AC0012,780834.92,757895.37,2026-03-24,Automated
2026-03-25,AC0012,633012.87,600736.88,2026-03-25,Automated
2026-03-26,AC0012,615120.58,571821.29,2026-03-26,Automated
2026-03-27,AC0012,697486.35,645756.5,2026-03-27,Automated
2026-03-28,AC0012,768790.81,759551.67,2026-03-28,Automated
2026-03-29,AC0012,790539.39,714038.0,2026-03-29,Automated
2026-03-30,AC0012,820696.84,766366.62,2026-03-30,Automated
2026-03-31,AC0012,647256.96,598570.07,2026-03-31,Automated
2026-04-01,AC0012,676155.42,669226.52,2026-04-01,Automated
2026-04-02,AC0012,735384.76,678777.59,2026-04-02,Automated
2026-04-03,AC0012,738075.28,715870.54,2026-04-03,Automated
2026-04-04,AC0012,804209.41,766416.69,2026-04-04,Automated
2026-04-05,AC0012,774423.13,711111.27,2026-04-05,Automated
2026-04-06,AC0012,904728.98,853891.37,2026-04-06,Automated
2026-04-07,AC0012,837935.84,767075.43,2026-04-07,Automated
2026-04-08,AC0012,734254.97,695859.56,2026-04-08,Automated
2026-04-09,AC0012,679190.83,604337.5,2026-04-09,Automated
2026-04-10,AC0012,655461.64,590610.61,2026-04-10,Automated
2026-04-11,AC0012,780711.06,709748.53,2026-04-11,Automated
2026-04-12,AC0012,806183.26,783862.37,2026-04-12,Automated
2026-04-13,AC0012,855852.43,828370.87,2026-04-13,Automated
2026-04-14,AC0012,898966.15,836041.05,2026-04-14,Automated
2026-04-15,AC0012,671269.63,612411.12,2026-04-15,Automated
2026-04-16,AC0012,634572.35,621628.37,2026-04-16,Automated
2026-04-17,AC0012,749791.43,737408.96,2026-04-17,Automated
2026-04-18,AC0012,811174.27,764504.67,2026-04-18,Automated
2026-04-19,AC0012,881422.65,828416.44,2026-04-19,Automated
2026-04-20,AC0012,691380.9,613763.83,2026-04-20,Automated
2026-04-21,AC0012,859845.38,831045.89,2026-04-21,Automated
2026-04-22,AC0012,768832.01,746318.02,2026-04-22,Automated
2026-04-23,AC0012,662996.18,605024.39,2026-04-23,Automated
2026-04-24,AC0012,669474.34,662490.56,2026-04-24,Automated
2026-04-25,AC0012,670199.0,641477.78,2026-04-25,Automated
2026-04-26,AC0012,772805.09,708685.33,2026-04-26,Automated
2026-04-27,AC0012,770275.68,737024.84,2026-04-27,Automated
2026-04-28,AC0012,858515.19,781163.51,2026-04-28,Automated
2026-04-29,AC0012,787147.2,745838.06,2026-04-29,Automated
2026-04-30,AC0012,767569.13,685788.83,2026-04-30,Automated
2026-05-01,AC0012,774299.51,697856.85,2026-05-01,Automated
2026-05-02,AC0012,787432.89,708305.02,2026-05-02,Automated
2026-05-03,AC0012,875653.56,794189.55,2026-05-03,Automated
2026-05-04,AC0012,842955.79,783710.38,2026-05-04,Automated
2026-05-05,AC0012,713777.87,638623.72,2026-05-05,Automated
2026-05-06,AC0012,672799.59,649288.74,2026-05-06,Automated
2026-05-07,AC0012,613677.73,592060.49,2026-05-07,Automated
2026-05-08,AC0012,766275.0,746538.03,2026-05-08,Automated
2026-05-09,AC0012,706540.94,633223.92,2026-05-09,Automated
2026-05-10,AC0012,904605.54,799652.0,2026-05-10,Automated
2026-05-11,AC0012,866725.39,849467.61,2026-05-11,Automated
2026-05-12,AC0012,799432.02,790186.12,2026-05-12,Automated
2026-05-13,AC0012,744628.4,680041.6,2026-05-13,Automated
2026-05-14,AC0012,753791.61,680188.13,2026-05-14,Automated
2026-05-15,AC0012,798920.83,782954.53,2026-05-15,Automated
2026-05-16,AC0012,824405.11,736445.52,2026-05-16,Automated
2026-05-17,AC0012,833400.7,742564.56,2026-05-17,Automated
2026-05-18,AC0012,865827.82,826868.06,2026-05-18,Automated
2026-05-19,AC0012,889087.73,824509.3,2026-05-19,Automated
2026-05-20,AC0012,720205.21,703294.44,2026-05-20,Automated
2026-05-21,AC0012,683336.91,630239.8,2026-05-21,Automated
2026-05-22,AC0012,688986.54,612955.88,2026-05-22,Automated
2026-05-23,AC0012,693963.92,645670.07,2026-05-23,Automated
2026-05-24,AC0012,811578.72,764088.73,2026-05-24,Automated
2026-05-25,AC0012,780323.07,695306.23,2026-05-25,Automated
2026-05-26,AC0012,756855.28,721661.14,2026-05-26,Automated
2026-05-27,AC0012,706647.69,686040.24,2026-05-27,Automated
2026-05-28,AC0012,799286.49,753924.09,2026-05-28,Automated
2026-05-29,AC0012,680051.42,659074.93,2026-05-29,Automated
2026-05-30,AC0012,724186.8,661854.77,2026-05-30,Automated
2026-05-31,AC0012,777030.52,690762.3,2026-05-31,Automated
2026-06-01,AC0012,853848.12,771312.85,2026-06-01,Automated
2026-06-02,AC0012,801410.98,780685.8,2026-06-02,Automated
2026-06-03,AC0012,677880.43,600261.91,2026-06-03,Automated
2026-06-04,AC0012,679157.77,644287.01,2026-06-04,Automated
2026-06-05,AC0012,714365.9,662850.52,2026-06-05,Automated
2026-06-06,AC0012,902389.46,886983.1,2026-06-06,Automated
2026-06-07,AC0012,864485.08,817796.73,2026-06-07,Automated
2026-06-08,AC0012,887193.84,793262.28,2026-06-08,Automated
2026-06-09,AC0012,813478.19,751205.61,2026-06-09,Automated
2026-06-10,AC0012,692211.27,625974.31,2026-06-10,Automated
2026-06-11,AC0012,761677.54,695746.18,2026-06-11,Automated
2026-06-12,AC0012,786652.13,758628.7,2026-06-12,Automated
2026-06-13,AC0012,750579.22,700649.51,2026-06-13,Automated
2026-06-14,AC0012,773871.59,698265.32,2026-06-14,Automated
2026-06-15,AC0012,820822.6,808964.38,2026-06-15,Automated
2026-06-16,AC0012,740393.61,684271.95,2026-06-16,Automated
2026-06-17,AC0012,639968.32,564471.33,2026-06-17,Automated
2026-06-18,AC0012,628027.19,580608.9,2026-06-18,Automated
2026-06-19,AC0012,739183.39,690301.95,2026-06-19,Automated
2026-06-20,AC0012,654844.29,580646.73,2026-06-20,Automated
2026-06-21,AC0012,758462.24,749235.0,2026-06-21,Automated
2026-06-22,AC0012,826624.45,782187.47,2026-06-22,Automated
2026-06-23,AC0012,722646.55,699805.82,2026-06-23,Automated
2026-06-24,AC0012,806620.33,742501.58,2026-06-24,Automated
2026-06-25,AC0012,692683.81,664127.41,2026-06-25,Automated
2026-06-26,AC0012,749037.65,696674.5,2026-06-26,Automated
2026-06-27,AC0012,797759.54,760550.96,2026-06-27,Automated
2026-06-28,AC0012,843492.16,754944.87,2026-06-28,Automated
2026-06-29,AC0012,876362.39,842453.72,2026-06-29,Automated
2026-06-30,AC0012,718956.02,664695.04,2026-06-30,Automated
2026-01-01,AC0013,775747.85,746257.53,2026-01-01,Automated
2026-01-02,AC0013,593256.91,579564.11,2026-01-02,Automated
2026-01-03,AC0013,878457.61,785605.0,2026-01-03,Automated
2026-01-04,AC0013,761271.02,690145.71,2026-01-04,Automated
2026-01-05,AC0013,837524.27,744348.91,2026-01-05,Automated
2026-01-06,AC0013,717366.39,645817.25,2026-01-06,Automated
2026-01-07,AC0013,624360.06,582397.41,2026-01-07,Automated
2026-01-08,AC0013,857215.34,807434.14,2026-01-08,Automated
2026-01-09,AC0013,880564.0,821550.74,2026-01-09,Automated
2026-01-10,AC0013,677666.83,626077.77,2026-01-10,Automated
2026-01-11,AC0013,718337.94,668176.79,2026-01-11,Automated
2026-01-12,AC0013,769294.09,728671.1,2026-01-12,Automated
2026-01-13,AC0013,664234.11,599615.79,2026-01-13,Automated
2026-01-14,AC0013,637707.65,614856.29,2026-01-14,Automated
2026-01-15,AC0013,619705.63,560424.88,2026-01-15,Automated
2026-01-16,AC0013,695396.34,613886.31,2026-01-16,Automated
2026-01-17,AC0013,792195.45,703403.08,2026-01-17,Automated
2026-01-18,AC0013,896928.49,833884.0,2026-01-18,Automated
2026-01-19,AC0013,762956.11,739491.26,2026-01-19,Automated
2026-01-20,AC0013,730484.11,662750.87,2026-01-20,Automated
2026-01-21,AC0013,593376.56,555812.89,2026-01-21,Automated
2026-01-22,AC0013,696449.43,653754.47,2026-01-22,Automated
2026-01-23,AC0013,757775.07,749413.8,2026-01-23,Automated
2026-01-24,AC0013,799524.98,729321.81,2026-01-24,Automated
2026-01-25,AC0013,729076.37,681509.3,2026-01-25,Automated
2026-01-26,AC0013,765650.41,717625.24,2026-01-26,Automated
2026-01-27,AC0013,627498.19,586244.16,2026-01-27,Automated
2026-01-28,AC0013,567287.57,508185.92,2026-01-28,Automated
2026-01-29,AC0013,696201.28,661809.23,2026-01-29,Automated
2026-01-30,AC0013,835767.19,773587.8,2026-01-30,Automated
2026-01-31,AC0013,755687.88,717656.19,2026-01-31,Automated
2026-02-01,AC0013,781059.6,715587.5,2026-02-01,Automated
2026-02-02,AC0013,745135.61,735074.13,2026-02-02,Automated
2026-02-03,AC0013,866672.6,768499.03,2026-02-03,Automated
2026-02-04,AC0013,762280.83,728584.41,2026-02-04,Automated
2026-02-05,AC0013,714880.35,680520.01,2026-02-05,Automated
2026-02-06,AC0013,798269.8,751077.59,2026-02-06,Automated
2026-02-07,AC0013,954290.34,895030.41,2026-02-07,Automated
2026-02-08,AC0013,798334.83,713237.95,2026-02-08,Automated
2026-02-09,AC0013,788176.28,769040.53,2026-02-09,Automated
2026-02-10,AC0013,715322.08,687396.36,2026-02-10,Automated
2026-02-11,AC0013,629705.66,594004.08,2026-02-11,Automated
2026-02-12,AC0013,650047.16,579431.63,2026-02-12,Automated
2026-02-13,AC0013,697093.32,625240.03,2026-02-13,Automated
2026-02-14,AC0013,756121.04,747194.61,2026-02-14,Automated
2026-02-15,AC0013,781184.38,764358.08,2026-02-15,Automated
2026-02-16,AC0013,836191.77,822108.13,2026-02-16,Automated
2026-02-17,AC0013,710996.71,676082.22,2026-02-17,Automated
2026-02-18,AC0013,609433.0,550935.07,2026-02-18,Automated
2026-02-19,AC0013,702049.09,667027.37,2026-02-19,Automated
2026-02-20,AC0013,734412.28,649057.22,2026-02-20,Automated
2026-02-21,AC0013,837319.15,826060.43,2026-02-21,Automated
2026-02-22,AC0013,775285.88,726739.17,2026-02-22,Automated
2026-02-23,AC0013,881389.19,869271.57,2026-02-23,Automated
2026-02-24,AC0013,754561.25,702846.28,2026-02-24,Automated
2026-02-25,AC0013,622595.93,608540.49,2026-02-25,Automated
2026-02-26,AC0013,711948.1,692146.15,2026-02-26,Automated
2026-02-27,AC0013,726475.39,717962.74,2026-02-27,Automated
2026-02-28,AC0013,791980.14,754400.7,2026-02-28,Automated
2026-03-01,AC0013,785928.55,742230.91,2026-03-01,Automated
2026-03-02,AC0013,796616.12,759825.51,2026-03-02,Automated
2026-03-03,AC0013,805028.89,784575.55,2026-03-03,Automated
2026-03-04,AC0013,656159.16,639885.15,2026-03-04,Automated
2026-03-05,AC0013,610093.01,594067.1,2026-03-05,Automated
2026-03-06,AC0013,886277.09,788550.32,2026-03-06,Automated
2026-03-07,AC0013,731766.3,714983.77,2026-03-07,Automated
2026-03-08,AC0013,726177.87,670009.78,2026-03-08,Automated
2026-03-09,AC0013,849806.97,754017.35,2026-03-09,Automated
2026-03-10,AC0013,646168.68,599036.93,2026-03-10,Automated
2026-03-11,AC0013,632391.93,556625.31,2026-03-11,Automated
2026-03-12,AC0013,658325.05,631560.67,2026-03-12,Automated
2026-03-13,AC0013,789413.84,739280.64,2026-03-13,Automated
2026-03-14,AC0013,807936.88,756058.97,2026-03-14,Automated
2026-03-15,AC0013,813637.21,748512.4,2026-03-15,Automated
2026-03-16,AC0013,772427.67,713178.56,2026-03-16,Automated
2026-03-17,AC0013,673100.36,619383.56,2026-03-17,Automated
2026-03-18,AC0013,583608.22,542903.01,2026-03-18,Automated
2026-03-19,AC0013,702939.6,666588.42,2026-03-19,Automated
2026-03-20,AC0013,677011.12,610456.52,2026-03-20,Automated
2026-03-21,AC0013,779451.35,696919.21,2026-03-21,Automated
2026-03-22,AC0013,753743.26,738263.86,2026-03-22,Automated
2026-03-23,AC0013,754865.4,671327.29,2026-03-23,Automated
2026-03-24,AC0013,773232.58,758627.64,2026-03-24,Automated
2026-03-25,AC0013,585060.84,561527.85,2026-03-25,Automated
2026-03-26,AC0013,591495.75,573431.15,2026-03-26,Automated
2026-03-27,AC0013,855176.09,781054.19,2026-03-27,Automated
2026-03-28,AC0013,719591.91,640566.81,2026-03-28,Automated
2026-03-29,AC0013,838359.55,744269.88,2026-03-29,Automated
2026-03-30,AC0013,750262.59,739203.15,2026-03-30,Automated
2026-03-31,AC0013,796833.46,759251.18,2026-03-31,Automated
2026-04-01,AC0013,674787.87,641918.48,2026-04-01,Automated
2026-04-02,AC0013,738851.87,713272.4,2026-04-02,Automated
2026-04-03,AC0013,763640.87,722539.54,2026-04-03,Automated
2026-04-04,AC0013,826784.38,817465.65,2026-04-04,Automated
2026-04-05,AC0013,825548.66,799783.72,2026-04-05,Automated
2026-04-06,AC0013,722048.56,642440.54,2026-04-06,Automated
2026-04-07,AC0013,725572.68,667566.65,2026-04-07,Automated
2026-04-08,AC0013,696330.66,666892.54,2026-04-08,Automated
2026-04-09,AC0013,611233.96,552531.34,2026-04-09,Automated
2026-04-10,AC0013,771346.67,756216.22,2026-04-10,Automated
2026-04-11,AC0013,842837.08,808254.58,2026-04-11,Automated
2026-04-12,AC0013,732694.53,675162.02,2026-04-12,Automated
2026-04-13,AC0013,767549.55,718219.2,2026-04-13,Automated
2026-04-14,AC0013,743899.52,691057.43,2026-04-14,Automated
2026-04-15,AC0013,747946.78,666175.49,2026-04-15,Automated
2026-04-16,AC0013,635992.44,563278.63,2026-04-16,Automated
2026-04-17,AC0013,810716.3,772845.16,2026-04-17,Automated
2026-04-18,AC0013,704188.85,686962.59,2026-04-18,Automated
2026-04-19,AC0013,800518.18,743002.5,2026-04-19,Automated
2026-04-20,AC0013,791338.82,735607.25,2026-04-20,Automated
2026-04-21,AC0013,658220.34,634761.8,2026-04-21,Automated
2026-04-22,AC0013,622543.76,577266.42,2026-04-22,Automated
2026-04-23,AC0013,812161.31,795162.6,2026-04-23,Automated
2026-04-24,AC0013,631232.15,607494.23,2026-04-24,Automated
2026-04-25,AC0013,782863.17,730294.53,2026-04-25,Automated
2026-04-26,AC0013,827788.06,801501.1,2026-04-26,Automated
2026-04-27,AC0013,702860.04,632870.47,2026-04-27,Automated
2026-04-28,AC0013,709977.99,665208.91,2026-04-28,Automated
2026-04-29,AC0013,739147.42,701355.07,2026-04-29,Automated
2026-04-30,AC0013,652292.86,618736.75,2026-04-30,Automated
2026-05-01,AC0013,715617.1,692478.13,2026-05-01,Automated
2026-05-02,AC0013,772571.17,731218.53,2026-05-02,Automated
2026-05-03,AC0013,786036.37,766630.77,2026-05-03,Automated
2026-05-04,AC0013,740942.84,716687.63,2026-05-04,Automated
2026-05-05,AC0013,713587.53,635481.73,2026-05-05,Automated
2026-05-06,AC0013,599772.86,552501.68,2026-05-06,Automated
2026-05-07,AC0013,694927.21,663540.69,2026-05-07,Automated
2026-05-08,AC0013,729232.63,655593.57,2026-05-08,Automated
2026-05-09,AC0013,748118.84,717930.3,2026-05-09,Automated
2026-05-10,AC0013,699435.59,643992.86,2026-05-10,Automated
2026-05-11,AC0013,752553.13,742335.68,2026-05-11,Automated
2026-05-12,AC0013,622065.08,584100.27,2026-05-12,Automated
2026-05-13,AC0013,703283.55,688349.39,2026-05-13,Automated
2026-05-14,AC0013,720988.97,689796.28,2026-05-14,Automated
2026-05-15,AC0013,787916.92,765564.21,2026-05-15,Automated
2026-05-16,AC0013,742040.22,734424.6,2026-05-16,Automated
2026-05-17,AC0013,777608.07,722269.74,2026-05-17,Automated
2026-05-18,AC0013,640963.97,614262.35,2026-05-18,Automated
2026-05-19,AC0013,778761.51,709703.22,2026-05-19,Automated
2026-05-20,AC0013,638029.57,619451.13,2026-05-20,Automated
2026-05-21,AC0013,603755.94,546987.67,2026-05-21,Automated
2026-05-22,AC0013,695246.97,676014.3,2026-05-22,Automated
2026-05-23,AC0013,911126.17,860048.47,2026-05-23,Automated
2026-05-24,AC0013,856707.95,761066.06,2026-05-24,Automated
2026-05-25,AC0013,671635.38,619518.03,2026-05-25,Automated
2026-05-26,AC0013,622822.89,562502.98,2026-05-26,Automated
2026-05-27,AC0013,736662.72,719746.07,2026-05-27,Automated
2026-05-28,AC0013,682805.42,633579.25,2026-05-28,Automated
2026-05-29,AC0013,797903.26,764500.52,2026-05-29,Automated
2026-05-30,AC0013,848438.4,749629.53,2026-05-30,Automated
2026-05-31,AC0013,752540.2,741182.99,2026-05-31,Automated
2026-06-01,AC0013,772267.05,731793.84,2026-06-01,Automated
2026-06-02,AC0013,807768.05,727427.63,2026-06-02,Automated
2026-06-03,AC0013,639524.29,606156.37,2026-06-03,Automated
2026-06-04,AC0013,745397.62,718501.95,2026-06-04,Automated
2026-06-05,AC0013,871474.36,775707.77,2026-06-05,Automated
2026-06-06,AC0013,803480.17,791515.47,2026-06-06,Automated
2026-06-07,AC0013,889736.64,851985.3,2026-06-07,Automated
2026-06-08,AC0013,600595.25,589725.2,2026-06-08,Automated
2026-06-09,AC0013,766043.08,741673.87,2026-06-09,Automated
2026-06-10,AC0013,682764.06,675682.43,2026-06-10,Automated
2026-06-11,AC0013,534324.54,490789.91,2026-06-11,Automated
2026-06-12,AC0013,807316.27,738306.87,2026-06-12,Automated
2026-06-13,AC0013,859864.07,762523.28,2026-06-13,Automated
2026-06-14,AC0013,817374.0,737875.8,2026-06-14,Automated
2026-06-15,AC0013,791610.67,700764.3,2026-06-15,Automated
2026-06-16,AC0013,742418.27,678985.08,2026-06-16,Automated
2026-06-17,AC0013,658115.15,619101.86,2026-06-17,Automated
2026-06-18,AC0013,798735.3,747626.73,2026-06-18,Automated
2026-06-19,AC0013,727386.43,650007.81,2026-06-19,Automated
2026-06-20,AC0013,684005.0,670194.82,2026-06-20,Automated
2026-06-21,AC0013,804377.08,746865.01,2026-06-21,Automated
2026-06-22,AC0013,754245.82,715519.44,2026-06-22,Automated
2026-06-23,AC0013,677333.35,634007.96,2026-06-23,Automated
2026-06-24,AC0013,698601.18,630449.54,2026-06-24,Automated
2026-06-25,AC0013,624678.25,550583.91,2026-06-25,Automated
2026-06-26,AC0013,804564.93,776557.58,2026-06-26,Automated
2026-06-27,AC0013,847179.23,786974.33,2026-06-27,Automated
2026-06-28,AC0013,851955.12,772728.95,2026-06-28,Automated
2026-06-29,AC0013,652310.64,590399.72,2026-06-29,Automated
2026-06-30,AC0013,743497.79,704724.07,2026-06-30,Automated
2026-01-01,AC0014,1075269.39,1016183.79,2026-01-01,Automated
2026-01-02,AC0014,1020279.9,978743.76,2026-01-02,Automated
2026-01-03,AC0014,1110894.26,1053349.22,2026-01-03,Automated
2026-01-04,AC0014,1317807.6,1256127.49,2026-01-04,Automated
2026-01-05,AC0014,1000336.26,956031.35,2026-01-05,Automated
2026-01-06,AC0014,1108894.85,1083367.81,2026-01-06,Automated
2026-01-07,AC0014,1090534.52,1003577.71,2026-01-07,Automated
2026-01-08,AC0014,931241.28,878046.72,2026-01-08,Automated
2026-01-09,AC0014,972721.42,903494.32,2026-01-09,Automated
2026-01-10,AC0014,1048728.35,989874.68,2026-01-10,Automated
2026-01-11,AC0014,1220118.06,1082009.99,2026-01-11,Automated
2026-01-12,AC0014,1207738.38,1127881.06,2026-01-12,Automated
2026-01-13,AC0014,1003533.64,891709.02,2026-01-13,Automated
2026-01-14,AC0014,906848.0,875777.6,2026-01-14,Automated
2026-01-15,AC0014,793738.23,735422.51,2026-01-15,Automated
2026-01-16,AC0014,996852.62,962349.34,2026-01-16,Automated
2026-01-17,AC0014,1233859.05,1217785.38,2026-01-17,Automated
2026-01-18,AC0014,1054026.64,1004223.61,2026-01-18,Automated
2026-01-19,AC0014,1182292.84,1152940.75,2026-01-19,Automated
2026-01-20,AC0014,989201.33,872517.05,2026-01-20,Automated
2026-01-21,AC0014,1035109.64,954722.14,2026-01-21,Automated
2026-01-22,AC0014,1051142.07,1022845.59,2026-01-22,Automated
2026-01-23,AC0014,1080835.01,1063248.22,2026-01-23,Automated
2026-01-24,AC0014,1105138.12,1036638.42,2026-01-24,Automated
2026-01-25,AC0014,1191674.37,1145274.31,2026-01-25,Automated
2026-01-26,AC0014,1181844.05,1105317.95,2026-01-26,Automated
2026-01-27,AC0014,979918.1,952815.06,2026-01-27,Automated
2026-01-28,AC0014,1062231.51,967404.93,2026-01-28,Automated
2026-01-29,AC0014,868322.06,798015.14,2026-01-29,Automated
2026-01-30,AC0014,949955.63,862355.81,2026-01-30,Automated
2026-01-31,AC0014,961579.03,924890.65,2026-01-31,Automated
2026-02-01,AC0014,1002384.7,896532.67,2026-02-01,Automated
2026-02-02,AC0014,1131764.02,1009486.7,2026-02-02,Automated
2026-02-03,AC0014,1120149.12,997817.72,2026-02-03,Automated
2026-02-04,AC0014,991316.95,917409.22,2026-02-04,Automated
2026-02-05,AC0014,922598.55,898434.89,2026-02-05,Automated
2026-02-06,AC0014,789233.19,765966.37,2026-02-06,Automated
2026-02-07,AC0014,884144.29,854808.47,2026-02-07,Automated
2026-02-08,AC0014,1151602.34,1075994.23,2026-02-08,Automated
2026-02-09,AC0014,1185811.59,1072226.93,2026-02-09,Automated
2026-02-10,AC0014,1165841.48,1083020.74,2026-02-10,Automated
2026-02-11,AC0014,1137406.44,1055401.09,2026-02-11,Automated
2026-02-12,AC0014,909570.9,882679.17,2026-02-12,Automated
2026-02-13,AC0014,809656.2,745055.93,2026-02-13,Automated
2026-02-14,AC0014,1067307.68,1031553.34,2026-02-14,Automated
2026-02-15,AC0014,1167232.54,1099124.63,2026-02-15,Automated
2026-02-16,AC0014,1458463.64,1406119.75,2026-02-16,Automated
2026-02-17,AC0014,1078921.51,1044023.14,2026-02-17,Automated
2026-02-18,AC0014,843478.6,824968.73,2026-02-18,Automated
2026-02-19,AC0014,921048.91,851016.28,2026-02-19,Automated
2026-02-20,AC0014,981908.34,874562.13,2026-02-20,Automated
2026-02-21,AC0014,1173042.66,1124076.33,2026-02-21,Automated
2026-02-22,AC0014,1044697.05,923536.16,2026-02-22,Automated
2026-02-23,AC0014,1106365.55,992172.41,2026-02-23,Automated
2026-02-24,AC0014,1097658.23,1029482.22,2026-02-24,Automated
2026-02-25,AC0014,1018014.98,934205.04,2026-02-25,Automated
2026-02-26,AC0014,922247.23,832732.23,2026-02-26,Automated
2026-02-27,AC0014,803392.84,731168.54,2026-02-27,Automated
2026-02-28,AC0014,1228675.83,1093261.72,2026-02-28,Automated
2026-03-01,AC0014,1188121.92,1119921.88,2026-03-01,Automated
2026-03-02,AC0014,1160913.52,1121652.64,2026-03-02,Automated
2026-03-03,AC0014,1203005.4,1117898.3,2026-03-03,Automated
2026-03-04,AC0014,1037507.81,928697.29,2026-03-04,Automated
2026-03-05,AC0014,1012920.44,948889.73,2026-03-05,Automated
2026-03-06,AC0014,925494.81,898426.18,2026-03-06,Automated
2026-03-07,AC0014,1192543.82,1091935.92,2026-03-07,Automated
2026-03-08,AC0014,1138350.02,1124133.13,2026-03-08,Automated
2026-03-09,AC0014,1110880.72,1051955.11,2026-03-09,Automated
2026-03-10,AC0014,1173289.2,1134474.22,2026-03-10,Automated
2026-03-11,AC0014,1008270.65,898801.61,2026-03-11,Automated
2026-03-12,AC0014,696212.78,642796.23,2026-03-12,Automated
2026-03-13,AC0014,887457.73,823950.51,2026-03-13,Automated
2026-03-14,AC0014,1170268.33,1094535.81,2026-03-14,Automated
2026-03-15,AC0014,1230967.64,1214929.08,2026-03-15,Automated
2026-03-16,AC0014,1061489.37,955296.08,2026-03-16,Automated
2026-03-17,AC0014,1131111.23,1030537.42,2026-03-17,Automated
2026-03-18,AC0014,1024121.39,1001457.17,2026-03-18,Automated
2026-03-19,AC0014,827791.23,779218.45,2026-03-19,Automated
2026-03-20,AC0014,962907.53,888971.38,2026-03-20,Automated
2026-03-21,AC0014,945922.13,892406.16,2026-03-21,Automated
2026-03-22,AC0014,1133430.52,1009594.37,2026-03-22,Automated
2026-03-23,AC0014,1233192.3,1183720.35,2026-03-23,Automated
2026-03-24,AC0014,972066.64,895231.76,2026-03-24,Automated
2026-03-25,AC0014,941687.53,899370.18,2026-03-25,Automated
2026-03-26,AC0014,855477.36,762989.71,2026-03-26,Automated
2026-03-27,AC0014,1056736.74,1034912.04,2026-03-27,Automated
2026-03-28,AC0014,1186058.37,1166262.84,2026-03-28,Automated
2026-03-29,AC0014,1007107.04,952940.61,2026-03-29,Automated
2026-03-30,AC0014,1174611.88,1085565.98,2026-03-30,Automated
2026-03-31,AC0014,1201164.05,1103588.19,2026-03-31,Automated
2026-04-01,AC0014,1055150.14,971808.09,2026-04-01,Automated
2026-04-02,AC0014,1109514.71,992995.18,2026-04-02,Automated
2026-04-03,AC0014,941603.38,885940.26,2026-04-03,Automated
2026-04-04,AC0014,1024208.12,928964.37,2026-04-04,Automated
2026-04-05,AC0014,1035474.06,984719.44,2026-04-05,Automated
2026-04-06,AC0014,1335704.34,1223557.75,2026-04-06,Automated
2026-04-07,AC0014,1255607.14,1118120.45,2026-04-07,Automated
2026-04-08,AC0014,982058.11,875877.1,2026-04-08,Automated
2026-04-09,AC0014,765035.16,738351.27,2026-04-09,Automated
2026-04-10,AC0014,1009862.58,892354.92,2026-04-10,Automated
2026-04-11,AC0014,1001782.5,920407.34,2026-04-11,Automated
2026-04-12,AC0014,1082287.69,976618.59,2026-04-12,Automated
2026-04-13,AC0014,1069644.25,947689.08,2026-04-13,Automated
2026-04-14,AC0014,1090669.59,1070086.79,2026-04-14,Automated
2026-04-15,AC0014,1021526.2,918767.1,2026-04-15,Automated
2026-04-16,AC0014,844769.87,821389.1,2026-04-16,Automated
2026-04-17,AC0014,1009956.07,908520.27,2026-04-17,Automated
2026-04-18,AC0014,985881.84,879852.84,2026-04-18,Automated
2026-04-19,AC0014,1199586.17,1184186.98,2026-04-19,Automated
2026-04-20,AC0014,1354103.21,1200060.57,2026-04-20,Automated
2026-04-21,AC0014,1193306.32,1135147.21,2026-04-21,Automated
2026-04-22,AC0014,1076486.15,1045204.75,2026-04-22,Automated
2026-04-23,AC0014,981290.83,920318.25,2026-04-23,Automated
2026-04-24,AC0014,957280.97,871434.14,2026-04-24,Automated
2026-04-25,AC0014,1156650.78,1086108.63,2026-04-25,Automated
2026-04-26,AC0014,1240065.95,1199439.75,2026-04-26,Automated
2026-04-27,AC0014,1099503.99,1067224.48,2026-04-27,Automated
2026-04-28,AC0014,1112623.28,1022113.72,2026-04-28,Automated
2026-04-29,AC0014,1149287.68,1042666.0,2026-04-29,Automated
2026-04-30,AC0014,940056.38,856367.2,2026-04-30,Automated
2026-05-01,AC0014,1063937.42,963274.23,2026-05-01,Automated
2026-05-02,AC0014,1051104.81,1013101.62,2026-05-02,Automated
2026-05-03,AC0014,991893.8,918880.6,2026-05-03,Automated
2026-05-04,AC0014,1155853.72,1027186.22,2026-05-04,Automated
2026-05-05,AC0014,1157268.49,1040082.0,2026-05-05,Automated
2026-05-06,AC0014,1017757.5,959690.35,2026-05-06,Automated
2026-05-07,AC0014,995115.62,933591.98,2026-05-07,Automated
2026-05-08,AC0014,868008.31,817691.31,2026-05-08,Automated
2026-05-09,AC0014,1047875.67,1007582.4,2026-05-09,Automated
2026-05-10,AC0014,1003439.04,894944.26,2026-05-10,Automated
2026-05-11,AC0014,1265632.05,1229180.06,2026-05-11,Automated
2026-05-12,AC0014,1009816.31,967522.06,2026-05-12,Automated
2026-05-13,AC0014,1022996.13,953921.82,2026-05-13,Automated
2026-05-14,AC0014,1011225.36,986674.07,2026-05-14,Automated
2026-05-15,AC0014,1044229.39,976151.12,2026-05-15,Automated
2026-05-16,AC0014,1150713.09,1081628.4,2026-05-16,Automated
2026-05-17,AC0014,1188238.3,1167171.51,2026-05-17,Automated
2026-05-18,AC0014,1179294.38,1077139.05,2026-05-18,Automated
2026-05-19,AC0014,1027191.06,1005395.22,2026-05-19,Automated
2026-05-20,AC0014,1057343.81,974995.65,2026-05-20,Automated
2026-05-21,AC0014,896632.35,881428.6,2026-05-21,Automated
2026-05-22,AC0014,941725.76,880800.5,2026-05-22,Automated
2026-05-23,AC0014,1254583.97,1230885.07,2026-05-23,Automated
2026-05-24,AC0014,1318114.59,1224446.29,2026-05-24,Automated
2026-05-25,AC0014,1209538.82,1192622.81,2026-05-25,Automated
2026-05-26,AC0014,1067053.43,985502.27,2026-05-26,Automated
2026-05-27,AC0014,1155283.21,1025203.52,2026-05-27,Automated
2026-05-28,AC0014,1035029.35,919031.74,2026-05-28,Automated
2026-05-29,AC0014,976120.02,946215.74,2026-05-29,Automated
2026-05-30,AC0014,990719.06,949576.27,2026-05-30,Automated
2026-05-31,AC0014,1291262.43,1198818.31,2026-05-31,Automated
2026-06-01,AC0014,977482.01,933404.18,2026-06-01,Automated
2026-06-02,AC0014,1160126.47,1119812.02,2026-06-02,Automated
2026-06-03,AC0014,948748.35,846884.15,2026-06-03,Automated
2026-06-04,AC0014,948360.13,869743.68,2026-06-04,Automated
2026-06-05,AC0014,802842.37,753126.91,2026-06-05,Automated
2026-06-06,AC0014,900220.06,843224.93,2026-06-06,Automated
2026-06-07,AC0014,1195667.73,1132755.0,2026-06-07,Automated
2026-06-08,AC0014,1222974.58,1108930.63,2026-06-08,Automated
2026-06-09,AC0014,1184711.41,1169189.12,2026-06-09,Automated
2026-06-10,AC0014,1011614.82,904062.46,2026-06-10,Automated
2026-06-11,AC0014,1000438.76,961013.23,2026-06-11,Automated
2026-06-12,AC0014,811874.69,776029.48,2026-06-12,Automated
2026-06-13,AC0014,1000439.41,958813.92,2026-06-13,Automated
2026-06-14,AC0014,1027944.13,943930.95,2026-06-14,Automated
2026-06-15,AC0014,1115979.05,1011189.98,2026-06-15,Automated
2026-06-16,AC0014,1065007.93,951585.74,2026-06-16,Automated
2026-06-17,AC0014,976278.26,912860.36,2026-06-17,Automated
2026-06-18,AC0014,889014.45,815078.73,2026-06-18,Automated
2026-06-19,AC0014,939746.46,894957.43,2026-06-19,Automated
2026-06-20,AC0014,967124.83,904801.19,2026-06-20,Automated
2026-06-21,AC0014,1174485.19,1126482.58,2026-06-21,Automated
2026-06-22,AC0014,1204168.33,1102931.84,2026-06-22,Automated
2026-06-23,AC0014,1081100.45,971914.74,2026-06-23,Automated
2026-06-24,AC0014,1061864.1,957598.7,2026-06-24,Automated
2026-06-25,AC0014,1024342.35,937698.62,2026-06-25,Automated
2026-06-26,AC0014,1033079.88,1018056.27,2026-06-26,Automated
2026-06-27,AC0014,1067733.77,998198.75,2026-06-27,Automated
2026-06-28,AC0014,953334.53,913079.34,2026-06-28,Automated
2026-06-29,AC0014,1213811.75,1095738.36,2026-06-29,Automated
2026-06-30,AC0014,984633.03,944266.57,2026-06-30,Automated
2026-01-01,AC0015,1777702.03,1634153.13,2026-01-03,Estimated
2026-01-02,AC0015,1686771.43,1492298.43,2026-01-04,Estimated
2026-01-03,AC0015,1683715.24,1648818.36,2026-01-05,Estimated
2026-01-04,AC0015,1340139.06,1233232.25,2026-01-06,Estimated
2026-01-05,AC0015,1519250.87,1402312.07,2026-01-07,Estimated
2026-01-06,AC0015,1492349.02,1440808.0,2026-01-08,Estimated
2026-01-07,AC0015,1641130.22,1505507.58,2026-01-09,Estimated
2026-01-08,AC0015,1777180.58,1716416.22,2026-01-10,Estimated
2026-01-09,AC0015,1671075.3,1647125.74,2026-01-11,Estimated
2026-01-10,AC0015,1465079.74,1304565.51,2026-01-12,Estimated
2026-01-11,AC0015,1540972.6,1513941.39,2026-01-13,Estimated
2026-01-12,AC0015,1464859.57,1447547.66,2026-01-14,Estimated
2026-01-13,AC0015,1520916.4,1392174.66,2026-01-15,Estimated
2026-01-14,AC0015,1717775.48,1596186.44,2026-01-17,Estimated
2026-01-15,AC0015,1925726.66,1741160.53,2026-01-17,Estimated
2026-01-16,AC0015,1869608.63,1658647.91,2026-01-18,Estimated
2026-01-17,AC0015,1539532.94,1430149.74,2026-01-19,Estimated
2026-01-18,AC0015,1531865.56,1412624.25,2026-01-20,Estimated
2026-01-19,AC0015,1467866.95,1430837.17,2026-01-21,Estimated
2026-01-20,AC0015,1435679.69,1290490.67,2026-01-22,Estimated
2026-01-21,AC0015,1868135.86,1668913.86,2026-01-23,Estimated
2026-01-22,AC0015,1920919.92,1707315.33,2026-01-24,Estimated
2026-01-23,AC0015,1584439.82,1425930.04,2026-01-25,Estimated
2026-01-24,AC0015,1392077.07,1321710.9,2026-01-26,Estimated
2026-01-25,AC0015,1577811.67,1451975.61,2026-01-27,Estimated
2026-01-26,AC0015,1555088.66,1455400.43,2026-01-28,Estimated
2026-01-27,AC0015,1512737.12,1497462.83,2026-01-29,Estimated
2026-01-28,AC0015,1534628.37,1376469.97,2026-01-30,Estimated
2026-01-29,AC0015,1555581.08,1456026.11,2026-02-01,Estimated
2026-01-30,AC0015,1507455.51,1402372.6,2026-02-01,Estimated
2026-01-31,AC0015,1550979.74,1454122.78,2026-02-02,Estimated
2026-02-01,AC0015,1467861.05,1372598.66,2026-02-03,Estimated
2026-02-02,AC0015,1201401.37,1115844.4,2026-02-04,Estimated
2026-02-03,AC0015,1650638.65,1572239.68,2026-02-05,Estimated
2026-02-04,AC0015,1813946.5,1738324.68,2026-02-06,Estimated
2026-02-05,AC0015,1631824.21,1473895.75,2026-02-07,Estimated
2026-02-06,AC0015,1899026.58,1687719.09,2026-02-08,Estimated
2026-02-07,AC0015,1757313.28,1696170.37,2026-02-09,Estimated
2026-02-08,AC0015,1567832.41,1530536.59,2026-02-11,Estimated
2026-02-09,AC0015,1640735.57,1526081.2,2026-02-11,Estimated
2026-02-10,AC0015,1669429.95,1623294.11,2026-02-12,Estimated
2026-02-11,AC0015,1788563.32,1720374.83,2026-02-13,Estimated
2026-02-12,AC0015,1758483.97,1620915.21,2026-02-14,Estimated
2026-02-13,AC0015,1586843.6,1480967.2,2026-02-15,Estimated
2026-02-14,AC0015,1670326.11,1506191.56,2026-02-17,Estimated
2026-02-15,AC0015,1276655.85,1218001.6,2026-02-17,Estimated
2026-02-16,AC0015,1515415.34,1406866.82,2026-02-18,Estimated
2026-02-17,AC0015,1492228.05,1368829.25,2026-02-20,Estimated
2026-02-18,AC0015,1433932.63,1395708.73,2026-02-20,Estimated
2026-02-19,AC0015,1792472.89,1748095.48,2026-02-21,Estimated
2026-02-20,AC0015,1860452.83,1809043.82,2026-02-23,Estimated
2026-02-21,AC0015,1772298.73,1623203.02,2026-02-23,Estimated
2026-02-22,AC0015,1286842.83,1156398.92,2026-02-24,Estimated
2026-02-23,AC0015,1431163.66,1335667.86,2026-02-25,Estimated
2026-02-24,AC0015,1726660.63,1700434.5,2026-02-26,Estimated
2026-02-25,AC0015,1645237.76,1602630.75,2026-02-27,Estimated
2026-02-26,AC0015,1799545.8,1608319.77,2026-03-01,Estimated
2026-02-27,AC0015,1945819.52,1872822.93,2026-03-02,Estimated
2026-02-28,AC0015,1643593.71,1531675.05,2026-03-02,Estimated
2026-03-01,AC0015,1784317.58,1744585.45,2026-03-03,Estimated
2026-03-02,AC0015,1508368.66,1388718.11,2026-03-05,Estimated
2026-03-03,AC0015,1553444.96,1494124.2,2026-03-05,Estimated
2026-03-04,AC0015,1585439.12,1401867.56,2026-03-06,Estimated
2026-03-05,AC0015,1586911.7,1550692.62,2026-03-07,Estimated
2026-03-06,AC0015,1711522.24,1668374.86,2026-03-08,Estimated
2026-03-07,AC0015,1627620.82,1508209.71,2026-03-09,Estimated
2026-03-08,AC0015,1529764.29,1461365.62,2026-03-10,Estimated
2026-03-09,AC0015,1425732.62,1344383.13,2026-03-11,Estimated
2026-03-10,AC0015,1232355.82,1209032.35,2026-03-13,Estimated
2026-03-11,AC0015,1843499.36,1667169.6,2026-03-13,Estimated
2026-03-12,AC0015,1720532.07,1533821.72,2026-03-14,Estimated
2026-03-13,AC0015,1721650.45,1653160.27,2026-03-15,Estimated
2026-03-14,AC0015,1344929.4,1189134.7,2026-03-16,Estimated
2026-03-15,AC0015,1133651.29,1001666.35,2026-03-18,Estimated
2026-03-16,AC0015,1324338.01,1195075.77,2026-03-18,Estimated
2026-03-17,AC0015,1653476.36,1583775.56,2026-03-20,Estimated
2026-03-18,AC0015,1705900.2,1595640.34,2026-03-20,Estimated
2026-03-19,AC0015,1636978.72,1454270.33,2026-03-21,Estimated
2026-03-20,AC0015,1836225.74,1660963.25,2026-03-22,Estimated
2026-03-21,AC0015,1494641.35,1337624.07,2026-03-23,Estimated
2026-03-22,AC0015,1468021.77,1384322.1,2026-03-25,Estimated
2026-03-23,AC0015,1311640.82,1248084.04,2026-03-25,Estimated
2026-03-24,AC0015,1170547.58,1122434.33,2026-03-27,Estimated
2026-03-25,AC0015,1402509.14,1295511.07,2026-03-28,Estimated
2026-03-26,AC0015,1777412.38,1652074.89,2026-03-28,Estimated
2026-03-27,AC0015,1653293.31,1469226.83,2026-03-29,Estimated
2026-03-28,AC0015,1662009.7,1489038.84,2026-03-31,Estimated
2026-03-29,AC0015,1657347.4,1494891.01,2026-03-31,Estimated
2026-03-30,AC0015,1391345.51,1315383.38,2026-04-01,Estimated
2026-03-31,AC0015,1447709.72,1341210.41,2026-04-02,Estimated
2026-04-01,AC0015,1846492.94,1706254.08,2026-04-04,Estimated
2026-04-02,AC0015,1738380.18,1556563.22,2026-04-04,Estimated
2026-04-03,AC0015,1694523.62,1558106.03,2026-04-05,Estimated
2026-04-04,AC0015,1409057.02,1255893.04,2026-04-06,Estimated
2026-04-05,AC0015,1563312.82,1423226.8,2026-04-07,Estimated
2026-04-06,AC0015,1448975.87,1423463.41,2026-04-09,Estimated
2026-04-07,AC0015,1298152.62,1272612.65,2026-04-09,Estimated
2026-04-08,AC0015,1757192.91,1587487.21,2026-04-10,Estimated
2026-04-09,AC0015,1640398.48,1517139.43,2026-04-11,Estimated
2026-04-10,AC0015,1976110.82,1939656.25,2026-04-13,Estimated
2026-04-11,AC0015,1718217.23,1632190.07,2026-04-13,Estimated
2026-04-12,AC0015,1765498.64,1635017.61,2026-04-14,Estimated
2026-04-13,AC0015,1717913.36,1566729.18,2026-04-15,Estimated
2026-04-14,AC0015,1485168.59,1348685.38,2026-04-17,Estimated
2026-04-15,AC0015,1868728.85,1836742.59,2026-04-18,Estimated
2026-04-16,AC0015,1958781.9,1864611.57,2026-04-18,Estimated
2026-04-17,AC0015,1847838.69,1652688.8,2026-04-19,Estimated
2026-04-18,AC0015,1807599.22,1605609.42,2026-04-20,Estimated
2026-04-19,AC0015,1555567.34,1425108.17,2026-04-21,Estimated
2026-04-20,AC0015,1452636.52,1334129.25,2026-04-22,Estimated
2026-04-21,AC0015,1723885.84,1648992.14,2026-04-23,Estimated
2026-04-22,AC0015,1584987.31,1421501.69,2026-04-24,Estimated
2026-04-23,AC0015,1760539.73,1595746.92,2026-04-25,Estimated
2026-04-24,AC0015,1743226.03,1545863.94,2026-04-26,Estimated
2026-04-25,AC0015,1929695.04,1821857.35,2026-04-27,Estimated
2026-04-26,AC0015,1519795.27,1405085.11,2026-04-28,Estimated
2026-04-27,AC0015,1507326.83,1335128.63,2026-04-29,Estimated
2026-04-28,AC0015,1457600.2,1296531.32,2026-04-30,Estimated
2026-04-29,AC0015,1792228.89,1577953.47,2026-05-01,Estimated
2026-04-30,AC0015,1876268.92,1693870.85,2026-05-03,Estimated
2026-05-01,AC0015,1699729.35,1564964.39,2026-05-03,Estimated
2026-05-02,AC0015,1726750.23,1554926.69,2026-05-05,Estimated
2026-05-03,AC0015,1612007.89,1457715.64,2026-05-06,Estimated
2026-05-04,AC0015,1444451.67,1397037.3,2026-05-06,Estimated
2026-05-05,AC0015,1621366.93,1579793.76,2026-05-07,Estimated
2026-05-06,AC0015,1638943.2,1583475.6,2026-05-08,Estimated
2026-05-07,AC0015,1893609.29,1684696.57,2026-05-09,Estimated
2026-05-08,AC0015,1759264.59,1625702.17,2026-05-10,Estimated
2026-05-09,AC0015,1736486.6,1529201.05,2026-05-11,Estimated
2026-05-10,AC0015,1442347.56,1375947.09,2026-05-12,Estimated
2026-05-11,AC0015,1448720.7,1430371.57,2026-05-13,Estimated
2026-05-12,AC0015,1399997.77,1329430.74,2026-05-14,Estimated
2026-05-13,AC0015,1587165.37,1427540.34,2026-05-15,Estimated
2026-05-14,AC0015,1811315.88,1721325.08,2026-05-16,Estimated
2026-05-15,AC0015,1802666.21,1773615.18,2026-05-17,Estimated
2026-05-16,AC0015,1686085.75,1513214.64,2026-05-18,Estimated
2026-05-17,AC0015,1362961.81,1274506.68,2026-05-19,Estimated
2026-05-18,AC0015,1283992.59,1206595.14,2026-05-21,Estimated
2026-05-19,AC0015,1514304.46,1459311.93,2026-05-21,Estimated
2026-05-20,AC0015,1475258.4,1439977.87,2026-05-22,Estimated
2026-05-21,AC0015,1856314.52,1655183.22,2026-05-23,Estimated
2026-05-22,AC0015,1601659.77,1542191.93,2026-05-24,Estimated
2026-05-23,AC0015,1710634.37,1689841.28,2026-05-26,Estimated
2026-05-24,AC0015,1417522.86,1307969.19,2026-05-26,Estimated
2026-05-25,AC0015,1716200.8,1640292.01,2026-05-27,Estimated
2026-05-26,AC0015,1345016.03,1320118.44,2026-05-28,Estimated
2026-05-27,AC0015,1805756.33,1610219.85,2026-05-29,Estimated
2026-05-28,AC0015,1734882.16,1569449.93,2026-05-30,Estimated
2026-05-29,AC0015,1717947.75,1660494.12,2026-05-31,Estimated
2026-05-30,AC0015,1543359.01,1385288.34,2026-06-01,Estimated
2026-05-31,AC0015,1462264.88,1431281.02,2026-06-02,Estimated
2026-06-01,AC0015,1443926.21,1318253.24,2026-06-03,Estimated
2026-06-02,AC0015,1452860.43,1433701.18,2026-06-05,Estimated
2026-06-03,AC0015,1469670.19,1369000.79,2026-06-05,Estimated
2026-06-04,AC0015,1576365.09,1425406.29,2026-06-07,Estimated
2026-06-05,AC0015,1621799.27,1586158.33,2026-06-07,Estimated
2026-06-06,AC0015,1384526.89,1339293.55,2026-06-08,Estimated
2026-06-07,AC0015,1498117.6,1342520.3,2026-06-10,Estimated
2026-06-08,AC0015,1231469.82,1197629.05,2026-06-10,Estimated
2026-06-09,AC0015,1731697.08,1659458.94,2026-06-11,Estimated
2026-06-10,AC0015,1476510.84,1349224.82,2026-06-12,Estimated
2026-06-11,AC0015,1409641.4,1335428.17,2026-06-14,Estimated
2026-06-12,AC0015,1769869.21,1595829.77,2026-06-14,Estimated
2026-06-13,AC0015,1636284.93,1518119.35,2026-06-15,Estimated
2026-06-14,AC0015,1239797.95,1216359.08,2026-06-16,Estimated
2026-06-15,AC0015,1492082.35,1427233.7,2026-06-17,Estimated
2026-06-16,AC0015,1333268.11,1257049.97,2026-06-18,Estimated
2026-06-17,AC0015,1665019.35,1474255.36,2026-06-19,Estimated
2026-06-18,AC0015,1669864.58,1512183.07,2026-06-20,Estimated
2026-06-19,AC0015,1634923.88,1571235.21,2026-06-21,Estimated
2026-06-20,AC0015,1582024.92,1451635.31,2026-06-22,Estimated
2026-06-21,AC0015,1351643.91,1250941.22,2026-06-24,Estimated
2026-06-22,AC0015,1564420.54,1517346.07,2026-06-24,Estimated
2026-06-23,AC0015,1445609.9,1403306.97,2026-06-26,Estimated
2026-06-24,AC0015,1641159.1,1597634.57,2026-06-27,Estimated
2026-06-25,AC0015,1794614.67,1733423.98,2026-06-27,Estimated
2026-06-26,AC0015,1663862.18,1639838.76,2026-06-28,Estimated
2026-06-27,AC0015,1506078.64,1358307.93,2026-06-29,Estimated
2026-06-28,AC0015,1392643.33,1227220.07,2026-06-30,Estimated
2026-06-29,AC0015,1630527.34,1586652.12,2026-07-02,Estimated
2026-06-30,AC0015,1503583.3,1397217.65,2026-07-02,Estimated
2026-01-01,AC0016,633907.24,597557.03,2026-01-03,Estimated
2026-01-02,AC0016,660660.15,624185.28,2026-01-04,Estimated
2026-01-03,AC0016,699441.27,645307.26,2026-01-05,Estimated
2026-01-04,AC0016,618682.83,603068.6,2026-01-06,Estimated
2026-01-05,AC0016,676260.16,636587.6,2026-01-07,Estimated
2026-01-06,AC0016,523993.05,494385.58,2026-01-08,Estimated
2026-01-07,AC0016,604859.94,541557.76,2026-01-10,Estimated
2026-01-08,AC0016,657468.28,631868.29,2026-01-10,Estimated
2026-01-09,AC0016,550672.52,506947.49,2026-01-12,Estimated
2026-01-10,AC0016,649987.51,600960.34,2026-01-12,Estimated
2026-01-11,AC0016,573324.82,561555.82,2026-01-13,Estimated
2026-01-12,AC0016,635246.85,565423.62,2026-01-14,Estimated
2026-01-13,AC0016,531069.91,474588.59,2026-01-15,Estimated
2026-01-14,AC0016,549215.51,484893.34,2026-01-16,Estimated
2026-01-15,AC0016,669006.93,661616.7,2026-01-17,Estimated
2026-01-16,AC0016,785915.54,747118.48,2026-01-19,Estimated
2026-01-17,AC0016,722017.91,684860.51,2026-01-19,Estimated
2026-01-18,AC0016,700826.39,687028.51,2026-01-21,Estimated
2026-01-19,AC0016,591099.65,557020.34,2026-01-21,Estimated
2026-01-20,AC0016,558800.66,496188.46,2026-01-22,Estimated
2026-01-21,AC0016,571829.69,562690.28,2026-01-23,Estimated
2026-01-22,AC0016,586047.57,564840.8,2026-01-24,Estimated
2026-01-23,AC0016,618182.6,555361.52,2026-01-25,Estimated
2026-01-24,AC0016,697706.27,680418.78,2026-01-26,Estimated
2026-01-25,AC0016,733305.56,691787.73,2026-01-27,Estimated
2026-01-26,AC0016,590423.32,580804.65,2026-01-28,Estimated
2026-01-27,AC0016,493369.32,440578.87,2026-01-29,Estimated
2026-01-28,AC0016,610679.71,576496.81,2026-01-30,Estimated
2026-01-29,AC0016,668141.24,626476.16,2026-01-31,Estimated
2026-01-30,AC0016,671566.45,595231.39,2026-02-01,Estimated
2026-01-31,AC0016,716345.8,647368.35,2026-02-02,Estimated
2026-02-01,AC0016,610074.55,580086.48,2026-02-04,Estimated
2026-02-02,AC0016,669428.73,602801.54,2026-02-04,Estimated
2026-02-03,AC0016,655741.27,594652.46,2026-02-05,Estimated
2026-02-04,AC0016,564573.56,541045.21,2026-02-06,Estimated
2026-02-05,AC0016,616211.96,575796.67,2026-02-07,Estimated
2026-02-06,AC0016,662460.43,646501.07,2026-02-09,Estimated
2026-02-07,AC0016,681876.52,629327.69,2026-02-09,Estimated
2026-02-08,AC0016,760380.03,678147.95,2026-02-10,Estimated
2026-02-09,AC0016,725995.63,701523.71,2026-02-11,Estimated
2026-02-10,AC0016,590420.16,531308.43,2026-02-12,Estimated
2026-02-11,AC0016,552755.53,526217.58,2026-02-13,Estimated
2026-02-12,AC0016,598977.56,545463.83,2026-02-14,Estimated
2026-02-13,AC0016,661251.78,608541.53,2026-02-15,Estimated
2026-02-14,AC0016,663368.63,605343.09,2026-02-17,Estimated
2026-02-15,AC0016,704517.45,627777.08,2026-02-18,Estimated
2026-02-16,AC0016,689797.4,651385.95,2026-02-18,Estimated
2026-02-17,AC0016,530441.84,511350.72,2026-02-19,Estimated
2026-02-18,AC0016,442114.45,415185.44,2026-02-20,Estimated
2026-02-19,AC0016,776191.32,735756.85,2026-02-21,Estimated
2026-02-20,AC0016,535768.73,475094.85,2026-02-23,Estimated
2026-02-21,AC0016,706174.4,628582.21,2026-02-23,Estimated
2026-02-22,AC0016,715021.41,694478.42,2026-02-24,Estimated
2026-02-23,AC0016,546860.73,540140.62,2026-02-25,Estimated
2026-02-24,AC0016,615963.46,570542.91,2026-02-26,Estimated
2026-02-25,AC0016,504522.52,447342.73,2026-02-27,Estimated
2026-02-26,AC0016,522853.07,479174.15,2026-02-28,Estimated
2026-02-27,AC0016,665031.16,617348.19,2026-03-01,Estimated
2026-02-28,AC0016,824267.59,772417.11,2026-03-03,Estimated
2026-03-01,AC0016,713718.94,660479.83,2026-03-03,Estimated
2026-03-02,AC0016,537766.1,499424.71,2026-03-05,Estimated
2026-03-03,AC0016,539057.19,495246.5,2026-03-05,Estimated
2026-03-04,AC0016,659696.63,604115.69,2026-03-06,Estimated
2026-03-05,AC0016,710288.38,700871.76,2026-03-08,Estimated
2026-03-06,AC0016,698307.48,682861.68,2026-03-09,Estimated
2026-03-07,AC0016,768990.05,743049.14,2026-03-09,Estimated
2026-03-08,AC0016,653466.19,577326.99,2026-03-11,Estimated
2026-03-09,AC0016,617921.62,593318.61,2026-03-11,Estimated
2026-03-10,AC0016,561970.82,534394.2,2026-03-12,Estimated
2026-03-11,AC0016,587511.82,517996.44,2026-03-14,Estimated
2026-03-12,AC0016,617639.76,610071.11,2026-03-14,Estimated
2026-03-13,AC0016,683300.1,661089.63,2026-03-15,Estimated
2026-03-14,AC0016,673647.72,648489.47,2026-03-16,Estimated
2026-03-15,AC0016,661322.41,609008.31,2026-03-17,Estimated
2026-03-16,AC0016,513472.89,475916.21,2026-03-18,Estimated
2026-03-17,AC0016,578546.32,563003.5,2026-03-19,Estimated
2026-03-18,AC0016,535096.44,519019.39,2026-03-20,Estimated
2026-03-19,AC0016,604848.49,549282.21,2026-03-22,Estimated
2026-03-20,AC0016,664315.72,623757.21,2026-03-22,Estimated
2026-03-21,AC0016,692649.88,643807.53,2026-03-23,Estimated
2026-03-22,AC0016,690350.83,649472.76,2026-03-25,Estimated
2026-03-23,AC0016,628445.9,579558.53,2026-03-25,Estimated
2026-03-24,AC0016,547676.92,530221.76,2026-03-26,Estimated
2026-03-25,AC0016,549235.53,513160.06,2026-03-27,Estimated
2026-03-26,AC0016,695469.42,649832.91,2026-03-28,Estimated
2026-03-27,AC0016,510490.7,472972.58,2026-03-29,Estimated
2026-03-28,AC0016,696681.54,635826.64,2026-03-30,Estimated
2026-03-29,AC0016,624616.92,562524.87,2026-03-31,Estimated
2026-03-30,AC0016,607214.39,570293.58,2026-04-01,Estimated
2026-03-31,AC0016,602370.85,544546.48,2026-04-02,Estimated
2026-04-01,AC0016,544571.2,502806.06,2026-04-03,Estimated
2026-04-02,AC0016,710619.02,652113.91,2026-04-04,Estimated
2026-04-03,AC0016,627029.96,618452.59,2026-04-05,Estimated
2026-04-04,AC0016,649341.88,635562.88,2026-04-07,Estimated
2026-04-05,AC0016,656186.04,614446.25,2026-04-07,Estimated
2026-04-06,AC0016,495811.1,486767.28,2026-04-08,Estimated
2026-04-07,AC0016,612174.33,591652.47,2026-04-09,Estimated
2026-04-08,AC0016,460068.18,415522.34,2026-04-10,Estimated
2026-04-09,AC0016,610185.31,590802.8,2026-04-11,Estimated
2026-04-10,AC0016,685381.22,656149.35,2026-04-13,Estimated
2026-04-11,AC0016,813679.89,747124.77,2026-04-13,Estimated
2026-04-12,AC0016,649669.33,585659.08,2026-04-14,Estimated
2026-04-13,AC0016,584800.7,553928.9,2026-04-15,Estimated
2026-04-14,AC0016,569644.92,511544.3,2026-04-16,Estimated
2026-04-15,AC0016,464161.2,419907.59,2026-04-17,Estimated
2026-04-16,AC0016,636157.54,595774.63,2026-04-18,Estimated
2026-04-17,AC0016,603709.81,568176.48,2026-04-20,Estimated
2026-04-18,AC0016,732153.12,680962.02,2026-04-21,Estimated
2026-04-19,AC0016,571013.58,503598.96,2026-04-21,Estimated
2026-04-20,AC0016,666143.11,614808.97,2026-04-22,Estimated
2026-04-21,AC0016,504448.65,497234.59,2026-04-23,Estimated
2026-04-22,AC0016,564060.47,524025.11,2026-04-24,Estimated
2026-04-23,AC0016,619295.66,555142.85,2026-04-25,Estimated
2026-04-24,AC0016,636105.81,623231.04,2026-04-26,Estimated
2026-04-25,AC0016,677915.9,629828.52,2026-04-27,Estimated
2026-04-26,AC0016,731089.66,661537.17,2026-04-28,Estimated
2026-04-27,AC0016,569900.03,528522.27,2026-04-29,Estimated
2026-04-28,AC0016,446681.44,438356.6,2026-04-30,Estimated
2026-04-29,AC0016,592505.09,547664.93,2026-05-01,Estimated
2026-04-30,AC0016,592276.73,552374.74,2026-05-02,Estimated
2026-05-01,AC0016,711749.46,638833.98,2026-05-03,Estimated
2026-05-02,AC0016,748798.71,732691.73,2026-05-04,Estimated
2026-05-03,AC0016,584549.47,521063.63,2026-05-05,Estimated
2026-05-04,AC0016,704852.67,661760.39,2026-05-06,Estimated
2026-05-05,AC0016,561275.67,532265.02,2026-05-07,Estimated
2026-05-06,AC0016,651185.66,583394.59,2026-05-08,Estimated
2026-05-07,AC0016,625236.0,597399.05,2026-05-09,Estimated
2026-05-08,AC0016,708275.02,662272.01,2026-05-10,Estimated
2026-05-09,AC0016,690392.2,609699.02,2026-05-11,Estimated
2026-05-10,AC0016,695475.69,675189.35,2026-05-13,Estimated
2026-05-11,AC0016,527402.3,493709.01,2026-05-14,Estimated
2026-05-12,AC0016,591044.63,545296.08,2026-05-14,Estimated
2026-05-13,AC0016,640709.77,627046.43,2026-05-15,Estimated
2026-05-14,AC0016,682696.9,633986.91,2026-05-16,Estimated
2026-05-15,AC0016,635510.72,602954.69,2026-05-17,Estimated
2026-05-16,AC0016,684471.58,640944.34,2026-05-18,Estimated
2026-05-17,AC0016,750060.5,666711.43,2026-05-19,Estimated
2026-05-18,AC0016,625876.97,566286.05,2026-05-20,Estimated
2026-05-19,AC0016,495528.14,473477.54,2026-05-21,Estimated
2026-05-20,AC0016,529461.0,478751.62,2026-05-22,Estimated
2026-05-21,AC0016,564710.72,501904.47,2026-05-23,Estimated
2026-05-22,AC0016,707434.01,624250.55,2026-05-24,Estimated
2026-05-23,AC0016,736034.2,664467.38,2026-05-25,Estimated
2026-05-24,AC0016,553026.32,534624.36,2026-05-26,Estimated
2026-05-25,AC0016,503371.46,463124.26,2026-05-27,Estimated
2026-05-26,AC0016,506869.24,452648.23,2026-05-28,Estimated
2026-05-27,AC0016,571399.2,538838.95,2026-05-29,Estimated
2026-05-28,AC0016,641659.39,627525.64,2026-05-31,Estimated
2026-05-29,AC0016,614118.55,584723.46,2026-06-01,Estimated
2026-05-30,AC0016,674230.74,644046.16,2026-06-01,Estimated
2026-05-31,AC0016,631331.99,601953.03,2026-06-03,Estimated
2026-06-01,AC0016,674170.93,658486.28,2026-06-04,Estimated
2026-06-02,AC0016,548810.17,540796.89,2026-06-04,Estimated
2026-06-03,AC0016,679016.22,614152.08,2026-06-05,Estimated
2026-06-04,AC0016,620159.58,550209.04,2026-06-07,Estimated
2026-06-05,AC0016,686663.32,633733.53,2026-06-08,Estimated
2026-06-06,AC0016,752667.45,665568.19,2026-06-08,Estimated
2026-06-07,AC0016,663698.38,635145.82,2026-06-10,Estimated
2026-06-08,AC0016,650980.99,622811.94,2026-06-11,Estimated
2026-06-09,AC0016,645571.86,593248.27,2026-06-11,Estimated
2026-06-10,AC0016,635198.55,583316.96,2026-06-12,Estimated
2026-06-11,AC0016,549067.11,499685.69,2026-06-13,Estimated
2026-06-12,AC0016,713709.01,649359.06,2026-06-14,Estimated
2026-06-13,AC0016,746340.88,730769.19,2026-06-16,Estimated
2026-06-14,AC0016,633856.58,558242.04,2026-06-16,Estimated
2026-06-15,AC0016,565417.22,541293.72,2026-06-17,Estimated
2026-06-16,AC0016,509391.79,469181.69,2026-06-18,Estimated
2026-06-17,AC0016,573836.48,522044.71,2026-06-19,Estimated
2026-06-18,AC0016,594208.51,526059.97,2026-06-20,Estimated
2026-06-19,AC0016,709957.02,661960.61,2026-06-21,Estimated
2026-06-20,AC0016,685160.34,636575.85,2026-06-23,Estimated
2026-06-21,AC0016,676016.95,631503.45,2026-06-24,Estimated
2026-06-22,AC0016,639173.89,611413.51,2026-06-25,Estimated
2026-06-23,AC0016,534369.74,491940.8,2026-06-26,Estimated
2026-06-24,AC0016,551013.24,499268.44,2026-06-26,Estimated
2026-06-25,AC0016,668790.08,615328.08,2026-06-28,Estimated
2026-06-26,AC0016,681942.79,639536.81,2026-06-28,Estimated
2026-06-27,AC0016,612766.79,567753.63,2026-06-29,Estimated
2026-06-28,AC0016,759078.32,688506.79,2026-06-30,Estimated
2026-06-29,AC0016,664869.96,589632.29,2026-07-01,Estimated
2026-06-30,AC0016,578411.28,537979.05,2026-07-02,Estimated
2026-01-01,AC0017,2526465.38,2447979.16,2026-01-03,Estimated
2026-01-02,AC0017,2334199.68,2219749.82,2026-01-04,Estimated
2026-01-03,AC0017,2435765.09,2195530.43,2026-01-05,Estimated
2026-01-04,AC0017,2301278.07,2241241.79,2026-01-06,Estimated
2026-01-05,AC0017,2060551.33,1927639.68,2026-01-07,Estimated
2026-01-06,AC0017,2058476.24,1903653.14,2026-01-09,Estimated
2026-01-07,AC0017,2098743.34,1931828.7,2026-01-09,Estimated
2026-01-08,AC0017,2452952.86,2212041.37,2026-01-10,Estimated
2026-01-09,AC0017,2383907.04,2119160.61,2026-01-11,Estimated
2026-01-10,AC0017,2686942.1,2507690.83,2026-01-13,Estimated
2026-01-11,AC0017,2216784.11,2040897.32,2026-01-13,Estimated
2026-01-12,AC0017,2086029.05,1868152.55,2026-01-14,Estimated
2026-01-13,AC0017,2542920.84,2255368.32,2026-01-16,Estimated
2026-01-14,AC0017,2385731.97,2131298.67,2026-01-16,Estimated
2026-01-15,AC0017,2222464.49,2086937.78,2026-01-17,Estimated
2026-01-16,AC0017,2653670.03,2510823.73,2026-01-18,Estimated
2026-01-17,AC0017,2372586.54,2146975.34,2026-01-19,Estimated
2026-01-18,AC0017,2336951.6,2066980.09,2026-01-20,Estimated
2026-01-19,AC0017,2338016.36,2256704.16,2026-01-21,Estimated
2026-01-20,AC0017,1951553.96,1854318.91,2026-01-22,Estimated
2026-01-21,AC0017,2369940.53,2267075.24,2026-01-24,Estimated
2026-01-22,AC0017,2471163.43,2312784.72,2026-01-24,Estimated
2026-01-23,AC0017,2459630.58,2394486.93,2026-01-25,Estimated
2026-01-24,AC0017,2569841.05,2492604.37,2026-01-26,Estimated
2026-01-25,AC0017,2419786.2,2242183.76,2026-01-28,Estimated
2026-01-26,AC0017,2001623.16,1967323.25,2026-01-28,Estimated
2026-01-27,AC0017,2061542.2,1871654.32,2026-01-29,Estimated
2026-01-28,AC0017,2103862.52,1938478.92,2026-01-30,Estimated
2026-01-29,AC0017,2541070.51,2325760.31,2026-01-31,Estimated
2026-01-30,AC0017,2334994.86,2111279.03,2026-02-01,Estimated
2026-01-31,AC0017,2422702.59,2356690.89,2026-02-03,Estimated
2026-02-01,AC0017,2119496.16,2025542.39,2026-02-03,Estimated
2026-02-02,AC0017,2262633.16,2091134.44,2026-02-05,Estimated
2026-02-03,AC0017,1857550.39,1808400.6,2026-02-05,Estimated
2026-02-04,AC0017,2344517.89,2191273.66,2026-02-06,Estimated
2026-02-05,AC0017,2454296.45,2220477.69,2026-02-07,Estimated
2026-02-06,AC0017,2450454.82,2201504.18,2026-02-08,Estimated
2026-02-07,AC0017,2560981.09,2289335.47,2026-02-09,Estimated
2026-02-08,AC0017,2073808.26,1864547.87,2026-02-10,Estimated
2026-02-09,AC0017,1932028.28,1854651.08,2026-02-11,Estimated
2026-02-10,AC0017,2184754.62,2010039.92,2026-02-12,Estimated
2026-02-11,AC0017,2012616.86,1840399.69,2026-02-13,Estimated
2026-02-12,AC0017,2136026.32,2071867.34,2026-02-14,Estimated
2026-02-13,AC0017,2502224.96,2268366.86,2026-02-15,Estimated
2026-02-14,AC0017,2343882.34,2277858.89,2026-02-16,Estimated
2026-02-15,AC0017,2276274.68,2242572.3,2026-02-17,Estimated
2026-02-16,AC0017,2111215.17,1971709.76,2026-02-19,Estimated
2026-02-17,AC0017,2042119.51,1939726.65,2026-02-19,Estimated
2026-02-18,AC0017,2291409.03,2036755.04,2026-02-20,Estimated
2026-02-19,AC0017,2401888.14,2139966.82,2026-02-21,Estimated
2026-02-20,AC0017,2841521.5,2745921.87,2026-02-22,Estimated
2026-02-21,AC0017,2575060.28,2533758.9,2026-02-23,Estimated
2026-02-22,AC0017,2213986.23,2152902.27,2026-02-24,Estimated
2026-02-23,AC0017,1758701.02,1679840.1,2026-02-26,Estimated
2026-02-24,AC0017,2032775.79,1813468.48,2026-02-27,Estimated
2026-02-25,AC0017,1967341.6,1749069.7,2026-02-27,Estimated
2026-02-26,AC0017,2588675.42,2464641.46,2026-02-28,Estimated
2026-02-27,AC0017,2560725.54,2371562.0,2026-03-01,Estimated
2026-02-28,AC0017,2254904.65,2105718.74,2026-03-02,Estimated
2026-03-01,AC0017,1721975.46,1538856.5,2026-03-04,Estimated
2026-03-02,AC0017,2426384.13,2252143.79,2026-03-04,Estimated
2026-03-03,AC0017,2078101.91,1834892.49,2026-03-05,Estimated
2026-03-04,AC0017,2041783.5,1815404.4,2026-03-06,Estimated
2026-03-05,AC0017,2142832.33,1948610.39,2026-03-07,Estimated
2026-03-06,AC0017,2326731.83,2069843.31,2026-03-08,Estimated
2026-03-07,AC0017,2117149.39,1983804.05,2026-03-10,Estimated
2026-03-08,AC0017,2451941.97,2271902.71,2026-03-11,Estimated
2026-03-09,AC0017,1836058.89,1620438.27,2026-03-12,Estimated
2026-03-10,AC0017,1947273.11,1910080.63,2026-03-12,Estimated
2026-03-11,AC0017,1943811.6,1898106.53,2026-03-13,Estimated
2026-03-12,AC0017,2297730.75,2160369.91,2026-03-14,Estimated
2026-03-13,AC0017,2090114.16,1869300.74,2026-03-15,Estimated
2026-03-14,AC0017,2393734.67,2315437.46,2026-03-16,Estimated
2026-03-15,AC0017,2045392.57,1847071.64,2026-03-17,Estimated
2026-03-16,AC0017,1992376.72,1790043.62,2026-03-18,Estimated
2026-03-17,AC0017,2285607.21,2044303.19,2026-03-19,Estimated
2026-03-18,AC0017,2539744.81,2300314.51,2026-03-20,Estimated
2026-03-19,AC0017,2483724.79,2262616.33,2026-03-22,Estimated
2026-03-20,AC0017,2643472.2,2409945.71,2026-03-22,Estimated
2026-03-21,AC0017,2632207.67,2396746.89,2026-03-23,Estimated
2026-03-22,AC0017,2149276.45,2051993.63,2026-03-25,Estimated
2026-03-23,AC0017,2298107.07,2090230.82,2026-03-25,Estimated
2026-03-24,AC0017,2126599.61,2040870.11,2026-03-26,Estimated
2026-03-25,AC0017,2235035.14,2017135.84,2026-03-28,Estimated
2026-03-26,AC0017,2298868.0,2114764.97,2026-03-29,Estimated
2026-03-27,AC0017,2454019.47,2181648.98,2026-03-29,Estimated
2026-03-28,AC0017,2478944.16,2270664.17,2026-03-30,Estimated
2026-03-29,AC0017,2234816.57,1968875.26,2026-03-31,Estimated
2026-03-30,AC0017,2083989.57,2044683.44,2026-04-02,Estimated
2026-03-31,AC0017,2269073.4,2094393.69,2026-04-02,Estimated
2026-04-01,AC0017,2236484.75,2134337.34,2026-04-03,Estimated
2026-04-02,AC0017,2510064.33,2459627.63,2026-04-04,Estimated
2026-04-03,AC0017,2718698.95,2629855.8,2026-04-05,Estimated
2026-04-04,AC0017,2769817.48,2624850.26,2026-04-06,Estimated
2026-04-05,AC0017,2173727.63,1931104.84,2026-04-07,Estimated
2026-04-06,AC0017,1910950.24,1832099.87,2026-04-09,Estimated
2026-04-07,AC0017,1799075.59,1752799.64,2026-04-10,Estimated
2026-04-08,AC0017,2275785.04,2068171.08,2026-04-11,Estimated
2026-04-09,AC0017,2160237.22,2076097.56,2026-04-12,Estimated
2026-04-10,AC0017,2544097.83,2399518.44,2026-04-13,Estimated
2026-04-11,AC0017,2590907.96,2287198.18,2026-04-13,Estimated
2026-04-12,AC0017,2335022.17,2115577.03,2026-04-15,Estimated
2026-04-13,AC0017,2012827.92,1962189.09,2026-04-15,Estimated
2026-04-14,AC0017,2242549.74,2020196.43,2026-04-16,Estimated
2026-04-15,AC0017,2180640.69,2026562.97,2026-04-17,Estimated
2026-04-16,AC0017,2662359.0,2551086.4,2026-04-18,Estimated
2026-04-17,AC0017,2749069.2,2499457.48,2026-04-19,Estimated
2026-04-18,AC0017,2525822.77,2260221.92,2026-04-20,Estimated
2026-04-19,AC0017,2255939.15,2064167.41,2026-04-21,Estimated
2026-04-20,AC0017,2186563.96,1927601.21,2026-04-23,Estimated
2026-04-21,AC0017,2222813.62,2070784.89,2026-04-23,Estimated
2026-04-22,AC0017,2226306.64,2079145.58,2026-04-24,Estimated
2026-04-23,AC0017,2486094.22,2450719.77,2026-04-25,Estimated
2026-04-24,AC0017,2480663.87,2295986.83,2026-04-26,Estimated
2026-04-25,AC0017,2333561.04,2271548.02,2026-04-28,Estimated
2026-04-26,AC0017,2306491.71,2040567.62,2026-04-28,Estimated
2026-04-27,AC0017,2078563.02,1977547.18,2026-04-30,Estimated
2026-04-28,AC0017,1678548.84,1618643.69,2026-05-01,Estimated
2026-04-29,AC0017,2175586.02,1949982.41,2026-05-02,Estimated
2026-04-30,AC0017,2177369.61,2053525.4,2026-05-02,Estimated
2026-05-01,AC0017,2046809.7,2015525.73,2026-05-03,Estimated
2026-05-02,AC0017,2566326.04,2381497.91,2026-05-04,Estimated
2026-05-03,AC0017,2045789.68,1817414.59,2026-05-05,Estimated
2026-05-04,AC0017,2031537.65,1919811.66,2026-05-06,Estimated
2026-05-05,AC0017,1831205.44,1763717.89,2026-05-07,Estimated
2026-05-06,AC0017,2247507.47,1995519.43,2026-05-08,Estimated
2026-05-07,AC0017,2360070.02,2222592.36,2026-05-09,Estimated
2026-05-08,AC0017,2426161.88,2224168.54,2026-05-11,Estimated
2026-05-09,AC0017,2322298.06,2201654.67,2026-05-11,Estimated
2026-05-10,AC0017,2206692.05,1976443.53,2026-05-12,Estimated
2026-05-11,AC0017,2262015.0,2092053.32,2026-05-14,Estimated
2026-05-12,AC0017,1942832.22,1921282.45,2026-05-14,Estimated
2026-05-13,AC0017,1858156.04,1820551.99,2026-05-15,Estimated
2026-05-14,AC0017,2593545.21,2440471.03,2026-05-16,Estimated
2026-05-15,AC0017,2426576.08,2349405.38,2026-05-18,Estimated
2026-05-16,AC0017,2440301.36,2398793.88,2026-05-18,Estimated
2026-05-17,AC0017,2534180.82,2447185.42,2026-05-19,Estimated
2026-05-18,AC0017,2053641.71,2023326.48,2026-05-20,Estimated
2026-05-19,AC0017,2097671.2,1871008.47,2026-05-21,Estimated
2026-05-20,AC0017,2121745.39,1981360.95,2026-05-22,Estimated
2026-05-21,AC0017,2319561.01,2193569.66,2026-05-24,Estimated
2026-05-22,AC0017,2293245.25,2102202.15,2026-05-24,Estimated
2026-05-23,AC0017,2406842.17,2212849.2,2026-05-25,Estimated
2026-05-24,AC0017,2308843.68,2124972.42,2026-05-26,Estimated
2026-05-25,AC0017,1923979.68,1772485.81,2026-05-27,Estimated
2026-05-26,AC0017,1863983.52,1676329.32,2026-05-28,Estimated
2026-05-27,AC0017,2273055.23,2065867.75,2026-05-30,Estimated
2026-05-28,AC0017,2606357.9,2440841.17,2026-05-30,Estimated
2026-05-29,AC0017,2314160.35,2068515.54,2026-05-31,Estimated
2026-05-30,AC0017,2378919.92,2266061.94,2026-06-01,Estimated
2026-05-31,AC0017,2499240.03,2328526.32,2026-06-02,Estimated
2026-06-01,AC0017,2185665.48,2025537.96,2026-06-03,Estimated
2026-06-02,AC0017,1747711.35,1572323.13,2026-06-04,Estimated
2026-06-03,AC0017,2006182.69,1798115.43,2026-06-05,Estimated
2026-06-04,AC0017,2481477.05,2438213.19,2026-06-07,Estimated
2026-06-05,AC0017,2470108.43,2180359.4,2026-06-07,Estimated
2026-06-06,AC0017,2350348.98,2306620.95,2026-06-08,Estimated
2026-06-07,AC0017,2163396.18,2035706.78,2026-06-09,Estimated
2026-06-08,AC0017,1997452.98,1973779.4,2026-06-10,Estimated
2026-06-09,AC0017,1990588.15,1922991.62,2026-06-11,Estimated
2026-06-10,AC0017,2310103.64,2060440.35,2026-06-12,Estimated
2026-06-11,AC0017,2403910.6,2306821.51,2026-06-13,Estimated
2026-06-12,AC0017,2370469.02,2196684.9,2026-06-14,Estimated
2026-06-13,AC0017,2307147.17,2148601.98,2026-06-15,Estimated
2026-06-14,AC0017,2179418.37,2003436.99,2026-06-16,Estimated
2026-06-15,AC0017,2044093.09,1861155.23,2026-06-17,Estimated
2026-06-16,AC0017,1961404.98,1758571.97,2026-06-18,Estimated
2026-06-17,AC0017,2452543.3,2259118.42,2026-06-20,Estimated
2026-06-18,AC0017,2416011.49,2217581.1,2026-06-20,Estimated
2026-06-19,AC0017,2542946.26,2485280.35,2026-06-22,Estimated
2026-06-20,AC0017,2374752.98,2282560.51,2026-06-22,Estimated
2026-06-21,AC0017,1978039.15,1821895.3,2026-06-23,Estimated
2026-06-22,AC0017,2140545.88,1936612.51,2026-06-24,Estimated
2026-06-23,AC0017,1974287.03,1785238.55,2026-06-26,Estimated
2026-06-24,AC0017,2302079.69,2203500.22,2026-06-26,Estimated
2026-06-25,AC0017,2412154.61,2176686.83,2026-06-28,Estimated
2026-06-26,AC0017,2455481.93,2184955.29,2026-06-28,Estimated
2026-06-27,AC0017,2404614.24,2198531.35,2026-06-29,Estimated
2026-06-28,AC0017,2176812.82,2044919.74,2026-06-30,Estimated
2026-06-29,AC0017,2166761.17,2036058.34,2026-07-01,Estimated
2026-06-30,AC0017,1863286.76,1696263.13,2026-07-02,Estimated
2026-01-01,AC0018,1106377.88,1058700.97,2026-01-02,Manually reported
2026-01-02,AC0018,1001596.31,962329.3,2026-01-03,Manually reported
2026-01-03,AC0018,1086237.38,976702.68,2026-01-04,Manually reported
2026-01-04,AC0018,1203104.93,1069576.09,2026-01-05,Manually reported
2026-01-05,AC0018,1271278.36,1155127.57,2026-01-06,Manually reported
2026-01-06,AC0018,1330587.86,1237237.3,2026-01-07,Manually reported
2026-01-07,AC0018,1314512.96,1164646.84,2026-01-08,Manually reported
2026-01-08,AC0018,1291995.19,1254017.18,2026-01-09,Manually reported
2026-01-09,AC0018,1109039.47,1057666.69,2026-01-10,Manually reported
2026-01-10,AC0018,1090947.3,1026310.93,2026-01-11,Manually reported
2026-01-11,AC0018,921471.29,827979.24,2026-01-12,Manually reported
2026-01-12,AC0018,1175268.63,1097038.29,2026-01-13,Manually reported
2026-01-13,AC0018,1207999.65,1185375.08,2026-01-14,Manually reported
2026-01-14,AC0018,1342887.99,1213727.77,2026-01-15,Manually reported
2026-01-15,AC0018,1089136.91,1025489.57,2026-01-16,Manually reported
2026-01-16,AC0018,1042650.41,1004368.86,2026-01-17,Manually reported
2026-01-17,AC0018,1011161.56,901815.21,2026-01-18,Manually reported
2026-01-18,AC0018,1126367.51,1036543.02,2026-01-19,Manually reported
2026-01-19,AC0018,1160262.8,1042285.62,2026-01-20,Manually reported
2026-01-20,AC0018,1336054.22,1184390.88,2026-01-21,Manually reported
2026-01-21,AC0018,1179291.11,1075920.21,2026-01-22,Manually reported
2026-01-22,AC0018,1233909.54,1196334.83,2026-01-23,Manually reported
2026-01-23,AC0018,1117946.39,991869.27,2026-01-24,Manually reported
2026-01-24,AC0018,990780.72,960353.03,2026-01-25,Manually reported
2026-01-25,AC0018,968665.27,883762.44,2026-01-26,Manually reported
2026-01-26,AC0018,847099.34,749997.61,2026-01-27,Manually reported
2026-01-27,AC0018,1336840.03,1187589.1,2026-01-28,Manually reported
2026-01-28,AC0018,1363606.2,1272889.03,2026-01-29,Manually reported
2026-01-29,AC0018,1217561.03,1074275.72,2026-01-30,Manually reported
2026-01-30,AC0018,1201960.2,1078439.1,2026-01-31,Manually reported
2026-01-31,AC0018,970401.44,916367.95,2026-02-01,Manually reported
2026-02-01,AC0018,1053980.99,1024526.39,2026-02-02,Manually reported
2026-02-02,AC0018,972225.61,961815.23,2026-02-03,Manually reported
2026-02-03,AC0018,1381982.07,1249022.49,2026-02-04,Manually reported
2026-02-04,AC0018,1232365.84,1189495.76,2026-02-05,Manually reported
2026-02-05,AC0018,1126190.51,1053339.66,2026-02-06,Manually reported
2026-02-06,AC0018,1132047.52,1110648.25,2026-02-07,Manually reported
2026-02-07,AC0018,1013885.35,936297.0,2026-02-08,Manually reported
2026-02-08,AC0018,916366.05,875192.68,2026-02-09,Manually reported
2026-02-09,AC0018,1032419.07,966906.24,2026-02-10,Manually reported
2026-02-10,AC0018,1187706.01,1078701.28,2026-02-11,Manually reported
2026-02-11,AC0018,1195695.82,1161582.46,2026-02-12,Manually reported
2026-02-12,AC0018,1237257.2,1115837.3,2026-02-13,Manually reported
2026-02-13,AC0018,1099103.07,985699.31,2026-02-14,Manually reported
2026-02-14,AC0018,1136829.73,1082133.62,2026-02-15,Manually reported
2026-02-15,AC0018,1060819.35,1005657.08,2026-02-16,Manually reported
2026-02-16,AC0018,1135228.39,1073336.16,2026-02-17,Manually reported
2026-02-17,AC0018,1319481.4,1289938.82,2026-02-18,Manually reported
2026-02-18,AC0018,1263859.79,1120943.31,2026-02-19,Manually reported
2026-02-19,AC0018,1148856.5,1106277.01,2026-02-20,Manually reported
2026-02-20,AC0018,1157079.66,1131965.52,2026-02-21,Manually reported
2026-02-21,AC0018,1224975.16,1099722.75,2026-02-22,Manually reported
2026-02-22,AC0018,1208477.3,1147627.08,2026-02-23,Manually reported
2026-02-23,AC0018,1147991.35,1041630.69,2026-02-24,Manually reported
2026-02-24,AC0018,1334195.94,1194447.87,2026-02-25,Manually reported
2026-02-25,AC0018,1133853.18,1106084.96,2026-02-26,Manually reported
2026-02-26,AC0018,1167313.2,1032018.94,2026-02-27,Manually reported
2026-02-27,AC0018,986993.55,877290.72,2026-02-28,Manually reported
2026-02-28,AC0018,995787.11,932137.54,2026-03-01,Manually reported
2026-03-01,AC0018,998765.64,904749.64,2026-03-02,Manually reported
2026-03-02,AC0018,1002240.29,910022.27,2026-03-03,Manually reported
2026-03-03,AC0018,1175613.56,1036231.45,2026-03-04,Manually reported
2026-03-04,AC0018,1340336.83,1270852.78,2026-03-05,Manually reported
2026-03-05,AC0018,1095847.3,1011193.9,2026-03-06,Manually reported
2026-03-06,AC0018,1132065.82,1067883.31,2026-03-07,Manually reported
2026-03-07,AC0018,950716.37,910653.48,2026-03-08,Manually reported
2026-03-08,AC0018,1049150.37,994989.06,2026-03-09,Manually reported
2026-03-09,AC0018,1125686.85,1082866.76,2026-03-10,Manually reported
2026-03-10,AC0018,1281038.81,1245754.1,2026-03-11,Manually reported
2026-03-11,AC0018,1201701.04,1178427.8,2026-03-12,Manually reported
2026-03-12,AC0018,1324845.43,1239990.97,2026-03-13,Manually reported
2026-03-13,AC0018,1100809.36,1064485.35,2026-03-14,Manually reported
2026-03-14,AC0018,1085327.26,1043706.21,2026-03-15,Manually reported
2026-03-15,AC0018,1040895.05,943044.64,2026-03-16,Manually reported
2026-03-16,AC0018,1146876.22,1036132.19,2026-03-17,Manually reported
2026-03-17,AC0018,1257547.44,1147289.93,2026-03-18,Manually reported
2026-03-18,AC0018,1238017.81,1211860.64,2026-03-19,Manually reported
2026-03-19,AC0018,1192509.8,1069568.01,2026-03-20,Manually reported
2026-03-20,AC0018,1163406.46,1060969.36,2026-03-21,Manually reported
2026-03-21,AC0018,1055834.1,946705.82,2026-03-22,Manually reported
2026-03-22,AC0018,1005458.81,973344.28,2026-03-23,Manually reported
2026-03-23,AC0018,1149269.34,1026777.83,2026-03-24,Manually reported
2026-03-24,AC0018,1176121.39,1124031.0,2026-03-25,Manually reported
2026-03-25,AC0018,1301068.47,1197555.36,2026-03-26,Manually reported
2026-03-26,AC0018,1129421.7,1094960.95,2026-03-27,Manually reported
2026-03-27,AC0018,1211086.7,1112320.96,2026-03-28,Manually reported
2026-03-28,AC0018,1074272.56,1044131.98,2026-03-29,Manually reported
2026-03-29,AC0018,1134166.69,1075673.12,2026-03-30,Manually reported
2026-03-30,AC0018,1170423.71,1154430.24,2026-03-31,Manually reported
2026-03-31,AC0018,1209962.79,1152270.94,2026-04-01,Manually reported
2026-04-01,AC0018,1302920.48,1285318.71,2026-04-02,Manually reported
2026-04-02,AC0018,1150051.48,1042791.44,2026-04-03,Manually reported
2026-04-03,AC0018,1172379.72,1160315.77,2026-04-04,Manually reported
2026-04-04,AC0018,999464.72,896306.27,2026-04-05,Manually reported
2026-04-05,AC0018,1172858.26,1146975.74,2026-04-06,Manually reported
2026-04-06,AC0018,1164363.26,1044100.47,2026-04-07,Manually reported
2026-04-07,AC0018,1181118.31,1115760.23,2026-04-08,Manually reported
2026-04-08,AC0018,1095883.19,995337.28,2026-04-09,Manually reported
2026-04-09,AC0018,1196408.66,1065877.52,2026-04-10,Manually reported
2026-04-10,AC0018,1034322.86,976111.16,2026-04-11,Manually reported
2026-04-11,AC0018,1013256.48,941677.12,2026-04-12,Manually reported
2026-04-12,AC0018,1048552.89,938218.26,2026-04-13,Manually reported
2026-04-13,AC0018,1200297.2,1061929.71,2026-04-14,Manually reported
2026-04-14,AC0018,1229289.44,1101807.43,2026-04-15,Manually reported
2026-04-15,AC0018,1145351.93,1120328.8,2026-04-16,Manually reported
2026-04-16,AC0018,1092969.98,1004247.09,2026-04-17,Manually reported
2026-04-17,AC0018,1145808.59,1049891.49,2026-04-18,Manually reported
2026-04-18,AC0018,1122096.17,1101542.88,2026-04-19,Manually reported
2026-04-19,AC0018,1064969.5,1030497.92,2026-04-20,Manually reported
2026-04-20,AC0018,1149335.01,1128837.49,2026-04-21,Manually reported
2026-04-21,AC0018,1294454.65,1159153.71,2026-04-22,Manually reported
2026-04-22,AC0018,1466486.98,1348108.83,2026-04-23,Manually reported
2026-04-23,AC0018,1008042.24,917264.54,2026-04-24,Manually reported
2026-04-24,AC0018,1240258.85,1162009.51,2026-04-25,Manually reported
2026-04-25,AC0018,935370.41,866475.55,2026-04-26,Manually reported
2026-04-26,AC0018,974182.73,893074.9,2026-04-27,Manually reported
2026-04-27,AC0018,1347959.58,1269887.39,2026-04-28,Manually reported
2026-04-28,AC0018,1244127.0,1166186.06,2026-04-29,Manually reported
2026-04-29,AC0018,1166710.33,1083347.09,2026-04-30,Manually reported
2026-04-30,AC0018,1168356.17,1151967.27,2026-05-01,Manually reported
2026-05-01,AC0018,1235434.67,1135097.05,2026-05-02,Manually reported
2026-05-02,AC0018,1212066.2,1101563.12,2026-05-03,Manually reported
2026-05-03,AC0018,1161342.51,1089508.59,2026-05-04,Manually reported
2026-05-04,AC0018,1022333.59,948961.96,2026-05-05,Manually reported
2026-05-05,AC0018,1042711.99,946608.05,2026-05-06,Manually reported
2026-05-06,AC0018,1203241.8,1171164.3,2026-05-07,Manually reported
2026-05-07,AC0018,1019500.27,972088.67,2026-05-08,Manually reported
2026-05-08,AC0018,1227275.69,1157453.26,2026-05-09,Manually reported
2026-05-09,AC0018,1084535.01,1047396.2,2026-05-10,Manually reported
2026-05-10,AC0018,1171768.39,1127507.62,2026-05-11,Manually reported
2026-05-11,AC0018,1157829.88,1106464.45,2026-05-12,Manually reported
2026-05-12,AC0018,1276075.37,1259611.83,2026-05-13,Manually reported
2026-05-13,AC0018,1119761.69,1050728.64,2026-05-14,Manually reported
2026-05-14,AC0018,1263035.82,1163867.97,2026-05-15,Manually reported
2026-05-15,AC0018,1035902.71,959581.35,2026-05-16,Manually reported
2026-05-16,AC0018,1096297.17,989445.17,2026-05-17,Manually reported
2026-05-17,AC0018,1301694.32,1159589.58,2026-05-18,Manually reported
2026-05-18,AC0018,1095664.82,1055617.67,2026-05-19,Manually reported
2026-05-19,AC0018,1132689.45,1086413.52,2026-05-20,Manually reported
2026-05-20,AC0018,1346913.02,1211741.96,2026-05-21,Manually reported
2026-05-21,AC0018,1299077.51,1163726.97,2026-05-22,Manually reported
2026-05-22,AC0018,1139193.25,1125635.06,2026-05-23,Manually reported
2026-05-23,AC0018,1182222.73,1049634.09,2026-05-24,Manually reported
2026-05-24,AC0018,1078687.19,1054212.05,2026-05-25,Manually reported
2026-05-25,AC0018,1107471.2,1006636.77,2026-05-26,Manually reported
2026-05-26,AC0018,1272089.65,1220493.47,2026-05-27,Manually reported
2026-05-27,AC0018,1190415.02,1098252.0,2026-05-28,Manually reported
2026-05-28,AC0018,1416057.86,1257508.7,2026-05-29,Manually reported
2026-05-29,AC0018,1071410.52,1044074.22,2026-05-30,Manually reported
2026-05-30,AC0018,1035313.55,975712.13,2026-05-31,Manually reported
2026-05-31,AC0018,1204945.01,1150356.44,2026-06-01,Manually reported
2026-06-01,AC0018,1057884.02,1000012.95,2026-06-02,Manually reported
2026-06-02,AC0018,1320375.54,1269157.3,2026-06-03,Manually reported
2026-06-03,AC0018,1218533.91,1128402.0,2026-06-04,Manually reported
2026-06-04,AC0018,1224875.14,1147537.73,2026-06-05,Manually reported
2026-06-05,AC0018,1042502.34,994100.59,2026-06-06,Manually reported
2026-06-06,AC0018,1021466.07,900010.88,2026-06-07,Manually reported
2026-06-07,AC0018,1063145.97,999147.46,2026-06-08,Manually reported
2026-06-08,AC0018,1273333.86,1175824.32,2026-06-09,Manually reported
2026-06-09,AC0018,1198858.27,1127729.62,2026-06-10,Manually reported
2026-06-10,AC0018,1261420.11,1152841.32,2026-06-11,Manually reported
2026-06-11,AC0018,1192272.1,1094620.79,2026-06-12,Manually reported
2026-06-12,AC0018,1171067.83,1090837.18,2026-06-13,Manually reported
2026-06-13,AC0018,878881.56,858652.64,2026-06-14,Manually reported
2026-06-14,AC0018,1044860.94,1020283.43,2026-06-15,Manually reported
2026-06-15,AC0018,1274786.41,1173492.93,2026-06-16,Manually reported
2026-06-16,AC0018,1264046.5,1186310.84,2026-06-17,Manually reported
2026-06-17,AC0018,1342502.52,1219966.07,2026-06-18,Manually reported
2026-06-18,AC0018,1183436.32,1117180.68,2026-06-19,Manually reported
2026-06-19,AC0018,1202911.06,1110978.24,2026-06-20,Manually reported
2026-06-20,AC0018,1223700.42,1183683.74,2026-06-21,Manually reported
2026-06-21,AC0018,1024226.89,1007709.21,2026-06-22,Manually reported
2026-06-22,AC0018,1079024.25,995939.98,2026-06-23,Manually reported
2026-06-23,AC0018,1442616.71,1306032.38,2026-06-24,Manually reported
2026-06-24,AC0018,1430051.72,1290706.58,2026-06-25,Manually reported
2026-06-25,AC0018,1104842.81,1024793.14,2026-06-26,Manually reported
2026-06-26,AC0018,1202378.99,1164753.58,2026-06-27,Manually reported
2026-06-27,AC0018,1035341.66,968132.66,2026-06-28,Manually reported
2026-06-28,AC0018,973090.2,947885.43,2026-06-29,Manually reported
2026-06-29,AC0018,1136277.7,1124107.03,2026-06-30,Manually reported
2026-06-30,AC0018,1451129.5,1293538.92,2026-07-01,Manually reported
2026-01-01,AC0019,340938.38,311585.55,2026-01-01,Automated
2026-01-02,AC0019,330865.58,293333.57,2026-01-02,Automated
2026-01-03,AC0019,341032.96,336667.04,2026-01-03,Automated
2026-01-04,AC0019,402102.9,387975.74,2026-01-04,Automated
2026-01-05,AC0019,402289.12,360172.91,2026-01-05,Automated
2026-01-06,AC0019,369255.21,333103.68,2026-01-06,Automated
2026-01-07,AC0019,337758.8,331000.56,2026-01-07,Automated
2026-01-08,AC0019,279086.73,265270.3,2026-01-08,Automated
2026-01-09,AC0019,299791.88,280250.74,2026-01-09,Automated
2026-01-10,AC0019,307600.9,287867.17,2026-01-10,Automated
2026-01-11,AC0019,326691.74,308589.14,2026-01-11,Automated
2026-01-12,AC0019,353577.91,317757.95,2026-01-12,Automated
2026-01-13,AC0019,383821.19,357280.68,2026-01-13,Automated
2026-01-14,AC0019,323604.14,299768.54,2026-01-14,Automated
2026-01-15,AC0019,290680.96,287636.23,2026-01-15,Automated
2026-01-16,AC0019,295796.92,278464.73,2026-01-16,Automated
2026-01-17,AC0019,354779.36,346800.28,2026-01-17,Automated
2026-01-18,AC0019,347776.04,335081.35,2026-01-18,Automated
2026-01-19,AC0019,370217.44,361303.62,2026-01-19,Automated
2026-01-20,AC0019,361890.64,351126.42,2026-01-20,Automated
2026-01-21,AC0019,354769.75,342896.47,2026-01-21,Automated
2026-01-22,AC0019,326405.8,306835.42,2026-01-22,Automated
2026-01-23,AC0019,309106.65,300697.88,2026-01-23,Automated
2026-01-24,AC0019,320221.41,305689.83,2026-01-24,Automated
2026-01-25,AC0019,350831.88,341683.31,2026-01-25,Automated
2026-01-26,AC0019,374491.6,337708.24,2026-01-26,Automated
2026-01-27,AC0019,383931.09,338387.24,2026-01-27,Automated
2026-01-28,AC0019,362121.28,341067.78,2026-01-28,Automated
2026-01-29,AC0019,332735.88,307307.3,2026-01-29,Automated
2026-01-30,AC0019,353017.28,339033.36,2026-01-30,Automated
2026-01-31,AC0019,353166.63,323749.64,2026-01-31,Automated
2026-02-01,AC0019,365470.5,338790.45,2026-02-01,Automated
2026-02-02,AC0019,438669.9,406888.96,2026-02-02,Automated
2026-02-03,AC0019,343852.18,322312.16,2026-02-03,Automated
2026-02-04,AC0019,334763.5,301489.86,2026-02-04,Automated
2026-02-05,AC0019,288591.6,260369.27,2026-02-05,Automated
2026-02-06,AC0019,298853.12,278961.81,2026-02-06,Automated
2026-02-07,AC0019,359491.16,340646.56,2026-02-07,Automated
2026-02-08,AC0019,345660.05,312237.77,2026-02-08,Automated
2026-02-09,AC0019,389344.2,348430.72,2026-02-09,Automated
2026-02-10,AC0019,352641.06,340570.92,2026-02-10,Automated
2026-02-11,AC0019,369914.16,354111.66,2026-02-11,Automated
2026-02-12,AC0019,283403.27,260211.75,2026-02-12,Automated
2026-02-13,AC0019,302321.87,280566.69,2026-02-13,Automated
2026-02-14,AC0019,272907.05,265019.91,2026-02-14,Automated
2026-02-15,AC0019,401195.89,357062.54,2026-02-15,Automated
2026-02-16,AC0019,347679.26,312419.88,2026-02-16,Automated
2026-02-17,AC0019,367017.88,337633.5,2026-02-17,Automated
2026-02-18,AC0019,298020.09,275065.58,2026-02-18,Automated
2026-02-19,AC0019,271337.14,251846.02,2026-02-19,Automated
2026-02-20,AC0019,303742.63,288022.71,2026-02-20,Automated
2026-02-21,AC0019,334795.8,314431.79,2026-02-21,Automated
2026-02-22,AC0019,357610.67,325994.33,2026-02-22,Automated
2026-02-23,AC0019,400011.89,384765.86,2026-02-23,Automated
2026-02-24,AC0019,353976.71,320790.11,2026-02-24,Automated
2026-02-25,AC0019,307445.73,297820.34,2026-02-25,Automated
2026-02-26,AC0019,222377.18,217472.01,2026-02-26,Automated
2026-02-27,AC0019,295342.37,283105.82,2026-02-27,Automated
2026-02-28,AC0019,327484.31,300217.51,2026-02-28,Automated
2026-03-01,AC0019,360915.4,345947.87,2026-03-01,Automated
2026-03-02,AC0019,398048.75,377344.93,2026-03-02,Automated
2026-03-03,AC0019,343490.24,326515.09,2026-03-03,Automated
2026-03-04,AC0019,337681.55,316380.8,2026-03-04,Automated
2026-03-05,AC0019,276703.75,272830.85,2026-03-05,Automated
2026-03-06,AC0019,336139.39,329709.31,2026-03-06,Automated
2026-03-07,AC0019,373735.27,330206.43,2026-03-07,Automated
2026-03-08,AC0019,343681.3,334704.3,2026-03-08,Automated
2026-03-09,AC0019,318550.6,291711.46,2026-03-09,Automated
2026-03-10,AC0019,340942.12,308284.31,2026-03-10,Automated
2026-03-11,AC0019,296949.23,284430.67,2026-03-11,Automated
2026-03-12,AC0019,320779.38,309256.15,2026-03-12,Automated
2026-03-13,AC0019,293786.67,262200.42,2026-03-13,Automated
2026-03-14,AC0019,386901.36,379318.84,2026-03-14,Automated
2026-03-15,AC0019,366140.48,341239.17,2026-03-15,Automated
2026-03-16,AC0019,343784.42,308853.65,2026-03-16,Automated
2026-03-17,AC0019,378447.86,334823.71,2026-03-17,Automated
2026-03-18,AC0019,336350.59,306276.45,2026-03-18,Automated
2026-03-19,AC0019,346807.38,317084.12,2026-03-19,Automated
2026-03-20,AC0019,363805.14,353233.06,2026-03-20,Automated
2026-03-21,AC0019,399478.86,361612.26,2026-03-21,Automated
2026-03-22,AC0019,369908.13,360378.12,2026-03-22,Automated
2026-03-23,AC0019,340884.97,325157.96,2026-03-23,Automated
2026-03-24,AC0019,355012.01,325131.67,2026-03-24,Automated
2026-03-25,AC0019,319153.69,310227.48,2026-03-25,Automated
2026-03-26,AC0019,319848.02,306021.46,2026-03-26,Automated
2026-03-27,AC0019,296469.01,268803.64,2026-03-27,Automated
2026-03-28,AC0019,383992.04,359647.84,2026-03-28,Automated
2026-03-29,AC0019,385821.29,357055.28,2026-03-29,Automated
2026-03-30,AC0019,391805.36,376152.37,2026-03-30,Automated
2026-03-31,AC0019,291478.0,282165.78,2026-03-31,Automated
2026-04-01,AC0019,343584.13,308655.59,2026-04-01,Automated
2026-04-02,AC0019,305593.97,277251.5,2026-04-02,Automated
2026-04-03,AC0019,352504.85,348406.51,2026-04-03,Automated
2026-04-04,AC0019,345983.4,324648.51,2026-04-04,Automated
2026-04-05,AC0019,380584.23,337257.33,2026-04-05,Automated
2026-04-06,AC0019,355744.29,335544.29,2026-04-06,Automated
2026-04-07,AC0019,320767.96,306069.22,2026-04-07,Automated
2026-04-08,AC0019,330995.34,298526.44,2026-04-08,Automated
2026-04-09,AC0019,339172.52,335144.46,2026-04-09,Automated
2026-04-10,AC0019,323840.8,309204.84,2026-04-10,Automated
2026-04-11,AC0019,387399.76,345450.64,2026-04-11,Automated
2026-04-12,AC0019,380350.88,372900.84,2026-04-12,Automated
2026-04-13,AC0019,377420.16,337695.41,2026-04-13,Automated
2026-04-14,AC0019,343478.67,339942.29,2026-04-14,Automated
2026-04-15,AC0019,317655.08,301402.17,2026-04-15,Automated
2026-04-16,AC0019,294688.83,267300.41,2026-04-16,Automated
2026-04-17,AC0019,311945.63,299627.78,2026-04-17,Automated
2026-04-18,AC0019,342499.82,330014.11,2026-04-18,Automated
2026-04-19,AC0019,369413.95,354781.29,2026-04-19,Automated
2026-04-20,AC0019,347475.4,341404.72,2026-04-20,Automated
2026-04-21,AC0019,432160.02,399841.36,2026-04-21,Automated
2026-04-22,AC0019,346825.3,338688.67,2026-04-22,Automated
2026-04-23,AC0019,273280.81,244957.26,2026-04-23,Automated
2026-04-24,AC0019,304818.56,284653.01,2026-04-24,Automated
2026-04-25,AC0019,342044.15,325270.73,2026-04-25,Automated
2026-04-26,AC0019,346612.67,339208.36,2026-04-26,Automated
2026-04-27,AC0019,413683.5,401165.83,2026-04-27,Automated
2026-04-28,AC0019,344202.17,324630.88,2026-04-28,Automated
2026-04-29,AC0019,325247.38,309101.3,2026-04-29,Automated
2026-04-30,AC0019,295460.15,278150.78,2026-04-30,Automated
2026-05-01,AC0019,354838.97,340903.42,2026-05-01,Automated
2026-05-02,AC0019,310995.99,283975.5,2026-05-02,Automated
2026-05-03,AC0019,351758.93,334547.74,2026-05-03,Automated
2026-05-04,AC0019,371309.66,359727.06,2026-05-04,Automated
2026-05-05,AC0019,322593.37,308828.15,2026-05-05,Automated
2026-05-06,AC0019,358037.88,333953.98,2026-05-06,Automated
2026-05-07,AC0019,342230.22,331429.73,2026-05-07,Automated
2026-05-08,AC0019,326174.29,294310.05,2026-05-08,Automated
2026-05-09,AC0019,319393.37,299108.52,2026-05-09,Automated
2026-05-10,AC0019,354455.2,349124.94,2026-05-10,Automated
2026-05-11,AC0019,369141.48,336764.8,2026-05-11,Automated
2026-05-12,AC0019,390852.19,382283.86,2026-05-12,Automated
2026-05-13,AC0019,313446.19,279190.56,2026-05-13,Automated
2026-05-14,AC0019,309742.5,288684.98,2026-05-14,Automated
2026-05-15,AC0019,370346.54,348263.2,2026-05-15,Automated
2026-05-16,AC0019,345073.51,338906.31,2026-05-16,Automated
2026-05-17,AC0019,360826.48,345936.95,2026-05-17,Automated
2026-05-18,AC0019,399569.39,381241.08,2026-05-18,Automated
2026-05-19,AC0019,337222.9,322759.03,2026-05-19,Automated
2026-05-20,AC0019,367024.24,345121.49,2026-05-20,Automated
2026-05-21,AC0019,323055.23,285942.55,2026-05-21,Automated
2026-05-22,AC0019,363137.54,359085.7,2026-05-22,Automated
2026-05-23,AC0019,309084.84,280322.39,2026-05-23,Automated
2026-05-24,AC0019,380244.13,336381.9,2026-05-24,Automated
2026-05-25,AC0019,387211.87,354851.67,2026-05-25,Automated
2026-05-26,AC0019,353829.71,327302.77,2026-05-26,Automated
2026-05-27,AC0019,260224.26,245611.89,2026-05-27,Automated
2026-05-28,AC0019,298504.3,286794.85,2026-05-28,Automated
2026-05-29,AC0019,307118.34,297415.84,2026-05-29,Automated
2026-05-30,AC0019,312797.55,300998.99,2026-05-30,Automated
2026-05-31,AC0019,379143.69,374122.4,2026-05-31,Automated
2026-06-01,AC0019,340134.74,322852.05,2026-06-01,Automated
2026-06-02,AC0019,375973.36,335010.18,2026-06-02,Automated
2026-06-03,AC0019,308111.46,298604.54,2026-06-03,Automated
2026-06-04,AC0019,288823.45,271195.14,2026-06-04,Automated
2026-06-05,AC0019,359774.5,336096.4,2026-06-05,Automated
2026-06-06,AC0019,358787.27,326917.37,2026-06-06,Automated
2026-06-07,AC0019,397778.66,375709.58,2026-06-07,Automated
2026-06-08,AC0019,397432.45,383331.41,2026-06-08,Automated
2026-06-09,AC0019,347895.36,320731.29,2026-06-09,Automated
2026-06-10,AC0019,325253.5,303481.5,2026-06-10,Automated
2026-06-11,AC0019,299429.48,291739.98,2026-06-11,Automated
2026-06-12,AC0019,295308.04,278835.96,2026-06-12,Automated
2026-06-13,AC0019,302287.9,268483.86,2026-06-13,Automated
2026-06-14,AC0019,355261.71,320391.71,2026-06-14,Automated
2026-06-15,AC0019,392843.78,370488.77,2026-06-15,Automated
2026-06-16,AC0019,337170.14,313937.31,2026-06-16,Automated
2026-06-17,AC0019,342482.61,338546.06,2026-06-17,Automated
2026-06-18,AC0019,315541.15,304637.64,2026-06-18,Automated
2026-06-19,AC0019,327118.48,315517.51,2026-06-19,Automated
2026-06-20,AC0019,336309.57,308674.98,2026-06-20,Automated
2026-06-21,AC0019,396926.53,380675.42,2026-06-21,Automated
2026-06-22,AC0019,372686.01,366703.83,2026-06-22,Automated
2026-06-23,AC0019,430511.28,410680.79,2026-06-23,Automated
2026-06-24,AC0019,320058.79,289508.71,2026-06-24,Automated
2026-06-25,AC0019,269877.2,247523.34,2026-06-25,Automated
2026-06-26,AC0019,342317.21,315735.01,2026-06-26,Automated
2026-06-27,AC0019,373221.91,348123.41,2026-06-27,Automated
2026-06-28,AC0019,342260.33,309561.59,2026-06-28,Automated
2026-06-29,AC0019,404624.12,379423.63,2026-06-29,Automated
2026-06-30,AC0019,325837.34,292413.57,2026-06-30,Automated
2026-01-01,AC0020,328074.37,299821.24,2026-01-01,Automated
2026-01-02,AC0020,275906.05,249516.67,2026-01-02,Automated
2026-01-03,AC0020,329744.63,311830.27,2026-01-03,Automated
2026-01-04,AC0020,285348.05,276303.74,2026-01-04,Automated
2026-01-05,AC0020,329005.22,302745.72,2026-01-05,Automated
2026-01-06,AC0020,326125.77,295280.12,2026-01-06,Automated
2026-01-07,AC0020,225938.44,215520.49,2026-01-07,Automated
2026-01-08,AC0020,254928.94,225188.88,2026-01-08,Automated
2026-01-09,AC0020,281963.78,255326.23,2026-01-09,Automated
2026-01-10,AC0020,340062.5,321210.38,2026-01-10,Automated
2026-01-11,AC0020,334217.56,322827.42,2026-01-11,Automated
2026-01-12,AC0020,324005.48,298580.72,2026-01-12,Automated
2026-01-13,AC0020,270100.23,246158.3,2026-01-13,Automated
2026-01-14,AC0020,263651.51,258551.34,2026-01-14,Automated
2026-01-15,AC0020,284636.83,277011.16,2026-01-15,Automated
2026-01-16,AC0020,361508.95,319838.54,2026-01-16,Automated
2026-01-17,AC0020,315905.01,278455.67,2026-01-17,Automated
2026-01-18,AC0020,373470.15,365502.24,2026-01-18,Automated
2026-01-19,AC0020,303280.02,283498.79,2026-01-19,Automated
2026-01-20,AC0020,326823.85,314234.71,2026-01-20,Automated
2026-01-21,AC0020,304304.78,295080.2,2026-01-21,Automated
2026-01-22,AC0020,262105.33,258696.97,2026-01-22,Automated
2026-01-23,AC0020,265994.47,241369.45,2026-01-23,Automated
2026-01-24,AC0020,370319.71,340963.63,2026-01-24,Automated
2026-01-25,AC0020,322542.55,314715.05,2026-01-25,Automated
2026-01-26,AC0020,335938.82,328657.72,2026-01-26,Automated
2026-01-27,AC0020,333117.33,312992.24,2026-01-27,Automated
2026-01-28,AC0020,296988.88,293841.66,2026-01-28,Automated
2026-01-29,AC0020,277591.88,257403.66,2026-01-29,Automated
2026-01-30,AC0020,287288.24,276248.43,2026-01-30,Automated
2026-01-31,AC0020,328301.29,312333.2,2026-01-31,Automated
2026-02-01,AC0020,323745.06,303630.17,2026-02-01,Automated
2026-02-02,AC0020,287787.03,261423.27,2026-02-02,Automated
2026-02-03,AC0020,242509.6,234347.95,2026-02-03,Automated
2026-02-04,AC0020,291043.13,261468.57,2026-02-04,Automated
2026-02-05,AC0020,303248.77,271625.07,2026-02-05,Automated
2026-02-06,AC0020,344643.78,305034.58,2026-02-06,Automated
2026-02-07,AC0020,345858.77,324217.05,2026-02-07,Automated
2026-02-08,AC0020,365477.5,347253.06,2026-02-08,Automated
2026-02-09,AC0020,324994.05,303995.62,2026-02-09,Automated
2026-02-10,AC0020,268869.24,245365.82,2026-02-10,Automated
2026-02-11,AC0020,275172.12,265697.33,2026-02-11,Automated
2026-02-12,AC0020,302512.52,274232.8,2026-02-12,Automated
2026-02-13,AC0020,329406.92,303889.66,2026-02-13,Automated
2026-02-14,AC0020,338003.9,314941.66,2026-02-14,Automated
2026-02-15,AC0020,360550.04,330273.4,2026-02-15,Automated
2026-02-16,AC0020,329603.35,323852.62,2026-02-16,Automated
2026-02-17,AC0020,294402.53,274052.83,2026-02-17,Automated
2026-02-18,AC0020,260307.56,233671.95,2026-02-18,Automated
2026-02-19,AC0020,294288.17,268952.92,2026-02-19,Automated
2026-02-20,AC0020,302760.48,275761.16,2026-02-20,Automated
2026-02-21,AC0020,361839.77,323432.32,2026-02-21,Automated
2026-02-22,AC0020,303666.22,299136.62,2026-02-22,Automated
2026-02-23,AC0020,281237.7,258313.7,2026-02-23,Automated
2026-02-24,AC0020,275539.32,264175.22,2026-02-24,Automated
2026-02-25,AC0020,258694.42,233346.77,2026-02-25,Automated
2026-02-26,AC0020,293856.77,271969.26,2026-02-26,Automated
2026-02-27,AC0020,316671.28,293709.87,2026-02-27,Automated
2026-02-28,AC0020,346953.96,330948.43,2026-02-28,Automated
2026-03-01,AC0020,321700.24,284051.7,2026-03-01,Automated
2026-03-02,AC0020,336376.76,327304.98,2026-03-02,Automated
2026-03-03,AC0020,317076.17,283777.46,2026-03-03,Automated
2026-03-04,AC0020,297294.3,267312.79,2026-03-04,Automated
2026-03-05,AC0020,302516.97,294873.91,2026-03-05,Automated
2026-03-06,AC0020,348263.62,310340.05,2026-03-06,Automated
2026-03-07,AC0020,313916.33,280497.43,2026-03-07,Automated
2026-03-08,AC0020,312187.88,274803.89,2026-03-08,Automated
2026-03-09,AC0020,333075.64,325469.06,2026-03-09,Automated
2026-03-10,AC0020,302328.99,270089.64,2026-03-10,Automated
2026-03-11,AC0020,300257.12,283501.44,2026-03-11,Automated
2026-03-12,AC0020,282194.2,259313.15,2026-03-12,Automated
2026-03-13,AC0020,315722.72,304702.75,2026-03-13,Automated
2026-03-14,AC0020,348815.35,340295.1,2026-03-14,Automated
2026-03-15,AC0020,379690.28,340543.57,2026-03-15,Automated
2026-03-16,AC0020,287285.95,265301.82,2026-03-16,Automated
2026-03-17,AC0020,293919.86,286115.17,2026-03-17,Automated
2026-03-18,AC0020,258887.5,243949.09,2026-03-18,Automated
2026-03-19,AC0020,273978.5,269721.05,2026-03-19,Automated
2026-03-20,AC0020,304226.56,269125.89,2026-03-20,Automated
2026-03-21,AC0020,356491.52,344662.14,2026-03-21,Automated
2026-03-22,AC0020,308219.75,293057.88,2026-03-22,Automated
2026-03-23,AC0020,289374.9,269653.56,2026-03-23,Automated
2026-03-24,AC0020,301831.83,272334.26,2026-03-24,Automated
2026-03-25,AC0020,274323.36,262542.83,2026-03-25,Automated
2026-03-26,AC0020,307667.27,293292.44,2026-03-26,Automated
2026-03-27,AC0020,346905.71,321728.7,2026-03-27,Automated
2026-03-28,AC0020,319915.61,307435.56,2026-03-28,Automated
2026-03-29,AC0020,354046.37,328566.66,2026-03-29,Automated
2026-03-30,AC0020,295850.08,277034.53,2026-03-30,Automated
2026-03-31,AC0020,300970.28,287025.55,2026-03-31,Automated
2026-04-01,AC0020,259534.8,254380.43,2026-04-01,Automated
2026-04-02,AC0020,340988.02,300493.07,2026-04-02,Automated
2026-04-03,AC0020,332163.62,303816.38,2026-04-03,Automated
2026-04-04,AC0020,351276.83,324054.02,2026-04-04,Automated
2026-04-05,AC0020,327640.61,303177.62,2026-04-05,Automated
2026-04-06,AC0020,317566.52,296317.04,2026-04-06,Automated
2026-04-07,AC0020,294998.54,282720.18,2026-04-07,Automated
2026-04-08,AC0020,278740.27,268395.55,2026-04-08,Automated
2026-04-09,AC0020,296999.88,277497.98,2026-04-09,Automated
2026-04-10,AC0020,319043.24,286165.74,2026-04-10,Automated
2026-04-11,AC0020,340689.12,323480.05,2026-04-11,Automated
2026-04-12,AC0020,348315.28,314533.67,2026-04-12,Automated
2026-04-13,AC0020,276308.64,266774.9,2026-04-13,Automated
2026-04-14,AC0020,213168.59,203029.93,2026-04-14,Automated
2026-04-15,AC0020,259924.86,242814.93,2026-04-15,Automated
2026-04-16,AC0020,295534.97,262589.71,2026-04-16,Automated
2026-04-17,AC0020,313600.68,291378.08,2026-04-17,Automated
2026-04-18,AC0020,374249.05,368149.93,2026-04-18,Automated
2026-04-19,AC0020,350771.62,334027.67,2026-04-19,Automated
2026-04-20,AC0020,329391.6,325770.55,2026-04-20,Automated
2026-04-21,AC0020,295607.58,290476.37,2026-04-21,Automated
2026-04-22,AC0020,327177.1,310217.01,2026-04-22,Automated
2026-04-23,AC0020,329520.69,311910.21,2026-04-23,Automated
2026-04-24,AC0020,351247.7,312095.06,2026-04-24,Automated
2026-04-25,AC0020,315169.25,293059.26,2026-04-25,Automated
2026-04-26,AC0020,353686.5,339203.89,2026-04-26,Automated
2026-04-27,AC0020,314957.92,292814.28,2026-04-27,Automated
2026-04-28,AC0020,320326.94,315060.34,2026-04-28,Automated
2026-04-29,AC0020,253339.89,236802.66,2026-04-29,Automated
2026-04-30,AC0020,315276.21,283762.22,2026-04-30,Automated
2026-05-01,AC0020,370459.32,344673.63,2026-05-01,Automated
2026-05-02,AC0020,300622.93,292633.51,2026-05-02,Automated
2026-05-03,AC0020,297551.36,293195.08,2026-05-03,Automated
2026-05-04,AC0020,302945.75,299677.88,2026-05-04,Automated
2026-05-05,AC0020,331960.65,314619.73,2026-05-05,Automated
2026-05-06,AC0020,323350.31,316942.58,2026-05-06,Automated
2026-05-07,AC0020,274114.04,247886.24,2026-05-07,Automated
2026-05-08,AC0020,326541.8,292065.42,2026-05-08,Automated
2026-05-09,AC0020,364981.65,341497.15,2026-05-09,Automated
2026-05-10,AC0020,357163.08,322027.63,2026-05-10,Automated
2026-05-11,AC0020,321480.99,311481.49,2026-05-11,Automated
2026-05-12,AC0020,275595.58,245676.17,2026-05-12,Automated
2026-05-13,AC0020,260543.41,256118.48,2026-05-13,Automated
2026-05-14,AC0020,278290.06,269994.63,2026-05-14,Automated
2026-05-15,AC0020,306872.1,279755.88,2026-05-15,Automated
2026-05-16,AC0020,374941.41,345259.0,2026-05-16,Automated
2026-05-17,AC0020,354216.98,349340.01,2026-05-17,Automated
2026-05-18,AC0020,335970.86,331880.53,2026-05-18,Automated
2026-05-19,AC0020,309548.56,290449.77,2026-05-19,Automated
2026-05-20,AC0020,285755.9,257202.17,2026-05-20,Automated
2026-05-21,AC0020,309556.13,285320.59,2026-05-21,Automated
2026-05-22,AC0020,318917.81,295224.02,2026-05-22,Automated
2026-05-23,AC0020,316424.8,279235.5,2026-05-23,Automated
2026-05-24,AC0020,369813.81,362765.96,2026-05-24,Automated
2026-05-25,AC0020,322072.64,287982.41,2026-05-25,Automated
2026-05-26,AC0020,291184.23,264284.38,2026-05-26,Automated
2026-05-27,AC0020,293563.87,286193.53,2026-05-27,Automated
2026-05-28,AC0020,275892.65,272121.57,2026-05-28,Automated
2026-05-29,AC0020,284497.4,271022.69,2026-05-29,Automated
2026-05-30,AC0020,341655.72,329797.7,2026-05-30,Automated
2026-05-31,AC0020,363218.85,334427.89,2026-05-31,Automated
2026-06-01,AC0020,338531.49,300371.61,2026-06-01,Automated
2026-06-02,AC0020,255017.51,227824.03,2026-06-02,Automated
2026-06-03,AC0020,251939.7,249074.85,2026-06-03,Automated
2026-06-04,AC0020,300243.42,280193.36,2026-06-04,Automated
2026-06-05,AC0020,268294.27,252752.92,2026-06-05,Automated
2026-06-06,AC0020,319999.27,316651.83,2026-06-06,Automated
2026-06-07,AC0020,366500.87,341384.62,2026-06-07,Automated
2026-06-08,AC0020,333837.17,304025.6,2026-06-08,Automated
2026-06-09,AC0020,303759.54,269959.69,2026-06-09,Automated
2026-06-10,AC0020,278328.17,258809.4,2026-06-10,Automated
2026-06-11,AC0020,262735.47,245983.89,2026-06-11,Automated
2026-06-12,AC0020,336254.38,299503.91,2026-06-12,Automated
2026-06-13,AC0020,305627.0,270909.77,2026-06-13,Automated
2026-06-14,AC0020,358283.81,316345.7,2026-06-14,Automated
2026-06-15,AC0020,331081.07,308833.5,2026-06-15,Automated
2026-06-16,AC0020,321301.37,287998.25,2026-06-16,Automated
2026-06-17,AC0020,279238.74,248460.12,2026-06-17,Automated
2026-06-18,AC0020,292223.19,257493.01,2026-06-18,Automated
2026-06-19,AC0020,326592.69,315817.73,2026-06-19,Automated
2026-06-20,AC0020,330550.93,321908.85,2026-06-20,Automated
2026-06-21,AC0020,346609.98,342838.79,2026-06-21,Automated
2026-06-22,AC0020,320057.58,298511.96,2026-06-22,Automated
2026-06-23,AC0020,276027.82,269341.08,2026-06-23,Automated
2026-06-24,AC0020,295379.15,273972.47,2026-06-24,Automated
2026-06-25,AC0020,240997.83,235465.22,2026-06-25,Automated
2026-06-26,AC0020,289363.88,259192.07,2026-06-26,Automated
2026-06-27,AC0020,336137.88,326417.33,2026-06-27,Automated
2026-06-28,AC0020,360091.81,323110.01,2026-06-28,Automated
2026-06-29,AC0020,303393.03,272413.92,2026-06-29,Automated
2026-06-30,AC0020,304454.69,277974.15,2026-06-30,Automated
2026-01-01,AC0021,5109991.32,4625564.85,2026-01-04,Estimated
2026-01-02,AC0021,6092485.52,5712984.79,2026-01-04,Estimated
2026-01-03,AC0021,4943936.66,4727005.38,2026-01-05,Estimated
2026-01-04,AC0021,5112840.98,4893004.51,2026-01-07,Estimated
2026-01-05,AC0021,4621218.04,4115326.25,2026-01-07,Estimated
2026-01-06,AC0021,5336041.2,4726709.19,2026-01-08,Estimated
2026-01-07,AC0021,5281115.97,4767763.1,2026-01-10,Estimated
2026-01-08,AC0021,5478501.42,5177291.05,2026-01-10,Estimated
2026-01-09,AC0021,5456969.88,5120147.34,2026-01-11,Estimated
2026-01-10,AC0021,5258057.7,5059941.31,2026-01-13,Estimated
2026-01-11,AC0021,4259419.89,3928629.12,2026-01-13,Estimated
2026-01-12,AC0021,4572421.98,4423093.78,2026-01-14,Estimated
2026-01-13,AC0021,5050116.78,4482862.39,2026-01-15,Estimated
2026-01-14,AC0021,5299945.17,4675982.05,2026-01-16,Estimated
2026-01-15,AC0021,5115295.16,4574149.53,2026-01-17,Estimated
2026-01-16,AC0021,4821606.53,4370883.79,2026-01-19,Estimated
2026-01-17,AC0021,5309938.34,4848577.13,2026-01-20,Estimated
2026-01-18,AC0021,4624917.84,4478182.81,2026-01-20,Estimated
2026-01-19,AC0021,4604654.24,4384536.07,2026-01-21,Estimated
2026-01-20,AC0021,5083267.84,4922777.68,2026-01-23,Estimated
2026-01-21,AC0021,5630889.03,5311954.1,2026-01-24,Estimated
2026-01-22,AC0021,5971244.35,5511402.38,2026-01-24,Estimated
2026-01-23,AC0021,5777735.53,5115032.63,2026-01-25,Estimated
2026-01-24,AC0021,5408166.84,4973145.31,2026-01-26,Estimated
2026-01-25,AC0021,4714412.53,4284061.53,2026-01-27,Estimated
2026-01-26,AC0021,4513861.78,4105029.18,2026-01-28,Estimated
2026-01-27,AC0021,5593533.87,5064408.36,2026-01-29,Estimated
2026-01-28,AC0021,5657254.38,5547295.14,2026-01-30,Estimated
2026-01-29,AC0021,5839203.7,5529066.62,2026-01-31,Estimated
2026-01-30,AC0021,5673540.5,5271262.75,2026-02-01,Estimated
2026-01-31,AC0021,5075493.18,4557345.47,2026-02-03,Estimated
2026-02-01,AC0021,5236523.6,4775940.41,2026-02-03,Estimated
2026-02-02,AC0021,5367761.14,5104562.43,2026-02-04,Estimated
2026-02-03,AC0021,4532056.68,4414871.47,2026-02-05,Estimated
2026-02-04,AC0021,5255676.85,5134586.36,2026-02-07,Estimated
2026-02-05,AC0021,5692826.43,5500419.1,2026-02-08,Estimated
2026-02-06,AC0021,5580534.3,4952003.41,2026-02-08,Estimated
2026-02-07,AC0021,5180168.89,4591722.34,2026-02-09,Estimated
2026-02-08,AC0021,5079478.75,4576039.36,2026-02-10,Estimated
2026-02-09,AC0021,5017436.35,4881121.33,2026-02-12,Estimated
2026-02-10,AC0021,5304359.02,4906182.72,2026-02-12,Estimated
2026-02-11,AC0021,5356627.59,5021723.43,2026-02-13,Estimated
2026-02-12,AC0021,5397279.11,5261953.81,2026-02-14,Estimated
2026-02-13,AC0021,5473332.22,5333410.04,2026-02-15,Estimated
2026-02-14,AC0021,4603981.73,4322154.63,2026-02-16,Estimated
2026-02-15,AC0021,4878936.31,4590593.71,2026-02-17,Estimated
2026-02-16,AC0021,4636267.29,4475858.35,2026-02-18,Estimated
2026-02-17,AC0021,5353526.26,4893369.56,2026-02-19,Estimated
2026-02-18,AC0021,5201347.58,5120050.6,2026-02-20,Estimated
2026-02-19,AC0021,5567378.18,5166199.05,2026-02-21,Estimated
2026-02-20,AC0021,6357515.36,6260014.6,2026-02-22,Estimated
2026-02-21,AC0021,6094188.42,5815113.46,2026-02-23,Estimated
2026-02-22,AC0021,5111908.01,4815018.02,2026-02-25,Estimated
2026-02-23,AC0021,5028414.94,4646545.18,2026-02-25,Estimated
2026-02-24,AC0021,4907095.75,4755679.75,2026-02-26,Estimated
2026-02-25,AC0021,5164411.15,5046945.75,2026-02-28,Estimated
2026-02-26,AC0021,5403738.83,4810406.63,2026-02-28,Estimated
2026-02-27,AC0021,5678070.11,5344126.01,2026-03-01,Estimated
2026-02-28,AC0021,5390951.87,5019274.47,2026-03-02,Estimated
2026-03-01,AC0021,5039057.66,4710563.25,2026-03-03,Estimated
2026-03-02,AC0021,5229645.06,4682791.58,2026-03-04,Estimated
2026-03-03,AC0021,5129501.02,4672517.69,2026-03-05,Estimated
2026-03-04,AC0021,4491330.15,4205640.83,2026-03-06,Estimated
2026-03-05,AC0021,5428148.92,4993153.18,2026-03-07,Estimated
2026-03-06,AC0021,5556541.2,5376869.1,2026-03-08,Estimated
2026-03-07,AC0021,4997742.74,4407206.63,2026-03-09,Estimated
2026-03-08,AC0021,4900486.28,4333868.41,2026-03-10,Estimated
2026-03-09,AC0021,5055924.07,4525098.54,2026-03-11,Estimated
2026-03-10,AC0021,4519824.01,4015563.02,2026-03-13,Estimated
2026-03-11,AC0021,5536147.45,5286397.75,2026-03-13,Estimated
2026-03-12,AC0021,5839965.97,5428647.95,2026-03-14,Estimated
2026-03-13,AC0021,6087627.12,5769722.74,2026-03-15,Estimated
2026-03-14,AC0021,5733416.85,5584256.22,2026-03-16,Estimated
2026-03-15,AC0021,5160528.39,5088065.61,2026-03-17,Estimated
2026-03-16,AC0021,4755989.91,4428398.42,2026-03-18,Estimated
2026-03-17,AC0021,4999633.15,4666669.58,2026-03-19,Estimated
2026-03-18,AC0021,5331017.28,4756337.99,2026-03-20,Estimated
2026-03-19,AC0021,6270618.9,5955900.82,2026-03-21,Estimated
2026-03-20,AC0021,6071663.55,5497386.1,2026-03-22,Estimated
2026-03-21,AC0021,5886322.48,5212895.19,2026-03-23,Estimated
2026-03-22,AC0021,4237750.42,4120861.56,2026-03-24,Estimated
2026-03-23,AC0021,4823255.68,4459119.3,2026-03-25,Estimated
2026-03-24,AC0021,4344810.88,3827526.73,2026-03-26,Estimated
2026-03-25,AC0021,5665633.53,5033357.38,2026-03-27,Estimated
2026-03-26,AC0021,5720587.3,5337214.77,2026-03-28,Estimated
2026-03-27,AC0021,5399147.36,5056107.9,2026-03-29,Estimated
2026-03-28,AC0021,5078700.59,4689321.95,2026-03-30,Estimated
2026-03-29,AC0021,4533186.01,4151636.35,2026-03-31,Estimated
2026-03-30,AC0021,4209766.44,3981726.04,2026-04-01,Estimated
2026-03-31,AC0021,4905225.82,4380372.38,2026-04-02,Estimated
2026-04-01,AC0021,5515257.41,5058740.83,2026-04-03,Estimated
2026-04-02,AC0021,5958930.77,5814800.17,2026-04-04,Estimated
2026-04-03,AC0021,6149946.36,5578047.22,2026-04-05,Estimated
2026-04-04,AC0021,5034289.05,4671438.39,2026-04-07,Estimated
2026-04-05,AC0021,4758943.5,4567159.76,2026-04-07,Estimated
2026-04-06,AC0021,4358298.61,4067404.51,2026-04-09,Estimated
2026-04-07,AC0021,5201544.57,4902359.16,2026-04-09,Estimated
2026-04-08,AC0021,5144652.04,4624892.12,2026-04-11,Estimated
2026-04-09,AC0021,5416938.17,5040205.41,2026-04-11,Estimated
2026-04-10,AC0021,5599640.73,4935100.31,2026-04-12,Estimated
2026-04-11,AC0021,5882979.99,5426067.32,2026-04-13,Estimated
2026-04-12,AC0021,4650545.54,4416256.24,2026-04-14,Estimated
2026-04-13,AC0021,4449850.38,4102507.87,2026-04-15,Estimated
2026-04-14,AC0021,4770719.03,4464960.81,2026-04-16,Estimated
2026-04-15,AC0021,5182060.68,4889655.63,2026-04-17,Estimated
2026-04-16,AC0021,5510231.64,5324165.21,2026-04-18,Estimated
2026-04-17,AC0021,5590907.41,4978429.05,2026-04-20,Estimated
2026-04-18,AC0021,5744197.15,5639319.29,2026-04-20,Estimated
2026-04-19,AC0021,4868244.64,4678655.05,2026-04-21,Estimated
2026-04-20,AC0021,3950263.65,3657854.13,2026-04-22,Estimated
2026-04-21,AC0021,4191357.26,4127000.08,2026-04-23,Estimated
2026-04-22,AC0021,5366599.35,5224798.61,2026-04-24,Estimated
2026-04-23,AC0021,5993977.24,5318202.32,2026-04-25,Estimated
2026-04-24,AC0021,5591878.69,5142718.34,2026-04-26,Estimated
2026-04-25,AC0021,6101101.13,5721658.29,2026-04-27,Estimated
2026-04-26,AC0021,4741008.42,4575580.11,2026-04-28,Estimated
2026-04-27,AC0021,4582748.97,4142238.89,2026-04-29,Estimated
2026-04-28,AC0021,4243582.47,3876602.23,2026-04-30,Estimated
2026-04-29,AC0021,5552802.53,5210763.05,2026-05-01,Estimated
2026-04-30,AC0021,5495269.79,5133193.55,2026-05-02,Estimated
2026-05-01,AC0021,6354799.51,5774751.85,2026-05-03,Estimated
2026-05-02,AC0021,5534755.34,4935795.47,2026-05-04,Estimated
2026-05-03,AC0021,4906286.57,4418608.58,2026-05-05,Estimated
2026-05-04,AC0021,4063604.34,4008918.21,2026-05-06,Estimated
2026-05-05,AC0021,4269306.32,3980805.01,2026-05-08,Estimated
2026-05-06,AC0021,5250116.51,5056568.84,2026-05-08,Estimated
2026-05-07,AC0021,6116824.75,5706980.63,2026-05-09,Estimated
2026-05-08,AC0021,5672817.5,5392434.56,2026-05-10,Estimated
2026-05-09,AC0021,5655560.58,5344960.22,2026-05-11,Estimated
2026-05-10,AC0021,4736025.17,4542087.83,2026-05-12,Estimated
2026-05-11,AC0021,4652533.72,4467828.03,2026-05-14,Estimated
2026-05-12,AC0021,4601541.66,4143644.84,2026-05-14,Estimated
2026-05-13,AC0021,4482945.63,4037718.73,2026-05-15,Estimated
2026-05-14,AC0021,5254506.3,4837522.61,2026-05-16,Estimated
2026-05-15,AC0021,6270912.8,5664299.14,2026-05-17,Estimated
2026-05-16,AC0021,5189980.15,4981615.43,2026-05-18,Estimated
2026-05-17,AC0021,4299817.09,3894308.69,2026-05-19,Estimated
2026-05-18,AC0021,4611027.96,4378092.02,2026-05-20,Estimated
2026-05-19,AC0021,4591648.26,4424505.07,2026-05-21,Estimated
2026-05-20,AC0021,4862911.9,4543559.95,2026-05-22,Estimated
2026-05-21,AC0021,6136670.51,5626721.47,2026-05-23,Estimated
2026-05-22,AC0021,6143600.75,5783189.5,2026-05-24,Estimated
2026-05-23,AC0021,5021537.3,4726595.18,2026-05-25,Estimated
2026-05-24,AC0021,4411164.56,3951017.53,2026-05-26,Estimated
2026-05-25,AC0021,3857939.45,3489438.73,2026-05-28,Estimated
2026-05-26,AC0021,4957202.78,4579329.84,2026-05-28,Estimated
2026-05-27,AC0021,5327119.01,5144322.56,2026-05-29,Estimated
2026-05-28,AC0021,5651927.92,5523741.23,2026-05-30,Estimated
2026-05-29,AC0021,5545965.91,4968735.81,2026-05-31,Estimated
2026-05-30,AC0021,5753078.45,5407584.0,2026-06-01,Estimated
2026-05-31,AC0021,4418175.33,4117640.9,2026-06-03,Estimated
2026-06-01,AC0021,4607588.87,4534521.6,2026-06-03,Estimated
2026-06-02,AC0021,5064934.07,4768141.72,2026-06-04,Estimated
2026-06-03,AC0021,5806209.26,5618602.51,2026-06-06,Estimated
2026-06-04,AC0021,6206018.59,5893751.64,2026-06-07,Estimated
2026-06-05,AC0021,5491797.04,4903115.18,2026-06-07,Estimated
2026-06-06,AC0021,5419539.7,5024539.74,2026-06-08,Estimated
2026-06-07,AC0021,4269299.26,3948428.28,2026-06-10,Estimated
2026-06-08,AC0021,4914511.8,4704843.21,2026-06-10,Estimated
2026-06-09,AC0021,4603773.63,4195673.49,2026-06-11,Estimated
2026-06-10,AC0021,5571041.78,5124359.96,2026-06-13,Estimated
2026-06-11,AC0021,5042096.87,4879474.23,2026-06-13,Estimated
2026-06-12,AC0021,5516552.59,5261440.2,2026-06-15,Estimated
2026-06-13,AC0021,4432822.5,3956577.78,2026-06-16,Estimated
2026-06-14,AC0021,4952374.34,4849598.82,2026-06-16,Estimated
2026-06-15,AC0021,4025795.49,3931989.2,2026-06-17,Estimated
2026-06-16,AC0021,4970708.07,4581735.13,2026-06-18,Estimated
2026-06-17,AC0021,5760755.17,5447685.54,2026-06-19,Estimated
2026-06-18,AC0021,5929931.2,5666501.79,2026-06-20,Estimated
2026-06-19,AC0021,5841772.11,5428619.29,2026-06-21,Estimated
2026-06-20,AC0021,5219157.55,5032714.15,2026-06-23,Estimated
2026-06-21,AC0021,5138747.98,4656594.43,2026-06-23,Estimated
2026-06-22,AC0021,4654472.57,4254474.65,2026-06-24,Estimated
2026-06-23,AC0021,4414725.04,4179815.01,2026-06-25,Estimated
2026-06-24,AC0021,5702903.43,5411432.87,2026-06-26,Estimated
2026-06-25,AC0021,5475822.57,5266671.08,2026-06-27,Estimated
2026-06-26,AC0021,5523743.5,5429532.01,2026-06-28,Estimated
2026-06-27,AC0021,5493967.43,5224137.81,2026-06-30,Estimated
2026-06-28,AC0021,6013188.09,5298855.89,2026-06-30,Estimated
2026-06-29,AC0021,4528791.03,4320007.06,2026-07-01,Estimated
2026-06-30,AC0021,5239509.3,5015380.05,2026-07-03,Estimated
2026-01-01,AC0022,1665398.92,1594434.42,2026-01-02,Manually reported
2026-01-02,AC0022,2438972.72,2391298.65,2026-01-03,Manually reported
2026-01-03,AC0022,2290789.84,2254644.37,2026-01-04,Manually reported
2026-01-04,AC0022,2408152.57,2255067.31,2026-01-05,Manually reported
2026-01-05,AC0022,2624353.79,2466812.08,2026-01-06,Manually reported
2026-01-06,AC0022,2393340.78,2246400.76,2026-01-07,Manually reported
2026-01-07,AC0022,2054392.53,1964773.29,2026-01-08,Manually reported
2026-01-08,AC0022,2276225.75,2029703.73,2026-01-09,Manually reported
2026-01-09,AC0022,2330130.09,2140860.16,2026-01-10,Manually reported
2026-01-10,AC0022,2370450.85,2170463.39,2026-01-11,Manually reported
2026-01-11,AC0022,2416758.73,2302798.02,2026-01-12,Manually reported
2026-01-12,AC0022,2492239.49,2244614.52,2026-01-13,Manually reported
2026-01-13,AC0022,2683132.55,2561408.64,2026-01-14,Manually reported
2026-01-14,AC0022,2141129.69,1897450.79,2026-01-15,Manually reported
2026-01-15,AC0022,1767182.49,1604037.71,2026-01-16,Manually reported
2026-01-16,AC0022,2288573.28,2043363.1,2026-01-17,Manually reported
2026-01-17,AC0022,2635351.63,2343376.06,2026-01-18,Manually reported
2026-01-18,AC0022,2667322.72,2495531.05,2026-01-19,Manually reported
2026-01-19,AC0022,2622774.61,2381588.23,2026-01-20,Manually reported
2026-01-20,AC0022,2521193.09,2317658.58,2026-01-21,Manually reported
2026-01-21,AC0022,2391347.4,2251987.23,2026-01-22,Manually reported
2026-01-22,AC0022,2480602.42,2431404.43,2026-01-23,Manually reported
2026-01-23,AC0022,2060678.68,1910835.74,2026-01-24,Manually reported
2026-01-24,AC0022,2051295.18,1986283.62,2026-01-25,Manually reported
2026-01-25,AC0022,3143554.67,2784024.21,2026-01-26,Manually reported
2026-01-26,AC0022,2572639.81,2345739.84,2026-01-27,Manually reported
2026-01-27,AC0022,2407863.84,2359635.56,2026-01-28,Manually reported
2026-01-28,AC0022,2189880.11,2026273.41,2026-01-29,Manually reported
2026-01-29,AC0022,2025487.24,1982468.39,2026-01-30,Manually reported
2026-01-30,AC0022,1995003.56,1855150.29,2026-01-31,Manually reported
2026-01-31,AC0022,1970645.21,1734373.37,2026-02-01,Manually reported
2026-02-01,AC0022,2784918.9,2595089.57,2026-02-02,Manually reported
2026-02-02,AC0022,2504090.95,2381402.68,2026-02-03,Manually reported
2026-02-03,AC0022,2676578.7,2461717.1,2026-02-04,Manually reported
2026-02-04,AC0022,2294308.19,2047378.07,2026-02-05,Manually reported
2026-02-05,AC0022,1792952.6,1602471.14,2026-02-06,Manually reported
2026-02-06,AC0022,2317646.65,2292984.49,2026-02-07,Manually reported
2026-02-07,AC0022,2343120.07,2145625.52,2026-02-08,Manually reported
2026-02-08,AC0022,2533979.69,2480275.87,2026-02-09,Manually reported
2026-02-09,AC0022,2320450.05,2080961.05,2026-02-10,Manually reported
2026-02-10,AC0022,2331955.38,2219850.93,2026-02-11,Manually reported
2026-02-11,AC0022,1892404.07,1873242.39,2026-02-12,Manually reported
2026-02-12,AC0022,1964752.01,1906300.45,2026-02-13,Manually reported
2026-02-13,AC0022,2100492.94,2078382.82,2026-02-14,Manually reported
2026-02-14,AC0022,2127104.98,1945187.88,2026-02-15,Manually reported
2026-02-15,AC0022,2273795.32,2196439.72,2026-02-16,Manually reported
2026-02-16,AC0022,2611579.27,2413021.56,2026-02-17,Manually reported
2026-02-17,AC0022,2480451.19,2289658.72,2026-02-18,Manually reported
2026-02-18,AC0022,2088059.89,1842411.7,2026-02-19,Manually reported
2026-02-19,AC0022,2175874.95,1953110.13,2026-02-20,Manually reported
2026-02-20,AC0022,2136919.95,2034166.5,2026-02-21,Manually reported
2026-02-21,AC0022,2327018.57,2049876.66,2026-02-22,Manually reported
2026-02-22,AC0022,2752137.97,2702122.91,2026-02-23,Manually reported
2026-02-23,AC0022,2775115.51,2743376.75,2026-02-24,Manually reported
2026-02-24,AC0022,2455073.26,2178549.49,2026-02-25,Manually reported
2026-02-25,AC0022,2108198.04,2086611.48,2026-02-26,Manually reported
2026-02-26,AC0022,2080457.77,1924234.71,2026-02-27,Manually reported
2026-02-27,AC0022,2197519.89,2131140.05,2026-02-28,Manually reported
2026-02-28,AC0022,2250082.54,2060332.62,2026-03-01,Manually reported
2026-03-01,AC0022,2706825.91,2570625.76,2026-03-02,Manually reported
2026-03-02,AC0022,2781889.11,2651455.33,2026-03-03,Manually reported
2026-03-03,AC0022,2619986.46,2346101.55,2026-03-04,Manually reported
2026-03-04,AC0022,2400791.73,2215444.94,2026-03-05,Manually reported
2026-03-05,AC0022,2098355.88,2016336.69,2026-03-06,Manually reported
2026-03-06,AC0022,2276909.71,2186328.09,2026-03-07,Manually reported
2026-03-07,AC0022,2384191.3,2144723.81,2026-03-08,Manually reported
2026-03-08,AC0022,2808188.58,2592451.18,2026-03-09,Manually reported
2026-03-09,AC0022,2470243.17,2205482.19,2026-03-10,Manually reported
2026-03-10,AC0022,2367794.11,2256652.67,2026-03-11,Manually reported
2026-03-11,AC0022,2163714.95,1927167.35,2026-03-12,Manually reported
2026-03-12,AC0022,2033198.88,1864114.75,2026-03-13,Manually reported
2026-03-13,AC0022,2500845.05,2443155.48,2026-03-14,Manually reported
2026-03-14,AC0022,2623864.72,2571000.97,2026-03-15,Manually reported
2026-03-15,AC0022,2439776.85,2339898.27,2026-03-16,Manually reported
2026-03-16,AC0022,2599190.31,2312432.86,2026-03-17,Manually reported
2026-03-17,AC0022,2266047.02,2107143.34,2026-03-18,Manually reported
2026-03-18,AC0022,2146140.6,2102246.74,2026-03-19,Manually reported
2026-03-19,AC0022,2150238.25,1948455.58,2026-03-20,Manually reported
2026-03-20,AC0022,2066717.64,1884803.99,2026-03-21,Manually reported
2026-03-21,AC0022,2329811.87,2261304.63,2026-03-22,Manually reported
2026-03-22,AC0022,2399529.64,2339782.5,2026-03-23,Manually reported
2026-03-23,AC0022,2762617.47,2522705.51,2026-03-24,Manually reported
2026-03-24,AC0022,2572736.22,2523606.08,2026-03-25,Manually reported
2026-03-25,AC0022,2231422.5,2160799.28,2026-03-26,Manually reported
2026-03-26,AC0022,1977005.51,1845368.36,2026-03-27,Manually reported
2026-03-27,AC0022,2391463.96,2232893.64,2026-03-28,Manually reported
2026-03-28,AC0022,2434031.07,2347114.66,2026-03-29,Manually reported
2026-03-29,AC0022,2612611.16,2502538.26,2026-03-30,Manually reported
2026-03-30,AC0022,2913736.82,2804920.34,2026-03-31,Manually reported
2026-03-31,AC0022,2188685.54,2026843.73,2026-04-01,Manually reported
2026-04-01,AC0022,1822269.88,1641566.52,2026-04-02,Manually reported
2026-04-02,AC0022,2318220.81,2142053.5,2026-04-03,Manually reported
2026-04-03,AC0022,2271783.69,2245657.44,2026-04-04,Manually reported
2026-04-04,AC0022,2372636.37,2182471.95,2026-04-05,Manually reported
2026-04-05,AC0022,2553407.49,2427259.98,2026-04-06,Manually reported
2026-04-06,AC0022,2475125.02,2232736.15,2026-04-07,Manually reported
2026-04-07,AC0022,2429963.53,2174416.17,2026-04-08,Manually reported
2026-04-08,AC0022,2181558.72,2115140.01,2026-04-09,Manually reported
2026-04-09,AC0022,2331706.53,2184427.57,2026-04-10,Manually reported
2026-04-10,AC0022,1892287.05,1848848.23,2026-04-11,Manually reported
2026-04-11,AC0022,1949376.57,1735139.71,2026-04-12,Manually reported
2026-04-12,AC0022,2870511.53,2753870.08,2026-04-13,Manually reported
2026-04-13,AC0022,2468919.28,2248843.48,2026-04-14,Manually reported
2026-04-14,AC0022,2227040.16,2059082.83,2026-04-15,Manually reported
2026-04-15,AC0022,2137948.02,2067135.1,2026-04-16,Manually reported
2026-04-16,AC0022,1817745.65,1724182.61,2026-04-17,Manually reported
2026-04-17,AC0022,2415872.57,2251965.0,2026-04-18,Manually reported
2026-04-18,AC0022,2746954.25,2457865.18,2026-04-19,Manually reported
2026-04-19,AC0022,2551857.92,2427705.47,2026-04-20,Manually reported
2026-04-20,AC0022,2281637.67,2083161.03,2026-04-21,Manually reported
2026-04-21,AC0022,2434426.24,2252281.13,2026-04-22,Manually reported
2026-04-22,AC0022,2285131.38,2046733.46,2026-04-23,Manually reported
2026-04-23,AC0022,1830656.89,1640507.22,2026-04-24,Manually reported
2026-04-24,AC0022,1912189.66,1737448.5,2026-04-25,Manually reported
2026-04-25,AC0022,2226407.41,2018434.69,2026-04-26,Manually reported
2026-04-26,AC0022,2448606.59,2331684.32,2026-04-27,Manually reported
2026-04-27,AC0022,2459245.79,2196341.79,2026-04-28,Manually reported
2026-04-28,AC0022,2619150.8,2526731.48,2026-04-29,Manually reported
2026-04-29,AC0022,2059626.51,1859966.77,2026-04-30,Manually reported
2026-04-30,AC0022,2051089.08,1998890.3,2026-05-01,Manually reported
2026-05-01,AC0022,2389482.06,2236182.34,2026-05-02,Manually reported
2026-05-02,AC0022,2281529.19,2019181.28,2026-05-03,Manually reported
2026-05-03,AC0022,2668600.24,2419392.24,2026-05-04,Manually reported
2026-05-04,AC0022,2683676.44,2419449.53,2026-05-05,Manually reported
2026-05-05,AC0022,2467859.52,2394245.95,2026-05-06,Manually reported
2026-05-06,AC0022,2216303.14,2026682.07,2026-05-07,Manually reported
2026-05-07,AC0022,1709936.52,1636178.45,2026-05-08,Manually reported
2026-05-08,AC0022,2380546.08,2168483.28,2026-05-09,Manually reported
2026-05-09,AC0022,2467370.65,2406290.42,2026-05-10,Manually reported
2026-05-10,AC0022,2247356.62,2153305.44,2026-05-11,Manually reported
2026-05-11,AC0022,2504713.04,2259034.89,2026-05-12,Manually reported
2026-05-12,AC0022,2786695.78,2668138.02,2026-05-13,Manually reported
2026-05-13,AC0022,1980676.83,1918116.76,2026-05-14,Manually reported
2026-05-14,AC0022,1817852.34,1729553.99,2026-05-15,Manually reported
2026-05-15,AC0022,2106155.66,1879828.99,2026-05-16,Manually reported
2026-05-16,AC0022,2336387.45,2169384.82,2026-05-17,Manually reported
2026-05-17,AC0022,2900136.25,2846292.09,2026-05-18,Manually reported
2026-05-18,AC0022,2856487.86,2529599.03,2026-05-19,Manually reported
2026-05-19,AC0022,2476999.69,2439756.6,2026-05-20,Manually reported
2026-05-20,AC0022,2103286.25,1870576.99,2026-05-21,Manually reported
2026-05-21,AC0022,2105886.09,2041282.29,2026-05-22,Manually reported
2026-05-22,AC0022,2349313.82,2202357.81,2026-05-23,Manually reported
2026-05-23,AC0022,2239054.09,2123896.45,2026-05-24,Manually reported
2026-05-24,AC0022,2199370.99,2123679.39,2026-05-25,Manually reported
2026-05-25,AC0022,2490989.94,2446310.08,2026-05-26,Manually reported
2026-05-26,AC0022,2320100.19,2169652.08,2026-05-27,Manually reported
2026-05-27,AC0022,2318925.67,2253105.74,2026-05-28,Manually reported
2026-05-28,AC0022,2300604.57,2248888.06,2026-05-29,Manually reported
2026-05-29,AC0022,1897570.64,1794851.44,2026-05-30,Manually reported
2026-05-30,AC0022,2770544.82,2656471.89,2026-05-31,Manually reported
2026-05-31,AC0022,2766678.93,2588790.72,2026-06-01,Manually reported
2026-06-01,AC0022,2576332.32,2433879.75,2026-06-02,Manually reported
2026-06-02,AC0022,2583823.01,2321873.0,2026-06-03,Manually reported
2026-06-03,AC0022,1978714.51,1766514.55,2026-06-04,Manually reported
2026-06-04,AC0022,2026184.27,1984729.49,2026-06-05,Manually reported
2026-06-05,AC0022,2124294.38,2054557.36,2026-06-06,Manually reported
2026-06-06,AC0022,2633166.65,2519653.2,2026-06-07,Manually reported
2026-06-07,AC0022,3063151.76,2938710.25,2026-06-08,Manually reported
2026-06-08,AC0022,2410386.76,2204044.85,2026-06-09,Manually reported
2026-06-09,AC0022,2209836.34,2092188.05,2026-06-10,Manually reported
2026-06-10,AC0022,1967547.85,1784694.51,2026-06-11,Manually reported
2026-06-11,AC0022,2268228.85,2222703.3,2026-06-12,Manually reported
2026-06-12,AC0022,2252296.22,2175517.07,2026-06-13,Manually reported
2026-06-13,AC0022,2786186.76,2687238.68,2026-06-14,Manually reported
2026-06-14,AC0022,2536592.74,2507909.68,2026-06-15,Manually reported
2026-06-15,AC0022,2506097.1,2316432.32,2026-06-16,Manually reported
2026-06-16,AC0022,2278749.71,2210907.35,2026-06-17,Manually reported
2026-06-17,AC0022,2128004.29,1950378.18,2026-06-18,Manually reported
2026-06-18,AC0022,2365450.94,2336606.17,2026-06-19,Manually reported
2026-06-19,AC0022,2287394.64,2185988.67,2026-06-20,Manually reported
2026-06-20,AC0022,2538959.18,2307981.4,2026-06-21,Manually reported
2026-06-21,AC0022,2601382.82,2333863.15,2026-06-22,Manually reported
2026-06-22,AC0022,2307853.15,2150985.29,2026-06-23,Manually reported
2026-06-23,AC0022,2357100.27,2332910.33,2026-06-24,Manually reported
2026-06-24,AC0022,2066553.59,1945728.05,2026-06-25,Manually reported
2026-06-25,AC0022,1972473.48,1845559.87,2026-06-26,Manually reported
2026-06-26,AC0022,2311808.24,2119793.24,2026-06-27,Manually reported
2026-06-27,AC0022,2267976.7,2237638.97,2026-06-28,Manually reported
2026-06-28,AC0022,2790489.25,2762496.53,2026-06-29,Manually reported
2026-06-29,AC0022,3099259.68,2833357.85,2026-06-30,Manually reported
2026-06-30,AC0022,2335945.87,2216395.81,2026-07-01,Manually reported
2026-01-01,AC0023,755759.47,700419.12,2026-01-01,Automated
2026-01-02,AC0023,784565.59,735704.57,2026-01-02,Automated
2026-01-03,AC0023,707118.81,624327.44,2026-01-03,Automated
2026-01-04,AC0023,576372.5,543539.01,2026-01-04,Automated
2026-01-05,AC0023,680864.12,614131.95,2026-01-05,Automated
2026-01-06,AC0023,609702.48,557143.91,2026-01-06,Automated
2026-01-07,AC0023,729917.7,722455.12,2026-01-07,Automated
2026-01-08,AC0023,648946.1,618453.83,2026-01-08,Automated
2026-01-09,AC0023,711547.97,684255.12,2026-01-09,Automated
2026-01-10,AC0023,645450.82,583244.92,2026-01-10,Automated
2026-01-11,AC0023,631427.2,587594.33,2026-01-11,Automated
2026-01-12,AC0023,537612.6,528768.56,2026-01-12,Automated
2026-01-13,AC0023,570925.82,517220.46,2026-01-13,Automated
2026-01-14,AC0023,706654.33,689550.16,2026-01-14,Automated
2026-01-15,AC0023,757063.61,693745.11,2026-01-15,Automated
2026-01-16,AC0023,811264.43,715749.73,2026-01-16,Automated
2026-01-17,AC0023,696693.06,657840.69,2026-01-17,Automated
2026-01-18,AC0023,630422.02,618483.26,2026-01-18,Automated
2026-01-19,AC0023,572670.31,529899.07,2026-01-19,Automated
2026-01-20,AC0023,545855.92,516743.84,2026-01-20,Automated
2026-01-21,AC0023,789512.15,705092.27,2026-01-21,Automated
2026-01-22,AC0023,772938.02,743781.46,2026-01-22,Automated
2026-01-23,AC0023,791064.25,771643.09,2026-01-23,Automated
2026-01-24,AC0023,671257.2,610476.63,2026-01-24,Automated
2026-01-25,AC0023,709138.24,691097.74,2026-01-25,Automated
2026-01-26,AC0023,568029.42,540338.52,2026-01-26,Automated
2026-01-27,AC0023,682239.38,665813.21,2026-01-27,Automated
2026-01-28,AC0023,692384.2,655140.24,2026-01-28,Automated
2026-01-29,AC0023,711971.34,635889.34,2026-01-29,Automated
2026-01-30,AC0023,795068.6,776683.23,2026-01-30,Automated
2026-01-31,AC0023,704925.58,641898.02,2026-01-31,Automated
2026-02-01,AC0023,587851.21,530499.25,2026-02-01,Automated
2026-02-02,AC0023,665570.34,658588.84,2026-02-02,Automated
2026-02-03,AC0023,645380.9,612852.03,2026-02-03,Automated
2026-02-04,AC0023,690993.24,650947.81,2026-02-04,Automated
2026-02-05,AC0023,736079.32,694002.55,2026-02-05,Automated
2026-02-06,AC0023,679881.21,620504.18,2026-02-06,Automated
2026-02-07,AC0023,662239.83,597352.42,2026-02-07,Automated
2026-02-08,AC0023,625572.17,578007.77,2026-02-08,Automated
2026-02-09,AC0023,738470.3,701345.37,2026-02-09,Automated
2026-02-10,AC0023,529496.51,521475.67,2026-02-10,Automated
2026-02-11,AC0023,694250.24,655666.03,2026-02-11,Automated
2026-02-12,AC0023,639726.65,613222.82,2026-02-12,Automated
2026-02-13,AC0023,653516.29,589320.71,2026-02-13,Automated
2026-02-14,AC0023,724407.44,671933.96,2026-02-14,Automated
2026-02-15,AC0023,656192.47,602133.79,2026-02-15,Automated
2026-02-16,AC0023,630483.35,591611.65,2026-02-16,Automated
2026-02-17,AC0023,672168.87,636163.27,2026-02-17,Automated
2026-02-18,AC0023,842568.68,819146.18,2026-02-18,Automated
2026-02-19,AC0023,726552.15,718042.23,2026-02-19,Automated
2026-02-20,AC0023,703828.66,662280.24,2026-02-20,Automated
2026-02-21,AC0023,724986.98,703198.7,2026-02-21,Automated
2026-02-22,AC0023,572745.73,544186.61,2026-02-22,Automated
2026-02-23,AC0023,643877.7,627742.33,2026-02-23,Automated
2026-02-24,AC0023,567839.29,545697.95,2026-02-24,Automated
2026-02-25,AC0023,668085.31,646505.62,2026-02-25,Automated
2026-02-26,AC0023,805936.68,791254.56,2026-02-26,Automated
2026-02-27,AC0023,770837.27,692216.78,2026-02-27,Automated
2026-02-28,AC0023,757142.34,703499.25,2026-02-28,Automated
2026-03-01,AC0023,660921.11,619656.97,2026-03-01,Automated
2026-03-02,AC0023,605223.85,582574.1,2026-03-02,Automated
2026-03-03,AC0023,560098.08,533978.33,2026-03-03,Automated
2026-03-04,AC0023,634370.27,591953.49,2026-03-04,Automated
2026-03-05,AC0023,729512.78,674770.87,2026-03-05,Automated
2026-03-06,AC0023,779201.37,738191.96,2026-03-06,Automated
2026-03-07,AC0023,618590.08,577956.73,2026-03-07,Automated
2026-03-08,AC0023,756002.03,683582.06,2026-03-08,Automated
2026-03-09,AC0023,572404.81,537054.18,2026-03-09,Automated
2026-03-10,AC0023,621424.44,572386.9,2026-03-10,Automated
2026-03-11,AC0023,648243.57,610391.09,2026-03-11,Automated
2026-03-12,AC0023,723881.03,683448.07,2026-03-12,Automated
2026-03-13,AC0023,800615.4,722635.06,2026-03-13,Automated
2026-03-14,AC0023,701190.37,653899.86,2026-03-14,Automated
2026-03-15,AC0023,556211.7,527254.33,2026-03-15,Automated
2026-03-16,AC0023,644591.23,590368.48,2026-03-16,Automated
2026-03-17,AC0023,637141.12,601566.06,2026-03-17,Automated
2026-03-18,AC0023,626850.48,584749.24,2026-03-18,Automated
2026-03-19,AC0023,646780.47,598813.18,2026-03-19,Automated
2026-03-20,AC0023,742696.66,711298.82,2026-03-20,Automated
2026-03-21,AC0023,631980.26,562277.86,2026-03-21,Automated
2026-03-22,AC0023,658624.3,601497.32,2026-03-22,Automated
2026-03-23,AC0023,642567.18,580447.75,2026-03-23,Automated
2026-03-24,AC0023,655684.09,631433.18,2026-03-24,Automated
2026-03-25,AC0023,686097.58,648283.46,2026-03-25,Automated
2026-03-26,AC0023,646254.5,617969.14,2026-03-26,Automated
2026-03-27,AC0023,774926.94,753495.95,2026-03-27,Automated
2026-03-28,AC0023,824865.3,773807.85,2026-03-28,Automated
2026-03-29,AC0023,643445.49,566445.92,2026-03-29,Automated
2026-03-30,AC0023,627671.55,576463.35,2026-03-30,Automated
2026-03-31,AC0023,675856.53,603198.02,2026-03-31,Automated
2026-04-01,AC0023,746431.27,686456.7,2026-04-01,Automated
2026-04-02,AC0023,731778.04,647398.16,2026-04-02,Automated
2026-04-03,AC0023,745203.41,680017.08,2026-04-03,Automated
2026-04-04,AC0023,684308.13,670810.77,2026-04-04,Automated
2026-04-05,AC0023,662576.27,647054.73,2026-04-05,Automated
2026-04-06,AC0023,667146.61,590954.69,2026-04-06,Automated
2026-04-07,AC0023,594596.72,541635.71,2026-04-07,Automated
2026-04-08,AC0023,749089.6,734126.78,2026-04-08,Automated
2026-04-09,AC0023,729093.36,719707.77,2026-04-09,Automated
2026-04-10,AC0023,690042.43,654924.86,2026-04-10,Automated
2026-04-11,AC0023,708171.13,661648.98,2026-04-11,Automated
2026-04-12,AC0023,585222.45,572446.07,2026-04-12,Automated
2026-04-13,AC0023,588356.18,543262.02,2026-04-13,Automated
2026-04-14,AC0023,728261.73,680088.86,2026-04-14,Automated
2026-04-15,AC0023,691178.36,671912.25,2026-04-15,Automated
2026-04-16,AC0023,820335.16,811351.29,2026-04-16,Automated
2026-04-17,AC0023,669509.26,659809.42,2026-04-17,Automated
2026-04-18,AC0023,635940.17,568450.21,2026-04-18,Automated
2026-04-19,AC0023,589484.44,572136.18,2026-04-19,Automated
2026-04-20,AC0023,602702.66,573624.69,2026-04-20,Automated
2026-04-21,AC0023,635917.15,624038.95,2026-04-21,Automated
2026-04-22,AC0023,697546.46,670132.47,2026-04-22,Automated
2026-04-23,AC0023,783098.5,749791.78,2026-04-23,Automated
2026-04-24,AC0023,718445.29,684555.9,2026-04-24,Automated
2026-04-25,AC0023,727039.85,696654.53,2026-04-25,Automated
2026-04-26,AC0023,655519.49,581996.04,2026-04-26,Automated
2026-04-27,AC0023,637213.62,577618.69,2026-04-27,Automated
2026-04-28,AC0023,744421.04,666031.19,2026-04-28,Automated
2026-04-29,AC0023,686324.45,664807.06,2026-04-29,Automated
2026-04-30,AC0023,708477.64,647716.64,2026-04-30,Automated
2026-05-01,AC0023,770264.92,684811.81,2026-05-01,Automated
2026-05-02,AC0023,660202.19,637779.34,2026-05-02,Automated
2026-05-03,AC0023,602491.9,568598.62,2026-05-03,Automated
2026-05-04,AC0023,637494.78,594261.08,2026-05-04,Automated
2026-05-05,AC0023,538132.75,510730.52,2026-05-05,Automated
2026-05-06,AC0023,668586.04,591605.69,2026-05-06,Automated
2026-05-07,AC0023,674992.75,629754.9,2026-05-07,Automated
2026-05-08,AC0023,770102.74,744141.2,2026-05-08,Automated
2026-05-09,AC0023,748142.05,704721.1,2026-05-09,Automated
2026-05-10,AC0023,707096.89,633427.89,2026-05-10,Automated
2026-05-11,AC0023,621468.5,565457.43,2026-05-11,Automated
2026-05-12,AC0023,612559.78,559302.72,2026-05-12,Automated
2026-05-13,AC0023,660382.28,581481.58,2026-05-13,Automated
2026-05-14,AC0023,670350.59,590551.27,2026-05-14,Automated
2026-05-15,AC0023,780315.51,737592.31,2026-05-15,Automated
2026-05-16,AC0023,658355.53,642105.57,2026-05-16,Automated
2026-05-17,AC0023,658942.87,646578.77,2026-05-17,Automated
2026-05-18,AC0023,683123.86,673371.79,2026-05-18,Automated
2026-05-19,AC0023,671957.52,619340.29,2026-05-19,Automated
2026-05-20,AC0023,590622.06,534762.32,2026-05-20,Automated
2026-05-21,AC0023,719991.29,650144.12,2026-05-21,Automated
2026-05-22,AC0023,805954.38,779590.85,2026-05-22,Automated
2026-05-23,AC0023,694865.38,673801.97,2026-05-23,Automated
2026-05-24,AC0023,592027.27,540158.07,2026-05-24,Automated
2026-05-25,AC0023,669913.96,622467.73,2026-05-25,Automated
2026-05-26,AC0023,565136.02,529217.8,2026-05-26,Automated
2026-05-27,AC0023,695755.24,628994.8,2026-05-27,Automated
2026-05-28,AC0023,635699.25,625566.95,2026-05-28,Automated
2026-05-29,AC0023,758475.98,688610.07,2026-05-29,Automated
2026-05-30,AC0023,743771.46,706246.81,2026-05-30,Automated
2026-05-31,AC0023,574945.67,537605.02,2026-05-31,Automated
2026-06-01,AC0023,523443.29,467029.64,2026-06-01,Automated
2026-06-02,AC0023,583454.39,559250.13,2026-06-02,Automated
2026-06-03,AC0023,705899.74,645785.86,2026-06-03,Automated
2026-06-04,AC0023,681301.75,614230.07,2026-06-04,Automated
2026-06-05,AC0023,694913.79,619878.6,2026-06-05,Automated
2026-06-06,AC0023,697194.56,615095.98,2026-06-06,Automated
2026-06-07,AC0023,665621.95,601353.39,2026-06-07,Automated
2026-06-08,AC0023,567275.41,537464.8,2026-06-08,Automated
2026-06-09,AC0023,599723.09,568401.55,2026-06-09,Automated
2026-06-10,AC0023,645868.27,632390.95,2026-06-10,Automated
2026-06-11,AC0023,690306.23,673685.8,2026-06-11,Automated
2026-06-12,AC0023,715783.19,703635.82,2026-06-12,Automated
2026-06-13,AC0023,630750.44,578411.25,2026-06-13,Automated
2026-06-14,AC0023,511585.43,460115.35,2026-06-14,Automated
2026-06-15,AC0023,641888.3,625218.82,2026-06-15,Automated
2026-06-16,AC0023,628219.96,601310.09,2026-06-16,Automated
2026-06-17,AC0023,716046.32,684969.64,2026-06-17,Automated
2026-06-18,AC0023,683081.04,639056.99,2026-06-18,Automated
2026-06-19,AC0023,777805.03,751458.31,2026-06-19,Automated
2026-06-20,AC0023,671529.9,598996.59,2026-06-20,Automated
2026-06-21,AC0023,651808.05,642018.17,2026-06-21,Automated
2026-06-22,AC0023,532863.55,471376.47,2026-06-22,Automated
2026-06-23,AC0023,640813.88,620981.24,2026-06-23,Automated
2026-06-24,AC0023,656133.91,616928.19,2026-06-24,Automated
2026-06-25,AC0023,711921.96,684087.52,2026-06-25,Automated
2026-06-26,AC0023,705779.32,661113.88,2026-06-26,Automated
2026-06-27,AC0023,642937.0,634285.95,2026-06-27,Automated
2026-06-28,AC0023,642275.23,627778.47,2026-06-28,Automated
2026-06-29,AC0023,585304.07,577898.9,2026-06-29,Automated
2026-06-30,AC0023,614682.87,576885.81,2026-06-30,Automated
2026-01-01,AC0024,8557.36,8182.47,2026-01-01,Automated
2026-01-02,AC0024,9260.1,8630.55,2026-01-02,Automated
2026-01-03,AC0024,7894.61,7393.56,2026-01-03,Automated
2026-01-04,AC0024,8629.32,7787.56,2026-01-04,Automated
2026-01-05,AC0024,9443.08,8995.06,2026-01-05,Automated
2026-01-06,AC0024,7672.28,6838.11,2026-01-06,Automated
2026-01-07,AC0024,8406.54,8215.99,2026-01-07,Automated
2026-01-08,AC0024,9279.4,8493.36,2026-01-08,Automated
2026-01-09,AC0024,9035.06,8576.44,2026-01-09,Automated
2026-01-10,AC0024,9502.31,8940.1,2026-01-10,Automated
2026-01-11,AC0024,8218.84,8061.63,2026-01-11,Automated
2026-01-12,AC0024,9998.95,9837.67,2026-01-12,Automated
2026-01-13,AC0024,7820.72,7075.64,2026-01-13,Automated
2026-01-14,AC0024,8868.22,8622.66,2026-01-14,Automated
2026-01-15,AC0024,8576.48,7908.0,2026-01-15,Automated
2026-01-16,AC0024,8457.93,7495.64,2026-01-16,Automated
2026-01-17,AC0024,9466.62,9301.26,2026-01-17,Automated
2026-01-18,AC0024,8488.33,7809.22,2026-01-18,Automated
2026-01-19,AC0024,8794.62,8668.18,2026-01-19,Automated
2026-01-20,AC0024,8085.14,7224.23,2026-01-20,Automated
2026-01-21,AC0024,9037.15,8015.99,2026-01-21,Automated
2026-01-22,AC0024,8163.04,7481.53,2026-01-22,Automated
2026-01-23,AC0024,8096.16,7852.24,2026-01-23,Automated
2026-01-24,AC0024,8453.64,7995.69,2026-01-24,Automated
2026-01-25,AC0024,9782.97,9096.01,2026-01-25,Automated
2026-01-26,AC0024,8699.86,8217.55,2026-01-26,Automated
2026-01-27,AC0024,8062.34,7614.31,2026-01-27,Automated
2026-01-28,AC0024,8298.91,8022.66,2026-01-28,Automated
2026-01-29,AC0024,8070.56,7641.62,2026-01-29,Automated
2026-01-30,AC0024,9214.86,9046.06,2026-01-30,Automated
2026-01-31,AC0024,8812.79,8468.3,2026-01-31,Automated
2026-02-01,AC0024,8997.58,8741.51,2026-02-01,Automated
2026-02-02,AC0024,9188.64,8436.04,2026-02-02,Automated
2026-02-03,AC0024,8672.19,8233.44,2026-02-03,Automated
2026-02-04,AC0024,9136.56,8143.82,2026-02-04,Automated
2026-02-05,AC0024,10191.75,9796.35,2026-02-05,Automated
2026-02-06,AC0024,8834.01,8000.5,2026-02-06,Automated
2026-02-07,AC0024,8856.34,8728.44,2026-02-07,Automated
2026-02-08,AC0024,8782.86,8243.71,2026-02-08,Automated
2026-02-09,AC0024,8590.94,8380.04,2026-02-09,Automated
2026-02-10,AC0024,7949.41,7195.04,2026-02-10,Automated
2026-02-11,AC0024,9368.96,9223.92,2026-02-11,Automated
2026-02-12,AC0024,8769.73,7885.81,2026-02-12,Automated
2026-02-13,AC0024,8378.32,8248.8,2026-02-13,Automated
2026-02-14,AC0024,8527.55,8226.0,2026-02-14,Automated
2026-02-15,AC0024,8984.99,7968.49,2026-02-15,Automated
2026-02-16,AC0024,8339.68,7929.03,2026-02-16,Automated
2026-02-17,AC0024,8333.08,7514.61,2026-02-17,Automated
2026-02-18,AC0024,8730.23,8050.42,2026-02-18,Automated
2026-02-19,AC0024,8812.72,8525.26,2026-02-19,Automated
2026-02-20,AC0024,8922.64,8174.88,2026-02-20,Automated
2026-02-21,AC0024,8402.14,7675.77,2026-02-21,Automated
2026-02-22,AC0024,9556.81,8813.63,2026-02-22,Automated
2026-02-23,AC0024,9317.54,8741.8,2026-02-23,Automated
2026-02-24,AC0024,9151.28,8060.46,2026-02-24,Automated
2026-02-25,AC0024,9602.24,9103.68,2026-02-25,Automated
2026-02-26,AC0024,9193.75,8362.46,2026-02-26,Automated
2026-02-27,AC0024,8964.86,8588.11,2026-02-27,Automated
2026-02-28,AC0024,8110.72,7218.07,2026-02-28,Automated
2026-03-01,AC0024,8112.57,7395.01,2026-03-01,Automated
2026-03-02,AC0024,9401.09,8544.21,2026-03-02,Automated
2026-03-03,AC0024,8166.67,7590.47,2026-03-03,Automated
2026-03-04,AC0024,9070.3,8506.6,2026-03-04,Automated
2026-03-05,AC0024,8517.85,8098.74,2026-03-05,Automated
2026-03-06,AC0024,8109.32,7151.63,2026-03-06,Automated
2026-03-07,AC0024,8773.23,8274.2,2026-03-07,Automated
2026-03-08,AC0024,9250.44,8696.28,2026-03-08,Automated
2026-03-09,AC0024,8372.22,8261.66,2026-03-09,Automated
2026-03-10,AC0024,8755.88,7886.0,2026-03-10,Automated
2026-03-11,AC0024,9293.13,8256.95,2026-03-11,Automated
2026-03-12,AC0024,7567.81,6676.37,2026-03-12,Automated
2026-03-13,AC0024,8151.82,7763.43,2026-03-13,Automated
2026-03-14,AC0024,9311.95,8476.71,2026-03-14,Automated
2026-03-15,AC0024,8393.21,7531.57,2026-03-15,Automated
2026-03-16,AC0024,8427.05,7585.36,2026-03-16,Automated
2026-03-17,AC0024,8972.7,8368.81,2026-03-17,Automated
2026-03-18,AC0024,8591.73,7752.35,2026-03-18,Automated
2026-03-19,AC0024,8529.64,8094.3,2026-03-19,Automated
2026-03-20,AC0024,9298.19,8831.63,2026-03-20,Automated
2026-03-21,AC0024,9657.11,9223.75,2026-03-21,Automated
2026-03-22,AC0024,8809.2,8122.11,2026-03-22,Automated
2026-03-23,AC0024,8622.8,7874.9,2026-03-23,Automated
2026-03-24,AC0024,8512.36,8049.08,2026-03-24,Automated
2026-03-25,AC0024,8677.43,8573.41,2026-03-25,Automated
2026-03-26,AC0024,9279.36,8764.56,2026-03-26,Automated
2026-03-27,AC0024,8899.0,8119.35,2026-03-27,Automated
2026-03-28,AC0024,8904.88,8435.87,2026-03-28,Automated
2026-03-29,AC0024,8093.85,7210.8,2026-03-29,Automated
2026-03-30,AC0024,9010.93,8567.34,2026-03-30,Automated
2026-03-31,AC0024,8512.33,7980.04,2026-03-31,Automated
2026-04-01,AC0024,8530.19,7964.93,2026-04-01,Automated
2026-04-02,AC0024,8721.41,8018.49,2026-04-02,Automated
2026-04-03,AC0024,9206.43,9022.33,2026-04-03,Automated
2026-04-04,AC0024,7890.33,7148.35,2026-04-04,Automated
2026-04-05,AC0024,8536.27,8387.38,2026-04-05,Automated
2026-04-06,AC0024,8204.06,7969.52,2026-04-06,Automated
2026-04-07,AC0024,8942.55,8156.9,2026-04-07,Automated
2026-04-08,AC0024,9060.41,8445.8,2026-04-08,Automated
2026-04-09,AC0024,9754.15,9457.02,2026-04-09,Automated
2026-04-10,AC0024,8389.76,7915.81,2026-04-10,Automated
2026-04-11,AC0024,8129.18,7222.5,2026-04-11,Automated
2026-04-12,AC0024,8409.71,7893.81,2026-04-12,Automated
2026-04-13,AC0024,9653.06,8642.6,2026-04-13,Automated
2026-04-14,AC0024,8959.55,8026.98,2026-04-14,Automated
2026-04-15,AC0024,9430.73,8726.72,2026-04-15,Automated
2026-04-16,AC0024,8361.36,7741.77,2026-04-16,Automated
2026-04-17,AC0024,8871.83,7903.25,2026-04-17,Automated
2026-04-18,AC0024,7897.36,7712.2,2026-04-18,Automated
2026-04-19,AC0024,8110.29,7457.02,2026-04-19,Automated
2026-04-20,AC0024,8273.83,7825.06,2026-04-20,Automated
2026-04-21,AC0024,8980.87,8404.89,2026-04-21,Automated
2026-04-22,AC0024,8391.55,7703.11,2026-04-22,Automated
2026-04-23,AC0024,8870.66,7940.0,2026-04-23,Automated
2026-04-24,AC0024,8820.66,8521.7,2026-04-24,Automated
2026-04-25,AC0024,7606.45,7287.94,2026-04-25,Automated
2026-04-26,AC0024,9061.27,8050.47,2026-04-26,Automated
2026-04-27,AC0024,8494.84,8258.61,2026-04-27,Automated
2026-04-28,AC0024,8688.42,8520.11,2026-04-28,Automated
2026-04-29,AC0024,9242.43,8691.94,2026-04-29,Automated
2026-04-30,AC0024,9265.5,8703.49,2026-04-30,Automated
2026-05-01,AC0024,8259.56,8133.8,2026-05-01,Automated
2026-05-02,AC0024,9294.73,8540.19,2026-05-02,Automated
2026-05-03,AC0024,9728.85,8986.63,2026-05-03,Automated
2026-05-04,AC0024,8540.82,8037.79,2026-05-04,Automated
2026-05-05,AC0024,8699.61,8034.76,2026-05-05,Automated
2026-05-06,AC0024,8671.32,8380.96,2026-05-06,Automated
2026-05-07,AC0024,8964.88,8329.59,2026-05-07,Automated
2026-05-08,AC0024,8358.49,7803.57,2026-05-08,Automated
2026-05-09,AC0024,8254.24,8067.06,2026-05-09,Automated
2026-05-10,AC0024,7243.12,6856.51,2026-05-10,Automated
2026-05-11,AC0024,8050.64,7529.05,2026-05-11,Automated
2026-05-12,AC0024,9255.53,8291.19,2026-05-12,Automated
2026-05-13,AC0024,9381.91,8745.38,2026-05-13,Automated
2026-05-14,AC0024,8063.63,7435.93,2026-05-14,Automated
2026-05-15,AC0024,8796.5,7868.91,2026-05-15,Automated
2026-05-16,AC0024,8650.75,8405.47,2026-05-16,Automated
2026-05-17,AC0024,8802.85,8078.45,2026-05-17,Automated
2026-05-18,AC0024,9545.99,8799.8,2026-05-18,Automated
2026-05-19,AC0024,9372.74,9230.3,2026-05-19,Automated
2026-05-20,AC0024,8321.25,7520.74,2026-05-20,Automated
2026-05-21,AC0024,9646.9,9385.75,2026-05-21,Automated
2026-05-22,AC0024,9226.31,9005.11,2026-05-22,Automated
2026-05-23,AC0024,8225.86,7578.42,2026-05-23,Automated
2026-05-24,AC0024,9276.42,9167.58,2026-05-24,Automated
2026-05-25,AC0024,8790.33,8297.23,2026-05-25,Automated
2026-05-26,AC0024,8532.59,8120.69,2026-05-26,Automated
2026-05-27,AC0024,8686.16,8326.76,2026-05-27,Automated
2026-05-28,AC0024,8407.19,8113.21,2026-05-28,Automated
2026-05-29,AC0024,8160.71,7663.75,2026-05-29,Automated
2026-05-30,AC0024,9659.28,8836.07,2026-05-30,Automated
2026-05-31,AC0024,8963.34,8340.56,2026-05-31,Automated
2026-06-01,AC0024,7291.68,6671.93,2026-06-01,Automated
2026-06-02,AC0024,8370.82,7630.3,2026-06-02,Automated
2026-06-03,AC0024,8635.75,8261.74,2026-06-03,Automated
2026-06-04,AC0024,10530.82,10400.7,2026-06-04,Automated
2026-06-05,AC0024,8924.54,8626.32,2026-06-05,Automated
2026-06-06,AC0024,9289.47,8443.89,2026-06-06,Automated
2026-06-07,AC0024,9130.45,8103.89,2026-06-07,Automated
2026-06-08,AC0024,9224.58,8345.28,2026-06-08,Automated
2026-06-09,AC0024,8007.14,7828.31,2026-06-09,Automated
2026-06-10,AC0024,9004.07,8251.33,2026-06-10,Automated
2026-06-11,AC0024,7925.58,7122.68,2026-06-11,Automated
2026-06-12,AC0024,9112.8,8954.5,2026-06-12,Automated
2026-06-13,AC0024,9659.5,9269.5,2026-06-13,Automated
2026-06-14,AC0024,9474.09,8446.21,2026-06-14,Automated
2026-06-15,AC0024,8977.18,8316.51,2026-06-15,Automated
2026-06-16,AC0024,9426.22,8530.44,2026-06-16,Automated
2026-06-17,AC0024,8518.28,8274.21,2026-06-17,Automated
2026-06-18,AC0024,9188.48,8425.36,2026-06-18,Automated
2026-06-19,AC0024,8369.07,7842.71,2026-06-19,Automated
2026-06-20,AC0024,7545.19,6943.95,2026-06-20,Automated
2026-06-21,AC0024,8356.2,8141.83,2026-06-21,Automated
2026-06-22,AC0024,8561.01,7705.55,2026-06-22,Automated
2026-06-23,AC0024,9308.07,9039.43,2026-06-23,Automated
2026-06-24,AC0024,9504.03,8817.68,2026-06-24,Automated
2026-06-25,AC0024,8258.61,7498.26,2026-06-25,Automated
2026-06-26,AC0024,8265.98,8134.3,2026-06-26,Automated
2026-06-27,AC0024,8972.76,8427.88,2026-06-27,Automated
2026-06-28,AC0024,9391.12,8595.53,2026-06-28,Automated
2026-06-29,AC0024,9789.88,8667.63,2026-06-29,Automated
2026-06-30,AC0024,8800.52,8639.55,2026-06-30,Automated
2026-01-01,AC0025,-1115477.53,-1115477.53,2026-01-03,Estimated
2026-01-02,AC0025,-1156633.72,-1156633.72,2026-01-05,Estimated
2026-01-03,AC0025,-964399.99,-964399.99,2026-01-05,Estimated
2026-01-04,AC0025,-765103.52,-765103.52,2026-01-07,Estimated
2026-01-05,AC0025,-886577.76,-886577.76,2026-01-07,Estimated
2026-01-06,AC0025,-1102022.45,-1102022.45,2026-01-09,Estimated
2026-01-07,AC0025,-1071116.7,-1071116.7,2026-01-09,Estimated
2026-01-08,AC0025,-1160489.07,-1160489.07,2026-01-10,Estimated
2026-01-09,AC0025,-1134381.47,-1134381.47,2026-01-12,Estimated
2026-01-10,AC0025,-984513.74,-984513.74,2026-01-13,Estimated
2026-01-11,AC0025,-924166.39,-924166.39,2026-01-14,Estimated
2026-01-12,AC0025,-1083245.87,-1083245.87,2026-01-14,Estimated
2026-01-13,AC0025,-1172193.51,-1172193.51,2026-01-15,Estimated
2026-01-14,AC0025,-1225683.95,-1225683.95,2026-01-16,Estimated
2026-01-15,AC0025,-1194396.45,-1194396.45,2026-01-18,Estimated
2026-01-16,AC0025,-955184.63,-955184.63,2026-01-18,Estimated
2026-01-17,AC0025,-1016675.32,-1016675.32,2026-01-19,Estimated
2026-01-18,AC0025,-846743.99,-846743.99,2026-01-20,Estimated
2026-01-19,AC0025,-1101842.14,-1101842.14,2026-01-22,Estimated
2026-01-20,AC0025,-1110399.33,-1110399.33,2026-01-23,Estimated
2026-01-21,AC0025,-1124216.81,-1124216.81,2026-01-24,Estimated
2026-01-22,AC0025,-1149366.05,-1149366.05,2026-01-24,Estimated
2026-01-23,AC0025,-921298.47,-921298.47,2026-01-25,Estimated
2026-01-24,AC0025,-814226.58,-814226.58,2026-01-27,Estimated
2026-01-25,AC0025,-866231.02,-866231.02,2026-01-27,Estimated
2026-01-26,AC0025,-950621.39,-950621.39,2026-01-29,Estimated
2026-01-27,AC0025,-1225895.45,-1225895.45,2026-01-29,Estimated
2026-01-28,AC0025,-1289993.1,-1289993.1,2026-01-30,Estimated
2026-01-29,AC0025,-1105382.87,-1105382.87,2026-01-31,Estimated
2026-01-30,AC0025,-1095286.2,-1095286.2,2026-02-01,Estimated
2026-01-31,AC0025,-897883.51,-897883.51,2026-02-02,Estimated
2026-02-01,AC0025,-1009783.64,-1009783.64,2026-02-03,Estimated
2026-02-02,AC0025,-1107558.22,-1107558.22,2026-02-04,Estimated
2026-02-03,AC0025,-952032.33,-952032.33,2026-02-05,Estimated
2026-02-04,AC0025,-1066756.64,-1066756.64,2026-02-06,Estimated
2026-02-05,AC0025,-1011387.38,-1011387.38,2026-02-08,Estimated
2026-02-06,AC0025,-1164396.06,-1164396.06,2026-02-08,Estimated
2026-02-07,AC0025,-1141101.17,-1141101.17,2026-02-09,Estimated
2026-02-08,AC0025,-941390.73,-941390.73,2026-02-10,Estimated
2026-02-09,AC0025,-916895.73,-916895.73,2026-02-11,Estimated
2026-02-10,AC0025,-1060043.26,-1060043.26,2026-02-12,Estimated
2026-02-11,AC0025,-1060758.26,-1060758.26,2026-02-13,Estimated
2026-02-12,AC0025,-1058064.05,-1058064.05,2026-02-14,Estimated
2026-02-13,AC0025,-1110800.52,-1110800.52,2026-02-15,Estimated
2026-02-14,AC0025,-972708.09,-972708.09,2026-02-17,Estimated
2026-02-15,AC0025,-883075.11,-883075.11,2026-02-17,Estimated
2026-02-16,AC0025,-1015721.11,-1015721.11,2026-02-18,Estimated
2026-02-17,AC0025,-1092976.41,-1092976.41,2026-02-19,Estimated
2026-02-18,AC0025,-1075016.14,-1075016.14,2026-02-21,Estimated
2026-02-19,AC0025,-1212191.97,-1212191.97,2026-02-21,Estimated
2026-02-20,AC0025,-1182381.63,-1182381.63,2026-02-23,Estimated
2026-02-21,AC0025,-927000.16,-927000.16,2026-02-23,Estimated
2026-02-22,AC0025,-881150.34,-881150.34,2026-02-24,Estimated
2026-02-23,AC0025,-893595.91,-893595.91,2026-02-25,Estimated
2026-02-24,AC0025,-1045563.47,-1045563.47,2026-02-26,Estimated
2026-02-25,AC0025,-1264263.92,-1264263.92,2026-02-28,Estimated
2026-02-26,AC0025,-1217734.09,-1217734.09,2026-02-28,Estimated
2026-02-27,AC0025,-1043603.18,-1043603.18,2026-03-01,Estimated
2026-02-28,AC0025,-865251.09,-865251.09,2026-03-03,Estimated
2026-03-01,AC0025,-906071.04,-906071.04,2026-03-03,Estimated
2026-03-02,AC0025,-1045193.12,-1045193.12,2026-03-04,Estimated
2026-03-03,AC0025,-1206811.72,-1206811.72,2026-03-05,Estimated
2026-03-04,AC0025,-1145077.44,-1145077.44,2026-03-06,Estimated
2026-03-05,AC0025,-1182644.35,-1182644.35,2026-03-07,Estimated
2026-03-06,AC0025,-996489.62,-996489.62,2026-03-08,Estimated
2026-03-07,AC0025,-932467.45,-932467.45,2026-03-09,Estimated
2026-03-08,AC0025,-961289.24,-961289.24,2026-03-10,Estimated
2026-03-09,AC0025,-966934.09,-966934.09,2026-03-11,Estimated
2026-03-10,AC0025,-1116934.38,-1116934.38,2026-03-12,Estimated
2026-03-11,AC0025,-1114225.11,-1114225.11,2026-03-13,Estimated
2026-03-12,AC0025,-946487.23,-946487.23,2026-03-14,Estimated
2026-03-13,AC0025,-995637.77,-995637.77,2026-03-15,Estimated
2026-03-14,AC0025,-971270.41,-971270.41,2026-03-17,Estimated
2026-03-15,AC0025,-880428.41,-880428.41,2026-03-17,Estimated
2026-03-16,AC0025,-866385.43,-866385.43,2026-03-18,Estimated
2026-03-17,AC0025,-984273.32,-984273.32,2026-03-19,Estimated
2026-03-18,AC0025,-1171672.85,-1171672.85,2026-03-20,Estimated
2026-03-19,AC0025,-1159316.24,-1159316.24,2026-03-21,Estimated
2026-03-20,AC0025,-1031385.1,-1031385.1,2026-03-23,Estimated
2026-03-21,AC0025,-1067612.85,-1067612.85,2026-03-23,Estimated
2026-03-22,AC0025,-853919.0,-853919.0,2026-03-24,Estimated
2026-03-23,AC0025,-917085.07,-917085.07,2026-03-25,Estimated
2026-03-24,AC0025,-1061466.78,-1061466.78,2026-03-27,Estimated
2026-03-25,AC0025,-1077533.22,-1077533.22,2026-03-27,Estimated
2026-03-26,AC0025,-1203676.0,-1203676.0,2026-03-28,Estimated
2026-03-27,AC0025,-1114473.29,-1114473.29,2026-03-30,Estimated
2026-03-28,AC0025,-796698.01,-796698.01,2026-03-31,Estimated
2026-03-29,AC0025,-1079846.85,-1079846.85,2026-03-31,Estimated
2026-03-30,AC0025,-1001877.43,-1001877.43,2026-04-01,Estimated
2026-03-31,AC0025,-1092907.63,-1092907.63,2026-04-02,Estimated
2026-04-01,AC0025,-997233.14,-997233.14,2026-04-03,Estimated
2026-04-02,AC0025,-1064533.1,-1064533.1,2026-04-05,Estimated
2026-04-03,AC0025,-1186943.31,-1186943.31,2026-04-05,Estimated
2026-04-04,AC0025,-817368.31,-817368.31,2026-04-07,Estimated
2026-04-05,AC0025,-952307.75,-952307.75,2026-04-07,Estimated
2026-04-06,AC0025,-931078.8,-931078.8,2026-04-08,Estimated
2026-04-07,AC0025,-1123641.03,-1123641.03,2026-04-09,Estimated
2026-04-08,AC0025,-1155091.77,-1155091.77,2026-04-10,Estimated
2026-04-09,AC0025,-1222476.0,-1222476.0,2026-04-11,Estimated
2026-04-10,AC0025,-1144760.04,-1144760.04,2026-04-13,Estimated
2026-04-11,AC0025,-1115838.86,-1115838.86,2026-04-13,Estimated
2026-04-12,AC0025,-968114.25,-968114.25,2026-04-15,Estimated
2026-04-13,AC0025,-1008922.27,-1008922.27,2026-04-15,Estimated
2026-04-14,AC0025,-1072426.22,-1072426.22,2026-04-17,Estimated
2026-04-15,AC0025,-1167782.36,-1167782.36,2026-04-17,Estimated
2026-04-16,AC0025,-962624.77,-962624.77,2026-04-18,Estimated
2026-04-17,AC0025,-1002900.14,-1002900.14,2026-04-19,Estimated
2026-04-18,AC0025,-971597.21,-971597.21,2026-04-20,Estimated
2026-04-19,AC0025,-792848.43,-792848.43,2026-04-21,Estimated
2026-04-20,AC0025,-1033466.95,-1033466.95,2026-04-23,Estimated
2026-04-21,AC0025,-1248032.0,-1248032.0,2026-04-23,Estimated
2026-04-22,AC0025,-1149604.42,-1149604.42,2026-04-24,Estimated
2026-04-23,AC0025,-1079884.3,-1079884.3,2026-04-25,Estimated
2026-04-24,AC0025,-992627.25,-992627.25,2026-04-27,Estimated
2026-04-25,AC0025,-1088635.22,-1088635.22,2026-04-27,Estimated
2026-04-26,AC0025,-852942.07,-852942.07,2026-04-28,Estimated
2026-04-27,AC0025,-969477.21,-969477.21,2026-04-29,Estimated
2026-04-28,AC0025,-1048224.02,-1048224.02,2026-05-01,Estimated
2026-04-29,AC0025,-1153428.28,-1153428.28,2026-05-02,Estimated
2026-04-30,AC0025,-1269501.52,-1269501.52,2026-05-02,Estimated
2026-05-01,AC0025,-1056936.17,-1056936.17,2026-05-04,Estimated
2026-05-02,AC0025,-1084365.33,-1084365.33,2026-05-05,Estimated
2026-05-03,AC0025,-1058157.88,-1058157.88,2026-05-06,Estimated
2026-05-04,AC0025,-1021663.35,-1021663.35,2026-05-06,Estimated
2026-05-05,AC0025,-1114008.95,-1114008.95,2026-05-07,Estimated
2026-05-06,AC0025,-1238800.41,-1238800.41,2026-05-08,Estimated
2026-05-07,AC0025,-1073061.27,-1073061.27,2026-05-09,Estimated
2026-05-08,AC0025,-1089318.78,-1089318.78,2026-05-10,Estimated
2026-05-09,AC0025,-918211.42,-918211.42,2026-05-11,Estimated
2026-05-10,AC0025,-985686.81,-985686.81,2026-05-12,Estimated
2026-05-11,AC0025,-898923.06,-898923.06,2026-05-13,Estimated
2026-05-12,AC0025,-1059644.85,-1059644.85,2026-05-14,Estimated
2026-05-13,AC0025,-1169575.7,-1169575.7,2026-05-15,Estimated
2026-05-14,AC0025,-1138673.9,-1138673.9,2026-05-16,Estimated
2026-05-15,AC0025,-1047277.91,-1047277.91,2026-05-17,Estimated
2026-05-16,AC0025,-811574.43,-811574.43,2026-05-18,Estimated
2026-05-17,AC0025,-905567.7,-905567.7,2026-05-19,Estimated
2026-05-18,AC0025,-911204.68,-911204.68,2026-05-21,Estimated
2026-05-19,AC0025,-1084794.61,-1084794.61,2026-05-21,Estimated
2026-05-20,AC0025,-1060800.58,-1060800.58,2026-05-22,Estimated
2026-05-21,AC0025,-1295696.52,-1295696.52,2026-05-23,Estimated
2026-05-22,AC0025,-1028232.76,-1028232.76,2026-05-24,Estimated
2026-05-23,AC0025,-953393.68,-953393.68,2026-05-25,Estimated
2026-05-24,AC0025,-991663.92,-991663.92,2026-05-26,Estimated
2026-05-25,AC0025,-944428.61,-944428.61,2026-05-27,Estimated
2026-05-26,AC0025,-971735.53,-971735.53,2026-05-28,Estimated
2026-05-27,AC0025,-1230633.56,-1230633.56,2026-05-29,Estimated
2026-05-28,AC0025,-1034524.92,-1034524.92,2026-05-30,Estimated
2026-05-29,AC0025,-1013989.94,-1013989.94,2026-05-31,Estimated
2026-05-30,AC0025,-894886.56,-894886.56,2026-06-02,Estimated
2026-05-31,AC0025,-835882.39,-835882.39,2026-06-02,Estimated
2026-06-01,AC0025,-1102166.05,-1102166.05,2026-06-03,Estimated
2026-06-02,AC0025,-1057523.87,-1057523.87,2026-06-04,Estimated
2026-06-03,AC0025,-1134398.59,-1134398.59,2026-06-05,Estimated
2026-06-04,AC0025,-1067415.28,-1067415.28,2026-06-06,Estimated
2026-06-05,AC0025,-960260.97,-960260.97,2026-06-08,Estimated
2026-06-06,AC0025,-982634.65,-982634.65,2026-06-08,Estimated
2026-06-07,AC0025,-934897.42,-934897.42,2026-06-09,Estimated
2026-06-08,AC0025,-832109.51,-832109.51,2026-06-10,Estimated
2026-06-09,AC0025,-1184007.32,-1184007.32,2026-06-11,Estimated
2026-06-10,AC0025,-1026188.05,-1026188.05,2026-06-12,Estimated
2026-06-11,AC0025,-1048190.93,-1048190.93,2026-06-13,Estimated
2026-06-12,AC0025,-1268131.34,-1268131.34,2026-06-14,Estimated
2026-06-13,AC0025,-977052.86,-977052.86,2026-06-15,Estimated
2026-06-14,AC0025,-1041628.55,-1041628.55,2026-06-16,Estimated
2026-06-15,AC0025,-1045839.84,-1045839.84,2026-06-17,Estimated
2026-06-16,AC0025,-1174084.37,-1174084.37,2026-06-18,Estimated
2026-06-17,AC0025,-1096133.05,-1096133.05,2026-06-19,Estimated
2026-06-18,AC0025,-1051702.07,-1051702.07,2026-06-20,Estimated
2026-06-19,AC0025,-893975.55,-893975.55,2026-06-21,Estimated
2026-06-20,AC0025,-953982.9,-953982.9,2026-06-23,Estimated
2026-06-21,AC0025,-906932.34,-906932.34,2026-06-23,Estimated
2026-06-22,AC0025,-1068426.26,-1068426.26,2026-06-24,Estimated
2026-06-23,AC0025,-1203083.44,-1203083.44,2026-06-25,Estimated
2026-06-24,AC0025,-1165020.14,-1165020.14,2026-06-26,Estimated
2026-06-25,AC0025,-1164414.6,-1164414.6,2026-06-27,Estimated
2026-06-26,AC0025,-922549.12,-922549.12,2026-06-29,Estimated
2026-06-27,AC0025,-926926.16,-926926.16,2026-06-29,Estimated
2026-06-28,AC0025,-947598.79,-947598.79,2026-06-30,Estimated
2026-06-29,AC0025,-1075984.5,-1075984.5,2026-07-02,Estimated
2026-06-30,AC0025,-1129459.65,-1129459.65,2026-07-02,Estimated
2026-01-01,AC0026,1024182.61,935100.57,2026-01-02,Manually reported
2026-01-02,AC0026,1047185.41,952431.84,2026-01-03,Manually reported
2026-01-03,AC0026,892710.31,834943.01,2026-01-04,Manually reported
2026-01-04,AC0026,827272.52,783987.34,2026-01-05,Manually reported
2026-01-05,AC0026,860743.03,785856.68,2026-01-06,Manually reported
2026-01-06,AC0026,887453.82,873002.7,2026-01-07,Manually reported
2026-01-07,AC0026,918282.09,836322.54,2026-01-08,Manually reported
2026-01-08,AC0026,993483.85,882202.79,2026-01-09,Manually reported
2026-01-09,AC0026,969754.39,923532.48,2026-01-10,Manually reported
2026-01-10,AC0026,950029.01,926970.33,2026-01-11,Manually reported
2026-01-11,AC0026,790423.54,731704.2,2026-01-12,Manually reported
2026-01-12,AC0026,876126.1,862497.21,2026-01-13,Manually reported
2026-01-13,AC0026,942398.7,902170.2,2026-01-14,Manually reported
2026-01-14,AC0026,774133.41,744611.37,2026-01-15,Manually reported
2026-01-15,AC0026,1048383.06,927079.99,2026-01-16,Manually reported
2026-01-16,AC0026,1064988.28,1032303.68,2026-01-17,Manually reported
2026-01-17,AC0026,1063041.93,936831.83,2026-01-18,Manually reported
2026-01-18,AC0026,859493.22,813411.51,2026-01-19,Manually reported
2026-01-19,AC0026,944464.64,867453.9,2026-01-20,Manually reported
2026-01-20,AC0026,970831.28,893995.59,2026-01-21,Manually reported
2026-01-21,AC0026,924882.35,841788.62,2026-01-22,Manually reported
2026-01-22,AC0026,995195.75,911875.24,2026-01-23,Manually reported
2026-01-23,AC0026,1060683.47,971267.81,2026-01-24,Manually reported
2026-01-24,AC0026,967019.05,945343.81,2026-01-25,Manually reported
2026-01-25,AC0026,939844.82,927573.12,2026-01-26,Manually reported
2026-01-26,AC0026,931973.52,847874.98,2026-01-27,Manually reported
2026-01-27,AC0026,865086.41,800907.81,2026-01-28,Manually reported
2026-01-28,AC0026,986727.77,883279.49,2026-01-29,Manually reported
2026-01-29,AC0026,1031707.82,981707.92,2026-01-30,Manually reported
2026-01-30,AC0026,1189974.71,1066807.57,2026-01-31,Manually reported
2026-01-31,AC0026,951716.37,841531.33,2026-02-01,Manually reported
2026-02-01,AC0026,880600.44,863021.78,2026-02-02,Manually reported
2026-02-02,AC0026,854759.0,779168.67,2026-02-03,Manually reported
2026-02-03,AC0026,859577.93,786845.56,2026-02-04,Manually reported
2026-02-04,AC0026,933148.92,854341.08,2026-02-05,Manually reported
2026-02-05,AC0026,1096286.19,1078506.81,2026-02-06,Manually reported
2026-02-06,AC0026,1046170.94,1032030.28,2026-02-07,Manually reported
2026-02-07,AC0026,943534.06,859321.25,2026-02-08,Manually reported
2026-02-08,AC0026,911000.17,877663.69,2026-02-09,Manually reported
2026-02-09,AC0026,930281.06,831686.02,2026-02-10,Manually reported
2026-02-10,AC0026,927509.11,870446.03,2026-02-11,Manually reported
2026-02-11,AC0026,1093255.31,1060934.65,2026-02-12,Manually reported
2026-02-12,AC0026,1071532.92,972046.24,2026-02-13,Manually reported
2026-02-13,AC0026,922800.14,818177.88,2026-02-14,Manually reported
2026-02-14,AC0026,982189.01,893620.44,2026-02-15,Manually reported
2026-02-15,AC0026,877806.55,797360.12,2026-02-16,Manually reported
2026-02-16,AC0026,845212.91,801697.44,2026-02-17,Manually reported
2026-02-17,AC0026,897811.51,857063.33,2026-02-18,Manually reported
2026-02-18,AC0026,939550.93,849711.7,2026-02-19,Manually reported
2026-02-19,AC0026,954359.42,868925.21,2026-02-20,Manually reported
2026-02-20,AC0026,1032390.17,964010.13,2026-02-21,Manually reported
2026-02-21,AC0026,966506.94,901320.39,2026-02-22,Manually reported
2026-02-22,AC0026,947344.88,892385.21,2026-02-23,Manually reported
2026-02-23,AC0026,834234.2,779633.67,2026-02-24,Manually reported
2026-02-24,AC0026,860581.35,797431.26,2026-02-25,Manually reported
2026-02-25,AC0026,934678.1,903983.67,2026-02-26,Manually reported
2026-02-26,AC0026,1022072.86,939837.16,2026-02-27,Manually reported
2026-02-27,AC0026,1055022.01,994841.3,2026-02-28,Manually reported
2026-02-28,AC0026,969123.7,879256.41,2026-03-01,Manually reported
2026-03-01,AC0026,899784.26,802991.11,2026-03-02,Manually reported
2026-03-02,AC0026,890096.37,858845.54,2026-03-03,Manually reported
2026-03-03,AC0026,854776.49,826983.22,2026-03-04,Manually reported
2026-03-04,AC0026,1148933.87,1113352.82,2026-03-05,Manually reported
2026-03-05,AC0026,1043485.43,1015468.82,2026-03-06,Manually reported
2026-03-06,AC0026,1029500.38,923796.76,2026-03-07,Manually reported
2026-03-07,AC0026,1054318.7,1020400.07,2026-03-08,Manually reported
2026-03-08,AC0026,908936.97,872705.7,2026-03-09,Manually reported
2026-03-09,AC0026,831443.85,765022.56,2026-03-10,Manually reported
2026-03-10,AC0026,903328.63,872073.15,2026-03-11,Manually reported
2026-03-11,AC0026,1125331.85,1059677.49,2026-03-12,Manually reported
2026-03-12,AC0026,1000789.98,938303.29,2026-03-13,Manually reported
2026-03-13,AC0026,1001885.86,963475.65,2026-03-14,Manually reported
2026-03-14,AC0026,775769.46,741775.08,2026-03-15,Manually reported
2026-03-15,AC0026,807993.45,773600.31,2026-03-16,Manually reported
2026-03-16,AC0026,917525.2,868289.28,2026-03-17,Manually reported
2026-03-17,AC0026,896134.88,847569.55,2026-03-18,Manually reported
2026-03-18,AC0026,1060086.24,966233.36,2026-03-19,Manually reported
2026-03-19,AC0026,965083.02,905921.57,2026-03-20,Manually reported
2026-03-20,AC0026,999157.26,954102.63,2026-03-21,Manually reported
2026-03-21,AC0026,1082596.19,987435.91,2026-03-22,Manually reported
2026-03-22,AC0026,839482.91,822038.73,2026-03-23,Manually reported
2026-03-23,AC0026,929322.49,901054.28,2026-03-24,Manually reported
2026-03-24,AC0026,927756.47,819315.25,2026-03-25,Manually reported
2026-03-25,AC0026,996720.33,890850.29,2026-03-26,Manually reported
2026-03-26,AC0026,967189.61,885138.27,2026-03-27,Manually reported
2026-03-27,AC0026,1165393.25,1108473.19,2026-03-28,Manually reported
2026-03-28,AC0026,951558.65,934411.16,2026-03-29,Manually reported
2026-03-29,AC0026,928961.35,843397.84,2026-03-30,Manually reported
2026-03-30,AC0026,904111.81,869394.07,2026-03-31,Manually reported
2026-03-31,AC0026,869340.32,840524.61,2026-04-01,Manually reported
2026-04-01,AC0026,876668.8,773413.14,2026-04-02,Manually reported
2026-04-02,AC0026,1109938.13,1041723.6,2026-04-03,Manually reported
2026-04-03,AC0026,1145678.61,1106582.55,2026-04-04,Manually reported
2026-04-04,AC0026,896532.33,811982.02,2026-04-05,Manually reported
2026-04-05,AC0026,1031859.37,986022.37,2026-04-06,Manually reported
2026-04-06,AC0026,806805.38,754793.76,2026-04-07,Manually reported
2026-04-07,AC0026,1057495.35,940567.61,2026-04-08,Manually reported
2026-04-08,AC0026,1075409.36,1047044.65,2026-04-09,Manually reported
2026-04-09,AC0026,1032905.69,1010083.44,2026-04-10,Manually reported
2026-04-10,AC0026,1129397.78,1037417.69,2026-04-11,Manually reported
2026-04-11,AC0026,969749.75,929676.7,2026-04-12,Manually reported
2026-04-12,AC0026,839834.18,742725.02,2026-04-13,Manually reported
2026-04-13,AC0026,842002.3,771506.87,2026-04-14,Manually reported
2026-04-14,AC0026,860790.16,775587.03,2026-04-15,Manually reported
2026-04-15,AC0026,1002969.54,894822.88,2026-04-16,Manually reported
2026-04-16,AC0026,1053911.03,1001052.84,2026-04-17,Manually reported
2026-04-17,AC0026,819419.12,730192.03,2026-04-18,Manually reported
2026-04-18,AC0026,985414.09,975389.62,2026-04-19,Manually reported
2026-04-19,AC0026,1008934.89,973898.27,2026-04-20,Manually reported
2026-04-20,AC0026,869571.79,798421.14,2026-04-21,Manually reported
2026-04-21,AC0026,863667.59,819858.77,2026-04-22,Manually reported
2026-04-22,AC0026,1132005.36,1047785.26,2026-04-23,Manually reported
2026-04-23,AC0026,1028215.91,911427.92,2026-04-24,Manually reported
2026-04-24,AC0026,1019044.6,909771.14,2026-04-25,Manually reported
2026-04-25,AC0026,896229.44,847567.97,2026-04-26,Manually reported
2026-04-26,AC0026,940092.97,916342.92,2026-04-27,Manually reported
2026-04-27,AC0026,698064.77,689777.5,2026-04-28,Manually reported
2026-04-28,AC0026,762580.63,698809.48,2026-04-29,Manually reported
2026-04-29,AC0026,905780.56,797115.23,2026-04-30,Manually reported
2026-04-30,AC0026,1083662.21,965611.62,2026-05-01,Manually reported
2026-05-01,AC0026,1102819.78,1051579.19,2026-05-02,Manually reported
2026-05-02,AC0026,883124.29,810428.47,2026-05-03,Manually reported
2026-05-03,AC0026,1045664.61,1008839.6,2026-05-04,Manually reported
2026-05-04,AC0026,935048.27,885643.05,2026-05-05,Manually reported
2026-05-05,AC0026,911265.51,831670.63,2026-05-06,Manually reported
2026-05-06,AC0026,1012484.94,972808.47,2026-05-07,Manually reported
2026-05-07,AC0026,957833.97,851197.53,2026-05-08,Manually reported
2026-05-08,AC0026,1032274.07,998265.55,2026-05-09,Manually reported
2026-05-09,AC0026,978600.47,946551.66,2026-05-10,Manually reported
2026-05-10,AC0026,971875.4,859463.37,2026-05-11,Manually reported
2026-05-11,AC0026,807386.37,795610.92,2026-05-12,Manually reported
2026-05-12,AC0026,830170.78,817987.56,2026-05-13,Manually reported
2026-05-13,AC0026,920540.39,871452.56,2026-05-14,Manually reported
2026-05-14,AC0026,969136.45,871473.31,2026-05-15,Manually reported
2026-05-15,AC0026,1081978.82,982913.49,2026-05-16,Manually reported
2026-05-16,AC0026,913569.13,832961.21,2026-05-17,Manually reported
2026-05-17,AC0026,960332.67,927756.04,2026-05-18,Manually reported
2026-05-18,AC0026,889851.81,798623.48,2026-05-19,Manually reported
2026-05-19,AC0026,917148.17,809290.72,2026-05-20,Manually reported
2026-05-20,AC0026,978462.02,913331.73,2026-05-21,Manually reported
2026-05-21,AC0026,1238614.2,1189891.45,2026-05-22,Manually reported
2026-05-22,AC0026,1046013.59,982024.52,2026-05-23,Manually reported
2026-05-23,AC0026,873118.88,858297.17,2026-05-24,Manually reported
2026-05-24,AC0026,909899.9,801162.93,2026-05-25,Manually reported
2026-05-25,AC0026,783247.08,719678.32,2026-05-26,Manually reported
2026-05-26,AC0026,783649.51,698326.5,2026-05-27,Manually reported
2026-05-27,AC0026,781873.15,729151.21,2026-05-28,Manually reported
2026-05-28,AC0026,1051414.75,958885.77,2026-05-29,Manually reported
2026-05-29,AC0026,1145756.3,1091607.52,2026-05-30,Manually reported
2026-05-30,AC0026,758519.7,679612.75,2026-05-31,Manually reported
2026-05-31,AC0026,802739.16,730838.67,2026-06-01,Manually reported
2026-06-01,AC0026,814651.86,735713.87,2026-06-02,Manually reported
2026-06-02,AC0026,904998.53,864754.36,2026-06-03,Manually reported
2026-06-03,AC0026,895085.04,838360.42,2026-06-04,Manually reported
2026-06-04,AC0026,1004666.57,920061.59,2026-06-05,Manually reported
2026-06-05,AC0026,1073060.73,1043044.15,2026-06-06,Manually reported
2026-06-06,AC0026,861332.68,846675.2,2026-06-07,Manually reported
2026-06-07,AC0026,962536.8,944984.31,2026-06-08,Manually reported
2026-06-08,AC0026,940313.07,859618.75,2026-06-09,Manually reported
2026-06-09,AC0026,826142.72,742262.21,2026-06-10,Manually reported
2026-06-10,AC0026,998893.45,902300.4,2026-06-11,Manually reported
2026-06-11,AC0026,972746.12,939010.68,2026-06-12,Manually reported
2026-06-12,AC0026,1196919.7,1106530.2,2026-06-13,Manually reported
2026-06-13,AC0026,904822.94,873674.0,2026-06-14,Manually reported
2026-06-14,AC0026,809306.34,757276.34,2026-06-15,Manually reported
2026-06-15,AC0026,922333.09,848660.25,2026-06-16,Manually reported
2026-06-16,AC0026,854038.69,841195.49,2026-06-17,Manually reported
2026-06-17,AC0026,875766.52,797222.16,2026-06-18,Manually reported
2026-06-18,AC0026,1050919.92,953834.12,2026-06-19,Manually reported
2026-06-19,AC0026,1252443.16,1139702.05,2026-06-20,Manually reported
2026-06-20,AC0026,979071.76,958212.63,2026-06-21,Manually reported
2026-06-21,AC0026,805556.35,708944.68,2026-06-22,Manually reported
2026-06-22,AC0026,938674.42,874171.86,2026-06-23,Manually reported
2026-06-23,AC0026,927499.72,912373.23,2026-06-24,Manually reported
2026-06-24,AC0026,972978.45,867230.22,2026-06-25,Manually reported
2026-06-25,AC0026,1036379.19,935743.17,2026-06-26,Manually reported
2026-06-26,AC0026,1120802.64,993052.56,2026-06-27,Manually reported
2026-06-27,AC0026,937618.7,846160.5,2026-06-28,Manually reported
2026-06-28,AC0026,818802.16,786614.06,2026-06-29,Manually reported
2026-06-29,AC0026,845135.25,833136.87,2026-06-30,Manually reported
2026-06-30,AC0026,792617.86,762847.36,2026-07-01,Manually reported
2026-01-01,AC0027,370173.11,340278.6,2026-01-01,Automated
2026-01-02,AC0027,392788.61,367933.86,2026-01-02,Automated
2026-01-03,AC0027,335433.87,325153.39,2026-01-03,Automated
2026-01-04,AC0027,371887.39,339223.59,2026-01-04,Automated
2026-01-05,AC0027,320241.86,305088.37,2026-01-05,Automated
2026-01-06,AC0027,294843.92,276016.79,2026-01-06,Automated
2026-01-07,AC0027,364630.76,348885.83,2026-01-07,Automated
2026-01-08,AC0027,444688.15,414027.62,2026-01-08,Automated
2026-01-09,AC0027,436295.88,401776.46,2026-01-09,Automated
2026-01-10,AC0027,382192.3,364987.48,2026-01-10,Automated
2026-01-11,AC0027,394404.26,349201.8,2026-01-11,Automated
2026-01-12,AC0027,307912.46,292699.97,2026-01-12,Automated
2026-01-13,AC0027,373416.09,342505.58,2026-01-13,Automated
2026-01-14,AC0027,376903.29,335861.88,2026-01-14,Automated
2026-01-15,AC0027,419937.61,371226.04,2026-01-15,Automated
2026-01-16,AC0027,344294.52,323713.35,2026-01-16,Automated
2026-01-17,AC0027,387235.7,354721.14,2026-01-17,Automated
2026-01-18,AC0027,319971.83,298669.15,2026-01-18,Automated
2026-01-19,AC0027,258122.79,255442.92,2026-01-19,Automated
2026-01-20,AC0027,326421.75,321846.08,2026-01-20,Automated
2026-01-21,AC0027,381307.05,352420.63,2026-01-21,Automated
2026-01-22,AC0027,408603.37,392961.31,2026-01-22,Automated
2026-01-23,AC0027,369323.32,327182.72,2026-01-23,Automated
2026-01-24,AC0027,352249.27,348232.65,2026-01-24,Automated
2026-01-25,AC0027,319764.88,293693.47,2026-01-25,Automated
2026-01-26,AC0027,338362.6,314731.21,2026-01-26,Automated
2026-01-27,AC0027,351094.48,340573.73,2026-01-27,Automated
2026-01-28,AC0027,375721.72,369086.11,2026-01-28,Automated
2026-01-29,AC0027,377658.06,334176.07,2026-01-29,Automated
2026-01-30,AC0027,388362.45,369916.61,2026-01-30,Automated
2026-01-31,AC0027,391948.86,361484.31,2026-01-31,Automated
2026-02-01,AC0027,362594.76,345896.23,2026-02-01,Automated
2026-02-02,AC0027,322377.12,301545.03,2026-02-02,Automated
2026-02-03,AC0027,387774.54,370596.57,2026-02-03,Automated
2026-02-04,AC0027,364962.55,346829.86,2026-02-04,Automated
2026-02-05,AC0027,395641.42,359229.38,2026-02-05,Automated
2026-02-06,AC0027,368109.58,324517.15,2026-02-06,Automated
2026-02-07,AC0027,351873.52,311680.47,2026-02-07,Automated
2026-02-08,AC0027,386567.63,346240.05,2026-02-08,Automated
2026-02-09,AC0027,254326.33,224972.6,2026-02-09,Automated
2026-02-10,AC0027,374867.49,340858.67,2026-02-10,Automated
2026-02-11,AC0027,353970.37,327403.85,2026-02-11,Automated
2026-02-12,AC0027,419363.98,412794.75,2026-02-12,Automated
2026-02-13,AC0027,365136.34,333880.52,2026-02-13,Automated
2026-02-14,AC0027,344694.73,315656.92,2026-02-14,Automated
2026-02-15,AC0027,364781.45,323050.43,2026-02-15,Automated
2026-02-16,AC0027,359662.24,317406.93,2026-02-16,Automated
2026-02-17,AC0027,350286.4,332994.77,2026-02-17,Automated
2026-02-18,AC0027,363724.84,355070.33,2026-02-18,Automated
2026-02-19,AC0027,361220.45,326113.29,2026-02-19,Automated
2026-02-20,AC0027,386788.31,380738.63,2026-02-20,Automated
2026-02-21,AC0027,393785.87,369917.18,2026-02-21,Automated
2026-02-22,AC0027,358461.31,350532.24,2026-02-22,Automated
2026-02-23,AC0027,333482.37,306374.32,2026-02-23,Automated
2026-02-24,AC0027,381557.42,336685.84,2026-02-24,Automated
2026-02-25,AC0027,372948.94,343804.56,2026-02-25,Automated
2026-02-26,AC0027,382981.36,350949.11,2026-02-26,Automated
2026-02-27,AC0027,420565.14,379537.12,2026-02-27,Automated
2026-02-28,AC0027,390418.38,360090.52,2026-02-28,Automated
2026-03-01,AC0027,330411.49,307203.48,2026-03-01,Automated
2026-03-02,AC0027,323417.96,316387.15,2026-03-02,Automated
2026-03-03,AC0027,400874.35,362650.5,2026-03-03,Automated
2026-03-04,AC0027,403476.2,384599.52,2026-03-04,Automated
2026-03-05,AC0027,383050.41,372262.39,2026-03-05,Automated
2026-03-06,AC0027,408780.49,377624.51,2026-03-06,Automated
2026-03-07,AC0027,357436.78,324296.55,2026-03-07,Automated
2026-03-08,AC0027,283232.75,265276.97,2026-03-08,Automated
2026-03-09,AC0027,309970.15,297301.3,2026-03-09,Automated
2026-03-10,AC0027,336250.35,329042.23,2026-03-10,Automated
2026-03-11,AC0027,372843.44,362567.95,2026-03-11,Automated
2026-03-12,AC0027,359640.25,339965.69,2026-03-12,Automated
2026-03-13,AC0027,371174.9,327600.91,2026-03-13,Automated
2026-03-14,AC0027,358901.33,320096.33,2026-03-14,Automated
2026-03-15,AC0027,363209.9,326025.58,2026-03-15,Automated
2026-03-16,AC0027,322997.09,303265.04,2026-03-16,Automated
2026-03-17,AC0027,308067.3,286279.6,2026-03-17,Automated
2026-03-18,AC0027,471235.48,417216.36,2026-03-18,Automated
2026-03-19,AC0027,403135.21,369139.96,2026-03-19,Automated
2026-03-20,AC0027,357388.42,343297.24,2026-03-20,Automated
2026-03-21,AC0027,399540.69,381545.89,2026-03-21,Automated
2026-03-22,AC0027,344266.14,307773.07,2026-03-22,Automated
2026-03-23,AC0027,320056.17,301493.85,2026-03-23,Automated
2026-03-24,AC0027,355283.47,313824.47,2026-03-24,Automated
2026-03-25,AC0027,392768.94,373576.8,2026-03-25,Automated
2026-03-26,AC0027,368892.16,337269.03,2026-03-26,Automated
2026-03-27,AC0027,385041.8,340574.06,2026-03-27,Automated
2026-03-28,AC0027,367228.78,332734.49,2026-03-28,Automated
2026-03-29,AC0027,337908.61,308973.73,2026-03-29,Automated
2026-03-30,AC0027,376335.54,356169.85,2026-03-30,Automated
2026-03-31,AC0027,360181.77,335944.04,2026-03-31,Automated
2026-04-01,AC0027,349902.38,334922.57,2026-04-01,Automated
2026-04-02,AC0027,395547.44,389833.2,2026-04-02,Automated
2026-04-03,AC0027,377179.8,340766.36,2026-04-03,Automated
2026-04-04,AC0027,360745.76,353575.48,2026-04-04,Automated
2026-04-05,AC0027,319106.73,297631.21,2026-04-05,Automated
2026-04-06,AC0027,357437.8,323952.11,2026-04-06,Automated
2026-04-07,AC0027,321496.35,308260.57,2026-04-07,Automated
2026-04-08,AC0027,358122.97,320237.59,2026-04-08,Automated
2026-04-09,AC0027,400250.32,372441.42,2026-04-09,Automated
2026-04-10,AC0027,399001.63,373036.02,2026-04-10,Automated
2026-04-11,AC0027,312542.39,278452.36,2026-04-11,Automated
2026-04-12,AC0027,318178.45,310056.48,2026-04-12,Automated
2026-04-13,AC0027,323568.21,304804.34,2026-04-13,Automated
2026-04-14,AC0027,291867.66,257455.79,2026-04-14,Automated
2026-04-15,AC0027,404388.3,367203.17,2026-04-15,Automated
2026-04-16,AC0027,355275.45,316842.34,2026-04-16,Automated
2026-04-17,AC0027,381328.7,368203.84,2026-04-17,Automated
2026-04-18,AC0027,356732.96,317318.59,2026-04-18,Automated
2026-04-19,AC0027,303082.24,284600.98,2026-04-19,Automated
2026-04-20,AC0027,333660.93,312839.35,2026-04-20,Automated
2026-04-21,AC0027,388475.22,346490.17,2026-04-21,Automated
2026-04-22,AC0027,381024.66,375064.87,2026-04-22,Automated
2026-04-23,AC0027,377795.29,360685.51,2026-04-23,Automated
2026-04-24,AC0027,401106.69,380258.16,2026-04-24,Automated
2026-04-25,AC0027,357008.61,351754.33,2026-04-25,Automated
2026-04-26,AC0027,397290.19,381788.93,2026-04-26,Automated
2026-04-27,AC0027,342231.04,316952.21,2026-04-27,Automated
2026-04-28,AC0027,341403.15,320496.66,2026-04-28,Automated
2026-04-29,AC0027,380166.65,345299.4,2026-04-29,Automated
2026-04-30,AC0027,414800.26,408470.04,2026-04-30,Automated
2026-05-01,AC0027,373619.45,363367.34,2026-05-01,Automated
2026-05-02,AC0027,398943.17,373381.52,2026-05-02,Automated
2026-05-03,AC0027,294227.35,280372.08,2026-05-03,Automated
2026-05-04,AC0027,359048.31,330852.9,2026-05-04,Automated
2026-05-05,AC0027,344518.06,325690.07,2026-05-05,Automated
2026-05-06,AC0027,367221.37,355405.94,2026-05-06,Automated
2026-05-07,AC0027,422919.02,384890.56,2026-05-07,Automated
2026-05-08,AC0027,408235.29,383519.09,2026-05-08,Automated
2026-05-09,AC0027,363330.78,333095.12,2026-05-09,Automated
2026-05-10,AC0027,314009.78,283833.67,2026-05-10,Automated
2026-05-11,AC0027,350140.26,341216.2,2026-05-11,Automated
2026-05-12,AC0027,365613.77,333972.95,2026-05-12,Automated
2026-05-13,AC0027,359707.0,339423.41,2026-05-13,Automated
2026-05-14,AC0027,377954.59,372455.47,2026-05-14,Automated
2026-05-15,AC0027,435113.55,414801.26,2026-05-15,Automated
2026-05-16,AC0027,378647.06,372812.65,2026-05-16,Automated
2026-05-17,AC0027,338047.8,299707.03,2026-05-17,Automated
2026-05-18,AC0027,309713.15,273626.01,2026-05-18,Automated
2026-05-19,AC0027,359602.66,343564.97,2026-05-19,Automated
2026-05-20,AC0027,414352.64,388179.08,2026-05-20,Automated
2026-05-21,AC0027,392782.23,378674.03,2026-05-21,Automated
2026-05-22,AC0027,444732.13,412545.43,2026-05-22,Automated
2026-05-23,AC0027,350254.9,327666.81,2026-05-23,Automated
2026-05-24,AC0027,333629.98,308333.5,2026-05-24,Automated
2026-05-25,AC0027,322220.14,289126.19,2026-05-25,Automated
2026-05-26,AC0027,312612.07,290803.02,2026-05-26,Automated
2026-05-27,AC0027,425672.29,383448.51,2026-05-27,Automated
2026-05-28,AC0027,383247.41,374890.1,2026-05-28,Automated
2026-05-29,AC0027,374003.37,352727.44,2026-05-29,Automated
2026-05-30,AC0027,414792.18,408810.35,2026-05-30,Automated
2026-05-31,AC0027,326713.85,291968.82,2026-05-31,Automated
2026-06-01,AC0027,300973.69,288084.57,2026-06-01,Automated
2026-06-02,AC0027,324218.4,315086.35,2026-06-02,Automated
2026-06-03,AC0027,367936.3,342929.34,2026-06-03,Automated
2026-06-04,AC0027,423413.26,373194.88,2026-06-04,Automated
2026-06-05,AC0027,389715.97,367298.05,2026-06-05,Automated
2026-06-06,AC0027,396635.37,386108.43,2026-06-06,Automated
2026-06-07,AC0027,297257.77,286710.54,2026-06-07,Automated
2026-06-08,AC0027,345664.47,313889.54,2026-06-08,Automated
2026-06-09,AC0027,344897.6,335598.06,2026-06-09,Automated
2026-06-10,AC0027,365755.27,352888.09,2026-06-10,Automated
2026-06-11,AC0027,379147.13,360065.16,2026-06-11,Automated
2026-06-12,AC0027,365047.15,329522.02,2026-06-12,Automated
2026-06-13,AC0027,341152.24,330299.73,2026-06-13,Automated
2026-06-14,AC0027,318866.4,287782.53,2026-06-14,Automated
2026-06-15,AC0027,318506.85,302593.77,2026-06-15,Automated
2026-06-16,AC0027,339382.95,310139.49,2026-06-16,Automated
2026-06-17,AC0027,354418.76,347771.75,2026-06-17,Automated
2026-06-18,AC0027,421006.05,403291.38,2026-06-18,Automated
2026-06-19,AC0027,359663.96,340763.13,2026-06-19,Automated
2026-06-20,AC0027,412266.55,380994.03,2026-06-20,Automated
2026-06-21,AC0027,359476.5,341920.98,2026-06-21,Automated
2026-06-22,AC0027,361926.73,350979.72,2026-06-22,Automated
2026-06-23,AC0027,342955.24,330730.79,2026-06-23,Automated
2026-06-24,AC0027,388770.79,381850.17,2026-06-24,Automated
2026-06-25,AC0027,395895.32,376984.45,2026-06-25,Automated
2026-06-26,AC0027,453890.34,406921.21,2026-06-26,Automated
2026-06-27,AC0027,384013.13,346431.25,2026-06-27,Automated
2026-06-28,AC0027,349711.02,325465.66,2026-06-28,Automated
2026-06-29,AC0027,364582.45,350508.42,2026-06-29,Automated
2026-06-30,AC0027,340332.4,334271.22,2026-06-30,Automated
2026-01-01,AC0028,3163890.16,2994553.31,2026-01-01,Automated
2026-01-02,AC0028,2751701.08,2560956.66,2026-01-02,Automated
2026-01-03,AC0028,3045699.98,2954851.0,2026-01-03,Automated
2026-01-04,AC0028,2294555.34,2264357.73,2026-01-04,Automated
2026-01-05,AC0028,2273635.65,2074488.85,2026-01-05,Automated
2026-01-06,AC0028,2545532.79,2282210.49,2026-01-06,Automated
2026-01-07,AC0028,2433447.86,2228013.04,2026-01-07,Automated
2026-01-08,AC0028,2622922.62,2405208.22,2026-01-08,Automated
2026-01-09,AC0028,2899918.13,2832419.56,2026-01-09,Automated
2026-01-10,AC0028,2908662.75,2641373.59,2026-01-10,Automated
2026-01-11,AC0028,2602695.34,2411575.14,2026-01-11,Automated
2026-01-12,AC0028,2176541.91,1922939.08,2026-01-12,Automated
2026-01-13,AC0028,2797378.3,2541705.24,2026-01-13,Automated
2026-01-14,AC0028,2196227.24,2064202.51,2026-01-14,Automated
2026-01-15,AC0028,2639499.63,2428980.06,2026-01-15,Automated
2026-01-16,AC0028,3035821.05,2685344.05,2026-01-16,Automated
2026-01-17,AC0028,2919216.55,2790496.1,2026-01-17,Automated
2026-01-18,AC0028,2614546.67,2476174.48,2026-01-18,Automated
2026-01-19,AC0028,2136689.65,1922243.36,2026-01-19,Automated
2026-01-20,AC0028,2060819.4,1837231.66,2026-01-20,Automated
2026-01-21,AC0028,2564393.37,2305481.0,2026-01-21,Automated
2026-01-22,AC0028,2574682.46,2516613.66,2026-01-22,Automated
2026-01-23,AC0028,3074279.32,2734378.22,2026-01-23,Automated
2026-01-24,AC0028,2665352.2,2570525.7,2026-01-24,Automated
2026-01-25,AC0028,2325964.09,2057558.88,2026-01-25,Automated
2026-01-26,AC0028,2191096.55,2046972.18,2026-01-26,Automated
2026-01-27,AC0028,2341996.01,2274119.65,2026-01-27,Automated
2026-01-28,AC0028,2278022.73,2089361.55,2026-01-28,Automated
2026-01-29,AC0028,3083790.36,2981272.48,2026-01-29,Automated
2026-01-30,AC0028,2645484.04,2369422.9,2026-01-30,Automated
2026-01-31,AC0028,3264317.93,3088286.95,2026-01-31,Automated
2026-02-01,AC0028,2501049.53,2210225.21,2026-02-01,Automated
2026-02-02,AC0028,2414692.67,2372221.87,2026-02-02,Automated
2026-02-03,AC0028,2425537.14,2381266.35,2026-02-03,Automated
2026-02-04,AC0028,2518803.03,2443629.0,2026-02-04,Automated
2026-02-05,AC0028,2814050.13,2632695.06,2026-02-05,Automated
2026-02-06,AC0028,2869341.63,2772952.58,2026-02-06,Automated
2026-02-07,AC0028,2640149.11,2549506.7,2026-02-07,Automated
2026-02-08,AC0028,2559226.57,2406741.71,2026-02-08,Automated
2026-02-09,AC0028,2209780.03,2097578.54,2026-02-09,Automated
2026-02-10,AC0028,2245293.54,2025542.79,2026-02-10,Automated
2026-02-11,AC0028,2606778.71,2508273.31,2026-02-11,Automated
2026-02-12,AC0028,2776083.37,2635998.55,2026-02-12,Automated
2026-02-13,AC0028,2753488.21,2675483.84,2026-02-13,Automated
2026-02-14,AC0028,2739393.31,2535450.64,2026-02-14,Automated
2026-02-15,AC0028,2196891.76,2091877.52,2026-02-15,Automated
2026-02-16,AC0028,2316378.79,2130839.49,2026-02-16,Automated
2026-02-17,AC0028,2405191.54,2293474.39,2026-02-17,Automated
2026-02-18,AC0028,2506297.11,2212041.07,2026-02-18,Automated
2026-02-19,AC0028,2683173.95,2595864.92,2026-02-19,Automated
2026-02-20,AC0028,2631449.56,2338956.25,2026-02-20,Automated
2026-02-21,AC0028,2659240.51,2621423.56,2026-02-21,Automated
2026-02-22,AC0028,2469643.52,2367152.68,2026-02-22,Automated
2026-02-23,AC0028,2354280.29,2322245.65,2026-02-23,Automated
2026-02-24,AC0028,2136422.34,2100468.99,2026-02-24,Automated
2026-02-25,AC0028,2468698.73,2316968.86,2026-02-25,Automated
2026-02-26,AC0028,2765116.46,2612276.07,2026-02-26,Automated
2026-02-27,AC0028,2481551.05,2418372.91,2026-02-27,Automated
2026-02-28,AC0028,2733076.41,2486970.59,2026-02-28,Automated
2026-03-01,AC0028,2657523.39,2465887.21,2026-03-01,Automated
2026-03-02,AC0028,2394501.2,2368216.44,2026-03-02,Automated
2026-03-03,AC0028,2290175.32,2027604.81,2026-03-03,Automated
2026-03-04,AC0028,2612055.2,2568326.69,2026-03-04,Automated
2026-03-05,AC0028,2554786.98,2395971.89,2026-03-05,Automated
2026-03-06,AC0028,2463825.51,2225543.65,2026-03-06,Automated
2026-03-07,AC0028,2821114.47,2563671.89,2026-03-07,Automated
2026-03-08,AC0028,2667688.54,2579729.75,2026-03-08,Automated
2026-03-09,AC0028,2364126.11,2328053.49,2026-03-09,Automated
2026-03-10,AC0028,2771658.19,2612786.57,2026-03-10,Automated
2026-03-11,AC0028,2574199.22,2505194.24,2026-03-11,Automated
2026-03-12,AC0028,2509419.85,2448180.58,2026-03-12,Automated
2026-03-13,AC0028,2814173.04,2602635.75,2026-03-13,Automated
2026-03-14,AC0028,2748977.84,2639283.7,2026-03-14,Automated
2026-03-15,AC0028,2332322.37,2088728.77,2026-03-15,Automated
2026-03-16,AC0028,2445528.18,2323352.4,2026-03-16,Automated
2026-03-17,AC0028,2314311.24,2240893.83,2026-03-17,Automated
2026-03-18,AC0028,2489939.69,2284131.73,2026-03-18,Automated
2026-03-19,AC0028,2740102.21,2694721.53,2026-03-19,Automated
2026-03-20,AC0028,2902811.59,2754650.54,2026-03-20,Automated
2026-03-21,AC0028,2711562.85,2462829.85,2026-03-21,Automated
2026-03-22,AC0028,2640629.19,2445201.27,2026-03-22,Automated
2026-03-23,AC0028,2446833.43,2258608.53,2026-03-23,Automated
2026-03-24,AC0028,2605957.08,2348143.6,2026-03-24,Automated
2026-03-25,AC0028,2446710.27,2420032.17,2026-03-25,Automated
2026-03-26,AC0028,2633035.63,2469316.85,2026-03-26,Automated
2026-03-27,AC0028,3074722.03,2802649.61,2026-03-27,Automated
2026-03-28,AC0028,2465893.86,2401390.45,2026-03-28,Automated
2026-03-29,AC0028,2648892.31,2453853.36,2026-03-29,Automated
2026-03-30,AC0028,2301338.54,2070553.09,2026-03-30,Automated
2026-03-31,AC0028,2291724.51,2086116.3,2026-03-31,Automated
2026-04-01,AC0028,2685960.11,2455558.73,2026-04-01,Automated
2026-04-02,AC0028,2713485.25,2418834.29,2026-04-02,Automated
2026-04-03,AC0028,2964648.04,2668635.21,2026-04-03,Automated
2026-04-04,AC0028,2815036.89,2681119.14,2026-04-04,Automated
2026-04-05,AC0028,2137078.96,2113288.93,2026-04-05,Automated
2026-04-06,AC0028,2390739.0,2191812.8,2026-04-06,Automated
2026-04-07,AC0028,2144134.57,1972671.49,2026-04-07,Automated
2026-04-08,AC0028,2396124.83,2324918.92,2026-04-08,Automated
2026-04-09,AC0028,2585198.31,2548554.62,2026-04-09,Automated
2026-04-10,AC0028,2686516.28,2422467.53,2026-04-10,Automated
2026-04-11,AC0028,2559403.79,2423748.57,2026-04-11,Automated
2026-04-12,AC0028,2118814.53,2078879.63,2026-04-12,Automated
2026-04-13,AC0028,2396578.62,2156108.34,2026-04-13,Automated
2026-04-14,AC0028,2156134.1,1932103.47,2026-04-14,Automated
2026-04-15,AC0028,2341866.41,2310216.83,2026-04-15,Automated
2026-04-16,AC0028,2758184.38,2623753.25,2026-04-16,Automated
2026-04-17,AC0028,2627694.44,2436352.0,2026-04-17,Automated
2026-04-18,AC0028,2538057.64,2293563.83,2026-04-18,Automated
2026-04-19,AC0028,2434736.11,2348255.75,2026-04-19,Automated
2026-04-20,AC0028,2121919.28,1957139.81,2026-04-20,Automated
2026-04-21,AC0028,2355177.29,2196325.66,2026-04-21,Automated
2026-04-22,AC0028,2644455.48,2541088.4,2026-04-22,Automated
2026-04-23,AC0028,2712023.65,2532758.63,2026-04-23,Automated
2026-04-24,AC0028,2715929.09,2609605.12,2026-04-24,Automated
2026-04-25,AC0028,2742175.44,2535593.5,2026-04-25,Automated
2026-04-26,AC0028,2414802.66,2234403.84,2026-04-26,Automated
2026-04-27,AC0028,2419141.39,2291991.85,2026-04-27,Automated
2026-04-28,AC0028,1953926.67,1754501.26,2026-04-28,Automated
2026-04-29,AC0028,2487482.13,2284719.65,2026-04-29,Automated
2026-04-30,AC0028,3145887.55,3037656.27,2026-04-30,Automated
2026-05-01,AC0028,3069376.09,2853388.69,2026-05-01,Automated
2026-05-02,AC0028,2478751.28,2227442.12,2026-05-02,Automated
2026-05-03,AC0028,2410715.19,2284202.97,2026-05-03,Automated
2026-05-04,AC0028,2518656.69,2443994.17,2026-05-04,Automated
2026-05-05,AC0028,2460644.97,2290071.28,2026-05-05,Automated
2026-05-06,AC0028,2150231.12,2115473.95,2026-05-06,Automated
2026-05-07,AC0028,2708656.48,2435986.98,2026-05-07,Automated
2026-05-08,AC0028,2603094.28,2426980.4,2026-05-08,Automated
2026-05-09,AC0028,2558457.18,2338392.37,2026-05-09,Automated
2026-05-10,AC0028,2139661.29,1986988.17,2026-05-10,Automated
2026-05-11,AC0028,2304755.76,2139250.99,2026-05-11,Automated
2026-05-12,AC0028,2283513.49,2188612.25,2026-05-12,Automated
2026-05-13,AC0028,2421106.52,2335480.2,2026-05-13,Automated
2026-05-14,AC0028,2739477.6,2605458.89,2026-05-14,Automated
2026-05-15,AC0028,2422088.95,2259247.24,2026-05-15,Automated
2026-05-16,AC0028,2959991.64,2795704.73,2026-05-16,Automated
2026-05-17,AC0028,2269985.88,2110381.31,2026-05-17,Automated
2026-05-18,AC0028,2391855.82,2276247.9,2026-05-18,Automated
2026-05-19,AC0028,2026090.7,1844332.33,2026-05-19,Automated
2026-05-20,AC0028,2678314.1,2544038.02,2026-05-20,Automated
2026-05-21,AC0028,2839314.64,2606694.69,2026-05-21,Automated
2026-05-22,AC0028,3038948.7,2857684.65,2026-05-22,Automated
2026-05-23,AC0028,2576892.47,2480767.44,2026-05-23,Automated
2026-05-24,AC0028,2722266.93,2487237.14,2026-05-24,Automated
2026-05-25,AC0028,2159233.34,1972444.7,2026-05-25,Automated
2026-05-26,AC0028,2225863.03,1987800.92,2026-05-26,Automated
2026-05-27,AC0028,2524225.66,2308100.26,2026-05-27,Automated
2026-05-28,AC0028,2773200.15,2523049.23,2026-05-28,Automated
2026-05-29,AC0028,2766208.52,2438735.51,2026-05-29,Automated
2026-05-30,AC0028,2850794.67,2691012.74,2026-05-30,Automated
2026-05-31,AC0028,2270628.44,2181653.16,2026-05-31,Automated
2026-06-01,AC0028,2363023.24,2222365.2,2026-06-01,Automated
2026-06-02,AC0028,2038548.39,1911538.68,2026-06-02,Automated
2026-06-03,AC0028,2310814.81,2136569.96,2026-06-03,Automated
2026-06-04,AC0028,2653743.04,2622767.59,2026-06-04,Automated
2026-06-05,AC0028,2809760.21,2557104.31,2026-06-05,Automated
2026-06-06,AC0028,2632474.99,2390243.08,2026-06-06,Automated
2026-06-07,AC0028,2023548.57,1820726.68,2026-06-07,Automated
2026-06-08,AC0028,2323102.97,2186163.94,2026-06-08,Automated
2026-06-09,AC0028,2256004.98,2205945.16,2026-06-09,Automated
2026-06-10,AC0028,2582837.16,2486800.72,2026-06-10,Automated
2026-06-11,AC0028,2910303.53,2780080.31,2026-06-11,Automated
2026-06-12,AC0028,2697628.42,2552558.35,2026-06-12,Automated
2026-06-13,AC0028,2839857.24,2676902.74,2026-06-13,Automated
2026-06-14,AC0028,2562312.84,2315728.69,2026-06-14,Automated
2026-06-15,AC0028,2419749.17,2233112.34,2026-06-15,Automated
2026-06-16,AC0028,2050517.41,1906280.4,2026-06-16,Automated
2026-06-17,AC0028,2683077.14,2649900.06,2026-06-17,Automated
2026-06-18,AC0028,2663930.29,2512105.91,2026-06-18,Automated
2026-06-19,AC0028,2756026.79,2610212.17,2026-06-19,Automated
2026-06-20,AC0028,2643058.21,2465887.8,2026-06-20,Automated
2026-06-21,AC0028,2492816.84,2313264.75,2026-06-21,Automated
2026-06-22,AC0028,1933642.12,1855933.33,2026-06-22,Automated
2026-06-23,AC0028,2805814.34,2503929.53,2026-06-23,Automated
2026-06-24,AC0028,2499779.82,2278074.29,2026-06-24,Automated
2026-06-25,AC0028,2511470.12,2304500.24,2026-06-25,Automated
2026-06-26,AC0028,3234999.23,3175453.35,2026-06-26,Automated
2026-06-27,AC0028,2698400.11,2375106.52,2026-06-27,Automated
2026-06-28,AC0028,2257708.73,2223724.66,2026-06-28,Automated
2026-06-29,AC0028,2107407.75,1910536.31,2026-06-29,Automated
2026-06-30,AC0028,2599675.84,2363716.35,2026-06-30,Automated
2026-01-01,AC0029,2864547.64,2528028.21,2026-01-01,Automated
2026-01-02,AC0029,2566813.73,2476485.52,2026-01-02,Automated
2026-01-03,AC0029,2927652.15,2643191.15,2026-01-03,Automated
2026-01-04,AC0029,2215829.0,2027695.98,2026-01-04,Automated
2026-01-05,AC0029,2206347.95,2076547.53,2026-01-05,Automated
2026-01-06,AC0029,2290057.42,2053263.69,2026-01-06,Automated
2026-01-07,AC0029,2505929.89,2436621.98,2026-01-07,Automated
2026-01-08,AC0029,3212317.53,2903589.88,2026-01-08,Automated
2026-01-09,AC0029,2709100.42,2540158.2,2026-01-09,Automated
2026-01-10,AC0029,2765488.19,2526912.37,2026-01-10,Automated
2026-01-11,AC0029,2609777.34,2577235.54,2026-01-11,Automated
2026-01-12,AC0029,2243309.11,2211663.12,2026-01-12,Automated
2026-01-13,AC0029,2724577.02,2493716.68,2026-01-13,Automated
2026-01-14,AC0029,2857476.29,2769936.69,2026-01-14,Automated
2026-01-15,AC0029,3249266.45,2897984.24,2026-01-15,Automated
2026-01-16,AC0029,3251575.11,2940709.77,2026-01-16,Automated
2026-01-17,AC0029,2539668.1,2474674.14,2026-01-17,Automated
2026-01-18,AC0029,2701580.12,2418441.86,2026-01-18,Automated
2026-01-19,AC0029,2680827.68,2375947.17,2026-01-19,Automated
2026-01-20,AC0029,2487137.73,2435958.01,2026-01-20,Automated
2026-01-21,AC0029,2761444.09,2490258.32,2026-01-21,Automated
2026-01-22,AC0029,2968923.7,2650456.18,2026-01-22,Automated
2026-01-23,AC0029,3133718.27,2894177.63,2026-01-23,Automated
2026-01-24,AC0029,2777497.56,2447348.32,2026-01-24,Automated
2026-01-25,AC0029,2547449.34,2297119.39,2026-01-25,Automated
2026-01-26,AC0029,2504956.22,2265761.93,2026-01-26,Automated
2026-01-27,AC0029,2801048.8,2467178.76,2026-01-27,Automated
2026-01-28,AC0029,3099297.68,2816464.45,2026-01-28,Automated
2026-01-29,AC0029,2948317.87,2839219.34,2026-01-29,Automated
2026-01-30,AC0029,2681566.89,2609367.92,2026-01-30,Automated
2026-01-31,AC0029,2901952.8,2557315.61,2026-01-31,Automated
2026-02-01,AC0029,2150352.99,1987413.16,2026-02-01,Automated
2026-02-02,AC0029,2172306.71,2043311.42,2026-02-02,Automated
2026-02-03,AC0029,2622722.83,2535309.32,2026-02-03,Automated
2026-02-04,AC0029,2473710.71,2195347.96,2026-02-04,Automated
2026-02-05,AC0029,3108641.37,2863028.53,2026-02-05,Automated
2026-02-06,AC0029,3117887.01,3069722.59,2026-02-06,Automated
2026-02-07,AC0029,2147025.67,1988479.4,2026-02-07,Automated
2026-02-08,AC0029,2188047.46,2058636.04,2026-02-08,Automated
2026-02-09,AC0029,2676725.37,2601519.41,2026-02-09,Automated
2026-02-10,AC0029,2926417.1,2742200.84,2026-02-10,Automated
2026-02-11,AC0029,2526204.35,2386673.84,2026-02-11,Automated
2026-02-12,AC0029,3078388.8,3045679.44,2026-02-12,Automated
2026-02-13,AC0029,2712222.49,2430473.65,2026-02-13,Automated
2026-02-14,AC0029,2478671.98,2275811.12,2026-02-14,Automated
2026-02-15,AC0029,2737391.02,2673316.22,2026-02-15,Automated
2026-02-16,AC0029,2363554.38,2151159.76,2026-02-16,Automated
2026-02-17,AC0029,2811719.29,2512319.44,2026-02-17,Automated
2026-02-18,AC0029,2591287.9,2450705.78,2026-02-18,Automated
2026-02-19,AC0029,3126486.32,2893309.75,2026-02-19,Automated
2026-02-20,AC0029,2685936.2,2604742.73,2026-02-20,Automated
2026-02-21,AC0029,2860602.3,2666309.93,2026-02-21,Automated
2026-02-22,AC0029,2190541.95,1977043.28,2026-02-22,Automated
2026-02-23,AC0029,2374320.03,2106653.78,2026-02-23,Automated
2026-02-24,AC0029,2452122.3,2389536.64,2026-02-24,Automated
2026-02-25,AC0029,2717936.34,2494987.11,2026-02-25,Automated
2026-02-26,AC0029,3121614.12,2862019.05,2026-02-26,Automated
2026-02-27,AC0029,3022031.75,2942357.69,2026-02-27,Automated
2026-02-28,AC0029,2876048.41,2616769.68,2026-02-28,Automated
2026-03-01,AC0029,2810073.72,2682398.87,2026-03-01,Automated
2026-03-02,AC0029,2497952.64,2207307.66,2026-03-02,Automated
2026-03-03,AC0029,2410104.65,2346062.1,2026-03-03,Automated
2026-03-04,AC0029,2865955.9,2784855.43,2026-03-04,Automated
2026-03-05,AC0029,2865745.07,2523742.27,2026-03-05,Automated
2026-03-06,AC0029,3057606.63,2722658.47,2026-03-06,Automated
2026-03-07,AC0029,2659933.79,2412859.71,2026-03-07,Automated
2026-03-08,AC0029,2399977.38,2331915.98,2026-03-08,Automated
2026-03-09,AC0029,2923039.75,2609701.4,2026-03-09,Automated
2026-03-10,AC0029,2357972.41,2266932.75,2026-03-10,Automated
2026-03-11,AC0029,2595470.75,2294402.2,2026-03-11,Automated
2026-03-12,AC0029,2818345.96,2532242.24,2026-03-12,Automated
2026-03-13,AC0029,3020775.71,2839838.83,2026-03-13,Automated
2026-03-14,AC0029,2868598.08,2761725.31,2026-03-14,Automated
2026-03-15,AC0029,2736308.69,2601484.81,2026-03-15,Automated
2026-03-16,AC0029,2517811.36,2444104.7,2026-03-16,Automated
2026-03-17,AC0029,3133270.26,2761759.37,2026-03-17,Automated
2026-03-18,AC0029,2660708.79,2520746.75,2026-03-18,Automated
2026-03-19,AC0029,2940738.2,2655518.09,2026-03-19,Automated
2026-03-20,AC0029,2961555.78,2610182.15,2026-03-20,Automated
2026-03-21,AC0029,2813558.01,2528186.95,2026-03-21,Automated
2026-03-22,AC0029,2426662.58,2199604.7,2026-03-22,Automated
2026-03-23,AC0029,2532756.12,2433562.61,2026-03-23,Automated
2026-03-24,AC0029,2698033.99,2575385.06,2026-03-24,Automated
2026-03-25,AC0029,2797370.79,2703097.11,2026-03-25,Automated
2026-03-26,AC0029,3107354.05,3020379.46,2026-03-26,Automated
2026-03-27,AC0029,2901894.11,2584085.55,2026-03-27,Automated
2026-03-28,AC0029,2958574.83,2915346.69,2026-03-28,Automated
2026-03-29,AC0029,2577273.93,2399425.12,2026-03-29,Automated
2026-03-30,AC0029,2456016.89,2290566.44,2026-03-30,Automated
2026-03-31,AC0029,2452250.91,2171558.4,2026-03-31,Automated
2026-04-01,AC0029,2554980.56,2348700.85,2026-04-01,Automated
2026-04-02,AC0029,2697535.42,2665366.06,2026-04-02,Automated
2026-04-03,AC0029,3054427.31,2931140.36,2026-04-03,Automated
2026-04-04,AC0029,2915598.33,2793271.7,2026-04-04,Automated
2026-04-05,AC0029,2645390.95,2572679.52,2026-04-05,Automated
2026-04-06,AC0029,2259712.72,2210890.33,2026-04-06,Automated
2026-04-07,AC0029,2433609.12,2185587.28,2026-04-07,Automated
2026-04-08,AC0029,2584001.27,2448196.49,2026-04-08,Automated
2026-04-09,AC0029,2769553.83,2655026.72,2026-04-09,Automated
2026-04-10,AC0029,3158391.76,2877644.7,2026-04-10,Automated
2026-04-11,AC0029,2360905.35,2211831.35,2026-04-11,Automated
2026-04-12,AC0029,2285163.47,2035247.53,2026-04-12,Automated
2026-04-13,AC0029,2470506.65,2352222.85,2026-04-13,Automated
2026-04-14,AC0029,2561053.89,2439804.17,2026-04-14,Automated
2026-04-15,AC0029,2777174.89,2617472.98,2026-04-15,Automated
2026-04-16,AC0029,3096705.3,2865307.1,2026-04-16,Automated
2026-04-17,AC0029,2975674.59,2905447.46,2026-04-17,Automated
2026-04-18,AC0029,2784907.57,2511528.62,2026-04-18,Automated
2026-04-19,AC0029,2749740.57,2649777.88,2026-04-19,Automated
2026-04-20,AC0029,2439215.66,2333886.3,2026-04-20,Automated
2026-04-21,AC0029,2590499.25,2497190.01,2026-04-21,Automated
2026-04-22,AC0029,2874911.28,2796040.49,2026-04-22,Automated
2026-04-23,AC0029,2802775.11,2530120.71,2026-04-23,Automated
2026-04-24,AC0029,2852281.59,2823512.44,2026-04-24,Automated
2026-04-25,AC0029,2215256.37,2086681.96,2026-04-25,Automated
2026-04-26,AC0029,2555306.77,2510479.6,2026-04-26,Automated
2026-04-27,AC0029,2255751.78,2020172.18,2026-04-27,Automated
2026-04-28,AC0029,2281279.94,2048671.38,2026-04-28,Automated
2026-04-29,AC0029,2814535.5,2517376.36,2026-04-29,Automated
2026-04-30,AC0029,2985833.58,2857731.42,2026-04-30,Automated
2026-05-01,AC0029,2865552.22,2646295.67,2026-05-01,Automated
2026-05-02,AC0029,2930389.52,2630239.42,2026-05-02,Automated
2026-05-03,AC0029,2526834.94,2462640.17,2026-05-03,Automated
2026-05-04,AC0029,2446730.04,2258168.72,2026-05-04,Automated
2026-05-05,AC0029,2964497.94,2916332.99,2026-05-05,Automated
2026-05-06,AC0029,2954176.6,2626633.88,2026-05-06,Automated
2026-05-07,AC0029,3014982.87,2777588.19,2026-05-07,Automated
2026-05-08,AC0029,2728624.22,2436704.06,2026-05-08,Automated
2026-05-09,AC0029,2290756.49,2247737.41,2026-05-09,Automated
2026-05-10,AC0029,2460028.13,2303364.89,2026-05-10,Automated
2026-05-11,AC0029,2181406.66,2109568.84,2026-05-11,Automated
2026-05-12,AC0029,2515838.55,2243059.55,2026-05-12,Automated
2026-05-13,AC0029,3037283.87,2704565.91,2026-05-13,Automated
2026-05-14,AC0029,3044129.04,2888530.54,2026-05-14,Automated
2026-05-15,AC0029,2988423.27,2696201.01,2026-05-15,Automated
2026-05-16,AC0029,2517845.96,2370926.84,2026-05-16,Automated
2026-05-17,AC0029,2495402.08,2418016.48,2026-05-17,Automated
2026-05-18,AC0029,2363757.15,2302675.17,2026-05-18,Automated
2026-05-19,AC0029,2334902.72,2309925.38,2026-05-19,Automated
2026-05-20,AC0029,2604842.61,2305177.03,2026-05-20,Automated
2026-05-21,AC0029,2778399.13,2685484.21,2026-05-21,Automated
2026-05-22,AC0029,2730061.4,2683510.12,2026-05-22,Automated
2026-05-23,AC0029,2619551.05,2512363.88,2026-05-23,Automated
2026-05-24,AC0029,2928808.09,2891135.24,2026-05-24,Automated
2026-05-25,AC0029,2455601.2,2385372.38,2026-05-25,Automated
2026-05-26,AC0029,2553531.63,2486121.09,2026-05-26,Automated
2026-05-27,AC0029,2559170.48,2286636.51,2026-05-27,Automated
2026-05-28,AC0029,3146334.77,2872194.07,2026-05-28,Automated
2026-05-29,AC0029,2709909.69,2396447.37,2026-05-29,Automated
2026-05-30,AC0029,2709130.02,2525998.65,2026-05-30,Automated
2026-05-31,AC0029,2721398.47,2476858.74,2026-05-31,Automated
2026-06-01,AC0029,2278437.0,2151801.96,2026-06-01,Automated
2026-06-02,AC0029,2632815.96,2454131.8,2026-06-02,Automated
2026-06-03,AC0029,2972954.94,2855857.38,2026-06-03,Automated
2026-06-04,AC0029,2974126.05,2720812.26,2026-06-04,Automated
2026-06-05,AC0029,2894115.55,2745519.27,2026-06-05,Automated
2026-06-06,AC0029,2516912.1,2307095.18,2026-06-06,Automated
2026-06-07,AC0029,2396868.65,2337005.75,2026-06-07,Automated
2026-06-08,AC0029,2316979.82,2122111.71,2026-06-08,Automated
2026-06-09,AC0029,2398172.01,2130597.59,2026-06-09,Automated
2026-06-10,AC0029,2953179.43,2839924.32,2026-06-10,Automated
2026-06-11,AC0029,2841539.86,2507761.94,2026-06-11,Automated
2026-06-12,AC0029,2934834.0,2853583.48,2026-06-12,Automated
2026-06-13,AC0029,2733050.81,2589022.12,2026-06-13,Automated
2026-06-14,AC0029,2426978.11,2229156.93,2026-06-14,Automated
2026-06-15,AC0029,2479886.89,2445962.14,2026-06-15,Automated
2026-06-16,AC0029,2416267.27,2232154.67,2026-06-16,Automated
2026-06-17,AC0029,2586536.83,2523013.5,2026-06-17,Automated
2026-06-18,AC0029,2702795.25,2568862.29,2026-06-18,Automated
2026-06-19,AC0029,2725579.28,2517914.84,2026-06-19,Automated
2026-06-20,AC0029,2676985.41,2643153.37,2026-06-20,Automated
2026-06-21,AC0029,2829485.34,2732883.16,2026-06-21,Automated
2026-06-22,AC0029,2592668.31,2285995.23,2026-06-22,Automated
2026-06-23,AC0029,2804309.74,2743195.69,2026-06-23,Automated
2026-06-24,AC0029,2802990.3,2603696.86,2026-06-24,Automated
2026-06-25,AC0029,3051069.2,2793468.96,2026-06-25,Automated
2026-06-26,AC0029,3031363.17,2850067.33,2026-06-26,Automated
2026-06-27,AC0029,2776847.44,2688320.39,2026-06-27,Automated
2026-06-28,AC0029,2792341.49,2623659.02,2026-06-28,Automated
2026-06-29,AC0029,2169586.42,2133661.92,2026-06-29,Automated
2026-06-30,AC0029,2681129.44,2405333.31,2026-06-30,Automated
2026-01-01,AC0030,633950.15,595042.73,2026-01-01,Automated
2026-01-02,AC0030,630300.57,588020.01,2026-01-02,Automated
2026-01-03,AC0030,619186.47,546963.38,2026-01-03,Automated
2026-01-04,AC0030,645370.63,637754.01,2026-01-04,Automated
2026-01-05,AC0030,538595.16,528759.16,2026-01-05,Automated
2026-01-06,AC0030,573182.91,546415.87,2026-01-06,Automated
2026-01-07,AC0030,638087.23,606335.61,2026-01-07,Automated
2026-01-08,AC0030,554074.18,510591.94,2026-01-08,Automated
2026-01-09,AC0030,657215.49,608183.3,2026-01-09,Automated
2026-01-10,AC0030,735071.29,711072.38,2026-01-10,Automated
2026-01-11,AC0030,696824.69,633607.8,2026-01-11,Automated
2026-01-12,AC0030,569717.56,536465.39,2026-01-12,Automated
2026-01-13,AC0030,564617.49,496953.18,2026-01-13,Automated
2026-01-14,AC0030,566523.41,533249.15,2026-01-14,Automated
2026-01-15,AC0030,693358.08,624872.55,2026-01-15,Automated
2026-01-16,AC0030,679382.9,658677.67,2026-01-16,Automated
2026-01-17,AC0030,740036.09,698554.78,2026-01-17,Automated
2026-01-18,AC0030,659404.56,608830.72,2026-01-18,Automated
2026-01-19,AC0030,660323.61,630966.57,2026-01-19,Automated
2026-01-20,AC0030,575049.36,532654.39,2026-01-20,Automated
2026-01-21,AC0030,604689.41,584536.65,2026-01-21,Automated
2026-01-22,AC0030,608614.71,581978.84,2026-01-22,Automated
2026-01-23,AC0030,739741.39,704196.97,2026-01-23,Automated
2026-01-24,AC0030,652782.8,597226.98,2026-01-24,Automated
2026-01-25,AC0030,663408.36,651634.69,2026-01-25,Automated
2026-01-26,AC0030,629935.07,622890.96,2026-01-26,Automated
2026-01-27,AC0030,735864.46,716258.45,2026-01-27,Automated
2026-01-28,AC0030,635587.26,595717.56,2026-01-28,Automated
2026-01-29,AC0030,634557.62,586067.74,2026-01-29,Automated
2026-01-30,AC0030,731604.83,664878.66,2026-01-30,Automated
2026-01-31,AC0030,668170.98,647071.99,2026-01-31,Automated
2026-02-01,AC0030,613812.75,559299.16,2026-02-01,Automated
2026-02-02,AC0030,636465.15,560204.33,2026-02-02,Automated
2026-02-03,AC0030,533670.12,518402.77,2026-02-03,Automated
2026-02-04,AC0030,525161.55,494687.62,2026-02-04,Automated
2026-02-05,AC0030,606177.91,549154.67,2026-02-05,Automated
2026-02-06,AC0030,670780.93,653702.63,2026-02-06,Automated
2026-02-07,AC0030,710273.57,682628.62,2026-02-07,Automated
2026-02-08,AC0030,703839.12,660881.8,2026-02-08,Automated
2026-02-09,AC0030,729596.12,683212.27,2026-02-09,Automated
2026-02-10,AC0030,557192.99,535593.82,2026-02-10,Automated
2026-02-11,AC0030,624732.65,607849.8,2026-02-11,Automated
2026-02-12,AC0030,575433.72,559399.73,2026-02-12,Automated
2026-02-13,AC0030,702400.23,629140.27,2026-02-13,Automated
2026-02-14,AC0030,633479.39,619591.25,2026-02-14,Automated
2026-02-15,AC0030,665500.81,631402.69,2026-02-15,Automated
2026-02-16,AC0030,631882.08,595265.01,2026-02-16,Automated
2026-02-17,AC0030,611007.51,578449.34,2026-02-17,Automated
2026-02-18,AC0030,604078.48,563690.55,2026-02-18,Automated
2026-02-19,AC0030,598286.07,555686.03,2026-02-19,Automated
2026-02-20,AC0030,689703.69,609124.52,2026-02-20,Automated
2026-02-21,AC0030,639970.66,604069.41,2026-02-21,Automated
2026-02-22,AC0030,665670.78,608172.15,2026-02-22,Automated
2026-02-23,AC0030,644330.88,586689.18,2026-02-23,Automated
2026-02-24,AC0030,665297.55,604384.19,2026-02-24,Automated
2026-02-25,AC0030,635996.52,584251.08,2026-02-25,Automated
2026-02-26,AC0030,606222.11,557535.18,2026-02-26,Automated
2026-02-27,AC0030,678618.43,668433.46,2026-02-27,Automated
2026-02-28,AC0030,804560.32,771321.79,2026-02-28,Automated
2026-03-01,AC0030,733074.4,724915.97,2026-03-01,Automated
2026-03-02,AC0030,586327.98,549415.98,2026-03-02,Automated
2026-03-03,AC0030,573321.73,545284.62,2026-03-03,Automated
2026-03-04,AC0030,633454.95,569877.23,2026-03-04,Automated
2026-03-05,AC0030,621936.82,567974.73,2026-03-05,Automated
2026-03-06,AC0030,699722.85,660878.98,2026-03-06,Automated
2026-03-07,AC0030,686043.21,627284.55,2026-03-07,Automated
2026-03-08,AC0030,701073.68,626873.93,2026-03-08,Automated
2026-03-09,AC0030,642370.65,631379.24,2026-03-09,Automated
2026-03-10,AC0030,579374.8,569935.89,2026-03-10,Automated
2026-03-11,AC0030,493194.78,467298.27,2026-03-11,Automated
2026-03-12,AC0030,618435.51,567918.14,2026-03-12,Automated
2026-03-13,AC0030,689680.6,641491.76,2026-03-13,Automated
2026-03-14,AC0030,690341.38,683234.96,2026-03-14,Automated
2026-03-15,AC0030,592852.14,558519.86,2026-03-15,Automated
2026-03-16,AC0030,598315.52,548662.23,2026-03-16,Automated
2026-03-17,AC0030,603988.36,583327.39,2026-03-17,Automated
2026-03-18,AC0030,557399.44,506572.91,2026-03-18,Automated
2026-03-19,AC0030,610012.25,575608.34,2026-03-19,Automated
2026-03-20,AC0030,706440.79,652743.67,2026-03-20,Automated
2026-03-21,AC0030,744008.56,702476.38,2026-03-21,Automated
2026-03-22,AC0030,735876.3,665462.4,2026-03-22,Automated
2026-03-23,AC0030,696316.14,631045.15,2026-03-23,Automated
2026-03-24,AC0030,594447.81,535001.96,2026-03-24,Automated
2026-03-25,AC0030,652316.22,595778.14,2026-03-25,Automated
2026-03-26,AC0030,688606.14,618730.71,2026-03-26,Automated
2026-03-27,AC0030,692434.4,660798.1,2026-03-27,Automated
2026-03-28,AC0030,819820.42,762947.84,2026-03-28,Automated
2026-03-29,AC0030,658393.23,589337.64,2026-03-29,Automated
2026-03-30,AC0030,555214.15,538060.21,2026-03-30,Automated
2026-03-31,AC0030,537573.94,478937.89,2026-03-31,Automated
2026-04-01,AC0030,534838.91,529058.38,2026-04-01,Automated
2026-04-02,AC0030,642119.07,615774.19,2026-04-02,Automated
2026-04-03,AC0030,704609.02,684942.35,2026-04-03,Automated
2026-04-04,AC0030,597340.54,528915.91,2026-04-04,Automated
2026-04-05,AC0030,755855.85,665170.95,2026-04-05,Automated
2026-04-06,AC0030,656678.36,594513.06,2026-04-06,Automated
2026-04-07,AC0030,533291.86,485616.74,2026-04-07,Automated
2026-04-08,AC0030,550293.01,514814.79,2026-04-08,Automated
2026-04-09,AC0030,621659.44,601104.49,2026-04-09,Automated
2026-04-10,AC0030,745148.07,689331.07,2026-04-10,Automated
2026-04-11,AC0030,607038.58,537153.0,2026-04-11,Automated
2026-04-12,AC0030,654254.28,592034.15,2026-04-12,Automated
2026-04-13,AC0030,792922.26,741741.25,2026-04-13,Automated
2026-04-14,AC0030,592166.82,530349.67,2026-04-14,Automated
2026-04-15,AC0030,655314.15,645079.19,2026-04-15,Automated
2026-04-16,AC0030,692502.82,621296.86,2026-04-16,Automated
2026-04-17,AC0030,702836.53,644706.37,2026-04-17,Automated
2026-04-18,AC0030,712717.78,640896.96,2026-04-18,Automated
2026-04-19,AC0030,618639.89,607153.77,2026-04-19,Automated
2026-04-20,AC0030,661347.67,593445.23,2026-04-20,Automated
2026-04-21,AC0030,517447.46,475880.73,2026-04-21,Automated
2026-04-22,AC0030,593894.21,562016.62,2026-04-22,Automated
2026-04-23,AC0030,615469.96,573045.33,2026-04-23,Automated
2026-04-24,AC0030,600233.27,580566.35,2026-04-24,Automated
2026-04-25,AC0030,604139.62,570842.37,2026-04-25,Automated
2026-04-26,AC0030,663356.66,622832.82,2026-04-26,Automated
2026-04-27,AC0030,658180.35,609228.33,2026-04-27,Automated
2026-04-28,AC0030,585458.95,539970.8,2026-04-28,Automated
2026-04-29,AC0030,604367.7,581182.06,2026-04-29,Automated
2026-04-30,AC0030,583915.09,546320.13,2026-04-30,Automated
2026-05-01,AC0030,651128.36,595261.99,2026-05-01,Automated
2026-05-02,AC0030,730372.13,681440.55,2026-05-02,Automated
2026-05-03,AC0030,749731.49,713012.26,2026-05-03,Automated
2026-05-04,AC0030,608660.28,553851.43,2026-05-04,Automated
2026-05-05,AC0030,626029.9,606074.67,2026-05-05,Automated
2026-05-06,AC0030,610100.35,576188.46,2026-05-06,Automated
2026-05-07,AC0030,589953.89,522089.74,2026-05-07,Automated
2026-05-08,AC0030,688173.37,636315.01,2026-05-08,Automated
2026-05-09,AC0030,749768.95,665330.37,2026-05-09,Automated
2026-05-10,AC0030,739745.31,681282.73,2026-05-10,Automated
2026-05-11,AC0030,637877.76,609416.3,2026-05-11,Automated
2026-05-12,AC0030,591043.96,567573.12,2026-05-12,Automated
2026-05-13,AC0030,743844.31,689745.81,2026-05-13,Automated
2026-05-14,AC0030,592048.31,529383.11,2026-05-14,Automated
2026-05-15,AC0030,618818.0,607792.94,2026-05-15,Automated
2026-05-16,AC0030,653708.24,614814.93,2026-05-16,Automated
2026-05-17,AC0030,761446.18,726689.64,2026-05-17,Automated
2026-05-18,AC0030,664749.05,623331.9,2026-05-18,Automated
2026-05-19,AC0030,564587.26,498151.46,2026-05-19,Automated
2026-05-20,AC0030,542164.16,500548.74,2026-05-20,Automated
2026-05-21,AC0030,615125.4,597975.88,2026-05-21,Automated
2026-05-22,AC0030,667496.04,617707.34,2026-05-22,Automated
2026-05-23,AC0030,690294.99,656075.93,2026-05-23,Automated
2026-05-24,AC0030,645055.88,626036.78,2026-05-24,Automated
2026-05-25,AC0030,698857.56,641554.45,2026-05-25,Automated
2026-05-26,AC0030,648790.24,571848.07,2026-05-26,Automated
2026-05-27,AC0030,618040.21,590028.75,2026-05-27,Automated
2026-05-28,AC0030,579276.29,518168.37,2026-05-28,Automated
2026-05-29,AC0030,681897.32,642119.17,2026-05-29,Automated
2026-05-30,AC0030,687426.25,654065.54,2026-05-30,Automated
2026-05-31,AC0030,636747.64,579021.4,2026-05-31,Automated
2026-06-01,AC0030,601461.02,564369.56,2026-06-01,Automated
2026-06-02,AC0030,607417.51,584656.81,2026-06-02,Automated
2026-06-03,AC0030,645813.0,591747.63,2026-06-03,Automated
2026-06-04,AC0030,656644.54,600926.57,2026-06-04,Automated
2026-06-05,AC0030,715801.32,634710.18,2026-06-05,Automated
2026-06-06,AC0030,664894.7,592160.54,2026-06-06,Automated
2026-06-07,AC0030,669242.48,651122.32,2026-06-07,Automated
2026-06-08,AC0030,531723.6,523119.44,2026-06-08,Automated
2026-06-09,AC0030,620055.23,578440.42,2026-06-09,Automated
2026-06-10,AC0030,473635.28,422386.55,2026-06-10,Automated
2026-06-11,AC0030,570949.07,529518.04,2026-06-11,Automated
2026-06-12,AC0030,660364.2,594572.94,2026-06-12,Automated
2026-06-13,AC0030,741841.18,728504.65,2026-06-13,Automated
2026-06-14,AC0030,639758.06,613328.41,2026-06-14,Automated
2026-06-15,AC0030,615764.45,595460.39,2026-06-15,Automated
2026-06-16,AC0030,611529.68,567948.09,2026-06-16,Automated
2026-06-17,AC0030,568759.65,503075.31,2026-06-17,Automated
2026-06-18,AC0030,637271.36,589993.52,2026-06-18,Automated
2026-06-19,AC0030,664783.23,627260.84,2026-06-19,Automated
2026-06-20,AC0030,683203.27,607347.14,2026-06-20,Automated
2026-06-21,AC0030,633676.36,592737.92,2026-06-21,Automated
2026-06-22,AC0030,600378.6,592586.83,2026-06-22,Automated
2026-06-23,AC0030,579929.12,570763.27,2026-06-23,Automated
2026-06-24,AC0030,636371.95,577490.82,2026-06-24,Automated
2026-06-25,AC0030,569348.46,547788.43,2026-06-25,Automated
2026-06-26,AC0030,674991.71,614646.11,2026-06-26,Automated
2026-06-27,AC0030,684463.97,662440.12,2026-06-27,Automated
2026-06-28,AC0030,703943.09,677976.67,2026-06-28,Automated
2026-06-29,AC0030,707210.32,659735.67,2026-06-29,Automated
2026-06-30,AC0030,582262.25,567710.54,2026-06-30,Automated
2026-01-01,AC0031,2152744.55,2028604.04,2026-01-02,Manually reported
2026-01-02,AC0031,2301563.77,2025440.94,2026-01-03,Manually reported
2026-01-03,AC0031,2297825.09,2156625.49,2026-01-04,Manually reported
2026-01-04,AC0031,2505835.51,2305422.55,2026-01-05,Manually reported
2026-01-05,AC0031,2581561.58,2314175.87,2026-01-06,Manually reported
2026-01-06,AC0031,1968854.41,1777416.74,2026-01-07,Manually reported
2026-01-07,AC0031,2257213.64,2046149.36,2026-01-08,Manually reported
2026-01-08,AC0031,2547513.07,2408465.48,2026-01-09,Manually reported
2026-01-09,AC0031,2078896.98,2046671.55,2026-01-10,Manually reported
2026-01-10,AC0031,2457294.6,2202210.1,2026-01-11,Manually reported
2026-01-11,AC0031,2229156.71,2024316.95,2026-01-12,Manually reported
2026-01-12,AC0031,2566377.78,2457498.08,2026-01-13,Manually reported
2026-01-13,AC0031,2569292.89,2398937.75,2026-01-14,Manually reported
2026-01-14,AC0031,2253365.04,2169972.65,2026-01-15,Manually reported
2026-01-15,AC0031,2315629.12,2276350.91,2026-01-16,Manually reported
2026-01-16,AC0031,2154521.24,1987005.74,2026-01-17,Manually reported
2026-01-17,AC0031,2170023.03,1922802.87,2026-01-18,Manually reported
2026-01-18,AC0031,2180028.07,2012336.88,2026-01-19,Manually reported
2026-01-19,AC0031,2449708.77,2207510.5,2026-01-20,Manually reported
2026-01-20,AC0031,2435621.44,2361940.17,2026-01-21,Manually reported
2026-01-21,AC0031,2424360.52,2252371.75,2026-01-22,Manually reported
2026-01-22,AC0031,2281618.03,2230881.84,2026-01-23,Manually reported
2026-01-23,AC0031,1926544.61,1798051.93,2026-01-24,Manually reported
2026-01-24,AC0031,2551018.61,2395046.5,2026-01-25,Manually reported
2026-01-25,AC0031,2449319.26,2222770.74,2026-01-26,Manually reported
2026-01-26,AC0031,2475303.49,2312305.52,2026-01-27,Manually reported
2026-01-27,AC0031,2668902.09,2374142.27,2026-01-28,Manually reported
2026-01-28,AC0031,2304103.98,2113273.08,2026-01-29,Manually reported
2026-01-29,AC0031,1985743.51,1883691.39,2026-01-30,Manually reported
2026-01-30,AC0031,2588485.34,2544465.34,2026-01-31,Manually reported
2026-01-31,AC0031,2475963.85,2179699.49,2026-02-01,Manually reported
2026-02-01,AC0031,2535829.09,2495423.9,2026-02-02,Manually reported
2026-02-02,AC0031,2653058.33,2518681.71,2026-02-03,Manually reported
2026-02-03,AC0031,2620716.28,2309327.27,2026-02-04,Manually reported
2026-02-04,AC0031,2243835.09,2116363.2,2026-02-05,Manually reported
2026-02-05,AC0031,2281584.57,2055682.22,2026-02-06,Manually reported
2026-02-06,AC0031,1896429.41,1716308.77,2026-02-07,Manually reported
2026-02-07,AC0031,2122462.88,1935694.8,2026-02-08,Manually reported
2026-02-08,AC0031,2381110.9,2187020.78,2026-02-09,Manually reported
2026-02-09,AC0031,2590414.45,2309473.93,2026-02-10,Manually reported
2026-02-10,AC0031,2837777.32,2743695.36,2026-02-11,Manually reported
2026-02-11,AC0031,1923146.14,1797953.57,2026-02-12,Manually reported
2026-02-12,AC0031,1982791.35,1891683.42,2026-02-13,Manually reported
2026-02-13,AC0031,1950707.57,1864028.17,2026-02-14,Manually reported
2026-02-14,AC0031,2273300.97,2167135.35,2026-02-15,Manually reported
2026-02-15,AC0031,2314782.46,2171633.2,2026-02-16,Manually reported
2026-02-16,AC0031,2512519.47,2259110.36,2026-02-17,Manually reported
2026-02-17,AC0031,2534014.97,2395108.23,2026-02-18,Manually reported
2026-02-18,AC0031,2298454.04,2104190.13,2026-02-19,Manually reported
2026-02-19,AC0031,2112248.4,1966473.31,2026-02-20,Manually reported
2026-02-20,AC0031,2034478.1,1967128.01,2026-02-21,Manually reported
2026-02-21,AC0031,2077963.99,1908129.72,2026-02-22,Manually reported
2026-02-22,AC0031,2537806.14,2275348.76,2026-02-23,Manually reported
2026-02-23,AC0031,2805319.98,2668299.45,2026-02-24,Manually reported
2026-02-24,AC0031,2401012.51,2350687.6,2026-02-25,Manually reported
2026-02-25,AC0031,2259294.83,2135629.36,2026-02-26,Manually reported
2026-02-26,AC0031,2143084.79,1962837.94,2026-02-27,Manually reported
2026-02-27,AC0031,2085147.94,2036638.33,2026-02-28,Manually reported
2026-02-28,AC0031,2229349.39,2094683.13,2026-03-01,Manually reported
2026-03-01,AC0031,2371852.41,2317966.1,2026-03-02,Manually reported
2026-03-02,AC0031,2611447.17,2434816.45,2026-03-03,Manually reported
2026-03-03,AC0031,2561900.17,2462957.34,2026-03-04,Manually reported
2026-03-04,AC0031,1886686.37,1713407.58,2026-03-05,Manually reported
2026-03-05,AC0031,2095346.83,2021890.68,2026-03-06,Manually reported
2026-03-06,AC0031,2095831.56,1949325.57,2026-03-07,Manually reported
2026-03-07,AC0031,2406811.15,2235633.26,2026-03-08,Manually reported
2026-03-08,AC0031,2586141.74,2467499.16,2026-03-09,Manually reported
2026-03-09,AC0031,2279498.94,2188389.85,2026-03-10,Manually reported
2026-03-10,AC0031,2345796.49,2274077.34,2026-03-11,Manually reported
2026-03-11,AC0031,1844479.43,1702424.48,2026-03-12,Manually reported
2026-03-12,AC0031,2243955.26,2094464.15,2026-03-13,Manually reported
2026-03-13,AC0031,1948362.03,1775721.22,2026-03-14,Manually reported
2026-03-14,AC0031,2077904.84,1924759.52,2026-03-15,Manually reported
2026-03-15,AC0031,2390536.82,2322872.45,2026-03-16,Manually reported
2026-03-16,AC0031,2097487.65,1852566.45,2026-03-17,Manually reported
2026-03-17,AC0031,2643882.36,2350485.02,2026-03-18,Manually reported
2026-03-18,AC0031,2253832.05,2004490.52,2026-03-19,Manually reported
2026-03-19,AC0031,2075127.63,1986102.64,2026-03-20,Manually reported
2026-03-20,AC0031,2392420.35,2363624.2,2026-03-21,Manually reported
2026-03-21,AC0031,2728980.14,2420148.9,2026-03-22,Manually reported
2026-03-22,AC0031,2794078.6,2525000.45,2026-03-23,Manually reported
2026-03-23,AC0031,2768900.89,2707843.22,2026-03-24,Manually reported
2026-03-24,AC0031,2447794.31,2166117.73,2026-03-25,Manually reported
2026-03-25,AC0031,2152796.94,2099087.68,2026-03-26,Manually reported
2026-03-26,AC0031,2005018.7,1824131.52,2026-03-27,Manually reported
2026-03-27,AC0031,2163081.9,2057097.36,2026-03-28,Manually reported
2026-03-28,AC0031,2357918.98,2081035.88,2026-03-29,Manually reported
2026-03-29,AC0031,2699279.58,2612853.99,2026-03-30,Manually reported
2026-03-30,AC0031,2299449.12,2120665.52,2026-03-31,Manually reported
2026-03-31,AC0031,2614999.69,2357895.15,2026-04-01,Manually reported
2026-04-01,AC0031,1894807.94,1844244.2,2026-04-02,Manually reported
2026-04-02,AC0031,2000961.47,1763110.01,2026-04-03,Manually reported
2026-04-03,AC0031,2329409.31,2073603.42,2026-04-04,Manually reported
2026-04-04,AC0031,1983809.35,1948387.0,2026-04-05,Manually reported
2026-04-05,AC0031,2676578.9,2394891.94,2026-04-06,Manually reported
2026-04-06,AC0031,2370893.88,2285685.13,2026-04-07,Manually reported
2026-04-07,AC0031,2711527.95,2664886.73,2026-04-08,Manually reported
2026-04-08,AC0031,2129905.28,2096720.1,2026-04-09,Manually reported
2026-04-09,AC0031,2179430.9,2037763.27,2026-04-10,Manually reported
2026-04-10,AC0031,2170687.25,1991361.5,2026-04-11,Manually reported
2026-04-11,AC0031,1916028.66,1695466.02,2026-04-12,Manually reported
2026-04-12,AC0031,2500213.02,2403425.81,2026-04-13,Manually reported
2026-04-13,AC0031,2661057.95,2546420.12,2026-04-14,Manually reported
2026-04-14,AC0031,2285795.54,2208987.87,2026-04-15,Manually reported
2026-04-15,AC0031,2531302.92,2478634.19,2026-04-16,Manually reported
2026-04-16,AC0031,1918032.61,1866549.61,2026-04-17,Manually reported
2026-04-17,AC0031,2129507.21,1897494.15,2026-04-18,Manually reported
2026-04-18,AC0031,2152698.63,2099241.44,2026-04-19,Manually reported
2026-04-19,AC0031,2650728.93,2437089.61,2026-04-20,Manually reported
2026-04-20,AC0031,2808481.57,2759509.58,2026-04-21,Manually reported
2026-04-21,AC0031,2419515.79,2181658.26,2026-04-22,Manually reported
2026-04-22,AC0031,2199310.63,1987118.45,2026-04-23,Manually reported
2026-04-23,AC0031,1998694.17,1813193.21,2026-04-24,Manually reported
2026-04-24,AC0031,2235965.92,2151528.8,2026-04-25,Manually reported
2026-04-25,AC0031,2139883.29,1911230.61,2026-04-26,Manually reported
2026-04-26,AC0031,2454203.56,2263033.88,2026-04-27,Manually reported
2026-04-27,AC0031,2415487.15,2381696.66,2026-04-28,Manually reported
2026-04-28,AC0031,2083004.24,1970510.63,2026-04-29,Manually reported
2026-04-29,AC0031,2399826.01,2364635.95,2026-04-30,Manually reported
2026-04-30,AC0031,2046583.54,1985442.29,2026-05-01,Manually reported
2026-05-01,AC0031,2497833.22,2277502.02,2026-05-02,Manually reported
2026-05-02,AC0031,2377779.11,2306523.46,2026-05-03,Manually reported
2026-05-03,AC0031,2139167.04,2024105.66,2026-05-04,Manually reported
2026-05-04,AC0031,2272308.68,2096608.94,2026-05-05,Manually reported
2026-05-05,AC0031,2764551.73,2508569.78,2026-05-06,Manually reported
2026-05-06,AC0031,2552729.45,2274199.22,2026-05-07,Manually reported
2026-05-07,AC0031,2130360.27,1997058.72,2026-05-08,Manually reported
2026-05-08,AC0031,2157550.88,2096577.83,2026-05-09,Manually reported
2026-05-09,AC0031,2336453.04,2059288.29,2026-05-10,Manually reported
2026-05-10,AC0031,2266750.28,2142360.15,2026-05-11,Manually reported
2026-05-11,AC0031,2263122.56,2051617.85,2026-05-12,Manually reported
2026-05-12,AC0031,2387382.85,2222405.47,2026-05-13,Manually reported
2026-05-13,AC0031,2301853.43,2163282.58,2026-05-14,Manually reported
2026-05-14,AC0031,2097266.07,2053181.5,2026-05-15,Manually reported
2026-05-15,AC0031,2011072.82,1832583.67,2026-05-16,Manually reported
2026-05-16,AC0031,2092398.87,2013692.95,2026-05-17,Manually reported
2026-05-17,AC0031,2303428.82,2279812.67,2026-05-18,Manually reported
2026-05-18,AC0031,2698946.88,2404581.58,2026-05-19,Manually reported
2026-05-19,AC0031,2037164.17,1958004.72,2026-05-20,Manually reported
2026-05-20,AC0031,2004759.57,1984235.87,2026-05-21,Manually reported
2026-05-21,AC0031,2077749.59,1897126.87,2026-05-22,Manually reported
2026-05-22,AC0031,2098795.35,1893781.31,2026-05-23,Manually reported
2026-05-23,AC0031,2220052.75,2089109.79,2026-05-24,Manually reported
2026-05-24,AC0031,2235137.17,2032393.05,2026-05-25,Manually reported
2026-05-25,AC0031,2738877.18,2506524.25,2026-05-26,Manually reported
2026-05-26,AC0031,2370876.01,2123801.11,2026-05-27,Manually reported
2026-05-27,AC0031,2397373.13,2132367.85,2026-05-28,Manually reported
2026-05-28,AC0031,2092741.39,1957762.13,2026-05-29,Manually reported
2026-05-29,AC0031,1935382.78,1915678.49,2026-05-30,Manually reported
2026-05-30,AC0031,2551261.51,2261726.96,2026-05-31,Manually reported
2026-05-31,AC0031,2613883.89,2577727.48,2026-06-01,Manually reported
2026-06-01,AC0031,2529071.02,2242557.27,2026-06-02,Manually reported
2026-06-02,AC0031,2359243.49,2129609.83,2026-06-03,Manually reported
2026-06-03,AC0031,2096460.29,2034046.34,2026-06-04,Manually reported
2026-06-04,AC0031,1763249.92,1699407.13,2026-06-05,Manually reported
2026-06-05,AC0031,2129323.2,2099143.65,2026-06-06,Manually reported
2026-06-06,AC0031,2183457.04,1972254.26,2026-06-07,Manually reported
2026-06-07,AC0031,2444187.52,2238286.03,2026-06-08,Manually reported
2026-06-08,AC0031,2413554.69,2153402.54,2026-06-09,Manually reported
2026-06-09,AC0031,2746478.06,2582630.21,2026-06-10,Manually reported
2026-06-10,AC0031,2039206.55,1851124.05,2026-06-11,Manually reported
2026-06-11,AC0031,1941515.34,1879706.94,2026-06-12,Manually reported
2026-06-12,AC0031,2403139.01,2165673.33,2026-06-13,Manually reported
2026-06-13,AC0031,2051109.97,1824960.2,2026-06-14,Manually reported
2026-06-14,AC0031,2501759.36,2207733.4,2026-06-15,Manually reported
2026-06-15,AC0031,2532041.16,2376225.65,2026-06-16,Manually reported
2026-06-16,AC0031,2354705.86,2274135.91,2026-06-17,Manually reported
2026-06-17,AC0031,1933563.14,1816208.52,2026-06-18,Manually reported
2026-06-18,AC0031,2385884.12,2209564.44,2026-06-19,Manually reported
2026-06-19,AC0031,2274194.82,2228702.76,2026-06-20,Manually reported
2026-06-20,AC0031,2133646.01,1919683.37,2026-06-21,Manually reported
2026-06-21,AC0031,2521373.02,2231792.99,2026-06-22,Manually reported
2026-06-22,AC0031,2830016.75,2711630.9,2026-06-23,Manually reported
2026-06-23,AC0031,2570265.72,2368354.57,2026-06-24,Manually reported
2026-06-24,AC0031,2273141.26,2102913.58,2026-06-25,Manually reported
2026-06-25,AC0031,2092404.16,1924852.62,2026-06-26,Manually reported
2026-06-26,AC0031,2133389.9,2012883.18,2026-06-27,Manually reported
2026-06-27,AC0031,2439462.57,2172372.46,2026-06-28,Manually reported
2026-06-28,AC0031,2521148.37,2400977.72,2026-06-29,Manually reported
2026-06-29,AC0031,2602353.98,2441155.41,2026-06-30,Manually reported
2026-06-30,AC0031,2458791.34,2333677.35,2026-07-01,Manually reported
2026-01-01,AC0032,1333284.71,1291607.77,2026-01-01,Automated
2026-01-02,AC0032,1063589.14,1024531.08,2026-01-02,Automated
2026-01-03,AC0032,1110147.4,1074421.15,2026-01-03,Automated
2026-01-04,AC0032,1065088.58,1042797.37,2026-01-04,Automated
2026-01-05,AC0032,1180985.89,1136506.47,2026-01-05,Automated
2026-01-06,AC0032,1124556.26,1099413.41,2026-01-06,Automated
2026-01-07,AC0032,1160116.82,1088895.51,2026-01-07,Automated
2026-01-08,AC0032,1278768.08,1213241.67,2026-01-08,Automated
2026-01-09,AC0032,1099088.32,985751.6,2026-01-09,Automated
2026-01-10,AC0032,877536.29,774443.49,2026-01-10,Automated
2026-01-11,AC0032,1085815.84,990229.54,2026-01-11,Automated
2026-01-12,AC0032,992792.7,883850.36,2026-01-12,Automated
2026-01-13,AC0032,1162782.18,1119082.41,2026-01-13,Automated
2026-01-14,AC0032,1257049.14,1119428.7,2026-01-14,Automated
2026-01-15,AC0032,1149800.31,1073313.95,2026-01-15,Automated
2026-01-16,AC0032,1307973.85,1293526.54,2026-01-16,Automated
2026-01-17,AC0032,1094243.68,1018778.73,2026-01-17,Automated
2026-01-18,AC0032,1078109.46,1015831.68,2026-01-18,Automated
2026-01-19,AC0032,942217.44,883064.26,2026-01-19,Automated
2026-01-20,AC0032,1089663.17,960628.89,2026-01-20,Automated
2026-01-21,AC0032,1146072.04,1077868.64,2026-01-21,Automated
2026-01-22,AC0032,1362168.47,1257835.68,2026-01-22,Automated
2026-01-23,AC0032,1053711.13,954723.01,2026-01-23,Automated
2026-01-24,AC0032,1151836.74,1040160.8,2026-01-24,Automated
2026-01-25,AC0032,1040693.33,920802.19,2026-01-25,Automated
2026-01-26,AC0032,974591.19,875487.09,2026-01-26,Automated
2026-01-27,AC0032,1172740.38,1034385.78,2026-01-27,Automated
2026-01-28,AC0032,1169453.49,1152678.26,2026-01-28,Automated
2026-01-29,AC0032,1209379.33,1067014.08,2026-01-29,Automated
2026-01-30,AC0032,1142292.11,1087908.09,2026-01-30,Automated
2026-01-31,AC0032,1119051.54,998651.28,2026-01-31,Automated
2026-02-01,AC0032,892817.07,828448.89,2026-02-01,Automated
2026-02-02,AC0032,1129004.62,1109182.51,2026-02-02,Automated
2026-02-03,AC0032,1079636.93,1037085.55,2026-02-03,Automated
2026-02-04,AC0032,1245798.78,1189089.92,2026-02-04,Automated
2026-02-05,AC0032,1215522.21,1096855.24,2026-02-05,Automated
2026-02-06,AC0032,1105827.75,1046968.34,2026-02-06,Automated
2026-02-07,AC0032,1124689.08,1089176.31,2026-02-07,Automated
2026-02-08,AC0032,940839.01,875311.81,2026-02-08,Automated
2026-02-09,AC0032,1072365.12,1002379.15,2026-02-09,Automated
2026-02-10,AC0032,1163744.49,1075542.41,2026-02-10,Automated
2026-02-11,AC0032,1219335.59,1144771.0,2026-02-11,Automated
2026-02-12,AC0032,1270095.39,1225680.07,2026-02-12,Automated
2026-02-13,AC0032,1171117.04,1111195.79,2026-02-13,Automated
2026-02-14,AC0032,1197720.06,1104176.6,2026-02-14,Automated
2026-02-15,AC0032,995939.69,963528.76,2026-02-15,Automated
2026-02-16,AC0032,1058575.07,948070.13,2026-02-16,Automated
2026-02-17,AC0032,1076800.29,991024.65,2026-02-17,Automated
2026-02-18,AC0032,1284270.67,1149994.36,2026-02-18,Automated
2026-02-19,AC0032,1181824.6,1119806.13,2026-02-19,Automated
2026-02-20,AC0032,1108218.43,1054338.62,2026-02-20,Automated
2026-02-21,AC0032,1080885.85,1026236.21,2026-02-21,Automated
2026-02-22,AC0032,996201.47,942320.6,2026-02-22,Automated
2026-02-23,AC0032,1076591.65,967742.35,2026-02-23,Automated
2026-02-24,AC0032,1078897.15,996436.3,2026-02-24,Automated
2026-02-25,AC0032,1248176.51,1232698.6,2026-02-25,Automated
2026-02-26,AC0032,1056888.68,934523.57,2026-02-26,Automated
2026-02-27,AC0032,1244227.7,1112824.72,2026-02-27,Automated
2026-02-28,AC0032,1078753.59,997618.13,2026-02-28,Automated
2026-03-01,AC0032,1013892.18,916531.36,2026-03-01,Automated
2026-03-02,AC0032,1062166.96,981727.57,2026-03-02,Automated
2026-03-03,AC0032,1004844.08,939654.88,2026-03-03,Automated
2026-03-04,AC0032,1043277.8,989579.47,2026-03-04,Automated
2026-03-05,AC0032,1285018.19,1226085.31,2026-03-05,Automated
2026-03-06,AC0032,1194797.79,1113798.38,2026-03-06,Automated
2026-03-07,AC0032,1158597.02,1068885.23,2026-03-07,Automated
2026-03-08,AC0032,994285.48,943736.75,2026-03-08,Automated
2026-03-09,AC0032,1070591.83,1057319.85,2026-03-09,Automated
2026-03-10,AC0032,1016441.4,905402.34,2026-03-10,Automated
2026-03-11,AC0032,981490.83,938638.68,2026-03-11,Automated
2026-03-12,AC0032,1108077.46,1077953.39,2026-03-12,Automated
2026-03-13,AC0032,1115908.62,987169.54,2026-03-13,Automated
2026-03-14,AC0032,1081550.42,1030651.11,2026-03-14,Automated
2026-03-15,AC0032,1077640.26,1038402.38,2026-03-15,Automated
2026-03-16,AC0032,1015937.68,901902.25,2026-03-16,Automated
2026-03-17,AC0032,1257146.72,1133268.54,2026-03-17,Automated
2026-03-18,AC0032,1317332.67,1187131.01,2026-03-18,Automated
2026-03-19,AC0032,1245536.87,1176041.41,2026-03-19,Automated
2026-03-20,AC0032,1215069.33,1098360.44,2026-03-20,Automated
2026-03-21,AC0032,1114369.87,1003560.43,2026-03-21,Automated
2026-03-22,AC0032,873333.74,817971.6,2026-03-22,Automated
2026-03-23,AC0032,881237.96,792140.73,2026-03-23,Automated
2026-03-24,AC0032,802648.21,737626.38,2026-03-24,Automated
2026-03-25,AC0032,1238359.09,1185733.45,2026-03-25,Automated
2026-03-26,AC0032,1263164.47,1207598.6,2026-03-26,Automated
2026-03-27,AC0032,1185500.71,1104662.56,2026-03-27,Automated
2026-03-28,AC0032,1018560.11,954657.66,2026-03-28,Automated
2026-03-29,AC0032,851873.65,805857.78,2026-03-29,Automated
2026-03-30,AC0032,1027074.3,990014.1,2026-03-30,Automated
2026-03-31,AC0032,1207210.93,1159069.08,2026-03-31,Automated
2026-04-01,AC0032,1110453.09,1053140.46,2026-04-01,Automated
2026-04-02,AC0032,1442732.04,1364703.62,2026-04-02,Automated
2026-04-03,AC0032,1181071.27,1147169.18,2026-04-03,Automated
2026-04-04,AC0032,1000036.81,927223.7,2026-04-04,Automated
2026-04-05,AC0032,1046989.46,925628.04,2026-04-05,Automated
2026-04-06,AC0032,959267.19,932125.42,2026-04-06,Automated
2026-04-07,AC0032,1235440.92,1164216.87,2026-04-07,Automated
2026-04-08,AC0032,1238461.01,1214788.15,2026-04-08,Automated
2026-04-09,AC0032,1121864.85,1077043.07,2026-04-09,Automated
2026-04-10,AC0032,1187527.44,1141322.95,2026-04-10,Automated
2026-04-11,AC0032,1034330.09,1006365.42,2026-04-11,Automated
2026-04-12,AC0032,1054217.72,1017820.32,2026-04-12,Automated
2026-04-13,AC0032,1057558.93,1001004.31,2026-04-13,Automated
2026-04-14,AC0032,1007050.17,948023.65,2026-04-14,Automated
2026-04-15,AC0032,1223109.78,1086521.86,2026-04-15,Automated
2026-04-16,AC0032,1249797.87,1157225.29,2026-04-16,Automated
2026-04-17,AC0032,1251208.6,1101931.72,2026-04-17,Automated
2026-04-18,AC0032,1049233.1,945399.19,2026-04-18,Automated
2026-04-19,AC0032,1038496.43,938760.99,2026-04-19,Automated
2026-04-20,AC0032,1035395.57,961002.06,2026-04-20,Automated
2026-04-21,AC0032,1003577.15,933870.17,2026-04-21,Automated
2026-04-22,AC0032,1264174.88,1251270.24,2026-04-22,Automated
2026-04-23,AC0032,1238660.46,1136306.38,2026-04-23,Automated
2026-04-24,AC0032,1158935.03,1036937.68,2026-04-24,Automated
2026-04-25,AC0032,1045068.84,1004992.23,2026-04-25,Automated
2026-04-26,AC0032,970639.52,946039.97,2026-04-26,Automated
2026-04-27,AC0032,1072002.77,1046647.95,2026-04-27,Automated
2026-04-28,AC0032,1105223.18,1071561.77,2026-04-28,Automated
2026-04-29,AC0032,1200322.49,1058806.13,2026-04-29,Automated
2026-04-30,AC0032,1364322.64,1276422.75,2026-04-30,Automated
2026-05-01,AC0032,1169859.03,1095572.67,2026-05-01,Automated
2026-05-02,AC0032,1061712.93,962744.56,2026-05-02,Automated
2026-05-03,AC0032,836283.51,804562.37,2026-05-03,Automated
2026-05-04,AC0032,1162576.32,1098581.99,2026-05-04,Automated
2026-05-05,AC0032,1263215.46,1169448.52,2026-05-05,Automated
2026-05-06,AC0032,1066432.24,981144.13,2026-05-06,Automated
2026-05-07,AC0032,1252954.71,1159848.82,2026-05-07,Automated
2026-05-08,AC0032,1196900.62,1114541.45,2026-05-08,Automated
2026-05-09,AC0032,1105474.07,1020758.39,2026-05-09,Automated
2026-05-10,AC0032,908440.19,841523.68,2026-05-10,Automated
2026-05-11,AC0032,1121534.19,1066006.18,2026-05-11,Automated
2026-05-12,AC0032,1019133.52,908421.98,2026-05-12,Automated
2026-05-13,AC0032,1083949.75,1044889.54,2026-05-13,Automated
2026-05-14,AC0032,1365902.29,1285822.99,2026-05-14,Automated
2026-05-15,AC0032,1240837.13,1222134.27,2026-05-15,Automated
2026-05-16,AC0032,941919.84,859394.68,2026-05-16,Automated
2026-05-17,AC0032,1086962.25,1037015.67,2026-05-17,Automated
2026-05-18,AC0032,1122045.81,1016787.56,2026-05-18,Automated
2026-05-19,AC0032,1097691.02,1001634.66,2026-05-19,Automated
2026-05-20,AC0032,1404438.47,1263465.69,2026-05-20,Automated
2026-05-21,AC0032,1318785.17,1251397.14,2026-05-21,Automated
2026-05-22,AC0032,1102758.86,1041516.9,2026-05-22,Automated
2026-05-23,AC0032,1112227.89,1062307.64,2026-05-23,Automated
2026-05-24,AC0032,1070462.51,959764.9,2026-05-24,Automated
2026-05-25,AC0032,990504.64,902790.11,2026-05-25,Automated
2026-05-26,AC0032,1152133.41,1023254.03,2026-05-26,Automated
2026-05-27,AC0032,1202004.52,1124626.36,2026-05-27,Automated
2026-05-28,AC0032,1192205.67,1067982.63,2026-05-28,Automated
2026-05-29,AC0032,1243683.84,1173897.94,2026-05-29,Automated
2026-05-30,AC0032,1084404.71,1069277.81,2026-05-30,Automated
2026-05-31,AC0032,1024774.2,937431.41,2026-05-31,Automated
2026-06-01,AC0032,1008516.38,991669.04,2026-06-01,Automated
2026-06-02,AC0032,1112089.29,1089146.03,2026-06-02,Automated
2026-06-03,AC0032,1115456.04,1082654.8,2026-06-03,Automated
2026-06-04,AC0032,1221019.44,1175106.25,2026-06-04,Automated
2026-06-05,AC0032,1234380.19,1094618.71,2026-06-05,Automated
2026-06-06,AC0032,1080486.52,1050221.18,2026-06-06,Automated
2026-06-07,AC0032,1093062.81,999223.54,2026-06-07,Automated
2026-06-08,AC0032,918859.76,854451.55,2026-06-08,Automated
2026-06-09,AC0032,1211350.32,1121556.48,2026-06-09,Automated
2026-06-10,AC0032,1170209.94,1118022.76,2026-06-10,Automated
2026-06-11,AC0032,1187188.82,1077427.02,2026-06-11,Automated
2026-06-12,AC0032,1181524.53,1111211.54,2026-06-12,Automated
2026-06-13,AC0032,1132861.68,1062919.12,2026-06-13,Automated
2026-06-14,AC0032,971379.93,898628.54,2026-06-14,Automated
2026-06-15,AC0032,891534.21,871667.68,2026-06-15,Automated
2026-06-16,AC0032,1090511.92,1003374.0,2026-06-16,Automated
2026-06-17,AC0032,1200494.91,1105187.63,2026-06-17,Automated
2026-06-18,AC0032,1263951.37,1167393.06,2026-06-18,Automated
2026-06-19,AC0032,1146242.19,1028255.84,2026-06-19,Automated
2026-06-20,AC0032,1062670.16,1010047.25,2026-06-20,Automated
2026-06-21,AC0032,1009367.75,951853.44,2026-06-21,Automated
2026-06-22,AC0032,993838.49,879216.7,2026-06-22,Automated
2026-06-23,AC0032,1275423.97,1155645.54,2026-06-23,Automated
2026-06-24,AC0032,1250345.19,1208487.31,2026-06-24,Automated
2026-06-25,AC0032,1385269.82,1305111.58,2026-06-25,Automated
2026-06-26,AC0032,1278586.22,1134429.16,2026-06-26,Automated
2026-06-27,AC0032,983266.52,912414.59,2026-06-27,Automated
2026-06-28,AC0032,967573.69,905347.98,2026-06-28,Automated
2026-06-29,AC0032,1040592.57,953681.74,2026-06-29,Automated
2026-06-30,AC0032,1003736.09,954846.7,2026-06-30,Automated
2026-01-01,AC0033,480990.94,458382.53,2026-01-03,Estimated
2026-01-02,AC0033,450704.07,400517.71,2026-01-04,Estimated
2026-01-03,AC0033,424592.38,389316.71,2026-01-05,Estimated
2026-01-04,AC0033,491280.26,459692.78,2026-01-06,Estimated
2026-01-05,AC0033,523192.82,506673.06,2026-01-08,Estimated
2026-01-06,AC0033,526800.99,507599.61,2026-01-08,Estimated
2026-01-07,AC0033,518222.51,497136.9,2026-01-10,Estimated
2026-01-08,AC0033,435317.38,385696.57,2026-01-10,Estimated
2026-01-09,AC0033,458325.89,406998.98,2026-01-11,Estimated
2026-01-10,AC0033,436800.36,391919.28,2026-01-12,Estimated
2026-01-11,AC0033,527724.24,493496.71,2026-01-13,Estimated
2026-01-12,AC0033,545462.65,494866.04,2026-01-14,Estimated
2026-01-13,AC0033,515118.88,458467.0,2026-01-15,Estimated
2026-01-14,AC0033,551550.69,490708.77,2026-01-16,Estimated
2026-01-15,AC0033,417866.62,371365.17,2026-01-17,Estimated
2026-01-16,AC0033,467447.3,441251.19,2026-01-18,Estimated
2026-01-17,AC0033,519887.09,458889.47,2026-01-19,Estimated
2026-01-18,AC0033,647661.01,578563.98,2026-01-20,Estimated
2026-01-19,AC0033,453635.85,429806.78,2026-01-21,Estimated
2026-01-20,AC0033,529187.16,492265.78,2026-01-22,Estimated
2026-01-21,AC0033,551189.54,534911.32,2026-01-24,Estimated
2026-01-22,AC0033,463671.73,452158.94,2026-01-24,Estimated
2026-01-23,AC0033,427727.59,399777.42,2026-01-25,Estimated
2026-01-24,AC0033,434274.04,383773.25,2026-01-26,Estimated
2026-01-25,AC0033,456212.51,440433.37,2026-01-27,Estimated
2026-01-26,AC0033,554041.59,505166.61,2026-01-28,Estimated
2026-01-27,AC0033,535109.55,528806.16,2026-01-29,Estimated
2026-01-28,AC0033,494191.07,448322.93,2026-01-30,Estimated
2026-01-29,AC0033,478700.12,449826.56,2026-01-31,Estimated
2026-01-30,AC0033,414248.06,389980.75,2026-02-01,Estimated
2026-01-31,AC0033,519150.6,467855.4,2026-02-02,Estimated
2026-02-01,AC0033,520861.23,509983.27,2026-02-04,Estimated
2026-02-02,AC0033,555049.63,514125.61,2026-02-04,Estimated
2026-02-03,AC0033,538614.72,529719.09,2026-02-06,Estimated
2026-02-04,AC0033,571210.9,542730.37,2026-02-06,Estimated
2026-02-05,AC0033,451737.25,424332.97,2026-02-07,Estimated
2026-02-06,AC0033,454391.52,430965.15,2026-02-08,Estimated
2026-02-07,AC0033,496138.33,451796.07,2026-02-09,Estimated
2026-02-08,AC0033,511241.97,494543.69,2026-02-11,Estimated
2026-02-09,AC0033,565951.56,534096.52,2026-02-12,Estimated
2026-02-10,AC0033,492308.97,484265.66,2026-02-12,Estimated
2026-02-11,AC0033,512848.11,466946.11,2026-02-13,Estimated
2026-02-12,AC0033,470278.48,456836.44,2026-02-14,Estimated
2026-02-13,AC0033,459357.95,407844.12,2026-02-15,Estimated
2026-02-14,AC0033,372606.29,362712.78,2026-02-17,Estimated
2026-02-15,AC0033,501758.69,444741.31,2026-02-17,Estimated
2026-02-16,AC0033,555151.81,515955.31,2026-02-18,Estimated
2026-02-17,AC0033,494178.52,458444.5,2026-02-19,Estimated
2026-02-18,AC0033,506762.2,451865.04,2026-02-20,Estimated
2026-02-19,AC0033,521371.51,511824.61,2026-02-21,Estimated
2026-02-20,AC0033,455323.7,442988.44,2026-02-22,Estimated
2026-02-21,AC0033,435769.34,419722.23,2026-02-23,Estimated
2026-02-22,AC0033,533998.15,504667.35,2026-02-24,Estimated
2026-02-23,AC0033,511553.4,490770.17,2026-02-25,Estimated
2026-02-24,AC0033,564924.48,522093.3,2026-02-26,Estimated
2026-02-25,AC0033,514595.83,463217.72,2026-02-28,Estimated
2026-02-26,AC0033,486910.22,450913.45,2026-03-01,Estimated
2026-02-27,AC0033,460765.74,444076.07,2026-03-01,Estimated
2026-02-28,AC0033,442827.05,389952.12,2026-03-02,Estimated
2026-03-01,AC0033,369269.81,355016.47,2026-03-03,Estimated
2026-03-02,AC0033,574309.79,556905.7,2026-03-05,Estimated
2026-03-03,AC0033,512343.83,451435.17,2026-03-05,Estimated
2026-03-04,AC0033,497199.4,469102.53,2026-03-06,Estimated
2026-03-05,AC0033,413279.72,370798.07,2026-03-08,Estimated
2026-03-06,AC0033,392055.07,384243.48,2026-03-08,Estimated
2026-03-07,AC0033,436110.74,416178.09,2026-03-09,Estimated
2026-03-08,AC0033,564107.71,522579.15,2026-03-11,Estimated
2026-03-09,AC0033,482184.55,449217.84,2026-03-11,Estimated
2026-03-10,AC0033,572095.67,550152.77,2026-03-12,Estimated
2026-03-11,AC0033,494462.71,465548.73,2026-03-13,Estimated
2026-03-12,AC0033,384481.17,340720.0,2026-03-14,Estimated
2026-03-13,AC0033,434696.45,411860.94,2026-03-15,Estimated
2026-03-14,AC0033,419595.33,410429.52,2026-03-16,Estimated
2026-03-15,AC0033,536793.37,481150.4,2026-03-17,Estimated
2026-03-16,AC0033,559395.68,516146.84,2026-03-18,Estimated
2026-03-17,AC0033,471041.1,435120.12,2026-03-19,Estimated
2026-03-18,AC0033,459859.49,440692.14,2026-03-20,Estimated
2026-03-19,AC0033,572540.44,552611.99,2026-03-21,Estimated
2026-03-20,AC0033,511004.16,476859.2,2026-03-22,Estimated
2026-03-21,AC0033,473796.84,437045.95,2026-03-23,Estimated
2026-03-22,AC0033,494080.76,456354.4,2026-03-25,Estimated
2026-03-23,AC0033,567780.16,519218.83,2026-03-25,Estimated
2026-03-24,AC0033,552646.83,500827.31,2026-03-26,Estimated
2026-03-25,AC0033,505780.8,458414.15,2026-03-27,Estimated
2026-03-26,AC0033,485758.08,435392.04,2026-03-29,Estimated
2026-03-27,AC0033,413571.19,402033.56,2026-03-29,Estimated
2026-03-28,AC0033,535426.99,514106.12,2026-03-30,Estimated
2026-03-29,AC0033,506689.94,486672.55,2026-04-01,Estimated
2026-03-30,AC0033,561462.26,527922.83,2026-04-01,Estimated
2026-03-31,AC0033,527547.39,513980.56,2026-04-02,Estimated
2026-04-01,AC0033,463210.04,456860.84,2026-04-03,Estimated
2026-04-02,AC0033,435968.65,421629.04,2026-04-04,Estimated
2026-04-03,AC0033,491621.84,444194.89,2026-04-06,Estimated
2026-04-04,AC0033,434420.38,429206.39,2026-04-06,Estimated
2026-04-05,AC0033,424293.92,402672.51,2026-04-07,Estimated
2026-04-06,AC0033,506541.65,490261.81,2026-04-08,Estimated
2026-04-07,AC0033,510657.66,492706.29,2026-04-10,Estimated
2026-04-08,AC0033,546532.18,527779.59,2026-04-10,Estimated
2026-04-09,AC0033,487525.05,430905.1,2026-04-11,Estimated
2026-04-10,AC0033,417558.86,395243.28,2026-04-12,Estimated
2026-04-11,AC0033,450928.01,435505.96,2026-04-14,Estimated
2026-04-12,AC0033,519602.8,471468.23,2026-04-14,Estimated
2026-04-13,AC0033,517212.83,478442.03,2026-04-15,Estimated
2026-04-14,AC0033,520452.63,484865.01,2026-04-16,Estimated
2026-04-15,AC0033,582396.26,527979.41,2026-04-17,Estimated
2026-04-16,AC0033,472961.6,416686.99,2026-04-18,Estimated
2026-04-17,AC0033,489088.46,443987.18,2026-04-19,Estimated
2026-04-18,AC0033,439147.91,408547.62,2026-04-20,Estimated
2026-04-19,AC0033,537877.39,503620.83,2026-04-22,Estimated
2026-04-20,AC0033,583517.83,516643.96,2026-04-22,Estimated
2026-04-21,AC0033,488557.65,469263.48,2026-04-23,Estimated
2026-04-22,AC0033,522627.83,515295.37,2026-04-24,Estimated
2026-04-23,AC0033,541199.9,514258.84,2026-04-25,Estimated
2026-04-24,AC0033,396013.0,353316.75,2026-04-26,Estimated
2026-04-25,AC0033,511836.41,463567.88,2026-04-27,Estimated
2026-04-26,AC0033,451240.85,439570.16,2026-04-28,Estimated
2026-04-27,AC0033,532938.53,493014.91,2026-04-29,Estimated
2026-04-28,AC0033,538291.59,522400.19,2026-05-01,Estimated
2026-04-29,AC0033,455350.23,446293.17,2026-05-01,Estimated
2026-04-30,AC0033,494692.93,488989.06,2026-05-03,Estimated
2026-05-01,AC0033,413663.28,367603.45,2026-05-04,Estimated
2026-05-02,AC0033,463967.62,411350.69,2026-05-05,Estimated
2026-05-03,AC0033,413378.03,380460.12,2026-05-05,Estimated
2026-05-04,AC0033,547115.59,522757.62,2026-05-06,Estimated
2026-05-05,AC0033,629216.72,609814.04,2026-05-07,Estimated
2026-05-06,AC0033,501841.3,457218.11,2026-05-08,Estimated
2026-05-07,AC0033,408927.67,374133.06,2026-05-10,Estimated
2026-05-08,AC0033,528034.81,470694.75,2026-05-10,Estimated
2026-05-09,AC0033,423597.32,401863.87,2026-05-11,Estimated
2026-05-10,AC0033,468000.84,429776.48,2026-05-12,Estimated
2026-05-11,AC0033,485507.01,453389.41,2026-05-14,Estimated
2026-05-12,AC0033,518730.2,465529.61,2026-05-14,Estimated
2026-05-13,AC0033,446307.17,416066.83,2026-05-16,Estimated
2026-05-14,AC0033,579399.57,513297.11,2026-05-17,Estimated
2026-05-15,AC0033,399499.28,362564.38,2026-05-17,Estimated
2026-05-16,AC0033,535036.81,523068.1,2026-05-18,Estimated
2026-05-17,AC0033,460553.73,412663.55,2026-05-19,Estimated
2026-05-18,AC0033,520454.65,504046.76,2026-05-20,Estimated
2026-05-19,AC0033,573278.93,521653.89,2026-05-21,Estimated
2026-05-20,AC0033,588040.57,526656.06,2026-05-22,Estimated
2026-05-21,AC0033,501500.01,486365.13,2026-05-24,Estimated
2026-05-22,AC0033,476313.66,451424.77,2026-05-24,Estimated
2026-05-23,AC0033,447849.09,399528.48,2026-05-26,Estimated
2026-05-24,AC0033,436092.18,397258.59,2026-05-26,Estimated
2026-05-25,AC0033,508933.87,489852.36,2026-05-27,Estimated
2026-05-26,AC0033,516627.33,459619.73,2026-05-28,Estimated
2026-05-27,AC0033,490924.02,472397.01,2026-05-30,Estimated
2026-05-28,AC0033,528514.12,501373.53,2026-05-31,Estimated
2026-05-29,AC0033,390217.18,378013.83,2026-05-31,Estimated
2026-05-30,AC0033,480993.0,468766.04,2026-06-02,Estimated
2026-05-31,AC0033,491403.22,456265.74,2026-06-02,Estimated
2026-06-01,AC0033,487157.97,474847.76,2026-06-03,Estimated
2026-06-02,AC0033,550941.88,516377.39,2026-06-05,Estimated
2026-06-03,AC0033,512702.59,485832.47,2026-06-05,Estimated
2026-06-04,AC0033,511920.6,505605.6,2026-06-06,Estimated
2026-06-05,AC0033,363943.74,342365.4,2026-06-07,Estimated
2026-06-06,AC0033,517979.63,491360.28,2026-06-08,Estimated
2026-06-07,AC0033,468579.71,458249.6,2026-06-09,Estimated
2026-06-08,AC0033,589560.55,521782.28,2026-06-10,Estimated
2026-06-09,AC0033,496853.37,462787.57,2026-06-11,Estimated
2026-06-10,AC0033,529374.11,508818.99,2026-06-12,Estimated
2026-06-11,AC0033,537732.96,474909.28,2026-06-13,Estimated
2026-06-12,AC0033,452455.92,421211.68,2026-06-14,Estimated
2026-06-13,AC0033,456693.22,449303.3,2026-06-16,Estimated
2026-06-14,AC0033,488561.16,463928.58,2026-06-16,Estimated
2026-06-15,AC0033,482417.64,438673.25,2026-06-17,Estimated
2026-06-16,AC0033,559990.55,553339.26,2026-06-18,Estimated
2026-06-17,AC0033,501764.02,470685.95,2026-06-19,Estimated
2026-06-18,AC0033,553799.07,519237.71,2026-06-20,Estimated
2026-06-19,AC0033,395793.94,383852.86,2026-06-22,Estimated
2026-06-20,AC0033,401323.83,365642.04,2026-06-23,Estimated
2026-06-21,AC0033,501195.31,453324.08,2026-06-23,Estimated
2026-06-22,AC0033,538477.82,498257.75,2026-06-24,Estimated
2026-06-23,AC0033,583133.87,568587.87,2026-06-25,Estimated
2026-06-24,AC0033,588555.36,545082.17,2026-06-26,Estimated
2026-06-25,AC0033,488636.15,457790.11,2026-06-28,Estimated
2026-06-26,AC0033,416916.37,373408.24,2026-06-28,Estimated
2026-06-27,AC0033,429117.96,378547.29,2026-06-30,Estimated
2026-06-28,AC0033,564660.7,498956.68,2026-06-30,Estimated
2026-06-29,AC0033,566622.11,524061.88,2026-07-01,Estimated
2026-06-30,AC0033,511096.26,478267.33,2026-07-02,Estimated
2026-01-01,AC0034,-1007116.49,-1007116.49,2026-01-03,Estimated
2026-01-02,AC0034,-821912.11,-821912.11,2026-01-04,Estimated
2026-01-03,AC0034,-801375.82,-801375.82,2026-01-05,Estimated
2026-01-04,AC0034,-815563.2,-815563.2,2026-01-07,Estimated
2026-01-05,AC0034,-889252.92,-889252.92,2026-01-07,Estimated
2026-01-06,AC0034,-1059337.87,-1059337.87,2026-01-08,Estimated
2026-01-07,AC0034,-1045401.53,-1045401.53,2026-01-09,Estimated
2026-01-08,AC0034,-1028877.76,-1028877.76,2026-01-10,Estimated
2026-01-09,AC0034,-868013.81,-868013.81,2026-01-11,Estimated
2026-01-10,AC0034,-820151.44,-820151.44,2026-01-12,Estimated
2026-01-11,AC0034,-786099.54,-786099.54,2026-01-13,Estimated
2026-01-12,AC0034,-945760.91,-945760.91,2026-01-14,Estimated
2026-01-13,AC0034,-1029437.21,-1029437.21,2026-01-15,Estimated
2026-01-14,AC0034,-1043800.89,-1043800.89,2026-01-16,Estimated
2026-01-15,AC0034,-1071417.41,-1071417.41,2026-01-17,Estimated
2026-01-16,AC0034,-953982.7,-953982.7,2026-01-18,Estimated
2026-01-17,AC0034,-922212.42,-922212.42,2026-01-19,Estimated
2026-01-18,AC0034,-885735.62,-885735.62,2026-01-20,Estimated
2026-01-19,AC0034,-802576.15,-802576.15,2026-01-21,Estimated
2026-01-20,AC0034,-922832.29,-922832.29,2026-01-22,Estimated
2026-01-21,AC0034,-933825.33,-933825.33,2026-01-23,Estimated
2026-01-22,AC0034,-994043.18,-994043.18,2026-01-25,Estimated
2026-01-23,AC0034,-996871.53,-996871.53,2026-01-25,Estimated
2026-01-24,AC0034,-918522.14,-918522.14,2026-01-26,Estimated
2026-01-25,AC0034,-751712.43,-751712.43,2026-01-28,Estimated
2026-01-26,AC0034,-911597.03,-911597.03,2026-01-28,Estimated
2026-01-27,AC0034,-838365.54,-838365.54,2026-01-29,Estimated
2026-01-28,AC0034,-993365.91,-993365.91,2026-01-30,Estimated
2026-01-29,AC0034,-927032.86,-927032.86,2026-01-31,Estimated
2026-01-30,AC0034,-968981.46,-968981.46,2026-02-02,Estimated
2026-01-31,AC0034,-732485.31,-732485.31,2026-02-03,Estimated
2026-02-01,AC0034,-848396.13,-848396.13,2026-02-03,Estimated
2026-02-02,AC0034,-893496.75,-893496.75,2026-02-04,Estimated
2026-02-03,AC0034,-966375.87,-966375.87,2026-02-05,Estimated
2026-02-04,AC0034,-1049346.59,-1049346.59,2026-02-06,Estimated
2026-02-05,AC0034,-886315.51,-886315.51,2026-02-07,Estimated
2026-02-06,AC0034,-1018183.4,-1018183.4,2026-02-08,Estimated
2026-02-07,AC0034,-853922.82,-853922.82,2026-02-09,Estimated
2026-02-08,AC0034,-583880.59,-583880.59,2026-02-10,Estimated
2026-02-09,AC0034,-813474.57,-813474.57,2026-02-11,Estimated
2026-02-10,AC0034,-914043.77,-914043.77,2026-02-13,Estimated
2026-02-11,AC0034,-1043683.42,-1043683.42,2026-02-13,Estimated
2026-02-12,AC0034,-786122.78,-786122.78,2026-02-14,Estimated
2026-02-13,AC0034,-833208.77,-833208.77,2026-02-15,Estimated
2026-02-14,AC0034,-867427.71,-867427.71,2026-02-17,Estimated
2026-02-15,AC0034,-870145.5,-870145.5,2026-02-17,Estimated
2026-02-16,AC0034,-682910.22,-682910.22,2026-02-18,Estimated
2026-02-17,AC0034,-1073950.02,-1073950.02,2026-02-19,Estimated
2026-02-18,AC0034,-1172990.7,-1172990.7,2026-02-20,Estimated
2026-02-19,AC0034,-975276.96,-975276.96,2026-02-21,Estimated
2026-02-20,AC0034,-825435.27,-825435.27,2026-02-22,Estimated
2026-02-21,AC0034,-942913.66,-942913.66,2026-02-24,Estimated
2026-02-22,AC0034,-807145.87,-807145.87,2026-02-24,Estimated
2026-02-23,AC0034,-908909.87,-908909.87,2026-02-25,Estimated
2026-02-24,AC0034,-926807.7,-926807.7,2026-02-26,Estimated
2026-02-25,AC0034,-1122885.64,-1122885.64,2026-02-27,Estimated
2026-02-26,AC0034,-997962.32,-997962.32,2026-02-28,Estimated
2026-02-27,AC0034,-933202.3,-933202.3,2026-03-01,Estimated
2026-02-28,AC0034,-842398.91,-842398.91,2026-03-02,Estimated
2026-03-01,AC0034,-885386.27,-885386.27,2026-03-03,Estimated
2026-03-02,AC0034,-734567.63,-734567.63,2026-03-04,Estimated
2026-03-03,AC0034,-874263.2,-874263.2,2026-03-05,Estimated
2026-03-04,AC0034,-1054575.72,-1054575.72,2026-03-06,Estimated
2026-03-05,AC0034,-1017684.65,-1017684.65,2026-03-07,Estimated
2026-03-06,AC0034,-888026.34,-888026.34,2026-03-08,Estimated
2026-03-07,AC0034,-825538.78,-825538.78,2026-03-09,Estimated
2026-03-08,AC0034,-849421.21,-849421.21,2026-03-10,Estimated
2026-03-09,AC0034,-878510.97,-878510.97,2026-03-11,Estimated
2026-03-10,AC0034,-918626.46,-918626.46,2026-03-12,Estimated
2026-03-11,AC0034,-1172485.48,-1172485.48,2026-03-13,Estimated
2026-03-12,AC0034,-823205.11,-823205.11,2026-03-14,Estimated
2026-03-13,AC0034,-821413.59,-821413.59,2026-03-16,Estimated
2026-03-14,AC0034,-920806.35,-920806.35,2026-03-16,Estimated
2026-03-15,AC0034,-703916.54,-703916.54,2026-03-17,Estimated
2026-03-16,AC0034,-902421.09,-902421.09,2026-03-18,Estimated
2026-03-17,AC0034,-940977.44,-940977.44,2026-03-19,Estimated
2026-03-18,AC0034,-1031606.77,-1031606.77,2026-03-20,Estimated
2026-03-19,AC0034,-949379.99,-949379.99,2026-03-21,Estimated
2026-03-20,AC0034,-765892.86,-765892.86,2026-03-23,Estimated
2026-03-21,AC0034,-815630.25,-815630.25,2026-03-23,Estimated
2026-03-22,AC0034,-755204.19,-755204.19,2026-03-24,Estimated
2026-03-23,AC0034,-934863.2,-934863.2,2026-03-25,Estimated
2026-03-24,AC0034,-1082942.02,-1082942.02,2026-03-26,Estimated
2026-03-25,AC0034,-1104437.8,-1104437.8,2026-03-27,Estimated
2026-03-26,AC0034,-935407.12,-935407.12,2026-03-28,Estimated
2026-03-27,AC0034,-874432.33,-874432.33,2026-03-29,Estimated
2026-03-28,AC0034,-682851.66,-682851.66,2026-03-31,Estimated
2026-03-29,AC0034,-780534.37,-780534.37,2026-04-01,Estimated
2026-03-30,AC0034,-818170.02,-818170.02,2026-04-01,Estimated
2026-03-31,AC0034,-902610.05,-902610.05,2026-04-02,Estimated
2026-04-01,AC0034,-1027105.68,-1027105.68,2026-04-03,Estimated
2026-04-02,AC0034,-974057.69,-974057.69,2026-04-04,Estimated
2026-04-03,AC0034,-954999.47,-954999.47,2026-04-05,Estimated
2026-04-04,AC0034,-815568.3,-815568.3,2026-04-06,Estimated
2026-04-05,AC0034,-945202.81,-945202.81,2026-04-07,Estimated
2026-04-06,AC0034,-872142.55,-872142.55,2026-04-08,Estimated
2026-04-07,AC0034,-945714.37,-945714.37,2026-04-09,Estimated
2026-04-08,AC0034,-1045893.24,-1045893.24,2026-04-10,Estimated
2026-04-09,AC0034,-913659.87,-913659.87,2026-04-12,Estimated
2026-04-10,AC0034,-928327.26,-928327.26,2026-04-12,Estimated
2026-04-11,AC0034,-839418.55,-839418.55,2026-04-13,Estimated
2026-04-12,AC0034,-813339.86,-813339.86,2026-04-14,Estimated
2026-04-13,AC0034,-982928.92,-982928.92,2026-04-15,Estimated
2026-04-14,AC0034,-911552.69,-911552.69,2026-04-16,Estimated
2026-04-15,AC0034,-1084613.62,-1084613.62,2026-04-17,Estimated
2026-04-16,AC0034,-1027819.24,-1027819.24,2026-04-18,Estimated
2026-04-17,AC0034,-824367.41,-824367.41,2026-04-19,Estimated
2026-04-18,AC0034,-894832.32,-894832.32,2026-04-21,Estimated
2026-04-19,AC0034,-715480.21,-715480.21,2026-04-22,Estimated
2026-04-20,AC0034,-822730.1,-822730.1,2026-04-22,Estimated
2026-04-21,AC0034,-1010223.3,-1010223.3,2026-04-23,Estimated
2026-04-22,AC0034,-992352.7,-992352.7,2026-04-24,Estimated
2026-04-23,AC0034,-854538.14,-854538.14,2026-04-25,Estimated
2026-04-24,AC0034,-1027525.43,-1027525.43,2026-04-26,Estimated
2026-04-25,AC0034,-851683.74,-851683.74,2026-04-28,Estimated
2026-04-26,AC0034,-733893.98,-733893.98,2026-04-28,Estimated
2026-04-27,AC0034,-879821.52,-879821.52,2026-04-30,Estimated
2026-04-28,AC0034,-871887.33,-871887.33,2026-04-30,Estimated
2026-04-29,AC0034,-1083452.46,-1083452.46,2026-05-02,Estimated
2026-04-30,AC0034,-985584.91,-985584.91,2026-05-03,Estimated
2026-05-01,AC0034,-813654.68,-813654.68,2026-05-03,Estimated
2026-05-02,AC0034,-800726.91,-800726.91,2026-05-04,Estimated
2026-05-03,AC0034,-951881.61,-951881.61,2026-05-05,Estimated
2026-05-04,AC0034,-941333.11,-941333.11,2026-05-06,Estimated
2026-05-05,AC0034,-922560.06,-922560.06,2026-05-07,Estimated
2026-05-06,AC0034,-1019462.95,-1019462.95,2026-05-08,Estimated
2026-05-07,AC0034,-919845.64,-919845.64,2026-05-09,Estimated
2026-05-08,AC0034,-856553.5,-856553.5,2026-05-10,Estimated
2026-05-09,AC0034,-731213.01,-731213.01,2026-05-12,Estimated
2026-05-10,AC0034,-819257.61,-819257.61,2026-05-12,Estimated
2026-05-11,AC0034,-824108.86,-824108.86,2026-05-14,Estimated
2026-05-12,AC0034,-761216.94,-761216.94,2026-05-14,Estimated
2026-05-13,AC0034,-962836.46,-962836.46,2026-05-15,Estimated
2026-05-14,AC0034,-985097.18,-985097.18,2026-05-16,Estimated
2026-05-15,AC0034,-897758.76,-897758.76,2026-05-17,Estimated
2026-05-16,AC0034,-877526.57,-877526.57,2026-05-18,Estimated
2026-05-17,AC0034,-897547.69,-897547.69,2026-05-19,Estimated
2026-05-18,AC0034,-850165.78,-850165.78,2026-05-20,Estimated
2026-05-19,AC0034,-972659.06,-972659.06,2026-05-21,Estimated
2026-05-20,AC0034,-1086910.12,-1086910.12,2026-05-22,Estimated
2026-05-21,AC0034,-933337.41,-933337.41,2026-05-23,Estimated
2026-05-22,AC0034,-950037.41,-950037.41,2026-05-24,Estimated
2026-05-23,AC0034,-817736.29,-817736.29,2026-05-26,Estimated
2026-05-24,AC0034,-848809.69,-848809.69,2026-05-26,Estimated
2026-05-25,AC0034,-920046.53,-920046.53,2026-05-27,Estimated
2026-05-26,AC0034,-1026348.99,-1026348.99,2026-05-28,Estimated
2026-05-27,AC0034,-926922.32,-926922.32,2026-05-29,Estimated
2026-05-28,AC0034,-1025685.79,-1025685.79,2026-05-30,Estimated
2026-05-29,AC0034,-1053784.94,-1053784.94,2026-05-31,Estimated
2026-05-30,AC0034,-859505.19,-859505.19,2026-06-01,Estimated
2026-05-31,AC0034,-791190.91,-791190.91,2026-06-02,Estimated
2026-06-01,AC0034,-933052.58,-933052.58,2026-06-03,Estimated
2026-06-02,AC0034,-916928.69,-916928.69,2026-06-04,Estimated
2026-06-03,AC0034,-949466.12,-949466.12,2026-06-05,Estimated
2026-06-04,AC0034,-953657.6,-953657.6,2026-06-06,Estimated
2026-06-05,AC0034,-946370.84,-946370.84,2026-06-08,Estimated
2026-06-06,AC0034,-972188.04,-972188.04,2026-06-08,Estimated
2026-06-07,AC0034,-828843.37,-828843.37,2026-06-09,Estimated
2026-06-08,AC0034,-856397.51,-856397.51,2026-06-11,Estimated
2026-06-09,AC0034,-967191.4,-967191.4,2026-06-11,Estimated
2026-06-10,AC0034,-1070441.74,-1070441.74,2026-06-12,Estimated
2026-06-11,AC0034,-904756.95,-904756.95,2026-06-13,Estimated
2026-06-12,AC0034,-923176.05,-923176.05,2026-06-15,Estimated
2026-06-13,AC0034,-853747.3,-853747.3,2026-06-16,Estimated
2026-06-14,AC0034,-866244.09,-866244.09,2026-06-16,Estimated
2026-06-15,AC0034,-775796.83,-775796.83,2026-06-18,Estimated
2026-06-16,AC0034,-1056162.91,-1056162.91,2026-06-18,Estimated
2026-06-17,AC0034,-972189.47,-972189.47,2026-06-19,Estimated
2026-06-18,AC0034,-1087386.97,-1087386.97,2026-06-20,Estimated
2026-06-19,AC0034,-904910.41,-904910.41,2026-06-21,Estimated
2026-06-20,AC0034,-874257.17,-874257.17,2026-06-23,Estimated
2026-06-21,AC0034,-728579.16,-728579.16,2026-06-23,Estimated
2026-06-22,AC0034,-820491.16,-820491.16,2026-06-24,Estimated
2026-06-23,AC0034,-973242.58,-973242.58,2026-06-25,Estimated
2026-06-24,AC0034,-961534.72,-961534.72,2026-06-26,Estimated
2026-06-25,AC0034,-985218.91,-985218.91,2026-06-27,Estimated
2026-06-26,AC0034,-872472.31,-872472.31,2026-06-28,Estimated
2026-06-27,AC0034,-725572.29,-725572.29,2026-06-29,Estimated
2026-06-28,AC0034,-698394.4,-698394.4,2026-07-01,Estimated
2026-06-29,AC0034,-944262.72,-944262.72,2026-07-01,Estimated
2026-06-30,AC0034,-887011.95,-887011.95,2026-07-02,Estimated
2026-01-01,AC0035,1193120.81,1087124.73,2026-01-01,Automated
2026-01-02,AC0035,1370834.07,1258689.25,2026-01-02,Automated
2026-01-03,AC0035,1657070.48,1549333.74,2026-01-03,Automated
2026-01-04,AC0035,1425514.67,1289768.81,2026-01-04,Automated
2026-01-05,AC0035,1358210.62,1267264.09,2026-01-05,Automated
2026-01-06,AC0035,1314353.46,1263812.85,2026-01-06,Automated
2026-01-07,AC0035,1364353.56,1214831.36,2026-01-07,Automated
2026-01-08,AC0035,1330256.17,1206763.85,2026-01-08,Automated
2026-01-09,AC0035,1442831.25,1312194.94,2026-01-09,Automated
2026-01-10,AC0035,1552383.65,1494578.38,2026-01-10,Automated
2026-01-11,AC0035,1389070.44,1346803.41,2026-01-11,Automated
2026-01-12,AC0035,1407085.38,1386339.44,2026-01-12,Automated
2026-01-13,AC0035,1107623.82,1075252.52,2026-01-13,Automated
2026-01-14,AC0035,1221546.75,1076864.32,2026-01-14,Automated
2026-01-15,AC0035,1320589.54,1268624.04,2026-01-15,Automated
2026-01-16,AC0035,1245924.04,1179269.07,2026-01-16,Automated
2026-01-17,AC0035,1493538.86,1423434.48,2026-01-17,Automated
2026-01-18,AC0035,1415384.8,1353420.07,2026-01-18,Automated
2026-01-19,AC0035,1499747.94,1465021.58,2026-01-19,Automated
2026-01-20,AC0035,1387086.75,1240260.03,2026-01-20,Automated
2026-01-21,AC0035,1262867.9,1168193.42,2026-01-21,Automated
2026-01-22,AC0035,1240642.34,1115431.44,2026-01-22,Automated
2026-01-23,AC0035,1460488.84,1354823.01,2026-01-23,Automated
2026-01-24,AC0035,1410746.03,1361467.4,2026-01-24,Automated
2026-01-25,AC0035,1468720.79,1366551.96,2026-01-25,Automated
2026-01-26,AC0035,1326849.26,1307754.59,2026-01-26,Automated
2026-01-27,AC0035,1277090.03,1168569.33,2026-01-27,Automated
2026-01-28,AC0035,1005463.55,929035.9,2026-01-28,Automated
2026-01-29,AC0035,1374214.52,1321678.43,2026-01-29,Automated
2026-01-30,AC0035,1087315.48,960151.79,2026-01-30,Automated
2026-01-31,AC0035,1575475.89,1476903.04,2026-01-31,Automated
2026-02-01,AC0035,1524652.06,1423183.91,2026-02-01,Automated
2026-02-02,AC0035,1360429.43,1234749.81,2026-02-02,Automated
2026-02-03,AC0035,1349250.09,1285556.11,2026-02-03,Automated
2026-02-04,AC0035,1330022.51,1178398.75,2026-02-04,Automated
2026-02-05,AC0035,1340383.03,1298755.96,2026-02-05,Automated
2026-02-06,AC0035,1466980.85,1368247.97,2026-02-06,Automated
2026-02-07,AC0035,1415761.06,1329376.9,2026-02-07,Automated
2026-02-08,AC0035,1588770.39,1549342.29,2026-02-08,Automated
2026-02-09,AC0035,1541560.52,1418484.14,2026-02-09,Automated
2026-02-10,AC0035,1338037.79,1228687.8,2026-02-10,Automated
2026-02-11,AC0035,1200726.06,1126867.76,2026-02-11,Automated
2026-02-12,AC0035,1240622.06,1221786.67,2026-02-12,Automated
2026-02-13,AC0035,1417540.17,1388895.84,2026-02-13,Automated
2026-02-14,AC0035,1423597.37,1357882.52,2026-02-14,Automated
2026-02-15,AC0035,1485996.26,1434324.35,2026-02-15,Automated
2026-02-16,AC0035,1564620.49,1477081.48,2026-02-16,Automated
2026-02-17,AC0035,1399097.66,1376993.08,2026-02-17,Automated
2026-02-18,AC0035,1363911.18,1223259.63,2026-02-18,Automated
2026-02-19,AC0035,1335084.79,1248866.27,2026-02-19,Automated
2026-02-20,AC0035,1230718.69,1105951.87,2026-02-20,Automated
2026-02-21,AC0035,1669795.85,1487427.45,2026-02-21,Automated
2026-02-22,AC0035,1518057.61,1460570.19,2026-02-22,Automated
2026-02-23,AC0035,1476360.9,1329376.53,2026-02-23,Automated
2026-02-24,AC0035,1267309.82,1213850.37,2026-02-24,Automated
2026-02-25,AC0035,1250273.38,1163212.5,2026-02-25,Automated
2026-02-26,AC0035,1271264.2,1207120.54,2026-02-26,Automated
2026-02-27,AC0035,1378795.22,1213409.28,2026-02-27,Automated
2026-02-28,AC0035,1477314.04,1350683.84,2026-02-28,Automated
2026-03-01,AC0035,1547124.0,1423240.2,2026-03-01,Automated
2026-03-02,AC0035,1513973.71,1462586.87,2026-03-02,Automated
2026-03-03,AC0035,1366484.45,1247529.07,2026-03-03,Automated
2026-03-04,AC0035,1139710.33,1027678.7,2026-03-04,Automated
2026-03-05,AC0035,1387302.0,1294753.67,2026-03-05,Automated
2026-03-06,AC0035,1374052.79,1265081.61,2026-03-06,Automated
2026-03-07,AC0035,1430062.31,1337695.21,2026-03-07,Automated
2026-03-08,AC0035,1392269.5,1308788.45,2026-03-08,Automated
2026-03-09,AC0035,1414468.24,1339458.78,2026-03-09,Automated
2026-03-10,AC0035,1394403.68,1321895.67,2026-03-10,Automated
2026-03-11,AC0035,1285282.29,1184364.87,2026-03-11,Automated
2026-03-12,AC0035,1522837.45,1480337.88,2026-03-12,Automated
2026-03-13,AC0035,1252097.12,1126180.57,2026-03-13,Automated
2026-03-14,AC0035,1668262.47,1608321.57,2026-03-14,Automated
2026-03-15,AC0035,1401282.13,1300576.76,2026-03-15,Automated
2026-03-16,AC0035,1504310.71,1454926.7,2026-03-16,Automated
2026-03-17,AC0035,1331014.09,1261260.17,2026-03-17,Automated
2026-03-18,AC0035,1270691.99,1221699.02,2026-03-18,Automated
2026-03-19,AC0035,1292302.11,1276863.75,2026-03-19,Automated
2026-03-20,AC0035,1466158.59,1295168.02,2026-03-20,Automated
2026-03-21,AC0035,1433679.38,1298848.42,2026-03-21,Automated
2026-03-22,AC0035,1544199.77,1407608.16,2026-03-22,Automated
2026-03-23,AC0035,1513868.01,1477684.0,2026-03-23,Automated
2026-03-24,AC0035,1243505.89,1114808.53,2026-03-24,Automated
2026-03-25,AC0035,1240731.3,1208108.65,2026-03-25,Automated
2026-03-26,AC0035,974694.31,865183.79,2026-03-26,Automated
2026-03-27,AC0035,1439199.78,1394622.87,2026-03-27,Automated
2026-03-28,AC0035,1535252.66,1429744.6,2026-03-28,Automated
2026-03-29,AC0035,1625790.3,1469928.19,2026-03-29,Automated
2026-03-30,AC0035,1540771.65,1488210.55,2026-03-30,Automated
2026-03-31,AC0035,1081648.69,1013768.65,2026-03-31,Automated
2026-04-01,AC0035,1093541.32,1052539.89,2026-04-01,Automated
2026-04-02,AC0035,1355744.67,1250458.51,2026-04-02,Automated
2026-04-03,AC0035,1296929.41,1190811.28,2026-04-03,Automated
2026-04-04,AC0035,1244613.81,1129126.81,2026-04-04,Automated
2026-04-05,AC0035,1562151.45,1520308.28,2026-04-05,Automated
2026-04-06,AC0035,1417328.02,1351100.27,2026-04-06,Automated
2026-04-07,AC0035,1145943.19,1069863.11,2026-04-07,Automated
2026-04-08,AC0035,1122747.87,1068665.15,2026-04-08,Automated
2026-04-09,AC0035,1172229.19,1151771.39,2026-04-09,Automated
2026-04-10,AC0035,1399060.76,1303276.53,2026-04-10,Automated
2026-04-11,AC0035,1522522.71,1466285.15,2026-04-11,Automated
2026-04-12,AC0035,1755773.15,1708059.46,2026-04-12,Automated
2026-04-13,AC0035,1301801.22,1262439.84,2026-04-13,Automated
2026-04-14,AC0035,1318665.95,1176127.65,2026-04-14,Automated
2026-04-15,AC0035,1136698.47,1095684.66,2026-04-15,Automated
2026-04-16,AC0035,1203893.16,1174915.45,2026-04-16,Automated
2026-04-17,AC0035,1353029.82,1250110.78,2026-04-17,Automated
2026-04-18,AC0035,1392117.33,1276444.32,2026-04-18,Automated
2026-04-19,AC0035,1593771.08,1519825.89,2026-04-19,Automated
2026-04-20,AC0035,1303461.49,1253995.15,2026-04-20,Automated
2026-04-21,AC0035,1365989.7,1260418.03,2026-04-21,Automated
2026-04-22,AC0035,1319833.95,1230806.23,2026-04-22,Automated
2026-04-23,AC0035,1239744.61,1182284.92,2026-04-23,Automated
2026-04-24,AC0035,1488434.36,1374970.08,2026-04-24,Automated
2026-04-25,AC0035,1687994.26,1569628.66,2026-04-25,Automated
2026-04-26,AC0035,1535287.89,1476446.12,2026-04-26,Automated
2026-04-27,AC0035,1458125.87,1368136.35,2026-04-27,Automated
2026-04-28,AC0035,1344794.73,1230554.48,2026-04-28,Automated
2026-04-29,AC0035,1091146.31,1045903.4,2026-04-29,Automated
2026-04-30,AC0035,1431370.14,1277834.26,2026-04-30,Automated
2026-05-01,AC0035,1167223.31,1063747.27,2026-05-01,Automated
2026-05-02,AC0035,1352188.78,1245235.69,2026-05-02,Automated
2026-05-03,AC0035,1504004.9,1452520.67,2026-05-03,Automated
2026-05-04,AC0035,1445872.28,1404398.01,2026-05-04,Automated
2026-05-05,AC0035,1243210.1,1183512.5,2026-05-05,Automated
2026-05-06,AC0035,1077527.57,1007104.73,2026-05-06,Automated
2026-05-07,AC0035,1448181.21,1397220.16,2026-05-07,Automated
2026-05-08,AC0035,1532091.64,1394121.93,2026-05-08,Automated
2026-05-09,AC0035,1589442.3,1529525.86,2026-05-09,Automated
2026-05-10,AC0035,1502233.69,1402738.69,2026-05-10,Automated
2026-05-11,AC0035,1636864.65,1529960.98,2026-05-11,Automated
2026-05-12,AC0035,1384655.64,1222870.4,2026-05-12,Automated
2026-05-13,AC0035,1147215.13,1074614.48,2026-05-13,Automated
2026-05-14,AC0035,1280093.68,1168070.48,2026-05-14,Automated
2026-05-15,AC0035,1412530.35,1382120.84,2026-05-15,Automated
2026-05-16,AC0035,1400723.98,1240304.02,2026-05-16,Automated
2026-05-17,AC0035,1425884.7,1368899.28,2026-05-17,Automated
2026-05-18,AC0035,1486896.3,1310266.9,2026-05-18,Automated
2026-05-19,AC0035,1124806.27,1071921.92,2026-05-19,Automated
2026-05-20,AC0035,1225117.17,1085282.34,2026-05-20,Automated
2026-05-21,AC0035,1205867.97,1166504.2,2026-05-21,Automated
2026-05-22,AC0035,1571325.76,1421947.63,2026-05-22,Automated
2026-05-23,AC0035,1447507.96,1355125.07,2026-05-23,Automated
2026-05-24,AC0035,1471414.9,1311089.08,2026-05-24,Automated
2026-05-25,AC0035,1399647.3,1371897.31,2026-05-25,Automated
2026-05-26,AC0035,1272785.72,1251937.47,2026-05-26,Automated
2026-05-27,AC0035,1186023.28,1137819.47,2026-05-27,Automated
2026-05-28,AC0035,1143845.46,1025157.42,2026-05-28,Automated
2026-05-29,AC0035,1277799.88,1129763.37,2026-05-29,Automated
2026-05-30,AC0035,1618458.23,1545709.96,2026-05-30,Automated
2026-05-31,AC0035,1504805.82,1444369.36,2026-05-31,Automated
2026-06-01,AC0035,1395983.78,1243961.98,2026-06-01,Automated
2026-06-02,AC0035,1298961.89,1206698.09,2026-06-02,Automated
2026-06-03,AC0035,1379077.69,1314339.05,2026-06-03,Automated
2026-06-04,AC0035,1193678.9,1068492.65,2026-06-04,Automated
2026-06-05,AC0035,1247255.95,1120689.91,2026-06-05,Automated
2026-06-06,AC0035,1436205.44,1315091.55,2026-06-06,Automated
2026-06-07,AC0035,1563698.94,1489183.03,2026-06-07,Automated
2026-06-08,AC0035,1543741.26,1501400.42,2026-06-08,Automated
2026-06-09,AC0035,1119911.2,1024159.99,2026-06-09,Automated
2026-06-10,AC0035,1159097.73,1144981.06,2026-06-10,Automated
2026-06-11,AC0035,1167449.59,1043971.56,2026-06-11,Automated
2026-06-12,AC0035,1226924.32,1195145.01,2026-06-12,Automated
2026-06-13,AC0035,1318074.59,1201082.08,2026-06-13,Automated
2026-06-14,AC0035,1727796.74,1567841.73,2026-06-14,Automated
2026-06-15,AC0035,1366219.24,1220969.76,2026-06-15,Automated
2026-06-16,AC0035,1240875.37,1114101.11,2026-06-16,Automated
2026-06-17,AC0035,1141543.96,1007839.45,2026-06-17,Automated
2026-06-18,AC0035,1142205.94,1065762.14,2026-06-18,Automated
2026-06-19,AC0035,1397701.63,1264460.19,2026-06-19,Automated
2026-06-20,AC0035,1644027.16,1483103.29,2026-06-20,Automated
2026-06-21,AC0035,1499347.36,1355313.21,2026-06-21,Automated
2026-06-22,AC0035,1493526.98,1322907.69,2026-06-22,Automated
2026-06-23,AC0035,1424912.59,1328050.54,2026-06-23,Automated
2026-06-24,AC0035,1116562.44,1006111.26,2026-06-24,Automated
2026-06-25,AC0035,1340598.48,1292139.26,2026-06-25,Automated
2026-06-26,AC0035,1668183.79,1529886.93,2026-06-26,Automated
2026-06-27,AC0035,1586427.94,1509431.32,2026-06-27,Automated
2026-06-28,AC0035,1624770.33,1454882.74,2026-06-28,Automated
2026-06-29,AC0035,1312674.38,1196337.77,2026-06-29,Automated
2026-06-30,AC0035,1325648.77,1275106.44,2026-06-30,Automated
2026-01-01,AC0036,370183.14,345258.51,2026-01-01,Automated
2026-01-02,AC0036,382654.89,364245.4,2026-01-02,Automated
2026-01-03,AC0036,302637.72,278426.35,2026-01-03,Automated
2026-01-04,AC0036,281823.56,253814.99,2026-01-04,Automated
2026-01-05,AC0036,254012.99,245373.51,2026-01-05,Automated
2026-01-06,AC0036,344636.03,327986.36,2026-01-06,Automated
2026-01-07,AC0036,382200.59,338853.05,2026-01-07,Automated
2026-01-08,AC0036,331689.85,310784.56,2026-01-08,Automated
2026-01-09,AC0036,336757.48,313929.97,2026-01-09,Automated
2026-01-10,AC0036,308599.07,278505.63,2026-01-10,Automated
2026-01-11,AC0036,294414.08,279222.06,2026-01-11,Automated
2026-01-12,AC0036,286498.26,259045.65,2026-01-12,Automated
2026-01-13,AC0036,348149.54,307962.24,2026-01-13,Automated
2026-01-14,AC0036,351377.09,338642.18,2026-01-14,Automated
2026-01-15,AC0036,326618.98,316128.86,2026-01-15,Automated
2026-01-16,AC0036,375015.13,356077.82,2026-01-16,Automated
2026-01-17,AC0036,261514.11,235058.72,2026-01-17,Automated
2026-01-18,AC0036,311195.9,296908.75,2026-01-18,Automated
2026-01-19,AC0036,268081.2,257389.13,2026-01-19,Automated
2026-01-20,AC0036,320882.46,287434.93,2026-01-20,Automated
2026-01-21,AC0036,335621.02,301631.3,2026-01-21,Automated
2026-01-22,AC0036,408112.24,369379.52,2026-01-22,Automated
2026-01-23,AC0036,331058.39,310136.97,2026-01-23,Automated
2026-01-24,AC0036,368056.68,351104.03,2026-01-24,Automated
2026-01-25,AC0036,289197.65,263247.53,2026-01-25,Automated
2026-01-26,AC0036,285768.37,282568.88,2026-01-26,Automated
2026-01-27,AC0036,331339.26,304038.28,2026-01-27,Automated
2026-01-28,AC0036,339952.2,321995.29,2026-01-28,Automated
2026-01-29,AC0036,356652.63,333264.84,2026-01-29,Automated
2026-01-30,AC0036,325788.95,309593.27,2026-01-30,Automated
2026-01-31,AC0036,375340.18,350443.84,2026-01-31,Automated
2026-02-01,AC0036,295023.08,265758.87,2026-02-01,Automated
2026-02-02,AC0036,302012.2,275534.19,2026-02-02,Automated
2026-02-03,AC0036,314811.53,278321.78,2026-02-03,Automated
2026-02-04,AC0036,295708.88,268109.74,2026-02-04,Automated
2026-02-05,AC0036,396173.55,384938.53,2026-02-05,Automated
2026-02-06,AC0036,349638.92,327973.46,2026-02-06,Automated
2026-02-07,AC0036,281147.84,272135.54,2026-02-07,Automated
2026-02-08,AC0036,324612.53,309002.83,2026-02-08,Automated
2026-02-09,AC0036,317022.28,286618.45,2026-02-09,Automated
2026-02-10,AC0036,380951.94,362096.68,2026-02-10,Automated
2026-02-11,AC0036,377782.47,373584.53,2026-02-11,Automated
2026-02-12,AC0036,365954.17,358028.92,2026-02-12,Automated
2026-02-13,AC0036,330871.71,291451.72,2026-02-13,Automated
2026-02-14,AC0036,337594.22,320692.39,2026-02-14,Automated
2026-02-15,AC0036,268018.48,260512.88,2026-02-15,Automated
2026-02-16,AC0036,296103.19,273326.42,2026-02-16,Automated
2026-02-17,AC0036,366736.15,345600.31,2026-02-17,Automated
2026-02-18,AC0036,341986.69,305348.91,2026-02-18,Automated
2026-02-19,AC0036,374463.43,348182.08,2026-02-19,Automated
2026-02-20,AC0036,308815.93,286248.43,2026-02-20,Automated
2026-02-21,AC0036,345412.62,325253.34,2026-02-21,Automated
2026-02-22,AC0036,310618.74,283703.8,2026-02-22,Automated
2026-02-23,AC0036,300813.83,279915.24,2026-02-23,Automated
2026-02-24,AC0036,293911.36,271691.85,2026-02-24,Automated
2026-02-25,AC0036,336149.96,313842.84,2026-02-25,Automated
2026-02-26,AC0036,340568.85,331353.02,2026-02-26,Automated
2026-02-27,AC0036,324001.63,292300.84,2026-02-27,Automated
2026-02-28,AC0036,277382.38,249900.83,2026-02-28,Automated
2026-03-01,AC0036,291727.28,270380.0,2026-03-01,Automated
2026-03-02,AC0036,296326.09,261483.9,2026-03-02,Automated
2026-03-03,AC0036,372055.0,332447.88,2026-03-03,Automated
2026-03-04,AC0036,354574.0,338953.59,2026-03-04,Automated
2026-03-05,AC0036,348287.68,337924.0,2026-03-05,Automated
2026-03-06,AC0036,331515.46,321753.95,2026-03-06,Automated
2026-03-07,AC0036,292635.78,279228.57,2026-03-07,Automated
2026-03-08,AC0036,319776.94,289744.33,2026-03-08,Automated
2026-03-09,AC0036,293962.31,264324.73,2026-03-09,Automated
2026-03-10,AC0036,326875.59,289058.51,2026-03-10,Automated
2026-03-11,AC0036,351016.73,333539.46,2026-03-11,Automated
2026-03-12,AC0036,350017.38,327247.33,2026-03-12,Automated
2026-03-13,AC0036,362184.99,345621.97,2026-03-13,Automated
2026-03-14,AC0036,276722.48,247968.64,2026-03-14,Automated
2026-03-15,AC0036,287512.4,253562.1,2026-03-15,Automated
2026-03-16,AC0036,261514.86,240239.82,2026-03-16,Automated
2026-03-17,AC0036,289870.82,269107.62,2026-03-17,Automated
2026-03-18,AC0036,346897.89,325692.98,2026-03-18,Automated
2026-03-19,AC0036,354921.95,314491.31,2026-03-19,Automated
2026-03-20,AC0036,349854.08,326767.16,2026-03-20,Automated
2026-03-21,AC0036,260919.5,257909.35,2026-03-21,Automated
2026-03-22,AC0036,286739.58,257903.2,2026-03-22,Automated
2026-03-23,AC0036,305059.3,286905.24,2026-03-23,Automated
2026-03-24,AC0036,302791.34,277241.27,2026-03-24,Automated
2026-03-25,AC0036,351993.57,344905.35,2026-03-25,Automated
2026-03-26,AC0036,375001.04,337357.74,2026-03-26,Automated
2026-03-27,AC0036,375475.07,367931.17,2026-03-27,Automated
2026-03-28,AC0036,329599.67,319961.45,2026-03-28,Automated
2026-03-29,AC0036,262095.89,248175.0,2026-03-29,Automated
2026-03-30,AC0036,348251.81,306652.97,2026-03-30,Automated
2026-03-31,AC0036,301370.45,297085.5,2026-03-31,Automated
2026-04-01,AC0036,352693.34,332920.87,2026-04-01,Automated
2026-04-02,AC0036,363785.19,328701.98,2026-04-02,Automated
2026-04-03,AC0036,325843.39,294381.12,2026-04-03,Automated
2026-04-04,AC0036,336616.22,316302.4,2026-04-04,Automated
2026-04-05,AC0036,299542.59,288177.58,2026-04-05,Automated
2026-04-06,AC0036,295428.12,287442.22,2026-04-06,Automated
2026-04-07,AC0036,252446.42,240276.37,2026-04-07,Automated
2026-04-08,AC0036,331924.34,293480.93,2026-04-08,Automated
2026-04-09,AC0036,350439.96,332434.91,2026-04-09,Automated
2026-04-10,AC0036,349541.65,314457.32,2026-04-10,Automated
2026-04-11,AC0036,325611.48,303072.55,2026-04-11,Automated
2026-04-12,AC0036,333943.78,318805.25,2026-04-12,Automated
2026-04-13,AC0036,272309.77,260520.15,2026-04-13,Automated
2026-04-14,AC0036,367677.04,331297.37,2026-04-14,Automated
2026-04-15,AC0036,305313.65,286634.57,2026-04-15,Automated
2026-04-16,AC0036,342224.88,337953.55,2026-04-16,Automated
2026-04-17,AC0036,371926.53,352281.93,2026-04-17,Automated
2026-04-18,AC0036,302585.32,270148.67,2026-04-18,Automated
2026-04-19,AC0036,268329.06,259846.98,2026-04-19,Automated
2026-04-20,AC0036,339985.79,300060.69,2026-04-20,Automated
2026-04-21,AC0036,318847.45,311044.66,2026-04-21,Automated
2026-04-22,AC0036,348423.22,337290.14,2026-04-22,Automated
2026-04-23,AC0036,359506.42,343783.1,2026-04-23,Automated
2026-04-24,AC0036,358508.82,322596.51,2026-04-24,Automated
2026-04-25,AC0036,269365.96,238885.63,2026-04-25,Automated
2026-04-26,AC0036,320435.34,292968.58,2026-04-26,Automated
2026-04-27,AC0036,270682.46,244638.31,2026-04-27,Automated
2026-04-28,AC0036,319370.87,290675.63,2026-04-28,Automated
2026-04-29,AC0036,383045.72,343833.45,2026-04-29,Automated
2026-04-30,AC0036,338137.24,311526.35,2026-04-30,Automated
2026-05-01,AC0036,365264.04,331286.0,2026-05-01,Automated
2026-05-02,AC0036,323706.78,319266.75,2026-05-02,Automated
2026-05-03,AC0036,345585.51,336635.18,2026-05-03,Automated
2026-05-04,AC0036,295749.58,268629.06,2026-05-04,Automated
2026-05-05,AC0036,330022.38,308554.3,2026-05-05,Automated
2026-05-06,AC0036,393977.48,348904.6,2026-05-06,Automated
2026-05-07,AC0036,365666.39,331577.4,2026-05-07,Automated
2026-05-08,AC0036,351336.35,347195.39,2026-05-08,Automated
2026-05-09,AC0036,314921.27,295409.97,2026-05-09,Automated
2026-05-10,AC0036,316096.63,310881.98,2026-05-10,Automated
2026-05-11,AC0036,326301.61,315046.76,2026-05-11,Automated
2026-05-12,AC0036,332927.86,302566.57,2026-05-12,Automated
2026-05-13,AC0036,362506.32,346118.01,2026-05-13,Automated
2026-05-14,AC0036,365622.8,345251.95,2026-05-14,Automated
2026-05-15,AC0036,320178.78,303535.86,2026-05-15,Automated
2026-05-16,AC0036,311603.57,303721.28,2026-05-16,Automated
2026-05-17,AC0036,308462.13,298304.92,2026-05-17,Automated
2026-05-18,AC0036,288080.39,280954.64,2026-05-18,Automated
2026-05-19,AC0036,297390.09,284860.49,2026-05-19,Automated
2026-05-20,AC0036,347906.58,326812.33,2026-05-20,Automated
2026-05-21,AC0036,317641.66,301124.67,2026-05-21,Automated
2026-05-22,AC0036,375574.03,348717.33,2026-05-22,Automated
2026-05-23,AC0036,337170.42,299991.92,2026-05-23,Automated
2026-05-24,AC0036,334855.46,299124.43,2026-05-24,Automated
2026-05-25,AC0036,310243.25,277857.25,2026-05-25,Automated
2026-05-26,AC0036,340991.66,310862.96,2026-05-26,Automated
2026-05-27,AC0036,369871.65,344855.7,2026-05-27,Automated
2026-05-28,AC0036,324196.22,287619.71,2026-05-28,Automated
2026-05-29,AC0036,361034.0,348056.61,2026-05-29,Automated
2026-05-30,AC0036,320871.5,310397.35,2026-05-30,Automated
2026-05-31,AC0036,294624.54,285243.14,2026-05-31,Automated
2026-06-01,AC0036,323588.53,318373.77,2026-06-01,Automated
2026-06-02,AC0036,313059.08,290780.82,2026-06-02,Automated
2026-06-03,AC0036,339639.12,332803.75,2026-06-03,Automated
2026-06-04,AC0036,376128.96,350686.16,2026-06-04,Automated
2026-06-05,AC0036,308932.74,278833.88,2026-06-05,Automated
2026-06-06,AC0036,311768.83,281592.67,2026-06-06,Automated
2026-06-07,AC0036,277617.02,262701.01,2026-06-07,Automated
2026-06-08,AC0036,323295.87,306946.32,2026-06-08,Automated
2026-06-09,AC0036,309801.01,302427.6,2026-06-09,Automated
2026-06-10,AC0036,346556.09,306511.2,2026-06-10,Automated
2026-06-11,AC0036,395299.07,375416.78,2026-06-11,Automated
2026-06-12,AC0036,325603.61,306275.58,2026-06-12,Automated
2026-06-13,AC0036,300076.28,287185.66,2026-06-13,Automated
2026-06-14,AC0036,259797.4,231881.44,2026-06-14,Automated
2026-06-15,AC0036,275908.93,253445.04,2026-06-15,Automated
2026-06-16,AC0036,320540.07,305566.86,2026-06-16,Automated
2026-06-17,AC0036,335390.64,307551.45,2026-06-17,Automated
2026-06-18,AC0036,379603.36,343187.93,2026-06-18,Automated
2026-06-19,AC0036,348804.04,327165.01,2026-06-19,Automated
2026-06-20,AC0036,323383.3,301851.89,2026-06-20,Automated
2026-06-21,AC0036,284344.79,253885.54,2026-06-21,Automated
2026-06-22,AC0036,286603.49,268967.0,2026-06-22,Automated
2026-06-23,AC0036,353472.91,313814.05,2026-06-23,Automated
2026-06-24,AC0036,346980.65,317754.61,2026-06-24,Automated
2026-06-25,AC0036,355029.82,345928.43,2026-06-25,Automated
2026-06-26,AC0036,375292.5,336424.93,2026-06-26,Automated
2026-06-27,AC0036,362161.6,336262.53,2026-06-27,Automated
2026-06-28,AC0036,266092.35,252356.55,2026-06-28,Automated
2026-06-29,AC0036,276159.64,244552.3,2026-06-29,Automated
2026-06-30,AC0036,344692.83,316687.31,2026-06-30,Automated
2026-01-01,AC0037,7867.54,7649.97,2026-01-01,Automated
2026-01-02,AC0037,7858.27,7227.36,2026-01-02,Automated
2026-01-03,AC0037,7621.0,7332.58,2026-01-03,Automated
2026-01-04,AC0037,7492.79,7406.89,2026-01-04,Automated
2026-01-05,AC0037,8378.33,8205.66,2026-01-05,Automated
2026-01-06,AC0037,8437.83,7638.96,2026-01-06,Automated
2026-01-07,AC0037,8101.82,7407.16,2026-01-07,Automated
2026-01-08,AC0037,7864.97,7330.15,2026-01-08,Automated
2026-01-09,AC0037,7549.03,6764.79,2026-01-09,Automated
2026-01-10,AC0037,7108.58,6419.34,2026-01-10,Automated
2026-01-11,AC0037,6982.89,6197.61,2026-01-11,Automated
2026-01-12,AC0037,8219.41,7267.12,2026-01-12,Automated
2026-01-13,AC0037,8793.49,8587.81,2026-01-13,Automated
2026-01-14,AC0037,7897.23,7504.87,2026-01-14,Automated
2026-01-15,AC0037,7912.41,7136.77,2026-01-15,Automated
2026-01-16,AC0037,6510.65,6070.63,2026-01-16,Automated
2026-01-17,AC0037,8179.18,7730.05,2026-01-17,Automated
2026-01-18,AC0037,8666.95,8573.74,2026-01-18,Automated
2026-01-19,AC0037,7241.08,6632.65,2026-01-19,Automated
2026-01-20,AC0037,7179.3,6991.39,2026-01-20,Automated
2026-01-21,AC0037,8298.09,7592.03,2026-01-21,Automated
2026-01-22,AC0037,6349.41,6202.4,2026-01-22,Automated
2026-01-23,AC0037,8165.66,7957.81,2026-01-23,Automated
2026-01-24,AC0037,8386.04,7783.78,2026-01-24,Automated
2026-01-25,AC0037,8080.69,7445.45,2026-01-25,Automated
2026-01-26,AC0037,7497.34,7295.94,2026-01-26,Automated
2026-01-27,AC0037,8608.33,8316.46,2026-01-27,Automated
2026-01-28,AC0037,8177.27,7763.93,2026-01-28,Automated
2026-01-29,AC0037,7551.43,6943.69,2026-01-29,Automated
2026-01-30,AC0037,8287.94,7879.21,2026-01-30,Automated
2026-01-31,AC0037,8224.02,7500.64,2026-01-31,Automated
2026-02-01,AC0037,7707.13,7065.57,2026-02-01,Automated
2026-02-02,AC0037,8288.4,7758.12,2026-02-02,Automated
2026-02-03,AC0037,8269.7,8092.43,2026-02-03,Automated
2026-02-04,AC0037,7838.67,7242.93,2026-02-04,Automated
2026-02-05,AC0037,7930.39,7774.13,2026-02-05,Automated
2026-02-06,AC0037,8037.34,7673.67,2026-02-06,Automated
2026-02-07,AC0037,9433.7,9181.66,2026-02-07,Automated
2026-02-08,AC0037,7508.44,7021.68,2026-02-08,Automated
2026-02-09,AC0037,7797.46,7348.53,2026-02-09,Automated
2026-02-10,AC0037,7744.74,7071.49,2026-02-10,Automated
2026-02-11,AC0037,8115.77,7298.09,2026-02-11,Automated
2026-02-12,AC0037,7791.13,7711.46,2026-02-12,Automated
2026-02-13,AC0037,8179.94,7431.01,2026-02-13,Automated
2026-02-14,AC0037,7189.88,6935.81,2026-02-14,Automated
2026-02-15,AC0037,9273.96,8600.96,2026-02-15,Automated
2026-02-16,AC0037,8309.46,7775.79,2026-02-16,Automated
2026-02-17,AC0037,6852.13,6301.07,2026-02-17,Automated
2026-02-18,AC0037,7143.98,6372.07,2026-02-18,Automated
2026-02-19,AC0037,7834.07,7505.18,2026-02-19,Automated
2026-02-20,AC0037,7419.79,6530.84,2026-02-20,Automated
2026-02-21,AC0037,8156.6,7355.74,2026-02-21,Automated
2026-02-22,AC0037,7550.61,7407.73,2026-02-22,Automated
2026-02-23,AC0037,7326.88,7207.5,2026-02-23,Automated
2026-02-24,AC0037,7855.39,7757.54,2026-02-24,Automated
2026-02-25,AC0037,8094.69,7715.74,2026-02-25,Automated
2026-02-26,AC0037,8755.82,7717.36,2026-02-26,Automated
2026-02-27,AC0037,8860.39,8724.41,2026-02-27,Automated
2026-02-28,AC0037,6927.7,6344.04,2026-02-28,Automated
2026-03-01,AC0037,7549.92,6713.28,2026-03-01,Automated
2026-03-02,AC0037,7947.71,6994.06,2026-03-02,Automated
2026-03-03,AC0037,9003.85,8027.17,2026-03-03,Automated
2026-03-04,AC0037,7181.23,6754.45,2026-03-04,Automated
2026-03-05,AC0037,8874.88,8415.31,2026-03-05,Automated
2026-03-06,AC0037,7385.81,7052.37,2026-03-06,Automated
2026-03-07,AC0037,7060.12,6849.61,2026-03-07,Automated
2026-03-08,AC0037,7269.85,7046.38,2026-03-08,Automated
2026-03-09,AC0037,7236.19,7047.22,2026-03-09,Automated
2026-03-10,AC0037,9800.8,8698.59,2026-03-10,Automated
2026-03-11,AC0037,7971.55,7185.72,2026-03-11,Automated
2026-03-12,AC0037,7294.12,6991.77,2026-03-12,Automated
2026-03-13,AC0037,8722.45,8614.78,2026-03-13,Automated
2026-03-14,AC0037,7743.54,7126.72,2026-03-14,Automated
2026-03-15,AC0037,7443.64,6848.18,2026-03-15,Automated
2026-03-16,AC0037,8136.67,7490.63,2026-03-16,Automated
2026-03-17,AC0037,8269.62,7961.65,2026-03-17,Automated
2026-03-18,AC0037,9224.88,9097.29,2026-03-18,Automated
2026-03-19,AC0037,7580.36,6746.77,2026-03-19,Automated
2026-03-20,AC0037,8988.07,8715.53,2026-03-20,Automated
2026-03-21,AC0037,7740.79,7162.93,2026-03-21,Automated
2026-03-22,AC0037,8278.43,7433.97,2026-03-22,Automated
2026-03-23,AC0037,8617.23,8059.32,2026-03-23,Automated
2026-03-24,AC0037,8721.22,7958.13,2026-03-24,Automated
2026-03-25,AC0037,7773.27,7647.6,2026-03-25,Automated
2026-03-26,AC0037,8318.26,7929.55,2026-03-26,Automated
2026-03-27,AC0037,8025.95,7654.17,2026-03-27,Automated
2026-03-28,AC0037,6735.28,6343.76,2026-03-28,Automated
2026-03-29,AC0037,8656.97,8561.52,2026-03-29,Automated
2026-03-30,AC0037,7308.45,7079.68,2026-03-30,Automated
2026-03-31,AC0037,8535.21,7599.57,2026-03-31,Automated
2026-04-01,AC0037,8083.83,7406.59,2026-04-01,Automated
2026-04-02,AC0037,7990.37,7738.9,2026-04-02,Automated
2026-04-03,AC0037,7609.52,6800.77,2026-04-03,Automated
2026-04-04,AC0037,8401.37,7854.7,2026-04-04,Automated
2026-04-05,AC0037,7102.28,6946.8,2026-04-05,Automated
2026-04-06,AC0037,8432.24,7637.26,2026-04-06,Automated
2026-04-07,AC0037,8006.12,7597.82,2026-04-07,Automated
2026-04-08,AC0037,8487.71,7839.31,2026-04-08,Automated
2026-04-09,AC0037,7841.58,7748.0,2026-04-09,Automated
2026-04-10,AC0037,9143.48,8723.27,2026-04-10,Automated
2026-04-11,AC0037,7018.98,6330.67,2026-04-11,Automated
2026-04-12,AC0037,8456.68,7528.23,2026-04-12,Automated
2026-04-13,AC0037,7630.22,7064.55,2026-04-13,Automated
2026-04-14,AC0037,7388.03,6973.69,2026-04-14,Automated
2026-04-15,AC0037,6596.97,6013.0,2026-04-15,Automated
2026-04-16,AC0037,6848.62,6675.05,2026-04-16,Automated
2026-04-17,AC0037,8079.44,7431.6,2026-04-17,Automated
2026-04-18,AC0037,8516.92,7863.31,2026-04-18,Automated
2026-04-19,AC0037,8036.2,7851.98,2026-04-19,Automated
2026-04-20,AC0037,7933.16,7230.53,2026-04-20,Automated
2026-04-21,AC0037,8871.8,8443.34,2026-04-21,Automated
2026-04-22,AC0037,8046.78,7608.75,2026-04-22,Automated
2026-04-23,AC0037,8062.96,7683.36,2026-04-23,Automated
2026-04-24,AC0037,7282.82,7010.77,2026-04-24,Automated
2026-04-25,AC0037,8865.07,8265.1,2026-04-25,Automated
2026-04-26,AC0037,8021.27,7207.19,2026-04-26,Automated
2026-04-27,AC0037,6749.04,6519.72,2026-04-27,Automated
2026-04-28,AC0037,7816.49,6886.48,2026-04-28,Automated
2026-04-29,AC0037,7787.34,6977.73,2026-04-29,Automated
2026-04-30,AC0037,9297.79,9166.33,2026-04-30,Automated
2026-05-01,AC0037,8146.25,7404.86,2026-05-01,Automated
2026-05-02,AC0037,8241.43,8156.52,2026-05-02,Automated
2026-05-03,AC0037,6940.03,6126.42,2026-05-03,Automated
2026-05-04,AC0037,8012.91,7436.76,2026-05-04,Automated
2026-05-05,AC0037,7296.86,6522.48,2026-05-05,Automated
2026-05-06,AC0037,8166.56,8066.97,2026-05-06,Automated
2026-05-07,AC0037,7105.23,6849.03,2026-05-07,Automated
2026-05-08,AC0037,8224.3,7725.6,2026-05-08,Automated
2026-05-09,AC0037,7014.88,6478.8,2026-05-09,Automated
2026-05-10,AC0037,7930.67,7838.63,2026-05-10,Automated
2026-05-11,AC0037,8954.06,8514.14,2026-05-11,Automated
2026-05-12,AC0037,7670.61,7090.58,2026-05-12,Automated
2026-05-13,AC0037,8652.5,7766.44,2026-05-13,Automated
2026-05-14,AC0037,8037.88,7493.35,2026-05-14,Automated
2026-05-15,AC0037,8668.43,7806.2,2026-05-15,Automated
2026-05-16,AC0037,8050.49,7328.4,2026-05-16,Automated
2026-05-17,AC0037,8883.75,7960.8,2026-05-17,Automated
2026-05-18,AC0037,8185.9,7924.63,2026-05-18,Automated
2026-05-19,AC0037,8921.04,8265.1,2026-05-19,Automated
2026-05-20,AC0037,7971.02,7792.27,2026-05-20,Automated
2026-05-21,AC0037,8573.56,8142.49,2026-05-21,Automated
2026-05-22,AC0037,6954.74,6587.92,2026-05-22,Automated
2026-05-23,AC0037,8350.76,7764.21,2026-05-23,Automated
2026-05-24,AC0037,7634.61,7075.65,2026-05-24,Automated
2026-05-25,AC0037,8845.89,7964.19,2026-05-25,Automated
2026-05-26,AC0037,8096.32,7245.94,2026-05-26,Automated
2026-05-27,AC0037,7974.6,7562.45,2026-05-27,Automated
2026-05-28,AC0037,8269.71,7453.34,2026-05-28,Automated
2026-05-29,AC0037,8270.43,7671.69,2026-05-29,Automated
2026-05-30,AC0037,7871.46,7660.28,2026-05-30,Automated
2026-05-31,AC0037,8522.9,7993.47,2026-05-31,Automated
2026-06-01,AC0037,8015.7,7916.64,2026-06-01,Automated
2026-06-02,AC0037,7268.19,6709.39,2026-06-02,Automated
2026-06-03,AC0037,8907.4,7989.81,2026-06-03,Automated
2026-06-04,AC0037,7949.76,7135.96,2026-06-04,Automated
2026-06-05,AC0037,7200.17,6481.0,2026-06-05,Automated
2026-06-06,AC0037,7328.19,7212.31,2026-06-06,Automated
2026-06-07,AC0037,7622.79,7230.84,2026-06-07,Automated
2026-06-08,AC0037,8868.54,8118.46,2026-06-08,Automated
2026-06-09,AC0037,7980.14,7893.7,2026-06-09,Automated
2026-06-10,AC0037,7428.06,7235.22,2026-06-10,Automated
2026-06-11,AC0037,7422.33,7210.5,2026-06-11,Automated
2026-06-12,AC0037,7568.84,6987.64,2026-06-12,Automated
2026-06-13,AC0037,7947.26,7626.94,2026-06-13,Automated
2026-06-14,AC0037,8721.78,8135.36,2026-06-14,Automated
2026-06-15,AC0037,8823.7,8448.44,2026-06-15,Automated
2026-06-16,AC0037,7882.96,7251.64,2026-06-16,Automated
2026-06-17,AC0037,9607.31,9025.44,2026-06-17,Automated
2026-06-18,AC0037,8736.86,8168.44,2026-06-18,Automated
2026-06-19,AC0037,8970.45,8733.88,2026-06-19,Automated
2026-06-20,AC0037,7862.92,6928.43,2026-06-20,Automated
2026-06-21,AC0037,8597.73,8064.47,2026-06-21,Automated
2026-06-22,AC0037,7642.95,7358.48,2026-06-22,Automated
2026-06-23,AC0037,8685.65,8291.22,2026-06-23,Automated
2026-06-24,AC0037,8484.04,8392.83,2026-06-24,Automated
2026-06-25,AC0037,8405.62,7858.12,2026-06-25,Automated
2026-06-26,AC0037,8817.16,8628.41,2026-06-26,Automated
2026-06-27,AC0037,7790.0,6969.29,2026-06-27,Automated
2026-06-28,AC0037,9360.82,9035.83,2026-06-28,Automated
2026-06-29,AC0037,8419.28,8008.69,2026-06-29,Automated
2026-06-30,AC0037,8617.82,7827.52,2026-06-30,Automated
2026-01-01,AC0038,4668302.27,4552473.05,2026-01-01,Automated
2026-01-02,AC0038,4848047.44,4527070.35,2026-01-02,Automated
2026-01-03,AC0038,4187962.82,3918114.33,2026-01-03,Automated
2026-01-04,AC0038,3969448.09,3557035.72,2026-01-04,Automated
2026-01-05,AC0038,5301312.64,5227246.32,2026-01-05,Automated
2026-01-06,AC0038,4928035.33,4805722.11,2026-01-06,Automated
2026-01-07,AC0038,5619544.14,5559976.0,2026-01-07,Automated
2026-01-08,AC0038,4603198.16,4360265.06,2026-01-08,Automated
2026-01-09,AC0038,4442592.45,4312137.17,2026-01-09,Automated
2026-01-10,AC0038,5274686.91,5104279.43,2026-01-10,Automated
2026-01-11,AC0038,4444103.33,4269690.15,2026-01-11,Automated
2026-01-12,AC0038,4977276.59,4543037.65,2026-01-12,Automated
2026-01-13,AC0038,5195403.36,4718330.21,2026-01-13,Automated
2026-01-14,AC0038,5365602.21,4789088.39,2026-01-14,Automated
2026-01-15,AC0038,4790272.5,4630358.36,2026-01-15,Automated
2026-01-16,AC0038,4747835.84,4185373.03,2026-01-16,Automated
2026-01-17,AC0038,4154620.61,3879841.6,2026-01-17,Automated
2026-01-18,AC0038,4581545.51,4213398.76,2026-01-18,Automated
2026-01-19,AC0038,5208666.66,4700651.19,2026-01-19,Automated
2026-01-20,AC0038,5910175.62,5416321.72,2026-01-20,Automated
2026-01-21,AC0038,5276569.71,5130494.12,2026-01-21,Automated
2026-01-22,AC0038,5173307.65,4757545.65,2026-01-22,Automated
2026-01-23,AC0038,4847873.17,4272601.63,2026-01-23,Automated
2026-01-24,AC0038,4146545.63,3922886.94,2026-01-24,Automated
2026-01-25,AC0038,4383916.85,4187713.27,2026-01-25,Automated
2026-01-26,AC0038,5093040.63,4615504.32,2026-01-26,Automated
2026-01-27,AC0038,5144398.22,4742237.04,2026-01-27,Automated
2026-01-28,AC0038,5945629.12,5855695.42,2026-01-28,Automated
2026-01-29,AC0038,4350266.51,4097239.87,2026-01-29,Automated
2026-01-30,AC0038,4575075.94,4179342.72,2026-01-30,Automated
2026-01-31,AC0038,4849606.62,4297706.86,2026-01-31,Automated
2026-02-01,AC0038,5760341.46,5377003.44,2026-02-01,Automated
2026-02-02,AC0038,5147827.05,4744468.94,2026-02-02,Automated
2026-02-03,AC0038,5703252.44,5317965.84,2026-02-03,Automated
2026-02-04,AC0038,5099391.36,4739241.02,2026-02-04,Automated
2026-02-05,AC0038,5196685.2,4850467.17,2026-02-05,Automated
2026-02-06,AC0038,5178832.16,4984444.39,2026-02-06,Automated
2026-02-07,AC0038,5137313.78,4604903.76,2026-02-07,Automated
2026-02-08,AC0038,4935123.39,4794380.69,2026-02-08,Automated
2026-02-09,AC0038,5446879.73,5105134.97,2026-02-09,Automated
2026-02-10,AC0038,5445808.69,5200706.17,2026-02-10,Automated
2026-02-11,AC0038,5371612.38,4848445.23,2026-02-11,Automated
2026-02-12,AC0038,4806325.63,4289069.45,2026-02-12,Automated
2026-02-13,AC0038,4606607.57,4288647.74,2026-02-13,Automated
2026-02-14,AC0038,3685519.53,3524554.19,2026-02-14,Automated
2026-02-15,AC0038,5254408.45,4775656.66,2026-02-15,Automated
2026-02-16,AC0038,4945961.88,4818984.91,2026-02-16,Automated
2026-02-17,AC0038,5823693.12,5139361.26,2026-02-17,Automated
2026-02-18,AC0038,5481025.77,5419988.85,2026-02-18,Automated
2026-02-19,AC0038,5229322.87,4613506.6,2026-02-19,Automated
2026-02-20,AC0038,4991469.74,4716785.65,2026-02-20,Automated
2026-02-21,AC0038,4015058.43,3761574.56,2026-02-21,Automated
2026-02-22,AC0038,4884823.37,4762479.14,2026-02-22,Automated
2026-02-23,AC0038,6307616.12,6145529.9,2026-02-23,Automated
2026-02-24,AC0038,5648371.19,5463372.22,2026-02-24,Automated
2026-02-25,AC0038,5193164.02,4800319.18,2026-02-25,Automated
2026-02-26,AC0038,4412600.07,4040886.4,2026-02-26,Automated
2026-02-27,AC0038,4254450.67,4100193.12,2026-02-27,Automated
2026-02-28,AC0038,4614319.1,4567515.97,2026-02-28,Automated
2026-03-01,AC0038,4578583.87,4358301.91,2026-03-01,Automated
2026-03-02,AC0038,5956368.56,5256974.61,2026-03-02,Automated
2026-03-03,AC0038,5338211.33,4723463.07,2026-03-03,Automated
2026-03-04,AC0038,4931157.0,4422552.66,2026-03-04,Automated
2026-03-05,AC0038,4607240.5,4154575.02,2026-03-05,Automated
2026-03-06,AC0038,4276819.17,4145836.23,2026-03-06,Automated
2026-03-07,AC0038,3967062.54,3617327.41,2026-03-07,Automated
2026-03-08,AC0038,5381381.84,4831382.27,2026-03-08,Automated
2026-03-09,AC0038,5328253.88,4807459.43,2026-03-09,Automated
2026-03-10,AC0038,5077892.81,4985957.93,2026-03-10,Automated
2026-03-11,AC0038,5693955.1,5241996.85,2026-03-11,Automated
2026-03-12,AC0038,5514005.45,5299592.2,2026-03-12,Automated
2026-03-13,AC0038,4636257.51,4218722.5,2026-03-13,Automated
2026-03-14,AC0038,5142252.15,4939198.53,2026-03-14,Automated
2026-03-15,AC0038,4133072.06,4004693.0,2026-03-15,Automated
2026-03-16,AC0038,4285858.51,4210595.46,2026-03-16,Automated
2026-03-17,AC0038,6425044.96,6325454.49,2026-03-17,Automated
2026-03-18,AC0038,5324168.11,5094979.83,2026-03-18,Automated
2026-03-19,AC0038,5631778.68,5044409.21,2026-03-19,Automated
2026-03-20,AC0038,4953544.29,4503645.0,2026-03-20,Automated
2026-03-21,AC0038,4185838.86,3835270.18,2026-03-21,Automated
2026-03-22,AC0038,4641648.69,4156540.57,2026-03-22,Automated
2026-03-23,AC0038,4973697.91,4568668.19,2026-03-23,Automated
2026-03-24,AC0038,4868387.28,4665450.82,2026-03-24,Automated
2026-03-25,AC0038,5367597.89,5009323.25,2026-03-25,Automated
2026-03-26,AC0038,5532577.16,5386898.16,2026-03-26,Automated
2026-03-27,AC0038,4852186.11,4507854.29,2026-03-27,Automated
2026-03-28,AC0038,5448147.57,5327678.1,2026-03-28,Automated
2026-03-29,AC0038,4737342.62,4222447.67,2026-03-29,Automated
2026-03-30,AC0038,4846689.68,4510940.51,2026-03-30,Automated
2026-03-31,AC0038,4931235.53,4868787.29,2026-03-31,Automated
2026-04-01,AC0038,5084712.0,4583200.34,2026-04-01,Automated
2026-04-02,AC0038,5968351.99,5900389.23,2026-04-02,Automated
2026-04-03,AC0038,5400846.58,5325626.05,2026-04-03,Automated
2026-04-04,AC0038,4026185.68,3793591.69,2026-04-04,Automated
2026-04-05,AC0038,4673988.93,4426832.67,2026-04-05,Automated
2026-04-06,AC0038,4905918.21,4526097.49,2026-04-06,Automated
2026-04-07,AC0038,5589031.48,4950446.71,2026-04-07,Automated
2026-04-08,AC0038,5828055.9,5597230.1,2026-04-08,Automated
2026-04-09,AC0038,5272972.56,4779689.64,2026-04-09,Automated
2026-04-10,AC0038,5083240.68,4647064.97,2026-04-10,Automated
2026-04-11,AC0038,5208962.15,5115344.88,2026-04-11,Automated
2026-04-12,AC0038,4765390.0,4382283.37,2026-04-12,Automated
2026-04-13,AC0038,5061370.16,4526410.54,2026-04-13,Automated
2026-04-14,AC0038,5606479.64,4949439.75,2026-04-14,Automated
2026-04-15,AC0038,5124567.34,4869663.46,2026-04-15,Automated
2026-04-16,AC0038,5332430.13,4910050.65,2026-04-16,Automated
2026-04-17,AC0038,4741857.55,4337819.07,2026-04-17,Automated
2026-04-18,AC0038,3935277.46,3674556.23,2026-04-18,Automated
2026-04-19,AC0038,4802172.35,4371900.59,2026-04-19,Automated
2026-04-20,AC0038,4661010.05,4495014.46,2026-04-20,Automated
2026-04-21,AC0038,4657084.6,4571799.33,2026-04-21,Automated
2026-04-22,AC0038,5430413.81,4842228.96,2026-04-22,Automated
2026-04-23,AC0038,5477613.72,5347740.38,2026-04-23,Automated
2026-04-24,AC0038,4439286.39,4266814.45,2026-04-24,Automated
2026-04-25,AC0038,4351033.92,3925171.04,2026-04-25,Automated
2026-04-26,AC0038,4664767.38,4602406.26,2026-04-26,Automated
2026-04-27,AC0038,4407966.87,4054692.46,2026-04-27,Automated
2026-04-28,AC0038,5361859.07,4851131.49,2026-04-28,Automated
2026-04-29,AC0038,5593414.2,5360695.44,2026-04-29,Automated
2026-04-30,AC0038,4780728.82,4557097.61,2026-04-30,Automated
2026-05-01,AC0038,4377815.65,3998551.8,2026-05-01,Automated
2026-05-02,AC0038,4585222.28,4270589.31,2026-05-02,Automated
2026-05-03,AC0038,3933144.56,3724134.81,2026-05-03,Automated
2026-05-04,AC0038,5504903.46,4920765.75,2026-05-04,Automated
2026-05-05,AC0038,5258490.02,4994909.2,2026-05-05,Automated
2026-05-06,AC0038,5860263.68,5342203.42,2026-05-06,Automated
2026-05-07,AC0038,4960572.3,4805783.62,2026-05-07,Automated
2026-05-08,AC0038,4371694.04,3953457.65,2026-05-08,Automated
2026-05-09,AC0038,4261327.49,4129246.09,2026-05-09,Automated
2026-05-10,AC0038,3922841.75,3467582.67,2026-05-10,Automated
2026-05-11,AC0038,4596654.09,4123320.43,2026-05-11,Automated
2026-05-12,AC0038,5440334.05,5342028.16,2026-05-12,Automated
2026-05-13,AC0038,5903075.73,5289302.31,2026-05-13,Automated
2026-05-14,AC0038,5152071.48,4565148.23,2026-05-14,Automated
2026-05-15,AC0038,3420968.16,3382395.07,2026-05-15,Automated
2026-05-16,AC0038,4491318.97,4086257.82,2026-05-16,Automated
2026-05-17,AC0038,4612861.51,4233289.86,2026-05-17,Automated
2026-05-18,AC0038,5507756.64,5294046.66,2026-05-18,Automated
2026-05-19,AC0038,5669215.87,5181615.04,2026-05-19,Automated
2026-05-20,AC0038,5956467.18,5365260.4,2026-05-20,Automated
2026-05-21,AC0038,5553628.49,5389738.08,2026-05-21,Automated
2026-05-22,AC0038,4543752.8,4239741.97,2026-05-22,Automated
2026-05-23,AC0038,4540330.87,4225526.01,2026-05-23,Automated
2026-05-24,AC0038,4949187.43,4444035.93,2026-05-24,Automated
2026-05-25,AC0038,5247248.34,4908879.38,2026-05-25,Automated
2026-05-26,AC0038,5300657.95,4961723.29,2026-05-26,Automated
2026-05-27,AC0038,5416312.94,5309182.92,2026-05-27,Automated
2026-05-28,AC0038,4899579.8,4423801.46,2026-05-28,Automated
2026-05-29,AC0038,4035168.28,3847905.41,2026-05-29,Automated
2026-05-30,AC0038,4591417.97,4402991.73,2026-05-30,Automated
2026-05-31,AC0038,4609818.42,4513701.12,2026-05-31,Automated
2026-06-01,AC0038,5262567.33,4858510.16,2026-06-01,Automated
2026-06-02,AC0038,4984862.92,4686987.19,2026-06-02,Automated
2026-06-03,AC0038,5011293.9,4515922.19,2026-06-03,Automated
2026-06-04,AC0038,4686872.48,4259298.7,2026-06-04,Automated
2026-06-05,AC0038,4608915.53,4257915.12,2026-06-05,Automated
2026-06-06,AC0038,4879657.66,4560352.74,2026-06-06,Automated
2026-06-07,AC0038,4371050.86,4149266.45,2026-06-07,Automated
2026-06-08,AC0038,6000259.41,5922911.2,2026-06-08,Automated
2026-06-09,AC0038,5356292.82,5006981.04,2026-06-09,Automated
2026-06-10,AC0038,5261488.95,5113232.08,2026-06-10,Automated
2026-06-11,AC0038,5022857.86,4608808.13,2026-06-11,Automated
2026-06-12,AC0038,4836837.76,4623924.67,2026-06-12,Automated
2026-06-13,AC0038,4210275.42,3845870.8,2026-06-13,Automated
2026-06-14,AC0038,4443907.31,4049269.9,2026-06-14,Automated
2026-06-15,AC0038,5119157.17,4542971.73,2026-06-15,Automated
2026-06-16,AC0038,6183390.73,5732587.35,2026-06-16,Automated
2026-06-17,AC0038,4936998.23,4864191.95,2026-06-17,Automated
2026-06-18,AC0038,5357834.05,5275968.84,2026-06-18,Automated
2026-06-19,AC0038,4927005.45,4743089.73,2026-06-19,Automated
2026-06-20,AC0038,4312535.02,3893638.75,2026-06-20,Automated
2026-06-21,AC0038,4644925.64,4554354.33,2026-06-21,Automated
2026-06-22,AC0038,5327227.89,5006582.26,2026-06-22,Automated
2026-06-23,AC0038,5452109.85,4930414.39,2026-06-23,Automated
2026-06-24,AC0038,4942380.55,4728570.54,2026-06-24,Automated
2026-06-25,AC0038,4647029.11,4176561.19,2026-06-25,Automated
2026-06-26,AC0038,4072353.1,3959384.09,2026-06-26,Automated
2026-06-27,AC0038,4338864.6,4261692.5,2026-06-27,Automated
2026-06-28,AC0038,4157575.55,3786587.25,2026-06-28,Automated
2026-06-29,AC0038,4854783.01,4401548.08,2026-06-29,Automated
2026-06-30,AC0038,5559192.62,5010592.13,2026-06-30,Automated
2026-01-01,AC0039,3825291.25,3397117.31,2026-01-01,Automated
2026-01-02,AC0039,3411657.76,3268449.63,2026-01-02,Automated
2026-01-03,AC0039,3353458.28,3053294.92,2026-01-03,Automated
2026-01-04,AC0039,3274861.49,3213622.24,2026-01-04,Automated
2026-01-05,AC0039,3317795.19,3253873.41,2026-01-05,Automated
2026-01-06,AC0039,2568531.29,2363711.17,2026-01-06,Automated
2026-01-07,AC0039,3700914.39,3594209.68,2026-01-07,Automated
2026-01-08,AC0039,3295745.18,3208970.46,2026-01-08,Automated
2026-01-09,AC0039,3714986.44,3289638.74,2026-01-09,Automated
2026-01-10,AC0039,3237219.66,2867913.13,2026-01-10,Automated
2026-01-11,AC0039,2993324.47,2933109.58,2026-01-11,Automated
2026-01-12,AC0039,2615974.46,2371948.86,2026-01-12,Automated
2026-01-13,AC0039,2735940.05,2455722.75,2026-01-13,Automated
2026-01-14,AC0039,2871306.12,2645762.11,2026-01-14,Automated
2026-01-15,AC0039,3380972.21,3200931.1,2026-01-15,Automated
2026-01-16,AC0039,3676687.92,3326814.27,2026-01-16,Automated
2026-01-17,AC0039,3137338.96,2915570.76,2026-01-17,Automated
2026-01-18,AC0039,3385366.41,3159028.7,2026-01-18,Automated
2026-01-19,AC0039,2885335.65,2832068.62,2026-01-19,Automated
2026-01-20,AC0039,2253618.16,2039742.69,2026-01-20,Automated
2026-01-21,AC0039,3554272.52,3220608.36,2026-01-21,Automated
2026-01-22,AC0039,3304320.98,3180824.87,2026-01-22,Automated
2026-01-23,AC0039,3635001.62,3399132.91,2026-01-23,Automated
2026-01-24,AC0039,3469518.87,3097890.8,2026-01-24,Automated
2026-01-25,AC0039,3378543.01,3184094.8,2026-01-25,Automated
2026-01-26,AC0039,2842173.62,2610564.32,2026-01-26,Automated
2026-01-27,AC0039,2798775.19,2506313.44,2026-01-27,Automated
2026-01-28,AC0039,2985573.9,2849832.89,2026-01-28,Automated
2026-01-29,AC0039,3930228.06,3798597.69,2026-01-29,Automated
2026-01-30,AC0039,3980466.15,3916271.51,2026-01-30,Automated
2026-01-31,AC0039,3619725.68,3508867.89,2026-01-31,Automated
2026-02-01,AC0039,3469172.62,3186897.89,2026-02-01,Automated
2026-02-02,AC0039,2892234.53,2578005.73,2026-02-02,Automated
2026-02-03,AC0039,3138789.64,2848093.05,2026-02-03,Automated
2026-02-04,AC0039,3162771.79,3072796.26,2026-02-04,Automated
2026-02-05,AC0039,3740183.3,3697698.82,2026-02-05,Automated
2026-02-06,AC0039,3338273.9,3267662.06,2026-02-06,Automated
2026-02-07,AC0039,3415936.52,3216881.6,2026-02-07,Automated
2026-02-08,AC0039,3281737.07,2931456.19,2026-02-08,Automated
2026-02-09,AC0039,2995042.84,2954241.99,2026-02-09,Automated
2026-02-10,AC0039,2546835.78,2475025.73,2026-02-10,Automated
2026-02-11,AC0039,3436732.67,3328208.84,2026-02-11,Automated
2026-02-12,AC0039,3579664.97,3252688.68,2026-02-12,Automated
2026-02-13,AC0039,2963308.93,2640044.85,2026-02-13,Automated
2026-02-14,AC0039,3176778.37,2896521.64,2026-02-14,Automated
2026-02-15,AC0039,3068500.57,2841803.69,2026-02-15,Automated
2026-02-16,AC0039,2757405.97,2650373.82,2026-02-16,Automated
2026-02-17,AC0039,2341148.32,2190592.25,2026-02-17,Automated
2026-02-18,AC0039,3013848.96,2724121.37,2026-02-18,Automated
2026-02-19,AC0039,3389143.99,3062746.01,2026-02-19,Automated
2026-02-20,AC0039,3870174.39,3814766.44,2026-02-20,Automated
2026-02-21,AC0039,3517110.19,3276920.2,2026-02-21,Automated
2026-02-22,AC0039,3339966.63,3154714.34,2026-02-22,Automated
2026-02-23,AC0039,3037375.97,2792984.52,2026-02-23,Automated
2026-02-24,AC0039,3049044.37,2931274.97,2026-02-24,Automated
2026-02-25,AC0039,3199770.69,3137536.55,2026-02-25,Automated
2026-02-26,AC0039,3510627.81,3134777.53,2026-02-26,Automated
2026-02-27,AC0039,3368327.62,3028927.34,2026-02-27,Automated
2026-02-28,AC0039,3483222.6,3417996.55,2026-02-28,Automated
2026-03-01,AC0039,3371990.67,3243011.12,2026-03-01,Automated
2026-03-02,AC0039,3183283.95,3115486.13,2026-03-02,Automated
2026-03-03,AC0039,2928107.92,2590863.23,2026-03-03,Automated
2026-03-04,AC0039,3394796.32,3360643.44,2026-03-04,Automated
2026-03-05,AC0039,3452882.73,3362206.01,2026-03-05,Automated
2026-03-06,AC0039,3229095.56,3015726.15,2026-03-06,Automated
2026-03-07,AC0039,3630917.3,3399730.43,2026-03-07,Automated
2026-03-08,AC0039,2615944.18,2363473.56,2026-03-08,Automated
2026-03-09,AC0039,2905070.33,2737580.57,2026-03-09,Automated
2026-03-10,AC0039,3034377.0,2930488.42,2026-03-10,Automated
2026-03-11,AC0039,3278894.26,3060894.34,2026-03-11,Automated
2026-03-12,AC0039,3582998.71,3192200.52,2026-03-12,Automated
2026-03-13,AC0039,3505558.69,3365595.12,2026-03-13,Automated
2026-03-14,AC0039,3358405.87,3174978.81,2026-03-14,Automated
2026-03-15,AC0039,2990027.37,2718789.59,2026-03-15,Automated
2026-03-16,AC0039,3119445.09,2753945.18,2026-03-16,Automated
2026-03-17,AC0039,3041026.29,2711239.66,2026-03-17,Automated
2026-03-18,AC0039,3178791.24,2873245.33,2026-03-18,Automated
2026-03-19,AC0039,3509546.57,3458565.51,2026-03-19,Automated
2026-03-20,AC0039,3208263.7,2984829.46,2026-03-20,Automated
2026-03-21,AC0039,3166469.47,3034216.01,2026-03-21,Automated
2026-03-22,AC0039,3130496.04,2970509.42,2026-03-22,Automated
2026-03-23,AC0039,2955830.4,2608559.42,2026-03-23,Automated
2026-03-24,AC0039,2648316.23,2390438.41,2026-03-24,Automated
2026-03-25,AC0039,2808636.41,2599490.02,2026-03-25,Automated
2026-03-26,AC0039,3682247.41,3569381.91,2026-03-26,Automated
2026-03-27,AC0039,3337701.02,3274883.16,2026-03-27,Automated
2026-03-28,AC0039,3508566.53,3291587.14,2026-03-28,Automated
2026-03-29,AC0039,3149922.4,3064514.15,2026-03-29,Automated
2026-03-30,AC0039,2988504.44,2639430.71,2026-03-30,Automated
2026-03-31,AC0039,2675906.55,2430139.82,2026-03-31,Automated
2026-04-01,AC0039,3313927.46,3171190.37,2026-04-01,Automated
2026-04-02,AC0039,3884030.56,3468669.28,2026-04-02,Automated
2026-04-03,AC0039,3103654.01,2758983.54,2026-04-03,Automated
2026-04-04,AC0039,3233497.42,3120267.59,2026-04-04,Automated
2026-04-05,AC0039,3044645.41,2722902.41,2026-04-05,Automated
2026-04-06,AC0039,2638247.09,2506393.93,2026-04-06,Automated
2026-04-07,AC0039,3244811.42,3161185.11,2026-04-07,Automated
2026-04-08,AC0039,3168721.61,2837757.76,2026-04-08,Automated
2026-04-09,AC0039,3284605.85,3244057.36,2026-04-09,Automated
2026-04-10,AC0039,3708379.72,3299896.83,2026-04-10,Automated
2026-04-11,AC0039,3746249.19,3351479.67,2026-04-11,Automated
2026-04-12,AC0039,3685443.15,3455032.41,2026-04-12,Automated
2026-04-13,AC0039,2639362.96,2369165.28,2026-04-13,Automated
2026-04-14,AC0039,3296474.7,3083157.17,2026-04-14,Automated
2026-04-15,AC0039,3292620.15,3172733.03,2026-04-15,Automated
2026-04-16,AC0039,2979914.19,2863612.7,2026-04-16,Automated
2026-04-17,AC0039,3906941.49,3647027.49,2026-04-17,Automated
2026-04-18,AC0039,3340855.81,3262999.11,2026-04-18,Automated
2026-04-19,AC0039,3161702.45,3052549.58,2026-04-19,Automated
2026-04-20,AC0039,2940285.25,2601783.54,2026-04-20,Automated
2026-04-21,AC0039,3201614.74,3060516.48,2026-04-21,Automated
2026-04-22,AC0039,3365628.53,3318692.1,2026-04-22,Automated
2026-04-23,AC0039,3194074.1,3074807.01,2026-04-23,Automated
2026-04-24,AC0039,3438695.82,3156625.05,2026-04-24,Automated
2026-04-25,AC0039,3247878.68,2894901.25,2026-04-25,Automated
2026-04-26,AC0039,3000427.39,2761958.58,2026-04-26,Automated
2026-04-27,AC0039,2944520.35,2655605.41,2026-04-27,Automated
2026-04-28,AC0039,2785813.26,2497720.71,2026-04-28,Automated
2026-04-29,AC0039,2640831.11,2561794.03,2026-04-29,Automated
2026-04-30,AC0039,3239708.72,2950599.53,2026-04-30,Automated
2026-05-01,AC0039,3492929.62,3325067.89,2026-05-01,Automated
2026-05-02,AC0039,2999693.9,2893258.29,2026-05-02,Automated
2026-05-03,AC0039,3510887.57,3113105.44,2026-05-03,Automated
2026-05-04,AC0039,2735739.01,2607110.28,2026-05-04,Automated
2026-05-05,AC0039,2882967.92,2605702.38,2026-05-05,Automated
2026-05-06,AC0039,2853066.32,2559365.55,2026-05-06,Automated
2026-05-07,AC0039,3426875.91,3225553.87,2026-05-07,Automated
2026-05-08,AC0039,3369017.04,3045220.8,2026-05-08,Automated
2026-05-09,AC0039,3044608.6,2965128.3,2026-05-09,Automated
2026-05-10,AC0039,3240209.28,3100539.76,2026-05-10,Automated
2026-05-11,AC0039,2963812.24,2737883.86,2026-05-11,Automated
2026-05-12,AC0039,2950361.37,2812249.58,2026-05-12,Automated
2026-05-13,AC0039,3728982.86,3368477.86,2026-05-13,Automated
2026-05-14,AC0039,3680043.86,3475639.15,2026-05-14,Automated
2026-05-15,AC0039,3238843.85,2911245.37,2026-05-15,Automated
2026-05-16,AC0039,3298562.97,3015697.78,2026-05-16,Automated
2026-05-17,AC0039,3049446.46,2949344.81,2026-05-17,Automated
2026-05-18,AC0039,2650036.54,2450829.8,2026-05-18,Automated
2026-05-19,AC0039,2803311.24,2627707.03,2026-05-19,Automated
2026-05-20,AC0039,3039935.24,2722121.89,2026-05-20,Automated
2026-05-21,AC0039,3464373.91,3094217.58,2026-05-21,Automated
2026-05-22,AC0039,3360964.26,3128130.98,2026-05-22,Automated
2026-05-23,AC0039,3468122.85,3396875.08,2026-05-23,Automated
2026-05-24,AC0039,3224652.24,2981957.24,2026-05-24,Automated
2026-05-25,AC0039,3224302.27,2867005.94,2026-05-25,Automated
2026-05-26,AC0039,2865381.68,2739872.97,2026-05-26,Automated
2026-05-27,AC0039,2757976.51,2678659.97,2026-05-27,Automated
2026-05-28,AC0039,3736970.07,3477458.7,2026-05-28,Automated
2026-05-29,AC0039,3527670.56,3151435.71,2026-05-29,Automated
2026-05-30,AC0039,3717878.82,3371208.67,2026-05-30,Automated
2026-05-31,AC0039,2881081.63,2626589.73,2026-05-31,Automated
2026-06-01,AC0039,3145065.8,3038953.37,2026-06-01,Automated
2026-06-02,AC0039,2771078.86,2714984.81,2026-06-02,Automated
2026-06-03,AC0039,3727607.27,3357951.98,2026-06-03,Automated
2026-06-04,AC0039,3534229.37,3384983.78,2026-06-04,Automated
2026-06-05,AC0039,3850773.99,3775174.27,2026-06-05,Automated
2026-06-06,AC0039,3246892.37,2899166.56,2026-06-06,Automated
2026-06-07,AC0039,3477997.17,3384679.81,2026-06-07,Automated
2026-06-08,AC0039,3344034.59,3125642.96,2026-06-08,Automated
2026-06-09,AC0039,2754789.9,2450627.41,2026-06-09,Automated
2026-06-10,AC0039,3076747.18,2951439.74,2026-06-10,Automated
2026-06-11,AC0039,3570250.56,3343713.89,2026-06-11,Automated
2026-06-12,AC0039,3301072.05,3214673.28,2026-06-12,Automated
2026-06-13,AC0039,3566405.35,3452376.08,2026-06-13,Automated
2026-06-14,AC0039,3039613.4,2709962.78,2026-06-14,Automated
2026-06-15,AC0039,2805716.28,2700758.95,2026-06-15,Automated
2026-06-16,AC0039,2894031.15,2570812.74,2026-06-16,Automated
2026-06-17,AC0039,3199223.15,3076183.81,2026-06-17,Automated
2026-06-18,AC0039,3675342.6,3291614.13,2026-06-18,Automated
2026-06-19,AC0039,3380112.78,3307173.99,2026-06-19,Automated
2026-06-20,AC0039,3098993.78,2747929.13,2026-06-20,Automated
2026-06-21,AC0039,3451802.54,3047083.95,2026-06-21,Automated
2026-06-22,AC0039,3347712.22,3136919.16,2026-06-22,Automated
2026-06-23,AC0039,2913085.91,2798644.03,2026-06-23,Automated
2026-06-24,AC0039,3400729.34,3136081.85,2026-06-24,Automated
2026-06-25,AC0039,3600403.64,3283561.29,2026-06-25,Automated
2026-06-26,AC0039,3892564.91,3666697.01,2026-06-26,Automated
2026-06-27,AC0039,3299844.37,3141603.77,2026-06-27,Automated
2026-06-28,AC0039,2949296.58,2776844.11,2026-06-28,Automated
2026-06-29,AC0039,2873597.0,2725100.35,2026-06-29,Automated
2026-06-30,AC0039,2704940.06,2458054.33,2026-06-30,Automated
2026-01-01,AC0040,1012412.7,899719.11,2026-01-04,Estimated
2026-01-02,AC0040,931008.64,844444.26,2026-01-05,Estimated
2026-01-03,AC0040,1128905.89,1007281.18,2026-01-06,Estimated
2026-01-04,AC0040,1026121.26,1009764.59,2026-01-06,Estimated
2026-01-05,AC0040,847726.6,771126.25,2026-01-07,Estimated
2026-01-06,AC0040,795896.36,711673.6,2026-01-08,Estimated
2026-01-07,AC0040,836822.85,751544.43,2026-01-10,Estimated
2026-01-08,AC0040,910809.69,850048.33,2026-01-10,Estimated
2026-01-09,AC0040,1080784.15,1036368.64,2026-01-11,Estimated
2026-01-10,AC0040,1031140.06,1003195.43,2026-01-12,Estimated
2026-01-11,AC0040,946133.17,906966.58,2026-01-13,Estimated
2026-01-12,AC0040,757467.51,696245.78,2026-01-14,Estimated
2026-01-13,AC0040,909381.3,884330.45,2026-01-15,Estimated
2026-01-14,AC0040,886785.94,804559.91,2026-01-16,Estimated
2026-01-15,AC0040,1001173.96,928956.11,2026-01-17,Estimated
2026-01-16,AC0040,1030381.08,956152.37,2026-01-18,Estimated
2026-01-17,AC0040,915923.33,840717.42,2026-01-19,Estimated
2026-01-18,AC0040,795038.64,745266.11,2026-01-20,Estimated
2026-01-19,AC0040,969633.3,867227.48,2026-01-22,Estimated
2026-01-20,AC0040,669625.51,618888.26,2026-01-22,Estimated
2026-01-21,AC0040,870889.56,801395.87,2026-01-23,Estimated
2026-01-22,AC0040,820155.99,742305.44,2026-01-24,Estimated
2026-01-23,AC0040,941643.5,895208.1,2026-01-26,Estimated
2026-01-24,AC0040,976456.68,943161.65,2026-01-26,Estimated
2026-01-25,AC0040,912057.57,898917.24,2026-01-28,Estimated
2026-01-26,AC0040,812059.4,774333.96,2026-01-28,Estimated
2026-01-27,AC0040,997321.95,948821.98,2026-01-29,Estimated
2026-01-28,AC0040,880843.42,821039.28,2026-01-30,Estimated
2026-01-29,AC0040,1116692.44,1071147.18,2026-01-31,Estimated
2026-01-30,AC0040,983466.98,947354.74,2026-02-02,Estimated
2026-01-31,AC0040,1040696.01,948761.93,2026-02-02,Estimated
2026-02-01,AC0040,953589.77,873029.21,2026-02-04,Estimated
2026-02-02,AC0040,891202.87,853762.61,2026-02-04,Estimated
2026-02-03,AC0040,867962.68,797679.4,2026-02-05,Estimated
2026-02-04,AC0040,997698.82,914691.98,2026-02-06,Estimated
2026-02-05,AC0040,974467.68,872811.25,2026-02-07,Estimated
2026-02-06,AC0040,1199245.92,1073364.11,2026-02-08,Estimated
2026-02-07,AC0040,942171.77,922029.83,2026-02-09,Estimated
2026-02-08,AC0040,785845.27,695207.67,2026-02-10,Estimated
2026-02-09,AC0040,802538.72,775516.81,2026-02-12,Estimated
2026-02-10,AC0040,970022.1,924424.73,2026-02-12,Estimated
2026-02-11,AC0040,881182.06,831656.66,2026-02-13,Estimated
2026-02-12,AC0040,929785.56,878564.76,2026-02-14,Estimated
2026-02-13,AC0040,1081236.25,1022297.35,2026-02-15,Estimated
2026-02-14,AC0040,990709.46,973485.71,2026-02-16,Estimated
2026-02-15,AC0040,938992.25,836552.22,2026-02-18,Estimated
2026-02-16,AC0040,779072.97,768402.03,2026-02-18,Estimated
2026-02-17,AC0040,846359.73,825581.67,2026-02-19,Estimated
2026-02-18,AC0040,809923.2,785707.07,2026-02-20,Estimated
2026-02-19,AC0040,979015.54,961687.53,2026-02-22,Estimated
2026-02-20,AC0040,1138921.76,1098168.61,2026-02-23,Estimated
2026-02-21,AC0040,1008515.92,976295.78,2026-02-23,Estimated
2026-02-22,AC0040,914669.83,866375.41,2026-02-24,Estimated
2026-02-23,AC0040,871020.9,837343.37,2026-02-25,Estimated
2026-02-24,AC0040,933293.58,862152.2,2026-02-26,Estimated
2026-02-25,AC0040,833841.18,821090.7,2026-02-27,Estimated
2026-02-26,AC0040,1041108.33,1013854.64,2026-03-01,Estimated
2026-02-27,AC0040,1000854.08,924612.24,2026-03-02,Estimated
2026-02-28,AC0040,979117.52,937017.76,2026-03-02,Estimated
2026-03-01,AC0040,971101.05,910421.02,2026-03-03,Estimated
2026-03-02,AC0040,756735.17,686315.21,2026-03-04,Estimated
2026-03-03,AC0040,839489.93,796271.05,2026-03-05,Estimated
2026-03-04,AC0040,867204.04,806056.42,2026-03-06,Estimated
2026-03-05,AC0040,928575.15,910743.82,2026-03-08,Estimated
2026-03-06,AC0040,1038227.73,1006657.27,2026-03-08,Estimated
2026-03-07,AC0040,797259.13,754089.88,2026-03-09,Estimated
2026-03-08,AC0040,958629.81,844326.63,2026-03-10,Estimated
2026-03-09,AC0040,788716.35,736080.86,2026-03-11,Estimated
2026-03-10,AC0040,815740.2,718319.99,2026-03-12,Estimated
2026-03-11,AC0040,977109.11,933395.19,2026-03-13,Estimated
2026-03-12,AC0040,879725.51,786079.61,2026-03-14,Estimated
2026-03-13,AC0040,1011073.83,935418.97,2026-03-15,Estimated
2026-03-14,AC0040,984221.9,885751.51,2026-03-16,Estimated
2026-03-15,AC0040,1006457.19,979648.48,2026-03-17,Estimated
2026-03-16,AC0040,998409.82,941738.45,2026-03-19,Estimated
2026-03-17,AC0040,867151.05,775984.22,2026-03-19,Estimated
2026-03-18,AC0040,871272.62,857576.92,2026-03-20,Estimated
2026-03-19,AC0040,991196.65,931575.83,2026-03-21,Estimated
2026-03-20,AC0040,1051151.02,984991.89,2026-03-22,Estimated
2026-03-21,AC0040,1093874.46,979050.59,2026-03-24,Estimated
2026-03-22,AC0040,913756.46,873253.49,2026-03-25,Estimated
2026-03-23,AC0040,784581.73,754843.75,2026-03-26,Estimated
2026-03-24,AC0040,827207.88,795729.78,2026-03-26,Estimated
2026-03-25,AC0040,934937.38,857382.34,2026-03-27,Estimated
2026-03-26,AC0040,1068888.28,1042722.24,2026-03-28,Estimated
2026-03-27,AC0040,996429.58,934176.1,2026-03-29,Estimated
2026-03-28,AC0040,908436.41,873913.58,2026-03-30,Estimated
2026-03-29,AC0040,972841.62,912237.57,2026-04-01,Estimated
2026-03-30,AC0040,843931.01,800131.63,2026-04-01,Estimated
2026-03-31,AC0040,776093.47,703816.95,2026-04-02,Estimated
2026-04-01,AC0040,1047786.73,977775.77,2026-04-03,Estimated
2026-04-02,AC0040,1033267.08,946066.31,2026-04-05,Estimated
2026-04-03,AC0040,954237.59,859024.48,2026-04-06,Estimated
2026-04-04,AC0040,1038865.06,1015705.08,2026-04-06,Estimated
2026-04-05,AC0040,826564.83,782502.79,2026-04-07,Estimated
2026-04-06,AC0040,728697.53,650881.9,2026-04-08,Estimated
2026-04-07,AC0040,789367.75,720284.83,2026-04-09,Estimated
2026-04-08,AC0040,946248.61,878393.75,2026-04-10,Estimated
2026-04-09,AC0040,957846.92,893662.37,2026-04-11,Estimated
2026-04-10,AC0040,1005984.97,889337.68,2026-04-12,Estimated
2026-04-11,AC0040,963263.0,873870.72,2026-04-13,Estimated
2026-04-12,AC0040,920878.47,814056.79,2026-04-14,Estimated
2026-04-13,AC0040,844191.16,749651.12,2026-04-15,Estimated
2026-04-14,AC0040,863413.41,764982.84,2026-04-16,Estimated
2026-04-15,AC0040,928148.76,841032.97,2026-04-18,Estimated
2026-04-16,AC0040,913180.61,840924.47,2026-04-19,Estimated
2026-04-17,AC0040,1015389.25,977885.01,2026-04-19,Estimated
2026-04-18,AC0040,939632.74,918259.13,2026-04-20,Estimated
2026-04-19,AC0040,862790.9,805293.68,2026-04-21,Estimated
2026-04-20,AC0040,864561.54,853620.7,2026-04-22,Estimated
2026-04-21,AC0040,862093.68,827185.62,2026-04-23,Estimated
2026-04-22,AC0040,836963.76,751931.85,2026-04-24,Estimated
2026-04-23,AC0040,1019508.14,942563.97,2026-04-25,Estimated
2026-04-24,AC0040,1102092.95,988089.49,2026-04-26,Estimated
2026-04-25,AC0040,987331.69,976616.39,2026-04-28,Estimated
2026-04-26,AC0040,753149.8,737570.73,2026-04-28,Estimated
2026-04-27,AC0040,865702.41,767971.5,2026-04-29,Estimated
2026-04-28,AC0040,817416.52,802415.09,2026-04-30,Estimated
2026-04-29,AC0040,854936.18,774984.28,2026-05-02,Estimated
2026-04-30,AC0040,1004823.2,918232.91,2026-05-02,Estimated
2026-05-01,AC0040,1051429.88,946591.07,2026-05-04,Estimated
2026-05-02,AC0040,1121953.71,1048636.34,2026-05-04,Estimated
2026-05-03,AC0040,999507.4,904859.23,2026-05-05,Estimated
2026-05-04,AC0040,822468.37,808480.21,2026-05-06,Estimated
2026-05-05,AC0040,988473.53,965189.79,2026-05-08,Estimated
2026-05-06,AC0040,900079.6,868037.0,2026-05-09,Estimated
2026-05-07,AC0040,961981.33,878586.8,2026-05-09,Estimated
2026-05-08,AC0040,1097086.76,1072450.23,2026-05-10,Estimated
2026-05-09,AC0040,1005953.83,923465.63,2026-05-11,Estimated
2026-05-10,AC0040,846697.97,754919.1,2026-05-12,Estimated
2026-05-11,AC0040,760268.46,705353.78,2026-05-14,Estimated
2026-05-12,AC0040,838390.53,792810.06,2026-05-14,Estimated
2026-05-13,AC0040,922214.35,844514.47,2026-05-15,Estimated
2026-05-14,AC0040,961543.92,901083.69,2026-05-16,Estimated
2026-05-15,AC0040,1106963.0,1020887.0,2026-05-17,Estimated
2026-05-16,AC0040,1059022.98,1010208.84,2026-05-18,Estimated
2026-05-17,AC0040,903284.93,840922.0,2026-05-19,Estimated
2026-05-18,AC0040,806102.05,777808.09,2026-05-20,Estimated
2026-05-19,AC0040,728579.16,710341.81,2026-05-21,Estimated
2026-05-20,AC0040,845852.92,765800.8,2026-05-22,Estimated
2026-05-21,AC0040,902697.54,871204.14,2026-05-23,Estimated
2026-05-22,AC0040,1072044.23,1056520.32,2026-05-24,Estimated
2026-05-23,AC0040,916897.49,831786.79,2026-05-26,Estimated
2026-05-24,AC0040,875631.29,813115.71,2026-05-26,Estimated
2026-05-25,AC0040,736387.28,707345.89,2026-05-28,Estimated
2026-05-26,AC0040,916133.62,834599.99,2026-05-29,Estimated
2026-05-27,AC0040,836874.36,807916.97,2026-05-29,Estimated
2026-05-28,AC0040,898625.4,831451.69,2026-05-30,Estimated
2026-05-29,AC0040,1050080.42,977326.74,2026-06-01,Estimated
2026-05-30,AC0040,954266.21,941685.1,2026-06-01,Estimated
2026-05-31,AC0040,854408.97,817526.38,2026-06-02,Estimated
2026-06-01,AC0040,744604.79,665268.89,2026-06-04,Estimated
2026-06-02,AC0040,827622.51,740610.11,2026-06-05,Estimated
2026-06-03,AC0040,914025.24,829809.38,2026-06-06,Estimated
2026-06-04,AC0040,953418.91,876105.32,2026-06-06,Estimated
2026-06-05,AC0040,1008709.92,928673.48,2026-06-07,Estimated
2026-06-06,AC0040,1029015.81,913171.86,2026-06-08,Estimated
2026-06-07,AC0040,1036726.0,939975.38,2026-06-09,Estimated
2026-06-08,AC0040,921619.88,884270.25,2026-06-10,Estimated
2026-06-09,AC0040,784882.15,755392.36,2026-06-11,Estimated
2026-06-10,AC0040,941774.19,919000.33,2026-06-12,Estimated
2026-06-11,AC0040,919620.51,906369.89,2026-06-13,Estimated
2026-06-12,AC0040,965811.79,924589.16,2026-06-14,Estimated
2026-06-13,AC0040,928881.74,871438.39,2026-06-15,Estimated
2026-06-14,AC0040,892825.09,835056.3,2026-06-16,Estimated
2026-06-15,AC0040,762307.56,735828.98,2026-06-17,Estimated
2026-06-16,AC0040,816608.89,792528.91,2026-06-18,Estimated
2026-06-17,AC0040,788495.94,745589.92,2026-06-19,Estimated
2026-06-18,AC0040,911059.4,837953.47,2026-06-20,Estimated
2026-06-19,AC0040,1080229.77,1057313.54,2026-06-21,Estimated
2026-06-20,AC0040,977726.35,902216.8,2026-06-23,Estimated
2026-06-21,AC0040,1057744.81,1002839.43,2026-06-24,Estimated
2026-06-22,AC0040,938495.51,909056.82,2026-06-24,Estimated
2026-06-23,AC0040,839244.21,767131.57,2026-06-25,Estimated
2026-06-24,AC0040,853297.79,775835.54,2026-06-26,Estimated
2026-06-25,AC0040,1088562.85,1003889.0,2026-06-27,Estimated
2026-06-26,AC0040,1113903.3,1065012.58,2026-06-29,Estimated
2026-06-27,AC0040,1010573.44,967598.09,2026-06-29,Estimated
2026-06-28,AC0040,973113.24,914384.87,2026-06-30,Estimated
2026-06-29,AC0040,759370.5,668677.49,2026-07-01,Estimated
2026-06-30,AC0040,948377.49,892190.13,2026-07-03,Estimated
2026-01-01,AC0041,1167453.85,1028079.88,2026-01-01,Automated
2026-01-02,AC0041,1261824.78,1124258.95,2026-01-02,Automated
2026-01-03,AC0041,1387999.99,1268875.87,2026-01-03,Automated
2026-01-04,AC0041,1215725.78,1076703.29,2026-01-04,Automated
2026-01-05,AC0041,1160277.8,1034041.34,2026-01-05,Automated
2026-01-06,AC0041,952142.46,899394.19,2026-01-06,Automated
2026-01-07,AC0041,1021369.44,978366.91,2026-01-07,Automated
2026-01-08,AC0041,1128827.95,996567.92,2026-01-08,Automated
2026-01-09,AC0041,1457749.97,1408471.62,2026-01-09,Automated
2026-01-10,AC0041,1233687.66,1138297.51,2026-01-10,Automated
2026-01-11,AC0041,1085594.95,972540.35,2026-01-11,Automated
2026-01-12,AC0041,1064052.58,951317.21,2026-01-12,Automated
2026-01-13,AC0041,932087.44,901944.09,2026-01-13,Automated
2026-01-14,AC0041,1025591.6,949175.6,2026-01-14,Automated
2026-01-15,AC0041,1241203.64,1207125.11,2026-01-15,Automated
2026-01-16,AC0041,1093888.05,1039143.03,2026-01-16,Automated
2026-01-17,AC0041,1284228.61,1171656.48,2026-01-17,Automated
2026-01-18,AC0041,1282679.61,1165891.21,2026-01-18,Automated
2026-01-19,AC0041,1107449.63,1004464.0,2026-01-19,Automated
2026-01-20,AC0041,1025813.97,940179.65,2026-01-20,Automated
2026-01-21,AC0041,1086045.34,971598.99,2026-01-21,Automated
2026-01-22,AC0041,1227902.83,1167123.62,2026-01-22,Automated
2026-01-23,AC0041,1225747.46,1119961.19,2026-01-23,Automated
2026-01-24,AC0041,1325521.4,1263424.23,2026-01-24,Automated
2026-01-25,AC0041,1112062.34,1019993.01,2026-01-25,Automated
2026-01-26,AC0041,1082543.28,971257.08,2026-01-26,Automated
2026-01-27,AC0041,1030638.36,912455.36,2026-01-27,Automated
2026-01-28,AC0041,1156280.5,1132996.12,2026-01-28,Automated
2026-01-29,AC0041,945479.06,856961.24,2026-01-29,Automated
2026-01-30,AC0041,1169480.84,1136092.77,2026-01-30,Automated
2026-01-31,AC0041,1264458.93,1117048.16,2026-01-31,Automated
2026-02-01,AC0041,1157726.94,1042446.11,2026-02-01,Automated
2026-02-02,AC0041,1171146.9,1098574.12,2026-02-02,Automated
2026-02-03,AC0041,1068711.8,996197.67,2026-02-03,Automated
2026-02-04,AC0041,1019814.75,917182.39,2026-02-04,Automated
2026-02-05,AC0041,1192169.16,1147905.49,2026-02-05,Automated
2026-02-06,AC0041,1237209.96,1109070.75,2026-02-06,Automated
2026-02-07,AC0041,1355984.62,1255746.84,2026-02-07,Automated
2026-02-08,AC0041,1209174.18,1162039.92,2026-02-08,Automated
2026-02-09,AC0041,1091009.47,1047943.71,2026-02-09,Automated
2026-02-10,AC0041,1019435.54,1006099.66,2026-02-10,Automated
2026-02-11,AC0041,786407.33,721241.11,2026-02-11,Automated
2026-02-12,AC0041,1064205.73,1002670.56,2026-02-12,Automated
2026-02-13,AC0041,1184743.41,1101841.99,2026-02-13,Automated
2026-02-14,AC0041,1421521.02,1266795.08,2026-02-14,Automated
2026-02-15,AC0041,1160667.88,1126349.86,2026-02-15,Automated
2026-02-16,AC0041,1067865.33,960780.14,2026-02-16,Automated
2026-02-17,AC0041,959929.76,847177.26,2026-02-17,Automated
2026-02-18,AC0041,897809.26,872183.25,2026-02-18,Automated
2026-02-19,AC0041,1073144.29,1018555.85,2026-02-19,Automated
2026-02-20,AC0041,1126428.74,1097041.3,2026-02-20,Automated
2026-02-21,AC0041,1331432.08,1186366.43,2026-02-21,Automated
2026-02-22,AC0041,1122149.57,1019046.85,2026-02-22,Automated
2026-02-23,AC0041,1132086.1,1088509.12,2026-02-23,Automated
2026-02-24,AC0041,1134798.58,1077308.1,2026-02-24,Automated
2026-02-25,AC0041,922452.84,860929.03,2026-02-25,Automated
2026-02-26,AC0041,1236439.31,1170531.95,2026-02-26,Automated
2026-02-27,AC0041,1235166.93,1213711.58,2026-02-27,Automated
2026-02-28,AC0041,1366760.22,1261528.23,2026-02-28,Automated
2026-03-01,AC0041,1195551.49,1076912.29,2026-03-01,Automated
2026-03-02,AC0041,1215773.65,1174108.25,2026-03-02,Automated
2026-03-03,AC0041,972666.62,925792.42,2026-03-03,Automated
2026-03-04,AC0041,970142.79,950559.17,2026-03-04,Automated
2026-03-05,AC0041,1001756.38,912066.0,2026-03-05,Automated
2026-03-06,AC0041,1142480.04,1009039.77,2026-03-06,Automated
2026-03-07,AC0041,1373091.94,1298742.92,2026-03-07,Automated
2026-03-08,AC0041,1260994.69,1129622.43,2026-03-08,Automated
2026-03-09,AC0041,1093875.13,1000496.43,2026-03-09,Automated
2026-03-10,AC0041,975924.9,867803.83,2026-03-10,Automated
2026-03-11,AC0041,1079723.62,994318.97,2026-03-11,Automated
2026-03-12,AC0041,970102.98,861944.5,2026-03-12,Automated
2026-03-13,AC0041,1279593.83,1217169.61,2026-03-13,Automated
2026-03-14,AC0041,1271398.5,1200682.79,2026-03-14,Automated
2026-03-15,AC0041,1272742.04,1186784.35,2026-03-15,Automated
2026-03-16,AC0041,1073936.65,959533.02,2026-03-16,Automated
2026-03-17,AC0041,1158352.76,1074878.17,2026-03-17,Automated
2026-03-18,AC0041,1112934.5,994805.39,2026-03-18,Automated
2026-03-19,AC0041,1034692.32,960304.98,2026-03-19,Automated
2026-03-20,AC0041,1210670.15,1082227.25,2026-03-20,Automated
2026-03-21,AC0041,1398319.02,1307070.94,2026-03-21,Automated
2026-03-22,AC0041,1268487.66,1208967.49,2026-03-22,Automated
2026-03-23,AC0041,999694.34,895866.1,2026-03-23,Automated
2026-03-24,AC0041,989088.59,950027.47,2026-03-24,Automated
2026-03-25,AC0041,1131237.71,1086564.73,2026-03-25,Automated
2026-03-26,AC0041,1447882.52,1412580.98,2026-03-26,Automated
2026-03-27,AC0041,1119786.06,990886.14,2026-03-27,Automated
2026-03-28,AC0041,1097299.9,1009936.83,2026-03-28,Automated
2026-03-29,AC0041,1082859.07,1050194.96,2026-03-29,Automated
2026-03-30,AC0041,1099922.06,1037871.67,2026-03-30,Automated
2026-03-31,AC0041,925643.21,885471.66,2026-03-31,Automated
2026-04-01,AC0041,1083832.91,966652.5,2026-04-01,Automated
2026-04-02,AC0041,1014188.19,991771.07,2026-04-02,Automated
2026-04-03,AC0041,1147223.53,1061926.99,2026-04-03,Automated
2026-04-04,AC0041,1196664.58,1092216.49,2026-04-04,Automated
2026-04-05,AC0041,1200742.0,1150514.76,2026-04-05,Automated
2026-04-06,AC0041,989930.53,874456.01,2026-04-06,Automated
2026-04-07,AC0041,1009278.7,908036.74,2026-04-07,Automated
2026-04-08,AC0041,1033772.59,983243.93,2026-04-08,Automated
2026-04-09,AC0041,1054635.79,972738.23,2026-04-09,Automated
2026-04-10,AC0041,1195554.26,1150728.79,2026-04-10,Automated
2026-04-11,AC0041,1346539.73,1300643.87,2026-04-11,Automated
2026-04-12,AC0041,1252810.45,1177142.71,2026-04-12,Automated
2026-04-13,AC0041,1152115.56,1099703.66,2026-04-13,Automated
2026-04-14,AC0041,1075390.86,978760.36,2026-04-14,Automated
2026-04-15,AC0041,941531.17,856531.73,2026-04-15,Automated
2026-04-16,AC0041,1144894.98,1112980.66,2026-04-16,Automated
2026-04-17,AC0041,1123959.4,1071449.91,2026-04-17,Automated
2026-04-18,AC0041,1326108.08,1286954.22,2026-04-18,Automated
2026-04-19,AC0041,1333257.02,1267089.3,2026-04-19,Automated
2026-04-20,AC0041,1121271.26,1022443.69,2026-04-20,Automated
2026-04-21,AC0041,972761.81,935579.28,2026-04-21,Automated
2026-04-22,AC0041,1006098.01,957754.3,2026-04-22,Automated
2026-04-23,AC0041,1228751.27,1213630.8,2026-04-23,Automated
2026-04-24,AC0041,1190763.79,1152828.98,2026-04-24,Automated
2026-04-25,AC0041,1311254.17,1209784.29,2026-04-25,Automated
2026-04-26,AC0041,1239992.82,1098890.55,2026-04-26,Automated
2026-04-27,AC0041,1005394.62,929294.86,2026-04-27,Automated
2026-04-28,AC0041,917195.58,849429.57,2026-04-28,Automated
2026-04-29,AC0041,1084581.68,993699.07,2026-04-29,Automated
2026-04-30,AC0041,1237358.76,1220489.51,2026-04-30,Automated
2026-05-01,AC0041,1101381.47,1060256.23,2026-05-01,Automated
2026-05-02,AC0041,1316810.78,1267618.1,2026-05-02,Automated
2026-05-03,AC0041,1260847.92,1169578.69,2026-05-03,Automated
2026-05-04,AC0041,1193537.55,1153146.69,2026-05-04,Automated
2026-05-05,AC0041,951786.18,912342.63,2026-05-05,Automated
2026-05-06,AC0041,963809.73,907243.15,2026-05-06,Automated
2026-05-07,AC0041,1096950.9,1031020.53,2026-05-07,Automated
2026-05-08,AC0041,1165824.78,1105063.38,2026-05-08,Automated
2026-05-09,AC0041,1228914.04,1102040.12,2026-05-09,Automated
2026-05-10,AC0041,1130317.6,1034864.59,2026-05-10,Automated
2026-05-11,AC0041,1067076.83,966083.49,2026-05-11,Automated
2026-05-12,AC0041,988262.72,905510.71,2026-05-12,Automated
2026-05-13,AC0041,1098312.9,1084503.43,2026-05-13,Automated
2026-05-14,AC0041,1115723.84,991587.34,2026-05-14,Automated
2026-05-15,AC0041,1086619.54,975953.26,2026-05-15,Automated
2026-05-16,AC0041,1214145.02,1177322.82,2026-05-16,Automated
2026-05-17,AC0041,1371718.72,1286061.81,2026-05-17,Automated
2026-05-18,AC0041,1143309.79,1104193.44,2026-05-18,Automated
2026-05-19,AC0041,1061249.46,1035307.89,2026-05-19,Automated
2026-05-20,AC0041,978363.42,963648.24,2026-05-20,Automated
2026-05-21,AC0041,1120450.45,999278.75,2026-05-21,Automated
2026-05-22,AC0041,1180279.33,1085100.88,2026-05-22,Automated
2026-05-23,AC0041,1368655.79,1289749.77,2026-05-23,Automated
2026-05-24,AC0041,1090640.57,989013.86,2026-05-24,Automated
2026-05-25,AC0041,1127456.91,996716.94,2026-05-25,Automated
2026-05-26,AC0041,937374.01,902056.3,2026-05-26,Automated
2026-05-27,AC0041,1223957.12,1114335.45,2026-05-27,Automated
2026-05-28,AC0041,1113962.97,1035858.98,2026-05-28,Automated
2026-05-29,AC0041,1201014.81,1129492.74,2026-05-29,Automated
2026-05-30,AC0041,1257366.41,1169493.52,2026-05-30,Automated
2026-05-31,AC0041,1089021.75,1060484.1,2026-05-31,Automated
2026-06-01,AC0041,984863.89,938520.4,2026-06-01,Automated
2026-06-02,AC0041,968931.73,901826.29,2026-06-02,Automated
2026-06-03,AC0041,1119281.96,987149.41,2026-06-03,Automated
2026-06-04,AC0041,1190801.84,1117832.5,2026-06-04,Automated
2026-06-05,AC0041,1168662.36,1064940.93,2026-06-05,Automated
2026-06-06,AC0041,1366174.23,1342257.12,2026-06-06,Automated
2026-06-07,AC0041,1143749.97,1030812.14,2026-06-07,Automated
2026-06-08,AC0041,1089643.4,1004404.45,2026-06-08,Automated
2026-06-09,AC0041,932566.74,888826.12,2026-06-09,Automated
2026-06-10,AC0041,879254.7,789993.16,2026-06-10,Automated
2026-06-11,AC0041,1188815.92,1055628.82,2026-06-11,Automated
2026-06-12,AC0041,1187943.53,1156583.69,2026-06-12,Automated
2026-06-13,AC0041,1314904.72,1268463.63,2026-06-13,Automated
2026-06-14,AC0041,1188783.06,1159153.61,2026-06-14,Automated
2026-06-15,AC0041,1180289.77,1148950.74,2026-06-15,Automated
2026-06-16,AC0041,987293.76,942781.56,2026-06-16,Automated
2026-06-17,AC0041,966901.95,870549.1,2026-06-17,Automated
2026-06-18,AC0041,1205337.24,1163557.34,2026-06-18,Automated
2026-06-19,AC0041,1248019.89,1138192.94,2026-06-19,Automated
2026-06-20,AC0041,1248873.81,1149961.04,2026-06-20,Automated
2026-06-21,AC0041,1170825.18,1051969.27,2026-06-21,Automated
2026-06-22,AC0041,1065530.78,951347.8,2026-06-22,Automated
2026-06-23,AC0041,976811.4,872794.21,2026-06-23,Automated
2026-06-24,AC0041,910925.4,901166.56,2026-06-24,Automated
2026-06-25,AC0041,1205258.85,1113795.37,2026-06-25,Automated
2026-06-26,AC0041,1158382.41,1097403.51,2026-06-26,Automated
2026-06-27,AC0041,1204589.92,1097270.0,2026-06-27,Automated
2026-06-28,AC0041,1091943.36,1045809.83,2026-06-28,Automated
2026-06-29,AC0041,1149495.83,1106742.36,2026-06-29,Automated
2026-06-30,AC0041,887644.36,805210.63,2026-06-30,Automated
2026-01-01,AC0042,513813.76,488264.72,2026-01-01,Automated
2026-01-02,AC0042,547935.54,535267.39,2026-01-02,Automated
2026-01-03,AC0042,506225.0,492057.09,2026-01-03,Automated
2026-01-04,AC0042,577791.99,539552.77,2026-01-04,Automated
2026-01-05,AC0042,614334.5,540926.41,2026-01-05,Automated
2026-01-06,AC0042,559843.05,544242.63,2026-01-06,Automated
2026-01-07,AC0042,640007.5,584589.3,2026-01-07,Automated
2026-01-08,AC0042,545075.65,483468.27,2026-01-08,Automated
2026-01-09,AC0042,593043.13,542110.59,2026-01-09,Automated
2026-01-10,AC0042,624842.1,582590.72,2026-01-10,Automated
2026-01-11,AC0042,608652.71,538074.52,2026-01-11,Automated
2026-01-12,AC0042,557648.6,497674.63,2026-01-12,Automated
2026-01-13,AC0042,572678.52,525391.77,2026-01-13,Automated
2026-01-14,AC0042,454468.87,428488.08,2026-01-14,Automated
2026-01-15,AC0042,596218.8,537583.57,2026-01-15,Automated
2026-01-16,AC0042,501646.39,463546.06,2026-01-16,Automated
2026-01-17,AC0042,595986.26,533429.56,2026-01-17,Automated
2026-01-18,AC0042,621972.06,556602.56,2026-01-18,Automated
2026-01-19,AC0042,609758.4,574024.04,2026-01-19,Automated
2026-01-20,AC0042,617035.59,560144.5,2026-01-20,Automated
2026-01-21,AC0042,538989.52,523504.89,2026-01-21,Automated
2026-01-22,AC0042,541453.61,495740.47,2026-01-22,Automated
2026-01-23,AC0042,608847.23,545010.39,2026-01-23,Automated
2026-01-24,AC0042,606282.84,554574.42,2026-01-24,Automated
2026-01-25,AC0042,687087.6,613173.09,2026-01-25,Automated
2026-01-26,AC0042,670124.89,613183.64,2026-01-26,Automated
2026-01-27,AC0042,568667.01,502041.74,2026-01-27,Automated
2026-01-28,AC0042,575253.12,507089.47,2026-01-28,Automated
2026-01-29,AC0042,575006.63,548422.37,2026-01-29,Automated
2026-01-30,AC0042,537048.36,474281.36,2026-01-30,Automated
2026-01-31,AC0042,657106.57,634306.08,2026-01-31,Automated
2026-02-01,AC0042,596725.35,548992.97,2026-02-01,Automated
2026-02-02,AC0042,667002.17,643236.29,2026-02-02,Automated
2026-02-03,AC0042,577336.95,549654.56,2026-02-03,Automated
2026-02-04,AC0042,452615.29,447697.18,2026-02-04,Automated
2026-02-05,AC0042,458394.26,413535.25,2026-02-05,Automated
2026-02-06,AC0042,583094.27,515826.84,2026-02-06,Automated
2026-02-07,AC0042,613637.21,564544.29,2026-02-07,Automated
2026-02-08,AC0042,703951.05,646392.89,2026-02-08,Automated
2026-02-09,AC0042,639407.99,614402.69,2026-02-09,Automated
2026-02-10,AC0042,626698.45,581736.6,2026-02-10,Automated
2026-02-11,AC0042,432539.6,399879.23,2026-02-11,Automated
2026-02-12,AC0042,532993.13,525294.63,2026-02-12,Automated
2026-02-13,AC0042,546776.32,509667.5,2026-02-13,Automated
2026-02-14,AC0042,604652.5,561136.97,2026-02-14,Automated
2026-02-15,AC0042,575247.68,564827.53,2026-02-15,Automated
2026-02-16,AC0042,672397.39,642931.36,2026-02-16,Automated
2026-02-17,AC0042,467066.34,451433.55,2026-02-17,Automated
2026-02-18,AC0042,517599.18,504389.02,2026-02-18,Automated
2026-02-19,AC0042,626109.44,586713.78,2026-02-19,Automated
2026-02-20,AC0042,533047.56,480228.54,2026-02-20,Automated
2026-02-21,AC0042,595234.95,575829.23,2026-02-21,Automated
2026-02-22,AC0042,672831.53,610882.42,2026-02-22,Automated
2026-02-23,AC0042,631012.18,579352.2,2026-02-23,Automated
2026-02-24,AC0042,567096.19,547680.5,2026-02-24,Automated
2026-02-25,AC0042,500601.41,457161.8,2026-02-25,Automated
2026-02-26,AC0042,575460.09,561833.96,2026-02-26,Automated
2026-02-27,AC0042,578778.59,568423.07,2026-02-27,Automated
2026-02-28,AC0042,664896.16,655920.99,2026-02-28,Automated
2026-03-01,AC0042,604393.3,569604.05,2026-03-01,Automated
2026-03-02,AC0042,605529.04,570986.93,2026-03-02,Automated
2026-03-03,AC0042,566321.78,529601.71,2026-03-03,Automated
2026-03-04,AC0042,552557.33,508471.7,2026-03-04,Automated
2026-03-05,AC0042,555233.61,538969.73,2026-03-05,Automated
2026-03-06,AC0042,633054.63,575991.77,2026-03-06,Automated
2026-03-07,AC0042,641144.96,626440.27,2026-03-07,Automated
2026-03-08,AC0042,585242.59,527756.13,2026-03-08,Automated
2026-03-09,AC0042,591777.97,577252.67,2026-03-09,Automated
2026-03-10,AC0042,529970.36,499263.93,2026-03-10,Automated
2026-03-11,AC0042,534427.78,481917.35,2026-03-11,Automated
2026-03-12,AC0042,527829.59,521169.91,2026-03-12,Automated
2026-03-13,AC0042,468194.12,436253.88,2026-03-13,Automated
2026-03-14,AC0042,611664.97,552680.07,2026-03-14,Automated
2026-03-15,AC0042,629106.31,615310.28,2026-03-15,Automated
2026-03-16,AC0042,686412.74,669458.98,2026-03-16,Automated
2026-03-17,AC0042,533715.97,516070.52,2026-03-17,Automated
2026-03-18,AC0042,538565.45,502290.64,2026-03-18,Automated
2026-03-19,AC0042,529307.85,507685.35,2026-03-19,Automated
2026-03-20,AC0042,567621.31,551268.35,2026-03-20,Automated
2026-03-21,AC0042,679760.99,625199.39,2026-03-21,Automated
2026-03-22,AC0042,545534.47,491483.51,2026-03-22,Automated
2026-03-23,AC0042,664785.0,639930.27,2026-03-23,Automated
2026-03-24,AC0042,639886.88,626786.73,2026-03-24,Automated
2026-03-25,AC0042,527311.98,494897.14,2026-03-25,Automated
2026-03-26,AC0042,527339.37,507673.1,2026-03-26,Automated
2026-03-27,AC0042,597850.52,584303.09,2026-03-27,Automated
2026-03-28,AC0042,575406.12,561075.86,2026-03-28,Automated
2026-03-29,AC0042,510411.16,470826.94,2026-03-29,Automated
2026-03-30,AC0042,545661.78,497894.09,2026-03-30,Automated
2026-03-31,AC0042,551323.42,538304.34,2026-03-31,Automated
2026-04-01,AC0042,498315.26,462935.97,2026-04-01,Automated
2026-04-02,AC0042,539993.33,514459.33,2026-04-02,Automated
2026-04-03,AC0042,585705.42,547138.43,2026-04-03,Automated
2026-04-04,AC0042,558444.53,532984.37,2026-04-04,Automated
2026-04-05,AC0042,658930.16,615233.79,2026-04-05,Automated
2026-04-06,AC0042,706380.9,639153.8,2026-04-06,Automated
2026-04-07,AC0042,490150.16,463571.37,2026-04-07,Automated
2026-04-08,AC0042,504900.13,452298.84,2026-04-08,Automated
2026-04-09,AC0042,454645.41,441406.02,2026-04-09,Automated
2026-04-10,AC0042,509323.16,468320.4,2026-04-10,Automated
2026-04-11,AC0042,584771.88,526782.33,2026-04-11,Automated
2026-04-12,AC0042,632416.9,608643.22,2026-04-12,Automated
2026-04-13,AC0042,638007.07,621448.93,2026-04-13,Automated
2026-04-14,AC0042,598591.6,529807.04,2026-04-14,Automated
2026-04-15,AC0042,545878.47,523349.99,2026-04-15,Automated
2026-04-16,AC0042,453148.96,430691.98,2026-04-16,Automated
2026-04-17,AC0042,574132.39,532022.6,2026-04-17,Automated
2026-04-18,AC0042,651637.78,608021.02,2026-04-18,Automated
2026-04-19,AC0042,672848.27,655984.53,2026-04-19,Automated
2026-04-20,AC0042,605928.96,591447.8,2026-04-20,Automated
2026-04-21,AC0042,506877.7,464788.46,2026-04-21,Automated
2026-04-22,AC0042,586142.66,575338.87,2026-04-22,Automated
2026-04-23,AC0042,553763.99,501772.16,2026-04-23,Automated
2026-04-24,AC0042,592342.66,521723.43,2026-04-24,Automated
2026-04-25,AC0042,597581.98,568137.37,2026-04-25,Automated
2026-04-26,AC0042,529069.01,515457.74,2026-04-26,Automated
2026-04-27,AC0042,612316.34,583403.23,2026-04-27,Automated
2026-04-28,AC0042,603177.84,593231.05,2026-04-28,Automated
2026-04-29,AC0042,565850.76,540479.03,2026-04-29,Automated
2026-04-30,AC0042,545610.89,531112.03,2026-04-30,Automated
2026-05-01,AC0042,578435.86,553254.28,2026-05-01,Automated
2026-05-02,AC0042,661686.91,654948.82,2026-05-02,Automated
2026-05-03,AC0042,601958.0,584571.43,2026-05-03,Automated
2026-05-04,AC0042,658756.57,615869.57,2026-05-04,Automated
2026-05-05,AC0042,559753.22,503518.05,2026-05-05,Automated
2026-05-06,AC0042,565370.11,498809.91,2026-05-06,Automated
2026-05-07,AC0042,521438.16,469845.68,2026-05-07,Automated
2026-05-08,AC0042,524010.49,512663.76,2026-05-08,Automated
2026-05-09,AC0042,623191.19,608709.7,2026-05-09,Automated
2026-05-10,AC0042,699313.1,626381.69,2026-05-10,Automated
2026-05-11,AC0042,686619.42,618326.62,2026-05-11,Automated
2026-05-12,AC0042,604059.42,543699.48,2026-05-12,Automated
2026-05-13,AC0042,626720.91,611240.77,2026-05-13,Automated
2026-05-14,AC0042,548268.71,534684.15,2026-05-14,Automated
2026-05-15,AC0042,596418.89,536987.68,2026-05-15,Automated
2026-05-16,AC0042,581853.97,545659.24,2026-05-16,Automated
2026-05-17,AC0042,626800.82,604122.46,2026-05-17,Automated
2026-05-18,AC0042,647448.09,628620.65,2026-05-18,Automated
2026-05-19,AC0042,478987.53,470284.08,2026-05-19,Automated
2026-05-20,AC0042,518388.84,505535.1,2026-05-20,Automated
2026-05-21,AC0042,507192.23,473227.23,2026-05-21,Automated
2026-05-22,AC0042,632710.44,614913.19,2026-05-22,Automated
2026-05-23,AC0042,690073.25,641041.84,2026-05-23,Automated
2026-05-24,AC0042,613938.14,581378.79,2026-05-24,Automated
2026-05-25,AC0042,625378.59,601339.55,2026-05-25,Automated
2026-05-26,AC0042,541905.05,513788.25,2026-05-26,Automated
2026-05-27,AC0042,613911.78,575496.39,2026-05-27,Automated
2026-05-28,AC0042,469269.54,444228.46,2026-05-28,Automated
2026-05-29,AC0042,585625.35,557377.12,2026-05-29,Automated
2026-05-30,AC0042,613093.67,587986.24,2026-05-30,Automated
2026-05-31,AC0042,640244.8,589780.79,2026-05-31,Automated
2026-06-01,AC0042,730167.33,668072.59,2026-06-01,Automated
2026-06-02,AC0042,521817.27,480572.2,2026-06-02,Automated
2026-06-03,AC0042,509173.97,478935.61,2026-06-03,Automated
2026-06-04,AC0042,493536.57,436965.42,2026-06-04,Automated
2026-06-05,AC0042,497148.88,450259.71,2026-06-05,Automated
2026-06-06,AC0042,660331.88,586922.93,2026-06-06,Automated
2026-06-07,AC0042,679800.42,659769.14,2026-06-07,Automated
2026-06-08,AC0042,617268.25,577402.37,2026-06-08,Automated
2026-06-09,AC0042,640951.85,624051.11,2026-06-09,Automated
2026-06-10,AC0042,564662.35,520867.29,2026-06-10,Automated
2026-06-11,AC0042,549539.17,541375.61,2026-06-11,Automated
2026-06-12,AC0042,681085.41,668878.68,2026-06-12,Automated
2026-06-13,AC0042,531393.52,525181.33,2026-06-13,Automated
2026-06-14,AC0042,599243.72,581512.16,2026-06-14,Automated
2026-06-15,AC0042,643811.61,591717.86,2026-06-15,Automated
2026-06-16,AC0042,486593.35,452841.17,2026-06-16,Automated
2026-06-17,AC0042,523468.01,464637.62,2026-06-17,Automated
2026-06-18,AC0042,647792.91,607829.41,2026-06-18,Automated
2026-06-19,AC0042,566010.52,537349.0,2026-06-19,Automated
2026-06-20,AC0042,539369.62,511049.98,2026-06-20,Automated
2026-06-21,AC0042,602079.93,568188.84,2026-06-21,Automated
2026-06-22,AC0042,652567.21,621891.14,2026-06-22,Automated
2026-06-23,AC0042,568672.48,512049.79,2026-06-23,Automated
2026-06-24,AC0042,532614.32,491938.01,2026-06-24,Automated
2026-06-25,AC0042,538579.47,523482.21,2026-06-25,Automated
2026-06-26,AC0042,500268.38,460617.87,2026-06-26,Automated
2026-06-27,AC0042,584701.9,573945.25,2026-06-27,Automated
2026-06-28,AC0042,691854.3,684885.99,2026-06-28,Automated
2026-06-29,AC0042,583924.26,575602.26,2026-06-29,Automated
2026-06-30,AC0042,574201.95,517671.21,2026-06-30,Automated
2026-01-01,AC0043,572953.24,564145.99,2026-01-02,Manually reported
2026-01-02,AC0043,506868.92,492533.19,2026-01-03,Manually reported
2026-01-03,AC0043,464118.28,449395.09,2026-01-04,Manually reported
2026-01-04,AC0043,463735.54,427540.87,2026-01-05,Manually reported
2026-01-05,AC0043,521541.79,491086.62,2026-01-06,Manually reported
2026-01-06,AC0043,603353.71,555828.15,2026-01-07,Manually reported
2026-01-07,AC0043,687943.83,654545.99,2026-01-08,Manually reported
2026-01-08,AC0043,579553.38,510294.51,2026-01-09,Manually reported
2026-01-09,AC0043,603203.59,561617.32,2026-01-10,Manually reported
2026-01-10,AC0043,496984.27,467202.65,2026-01-11,Manually reported
2026-01-11,AC0043,549011.66,493859.9,2026-01-12,Manually reported
2026-01-12,AC0043,447677.98,443052.51,2026-01-13,Manually reported
2026-01-13,AC0043,541863.86,513188.49,2026-01-14,Manually reported
2026-01-14,AC0043,603026.35,570291.01,2026-01-15,Manually reported
2026-01-15,AC0043,526786.23,513167.66,2026-01-16,Manually reported
2026-01-16,AC0043,522028.17,476600.33,2026-01-17,Manually reported
2026-01-17,AC0043,443316.56,405797.26,2026-01-18,Manually reported
2026-01-18,AC0043,533291.24,521689.53,2026-01-19,Manually reported
2026-01-19,AC0043,512002.66,486031.26,2026-01-20,Manually reported
2026-01-20,AC0043,509151.76,501532.73,2026-01-21,Manually reported
2026-01-21,AC0043,603581.35,535780.9,2026-01-22,Manually reported
2026-01-22,AC0043,526946.75,468217.05,2026-01-23,Manually reported
2026-01-23,AC0043,558887.48,533711.05,2026-01-24,Manually reported
2026-01-24,AC0043,471828.23,441054.79,2026-01-25,Manually reported
2026-01-25,AC0043,483213.59,428106.51,2026-01-26,Manually reported
2026-01-26,AC0043,498222.36,477255.72,2026-01-27,Manually reported
2026-01-27,AC0043,617894.23,567951.38,2026-01-28,Manually reported
2026-01-28,AC0043,553992.26,508690.38,2026-01-29,Manually reported
2026-01-29,AC0043,527307.38,495598.29,2026-01-30,Manually reported
2026-01-30,AC0043,458904.68,414105.41,2026-01-31,Manually reported
2026-01-31,AC0043,482769.83,451567.26,2026-02-01,Manually reported
2026-02-01,AC0043,437013.61,402840.91,2026-02-02,Manually reported
2026-02-02,AC0043,541872.01,502969.11,2026-02-03,Manually reported
2026-02-03,AC0043,492362.43,475610.27,2026-02-04,Manually reported
2026-02-04,AC0043,588294.48,522571.69,2026-02-05,Manually reported
2026-02-05,AC0043,541561.79,489894.7,2026-02-06,Manually reported
2026-02-06,AC0043,500061.35,448576.47,2026-02-07,Manually reported
2026-02-07,AC0043,513612.37,457329.22,2026-02-08,Manually reported
2026-02-08,AC0043,436076.28,405018.26,2026-02-09,Manually reported
2026-02-09,AC0043,475762.41,470043.76,2026-02-10,Manually reported
2026-02-10,AC0043,573020.36,541549.04,2026-02-11,Manually reported
2026-02-11,AC0043,546663.59,527299.87,2026-02-12,Manually reported
2026-02-12,AC0043,472662.53,467721.76,2026-02-13,Manually reported
2026-02-13,AC0043,495658.01,450728.6,2026-02-14,Manually reported
2026-02-14,AC0043,429465.58,385801.29,2026-02-15,Manually reported
2026-02-15,AC0043,495739.77,439440.23,2026-02-16,Manually reported
2026-02-16,AC0043,501839.09,487556.03,2026-02-17,Manually reported
2026-02-17,AC0043,551100.9,508066.56,2026-02-18,Manually reported
2026-02-18,AC0043,542634.82,519638.85,2026-02-19,Manually reported
2026-02-19,AC0043,531641.4,495679.69,2026-02-20,Manually reported
2026-02-20,AC0043,500568.49,465913.75,2026-02-21,Manually reported
2026-02-21,AC0043,495299.36,470648.63,2026-02-22,Manually reported
2026-02-22,AC0043,502898.93,490944.56,2026-02-23,Manually reported
2026-02-23,AC0043,477487.27,437287.24,2026-02-24,Manually reported
2026-02-24,AC0043,566974.19,529594.81,2026-02-25,Manually reported
2026-02-25,AC0043,503236.73,489202.9,2026-02-26,Manually reported
2026-02-26,AC0043,524771.6,473266.49,2026-02-27,Manually reported
2026-02-27,AC0043,463317.85,413070.03,2026-02-28,Manually reported
2026-02-28,AC0043,421990.62,400070.46,2026-03-01,Manually reported
2026-03-01,AC0043,554551.26,494528.71,2026-03-02,Manually reported
2026-03-02,AC0043,496270.23,476424.47,2026-03-03,Manually reported
2026-03-03,AC0043,608130.65,597362.83,2026-03-04,Manually reported
2026-03-04,AC0043,530943.5,471789.19,2026-03-05,Manually reported
2026-03-05,AC0043,565754.93,533866.14,2026-03-06,Manually reported
2026-03-06,AC0043,484723.58,458390.6,2026-03-07,Manually reported
2026-03-07,AC0043,443773.73,433431.26,2026-03-08,Manually reported
2026-03-08,AC0043,464196.89,425523.2,2026-03-09,Manually reported
2026-03-09,AC0043,555611.19,539866.15,2026-03-10,Manually reported
2026-03-10,AC0043,531628.56,483746.33,2026-03-11,Manually reported
2026-03-11,AC0043,558139.64,511760.37,2026-03-12,Manually reported
2026-03-12,AC0043,612675.33,555184.48,2026-03-13,Manually reported
2026-03-13,AC0043,521524.82,503737.21,2026-03-14,Manually reported
2026-03-14,AC0043,473898.1,463253.55,2026-03-15,Manually reported
2026-03-15,AC0043,427171.05,392209.1,2026-03-16,Manually reported
2026-03-16,AC0043,522144.87,464629.28,2026-03-17,Manually reported
2026-03-17,AC0043,552329.01,538387.12,2026-03-18,Manually reported
2026-03-18,AC0043,607156.79,550081.42,2026-03-19,Manually reported
2026-03-19,AC0043,470483.07,429173.56,2026-03-20,Manually reported
2026-03-20,AC0043,491582.95,438836.48,2026-03-21,Manually reported
2026-03-21,AC0043,437737.99,390994.08,2026-03-22,Manually reported
2026-03-22,AC0043,520283.31,463927.22,2026-03-23,Manually reported
2026-03-23,AC0043,504589.67,450710.15,2026-03-24,Manually reported
2026-03-24,AC0043,555045.74,495239.5,2026-03-25,Manually reported
2026-03-25,AC0043,557298.85,540762.29,2026-03-26,Manually reported
2026-03-26,AC0043,509852.6,469030.25,2026-03-27,Manually reported
2026-03-27,AC0043,588965.21,564451.95,2026-03-28,Manually reported
2026-03-28,AC0043,412751.39,402885.46,2026-03-29,Manually reported
2026-03-29,AC0043,455530.8,438713.11,2026-03-30,Manually reported
2026-03-30,AC0043,503184.06,493175.32,2026-03-31,Manually reported
2026-03-31,AC0043,570399.63,523739.24,2026-04-01,Manually reported
2026-04-01,AC0043,622708.04,594951.19,2026-04-02,Manually reported
2026-04-02,AC0043,488818.12,462079.22,2026-04-03,Manually reported
2026-04-03,AC0043,572525.47,518845.99,2026-04-04,Manually reported
2026-04-04,AC0043,414731.43,374889.8,2026-04-05,Manually reported
2026-04-05,AC0043,496939.92,472294.1,2026-04-06,Manually reported
2026-04-06,AC0043,472739.79,422283.11,2026-04-07,Manually reported
2026-04-07,AC0043,537497.67,477835.5,2026-04-08,Manually reported
2026-04-08,AC0043,508261.87,465713.37,2026-04-09,Manually reported
2026-04-09,AC0043,597634.29,587573.66,2026-04-10,Manually reported
2026-04-10,AC0043,545527.7,503118.33,2026-04-11,Manually reported
2026-04-11,AC0043,495332.9,439713.0,2026-04-12,Manually reported
2026-04-12,AC0043,508581.02,474483.74,2026-04-13,Manually reported
2026-04-13,AC0043,449834.04,438099.76,2026-04-14,Manually reported
2026-04-14,AC0043,483971.39,474563.92,2026-04-15,Manually reported
2026-04-15,AC0043,554040.16,508817.98,2026-04-16,Manually reported
2026-04-16,AC0043,513512.29,501272.26,2026-04-17,Manually reported
2026-04-17,AC0043,529092.32,495771.26,2026-04-18,Manually reported
2026-04-18,AC0043,454119.36,415775.43,2026-04-19,Manually reported
2026-04-19,AC0043,483611.55,436773.01,2026-04-20,Manually reported
2026-04-20,AC0043,579434.22,531592.17,2026-04-21,Manually reported
2026-04-21,AC0043,501835.2,485923.1,2026-04-22,Manually reported
2026-04-22,AC0043,579266.04,572377.55,2026-04-23,Manually reported
2026-04-23,AC0043,612724.05,582877.77,2026-04-24,Manually reported
2026-04-24,AC0043,525256.85,479957.13,2026-04-25,Manually reported
2026-04-25,AC0043,535595.43,487243.86,2026-04-26,Manually reported
2026-04-26,AC0043,456770.14,411372.76,2026-04-27,Manually reported
2026-04-27,AC0043,517902.23,464807.04,2026-04-28,Manually reported
2026-04-28,AC0043,625563.65,604156.73,2026-04-29,Manually reported
2026-04-29,AC0043,569479.91,556637.55,2026-04-30,Manually reported
2026-04-30,AC0043,575328.47,561521.25,2026-05-01,Manually reported
2026-05-01,AC0043,441397.95,427093.56,2026-05-02,Manually reported
2026-05-02,AC0043,493080.51,465894.16,2026-05-03,Manually reported
2026-05-03,AC0043,518200.04,485866.84,2026-05-04,Manually reported
2026-05-04,AC0043,500727.9,453257.63,2026-05-05,Manually reported
2026-05-05,AC0043,553744.74,506119.89,2026-05-06,Manually reported
2026-05-06,AC0043,679549.28,658831.76,2026-05-07,Manually reported
2026-05-07,AC0043,563749.96,523112.39,2026-05-08,Manually reported
2026-05-08,AC0043,515378.81,507575.87,2026-05-09,Manually reported
2026-05-09,AC0043,503569.38,456948.41,2026-05-10,Manually reported
2026-05-10,AC0043,530928.94,470181.56,2026-05-11,Manually reported
2026-05-11,AC0043,616773.61,566845.7,2026-05-12,Manually reported
2026-05-12,AC0043,533568.51,519473.59,2026-05-13,Manually reported
2026-05-13,AC0043,626899.09,607455.78,2026-05-14,Manually reported
2026-05-14,AC0043,530039.62,471755.19,2026-05-15,Manually reported
2026-05-15,AC0043,495268.89,443270.4,2026-05-16,Manually reported
2026-05-16,AC0043,554341.23,536212.87,2026-05-17,Manually reported
2026-05-17,AC0043,472305.36,462421.94,2026-05-18,Manually reported
2026-05-18,AC0043,505822.22,490831.17,2026-05-19,Manually reported
2026-05-19,AC0043,606041.23,557038.01,2026-05-20,Manually reported
2026-05-20,AC0043,643019.48,633799.65,2026-05-21,Manually reported
2026-05-21,AC0043,499457.8,485200.32,2026-05-22,Manually reported
2026-05-22,AC0043,535346.14,477733.2,2026-05-23,Manually reported
2026-05-23,AC0043,452291.6,400062.13,2026-05-24,Manually reported
2026-05-24,AC0043,458046.2,440126.06,2026-05-25,Manually reported
2026-05-25,AC0043,455115.86,426203.88,2026-05-26,Manually reported
2026-05-26,AC0043,597579.11,588859.94,2026-05-27,Manually reported
2026-05-27,AC0043,570269.68,511031.38,2026-05-28,Manually reported
2026-05-28,AC0043,579986.44,541236.08,2026-05-29,Manually reported
2026-05-29,AC0043,526831.68,514341.3,2026-05-30,Manually reported
2026-05-30,AC0043,527171.29,490875.24,2026-05-31,Manually reported
2026-05-31,AC0043,442504.81,437373.88,2026-06-01,Manually reported
2026-06-01,AC0043,465479.52,416948.65,2026-06-02,Manually reported
2026-06-02,AC0043,661945.73,624531.44,2026-06-03,Manually reported
2026-06-03,AC0043,557793.45,535681.35,2026-06-04,Manually reported
2026-06-04,AC0043,504856.2,448149.69,2026-06-05,Manually reported
2026-06-05,AC0043,494355.42,488845.41,2026-06-06,Manually reported
2026-06-06,AC0043,459593.9,428982.25,2026-06-07,Manually reported
2026-06-07,AC0043,515836.54,454223.23,2026-06-08,Manually reported
2026-06-08,AC0043,503683.01,467545.45,2026-06-09,Manually reported
2026-06-09,AC0043,524371.2,466680.47,2026-06-10,Manually reported
2026-06-10,AC0043,640504.65,623778.99,2026-06-11,Manually reported
2026-06-11,AC0043,522556.84,497990.52,2026-06-12,Manually reported
2026-06-12,AC0043,506796.46,494819.89,2026-06-13,Manually reported
2026-06-13,AC0043,525346.14,511830.83,2026-06-14,Manually reported
2026-06-14,AC0043,376803.51,342270.3,2026-06-15,Manually reported
2026-06-15,AC0043,591038.02,571841.16,2026-06-16,Manually reported
2026-06-16,AC0043,642670.6,597840.1,2026-06-17,Manually reported
2026-06-17,AC0043,571505.37,562799.37,2026-06-18,Manually reported
2026-06-18,AC0043,561084.67,518001.97,2026-06-19,Manually reported
2026-06-19,AC0043,517667.62,468035.91,2026-06-20,Manually reported
2026-06-20,AC0043,438475.55,401158.44,2026-06-21,Manually reported
2026-06-21,AC0043,440400.54,397391.27,2026-06-22,Manually reported
2026-06-22,AC0043,474372.12,463413.28,2026-06-23,Manually reported
2026-06-23,AC0043,598656.13,582902.52,2026-06-24,Manually reported
2026-06-24,AC0043,612263.65,590227.59,2026-06-25,Manually reported
2026-06-25,AC0043,588371.44,551267.38,2026-06-26,Manually reported
2026-06-26,AC0043,496091.7,440735.23,2026-06-27,Manually reported
2026-06-27,AC0043,436427.19,430550.43,2026-06-28,Manually reported
2026-06-28,AC0043,481906.18,437281.51,2026-06-29,Manually reported
2026-06-29,AC0043,601231.27,536442.5,2026-06-30,Manually reported
2026-06-30,AC0043,516680.28,455561.3,2026-07-01,Manually reported
2026-01-01,AC0044,2087407.93,2035766.38,2026-01-01,Automated
2026-01-02,AC0044,2411624.46,2321531.5,2026-01-02,Automated
2026-01-03,AC0044,2243161.34,2165931.83,2026-01-03,Automated
2026-01-04,AC0044,2631247.63,2480380.36,2026-01-04,Automated
2026-01-05,AC0044,2605762.02,2363337.46,2026-01-05,Automated
2026-01-06,AC0044,2676414.34,2388660.23,2026-01-06,Automated
2026-01-07,AC0044,2410521.03,2259937.84,2026-01-07,Automated
2026-01-08,AC0044,2035219.06,1958045.38,2026-01-08,Automated
2026-01-09,AC0044,2423611.84,2263836.72,2026-01-09,Automated
2026-01-10,AC0044,2533589.22,2460201.86,2026-01-10,Automated
2026-01-11,AC0044,2635040.7,2452934.64,2026-01-11,Automated
2026-01-12,AC0044,2640339.5,2384354.76,2026-01-12,Automated
2026-01-13,AC0044,2382933.18,2147566.75,2026-01-13,Automated
2026-01-14,AC0044,2397982.52,2149963.72,2026-01-14,Automated
2026-01-15,AC0044,2214480.78,2118859.63,2026-01-15,Automated
2026-01-16,AC0044,2492409.59,2266537.53,2026-01-16,Automated
2026-01-17,AC0044,2527827.51,2421491.94,2026-01-17,Automated
2026-01-18,AC0044,2684235.99,2563590.37,2026-01-18,Automated
2026-01-19,AC0044,2848144.47,2629597.57,2026-01-19,Automated
2026-01-20,AC0044,2334630.99,2230564.94,2026-01-20,Automated
2026-01-21,AC0044,2224137.52,2104315.57,2026-01-21,Automated
2026-01-22,AC0044,2290360.67,2264922.95,2026-01-22,Automated
2026-01-23,AC0044,2158010.42,1974332.3,2026-01-23,Automated
2026-01-24,AC0044,2405554.68,2226781.77,2026-01-24,Automated
2026-01-25,AC0044,2541680.6,2321206.51,2026-01-25,Automated
2026-01-26,AC0044,2633651.23,2384376.64,2026-01-26,Automated
2026-01-27,AC0044,2262137.55,2151861.48,2026-01-27,Automated
2026-01-28,AC0044,2554516.55,2528027.19,2026-01-28,Automated
2026-01-29,AC0044,2288013.1,2164521.06,2026-01-29,Automated
2026-01-30,AC0044,2619142.41,2432677.0,2026-01-30,Automated
2026-01-31,AC0044,2663095.53,2429038.88,2026-01-31,Automated
2026-02-01,AC0044,2690674.09,2563217.23,2026-02-01,Automated
2026-02-02,AC0044,2411723.8,2254658.76,2026-02-02,Automated
2026-02-03,AC0044,2392960.26,2334745.45,2026-02-03,Automated
2026-02-04,AC0044,2139808.79,1928854.54,2026-02-04,Automated
2026-02-05,AC0044,2396581.82,2322058.49,2026-02-05,Automated
2026-02-06,AC0044,2192541.99,1937873.61,2026-02-06,Automated
2026-02-07,AC0044,2333995.36,2268411.34,2026-02-07,Automated
2026-02-08,AC0044,2862456.31,2519746.84,2026-02-08,Automated
2026-02-09,AC0044,2928581.26,2596997.45,2026-02-09,Automated
2026-02-10,AC0044,2261404.25,2169002.37,2026-02-10,Automated
2026-02-11,AC0044,2256658.79,1987944.32,2026-02-11,Automated
2026-02-12,AC0044,2150886.63,1935062.38,2026-02-12,Automated
2026-02-13,AC0044,2258755.75,2164312.43,2026-02-13,Automated
2026-02-14,AC0044,2471777.78,2223889.21,2026-02-14,Automated
2026-02-15,AC0044,2695442.04,2543774.98,2026-02-15,Automated
2026-02-16,AC0044,2388232.24,2144335.88,2026-02-16,Automated
2026-02-17,AC0044,2300828.15,2033932.9,2026-02-17,Automated
2026-02-18,AC0044,2190603.9,2141273.17,2026-02-18,Automated
2026-02-19,AC0044,2321306.93,2292452.19,2026-02-19,Automated
2026-02-20,AC0044,2341983.41,2286845.88,2026-02-20,Automated
2026-02-21,AC0044,2646698.67,2409197.24,2026-02-21,Automated
2026-02-22,AC0044,2643203.01,2579937.05,2026-02-22,Automated
2026-02-23,AC0044,2664508.58,2470747.79,2026-02-23,Automated
2026-02-24,AC0044,2460483.5,2291131.23,2026-02-24,Automated
2026-02-25,AC0044,2077623.6,1932234.44,2026-02-25,Automated
2026-02-26,AC0044,1894358.95,1838657.2,2026-02-26,Automated
2026-02-27,AC0044,2607027.49,2405490.47,2026-02-27,Automated
2026-02-28,AC0044,2715528.22,2390174.9,2026-02-28,Automated
2026-03-01,AC0044,2690128.17,2523908.78,2026-03-01,Automated
2026-03-02,AC0044,2795263.92,2679411.24,2026-03-02,Automated
2026-03-03,AC0044,2676545.77,2419806.94,2026-03-03,Automated
2026-03-04,AC0044,2435313.12,2214397.1,2026-03-04,Automated
2026-03-05,AC0044,2208082.45,2055352.46,2026-03-05,Automated
2026-03-06,AC0044,2243430.45,2067409.3,2026-03-06,Automated
2026-03-07,AC0044,2755730.45,2432598.89,2026-03-07,Automated
2026-03-08,AC0044,2839913.81,2770622.6,2026-03-08,Automated
2026-03-09,AC0044,3123403.18,2973987.13,2026-03-09,Automated
2026-03-10,AC0044,2427465.62,2260134.77,2026-03-10,Automated
2026-03-11,AC0044,2352526.53,2279249.32,2026-03-11,Automated
2026-03-12,AC0044,2064887.53,1871091.03,2026-03-12,Automated
2026-03-13,AC0044,2227086.66,2149723.6,2026-03-13,Automated
2026-03-14,AC0044,2731690.49,2440831.1,2026-03-14,Automated
2026-03-15,AC0044,2654475.82,2408803.22,2026-03-15,Automated
2026-03-16,AC0044,2582279.33,2361826.73,2026-03-16,Automated
2026-03-17,AC0044,2201130.56,1992192.07,2026-03-17,Automated
2026-03-18,AC0044,2204615.76,2070026.27,2026-03-18,Automated
2026-03-19,AC0044,2198672.8,2013278.19,2026-03-19,Automated
2026-03-20,AC0044,2325568.67,2283993.06,2026-03-20,Automated
2026-03-21,AC0044,2713009.83,2680839.26,2026-03-21,Automated
2026-03-22,AC0044,2773912.68,2636372.16,2026-03-22,Automated
2026-03-23,AC0044,2406243.57,2149633.9,2026-03-23,Automated
2026-03-24,AC0044,2169243.64,1909940.74,2026-03-24,Automated
2026-03-25,AC0044,1734560.71,1674178.93,2026-03-25,Automated
2026-03-26,AC0044,2144326.8,1970621.82,2026-03-26,Automated
2026-03-27,AC0044,2641180.18,2577178.09,2026-03-27,Automated
2026-03-28,AC0044,2635690.04,2463457.22,2026-03-28,Automated
2026-03-29,AC0044,2587556.69,2362950.34,2026-03-29,Automated
2026-03-30,AC0044,2657792.12,2546884.26,2026-03-30,Automated
2026-03-31,AC0044,2105284.0,1936815.47,2026-03-31,Automated
2026-04-01,AC0044,2426166.72,2356327.52,2026-04-01,Automated
2026-04-02,AC0044,2590653.83,2503682.92,2026-04-02,Automated
2026-04-03,AC0044,2346208.17,2239888.93,2026-04-03,Automated
2026-04-04,AC0044,2756824.55,2512892.61,2026-04-04,Automated
2026-04-05,AC0044,2440316.54,2375123.85,2026-04-05,Automated
2026-04-06,AC0044,2367942.91,2308969.48,2026-04-06,Automated
2026-04-07,AC0044,2091413.11,1960510.11,2026-04-07,Automated
2026-04-08,AC0044,1983290.67,1770388.67,2026-04-08,Automated
2026-04-09,AC0044,2146495.02,2033100.35,2026-04-09,Automated
2026-04-10,AC0044,2087178.69,2028549.69,2026-04-10,Automated
2026-04-11,AC0044,2867299.46,2774743.17,2026-04-11,Automated
2026-04-12,AC0044,2945761.95,2763201.42,2026-04-12,Automated
2026-04-13,AC0044,2649448.08,2508276.42,2026-04-13,Automated
2026-04-14,AC0044,2545742.82,2469104.94,2026-04-14,Automated
2026-04-15,AC0044,2509021.93,2306109.26,2026-04-15,Automated
2026-04-16,AC0044,2235508.8,2204310.9,2026-04-16,Automated
2026-04-17,AC0044,2338986.43,2194819.92,2026-04-17,Automated
2026-04-18,AC0044,2850888.9,2523645.42,2026-04-18,Automated
2026-04-19,AC0044,2594126.71,2451957.41,2026-04-19,Automated
2026-04-20,AC0044,2625796.48,2455836.97,2026-04-20,Automated
2026-04-21,AC0044,2132391.72,1995891.72,2026-04-21,Automated
2026-04-22,AC0044,2235218.97,2015197.78,2026-04-22,Automated
2026-04-23,AC0044,2120238.03,2083844.93,2026-04-23,Automated
2026-04-24,AC0044,2428584.71,2391621.29,2026-04-24,Automated
2026-04-25,AC0044,2851071.43,2760263.81,2026-04-25,Automated
2026-04-26,AC0044,2443030.15,2256487.81,2026-04-26,Automated
2026-04-27,AC0044,2521463.28,2483906.43,2026-04-27,Automated
2026-04-28,AC0044,2291074.35,2258587.5,2026-04-28,Automated
2026-04-29,AC0044,2546839.98,2257505.83,2026-04-29,Automated
2026-04-30,AC0044,2133353.89,2046402.13,2026-04-30,Automated
2026-05-01,AC0044,2506278.94,2480082.93,2026-05-01,Automated
2026-05-02,AC0044,2819880.53,2498504.02,2026-05-02,Automated
2026-05-03,AC0044,2979012.33,2660255.38,2026-05-03,Automated
2026-05-04,AC0044,2644569.83,2455006.46,2026-05-04,Automated
2026-05-05,AC0044,2400879.34,2319729.21,2026-05-05,Automated
2026-05-06,AC0044,1845951.15,1667188.77,2026-05-06,Automated
2026-05-07,AC0044,2288715.13,2232676.03,2026-05-07,Automated
2026-05-08,AC0044,2395933.55,2237105.87,2026-05-08,Automated
2026-05-09,AC0044,2213272.47,2170458.6,2026-05-09,Automated
2026-05-10,AC0044,2347483.64,2125321.52,2026-05-10,Automated
2026-05-11,AC0044,2552129.32,2423116.69,2026-05-11,Automated
2026-05-12,AC0044,2742137.37,2413172.82,2026-05-12,Automated
2026-05-13,AC0044,2235200.55,2112399.24,2026-05-13,Automated
2026-05-14,AC0044,2277452.52,2058696.77,2026-05-14,Automated
2026-05-15,AC0044,2306493.36,2043881.31,2026-05-15,Automated
2026-05-16,AC0044,2886319.71,2801585.05,2026-05-16,Automated
2026-05-17,AC0044,2966778.92,2651838.86,2026-05-17,Automated
2026-05-18,AC0044,2124940.58,2027390.42,2026-05-18,Automated
2026-05-19,AC0044,2099675.51,1973321.09,2026-05-19,Automated
2026-05-20,AC0044,2541072.24,2290513.39,2026-05-20,Automated
2026-05-21,AC0044,2309032.32,2135512.36,2026-05-21,Automated
2026-05-22,AC0044,2088921.97,2033911.23,2026-05-22,Automated
2026-05-23,AC0044,2392145.07,2348605.8,2026-05-23,Automated
2026-05-24,AC0044,2644148.84,2505193.47,2026-05-24,Automated
2026-05-25,AC0044,2536770.03,2379289.19,2026-05-25,Automated
2026-05-26,AC0044,2369171.08,2128739.8,2026-05-26,Automated
2026-05-27,AC0044,2170790.38,1966847.51,2026-05-27,Automated
2026-05-28,AC0044,1783426.91,1570221.87,2026-05-28,Automated
2026-05-29,AC0044,2422863.02,2276055.06,2026-05-29,Automated
2026-05-30,AC0044,2391919.93,2305006.38,2026-05-30,Automated
2026-05-31,AC0044,2266367.39,2052209.81,2026-05-31,Automated
2026-06-01,AC0044,3024361.31,2693125.71,2026-06-01,Automated
2026-06-02,AC0044,2179114.42,1955028.79,2026-06-02,Automated
2026-06-03,AC0044,2343761.48,2111542.53,2026-06-03,Automated
2026-06-04,AC0044,2030176.43,1794468.55,2026-06-04,Automated
2026-06-05,AC0044,2325705.32,2190141.05,2026-06-05,Automated
2026-06-06,AC0044,2398007.83,2146322.27,2026-06-06,Automated
2026-06-07,AC0044,2489467.73,2296338.23,2026-06-07,Automated
2026-06-08,AC0044,2788147.29,2548700.76,2026-06-08,Automated
2026-06-09,AC0044,2179488.67,2038144.25,2026-06-09,Automated
2026-06-10,AC0044,2063503.52,1984531.9,2026-06-10,Automated
2026-06-11,AC0044,2242340.61,2186727.32,2026-06-11,Automated
2026-06-12,AC0044,2094626.88,1906882.88,2026-06-12,Automated
2026-06-13,AC0044,2909011.38,2860592.86,2026-06-13,Automated
2026-06-14,AC0044,2429435.02,2305596.62,2026-06-14,Automated
2026-06-15,AC0044,2445636.58,2302239.15,2026-06-15,Automated
2026-06-16,AC0044,2755788.91,2587207.44,2026-06-16,Automated
2026-06-17,AC0044,2367877.37,2248210.39,2026-06-17,Automated
2026-06-18,AC0044,2301876.0,2118279.35,2026-06-18,Automated
2026-06-19,AC0044,2431522.98,2406832.77,2026-06-19,Automated
2026-06-20,AC0044,2295100.99,2228590.18,2026-06-20,Automated
2026-06-21,AC0044,2550171.29,2307673.05,2026-06-21,Automated
2026-06-22,AC0044,2519174.11,2245572.35,2026-06-22,Automated
2026-06-23,AC0044,2415524.79,2360766.63,2026-06-23,Automated
2026-06-24,AC0044,2376440.01,2232375.06,2026-06-24,Automated
2026-06-25,AC0044,2015435.35,1781746.01,2026-06-25,Automated
2026-06-26,AC0044,2452595.47,2237232.12,2026-06-26,Automated
2026-06-27,AC0044,2473861.82,2243952.94,2026-06-27,Automated
2026-06-28,AC0044,2547126.83,2400558.89,2026-06-28,Automated
2026-06-29,AC0044,2650814.74,2410760.99,2026-06-29,Automated
2026-06-30,AC0044,2411589.42,2273279.88,2026-06-30,Automated
2026-01-01,AC0045,1463693.68,1345309.84,2026-01-03,Estimated
2026-01-02,AC0045,1674969.55,1525054.02,2026-01-04,Estimated
2026-01-03,AC0045,1547701.06,1367683.83,2026-01-05,Estimated
2026-01-04,AC0045,1675950.89,1533648.31,2026-01-06,Estimated
2026-01-05,AC0045,1563200.08,1452772.95,2026-01-07,Estimated
2026-01-06,AC0045,1330904.42,1295930.42,2026-01-08,Estimated
2026-01-07,AC0045,1167158.18,1029621.58,2026-01-09,Estimated
2026-01-08,AC0045,1560377.5,1458133.74,2026-01-10,Estimated
2026-01-09,AC0045,1652554.14,1500702.89,2026-01-12,Estimated
2026-01-10,AC0045,1955960.24,1818230.02,2026-01-13,Estimated
2026-01-11,AC0045,1823227.72,1777997.11,2026-01-13,Estimated
2026-01-12,AC0045,1451361.8,1343358.62,2026-01-15,Estimated
2026-01-13,AC0045,1466771.23,1309214.62,2026-01-15,Estimated
2026-01-14,AC0045,1476852.76,1429984.61,2026-01-16,Estimated
2026-01-15,AC0045,1673688.25,1473994.74,2026-01-18,Estimated
2026-01-16,AC0045,1466445.33,1338753.63,2026-01-18,Estimated
2026-01-17,AC0045,1677216.65,1509113.47,2026-01-19,Estimated
2026-01-18,AC0045,1750530.02,1633141.94,2026-01-20,Estimated
2026-01-19,AC0045,1863809.09,1667447.86,2026-01-21,Estimated
2026-01-20,AC0045,1619147.16,1442569.04,2026-01-22,Estimated
2026-01-21,AC0045,1502344.35,1456738.99,2026-01-23,Estimated
2026-01-22,AC0045,1374698.05,1320360.43,2026-01-25,Estimated
2026-01-23,AC0045,1847827.22,1644323.65,2026-01-25,Estimated
2026-01-24,AC0045,1722642.25,1579160.64,2026-01-26,Estimated
2026-01-25,AC0045,1883304.24,1786192.15,2026-01-28,Estimated
2026-01-26,AC0045,1489525.64,1318252.68,2026-01-29,Estimated
2026-01-27,AC0045,1507221.92,1480181.29,2026-01-29,Estimated
2026-01-28,AC0045,1308201.15,1264059.06,2026-01-30,Estimated
2026-01-29,AC0045,1510889.16,1357323.82,2026-01-31,Estimated
2026-01-30,AC0045,1625091.93,1596359.4,2026-02-02,Estimated
2026-01-31,AC0045,1552214.84,1438645.5,2026-02-02,Estimated
2026-02-01,AC0045,1816860.78,1681473.35,2026-02-03,Estimated
2026-02-02,AC0045,1606408.92,1453104.59,2026-02-04,Estimated
2026-02-03,AC0045,1276450.05,1246746.17,2026-02-05,Estimated
2026-02-04,AC0045,1352325.21,1236843.28,2026-02-06,Estimated
2026-02-05,AC0045,1489109.83,1337076.67,2026-02-07,Estimated
2026-02-06,AC0045,1643635.34,1519273.04,2026-02-08,Estimated
2026-02-07,AC0045,1687907.03,1614464.39,2026-02-09,Estimated
2026-02-08,AC0045,1767338.99,1723934.42,2026-02-10,Estimated
2026-02-09,AC0045,1631230.94,1540100.99,2026-02-12,Estimated
2026-02-10,AC0045,1450866.28,1341424.42,2026-02-12,Estimated
2026-02-11,AC0045,1133396.37,1116864.15,2026-02-13,Estimated
2026-02-12,AC0045,1429162.79,1326197.3,2026-02-14,Estimated
2026-02-13,AC0045,1763881.81,1581312.45,2026-02-15,Estimated
2026-02-14,AC0045,1827010.23,1690851.12,2026-02-17,Estimated
2026-02-15,AC0045,1796251.73,1774112.03,2026-02-17,Estimated
2026-02-16,AC0045,1668060.34,1507947.18,2026-02-18,Estimated
2026-02-17,AC0045,1580514.7,1462326.8,2026-02-19,Estimated
2026-02-18,AC0045,1511224.63,1424697.1,2026-02-20,Estimated
2026-02-19,AC0045,1587424.5,1530294.37,2026-02-22,Estimated
2026-02-20,AC0045,1766455.15,1717784.21,2026-02-22,Estimated
2026-02-21,AC0045,1719137.11,1531379.5,2026-02-23,Estimated
2026-02-22,AC0045,1767681.91,1605713.38,2026-02-24,Estimated
2026-02-23,AC0045,1480636.26,1333889.89,2026-02-25,Estimated
2026-02-24,AC0045,1468664.73,1396932.85,2026-02-27,Estimated
2026-02-25,AC0045,1353457.81,1211381.07,2026-02-28,Estimated
2026-02-26,AC0045,1438088.29,1347062.96,2026-02-28,Estimated
2026-02-27,AC0045,1523274.19,1410739.21,2026-03-01,Estimated
2026-02-28,AC0045,1810652.63,1752638.59,2026-03-02,Estimated
2026-03-01,AC0045,1604596.68,1469986.29,2026-03-04,Estimated
2026-03-02,AC0045,1511470.49,1493586.81,2026-03-04,Estimated
2026-03-03,AC0045,1501487.84,1345172.23,2026-03-05,Estimated
2026-03-04,AC0045,1441328.43,1280011.47,2026-03-06,Estimated
2026-03-05,AC0045,1691089.38,1573957.56,2026-03-07,Estimated
2026-03-06,AC0045,1789702.42,1645333.89,2026-03-08,Estimated
2026-03-07,AC0045,1553632.23,1378599.66,2026-03-10,Estimated
2026-03-08,AC0045,1381008.06,1233457.3,2026-03-10,Estimated
2026-03-09,AC0045,1815996.72,1714880.9,2026-03-11,Estimated
2026-03-10,AC0045,1563809.27,1415493.72,2026-03-12,Estimated
2026-03-11,AC0045,1351138.9,1194550.49,2026-03-13,Estimated
2026-03-12,AC0045,1320071.83,1291198.88,2026-03-14,Estimated
2026-03-13,AC0045,1482961.08,1331909.52,2026-03-15,Estimated
2026-03-14,AC0045,1577290.76,1491351.28,2026-03-16,Estimated
2026-03-15,AC0045,1727833.78,1597695.83,2026-03-17,Estimated
2026-03-16,AC0045,1654392.56,1583212.16,2026-03-18,Estimated
2026-03-17,AC0045,1350467.99,1336564.88,2026-03-20,Estimated
2026-03-18,AC0045,1400762.92,1301378.71,2026-03-20,Estimated
2026-03-19,AC0045,1358642.68,1333407.31,2026-03-22,Estimated
2026-03-20,AC0045,1680407.48,1538551.39,2026-03-22,Estimated
2026-03-21,AC0045,1872374.29,1676465.38,2026-03-23,Estimated
2026-03-22,AC0045,1722072.51,1563118.0,2026-03-25,Estimated
2026-03-23,AC0045,1521422.77,1437830.63,2026-03-25,Estimated
2026-03-24,AC0045,1444269.83,1312445.59,2026-03-26,Estimated
2026-03-25,AC0045,1494713.85,1421319.86,2026-03-27,Estimated
2026-03-26,AC0045,1728043.9,1660140.65,2026-03-29,Estimated
2026-03-27,AC0045,1747862.68,1589111.09,2026-03-30,Estimated
2026-03-28,AC0045,1573852.83,1395326.25,2026-03-30,Estimated
2026-03-29,AC0045,1590683.43,1415914.55,2026-03-31,Estimated
2026-03-30,AC0045,1682744.05,1492430.71,2026-04-02,Estimated
2026-03-31,AC0045,1461620.73,1435671.21,2026-04-02,Estimated
2026-04-01,AC0045,1344502.18,1295486.41,2026-04-03,Estimated
2026-04-02,AC0045,1561801.72,1498363.77,2026-04-04,Estimated
2026-04-03,AC0045,1608262.04,1439166.02,2026-04-05,Estimated
2026-04-04,AC0045,1699343.18,1586154.2,2026-04-06,Estimated
2026-04-05,AC0045,1320089.73,1294357.65,2026-04-07,Estimated
2026-04-06,AC0045,1750540.83,1556626.24,2026-04-09,Estimated
2026-04-07,AC0045,1466939.94,1311058.6,2026-04-10,Estimated
2026-04-08,AC0045,1377731.59,1262456.76,2026-04-10,Estimated
2026-04-09,AC0045,1697606.66,1588088.22,2026-04-11,Estimated
2026-04-10,AC0045,1648024.19,1499624.18,2026-04-12,Estimated
2026-04-11,AC0045,1681639.84,1543177.01,2026-04-14,Estimated
2026-04-12,AC0045,1635506.87,1503060.44,2026-04-14,Estimated
2026-04-13,AC0045,1911505.09,1728679.35,2026-04-15,Estimated
2026-04-14,AC0045,1169405.6,1101721.34,2026-04-16,Estimated
2026-04-15,AC0045,1400284.1,1345267.77,2026-04-17,Estimated
2026-04-16,AC0045,1343185.41,1243081.92,2026-04-18,Estimated
2026-04-17,AC0045,1583513.82,1495852.74,2026-04-19,Estimated
2026-04-18,AC0045,1883344.34,1692817.82,2026-04-20,Estimated
2026-04-19,AC0045,1767329.68,1701254.34,2026-04-22,Estimated
2026-04-20,AC0045,1649825.1,1514012.8,2026-04-22,Estimated
2026-04-21,AC0045,1509681.64,1431815.13,2026-04-23,Estimated
2026-04-22,AC0045,1789604.34,1649268.46,2026-04-25,Estimated
2026-04-23,AC0045,1560972.95,1413832.16,2026-04-26,Estimated
2026-04-24,AC0045,1443393.72,1299479.21,2026-04-26,Estimated
2026-04-25,AC0045,1864421.09,1643815.19,2026-04-28,Estimated
2026-04-26,AC0045,1783452.76,1758512.13,2026-04-28,Estimated
2026-04-27,AC0045,1569635.05,1398384.15,2026-04-29,Estimated
2026-04-28,AC0045,1407497.17,1255922.75,2026-05-01,Estimated
2026-04-29,AC0045,1455038.38,1438593.23,2026-05-01,Estimated
2026-04-30,AC0045,1617138.19,1571234.29,2026-05-03,Estimated
2026-05-01,AC0045,1799004.62,1647671.42,2026-05-03,Estimated
2026-05-02,AC0045,1779678.92,1704073.0,2026-05-05,Estimated
2026-05-03,AC0045,1888889.05,1739076.51,2026-05-05,Estimated
2026-05-04,AC0045,1720790.02,1641477.6,2026-05-06,Estimated
2026-05-05,AC0045,1438650.37,1365792.46,2026-05-07,Estimated
2026-05-06,AC0045,1426648.16,1306877.11,2026-05-08,Estimated
2026-05-07,AC0045,1507784.06,1388859.85,2026-05-09,Estimated
2026-05-08,AC0045,1588004.44,1524056.73,2026-05-10,Estimated
2026-05-09,AC0045,1681425.35,1617567.2,2026-05-11,Estimated
2026-05-10,AC0045,1722579.76,1681697.98,2026-05-13,Estimated
2026-05-11,AC0045,1691854.32,1648785.39,2026-05-14,Estimated
2026-05-12,AC0045,1550364.27,1511661.29,2026-05-14,Estimated
2026-05-13,AC0045,1405585.4,1323111.82,2026-05-15,Estimated
2026-05-14,AC0045,1301582.15,1179733.78,2026-05-16,Estimated
2026-05-15,AC0045,1399172.9,1354844.72,2026-05-18,Estimated
2026-05-16,AC0045,1710677.31,1666964.16,2026-05-18,Estimated
2026-05-17,AC0045,1726118.12,1598876.83,2026-05-19,Estimated
2026-05-18,AC0045,1555742.8,1483654.57,2026-05-20,Estimated
2026-05-19,AC0045,1532507.07,1443061.76,2026-05-21,Estimated
2026-05-20,AC0045,1183785.06,1103440.2,2026-05-22,Estimated
2026-05-21,AC0045,1299506.48,1261889.62,2026-05-23,Estimated
2026-05-22,AC0045,1524768.85,1356578.52,2026-05-24,Estimated
2026-05-23,AC0045,1695729.12,1588213.26,2026-05-25,Estimated
2026-05-24,AC0045,1907024.05,1688934.47,2026-05-26,Estimated
2026-05-25,AC0045,1481220.66,1376323.77,2026-05-27,Estimated
2026-05-26,AC0045,1634356.04,1491497.13,2026-05-28,Estimated
2026-05-27,AC0045,1451444.32,1347096.7,2026-05-30,Estimated
2026-05-28,AC0045,1690053.53,1653921.46,2026-05-30,Estimated
2026-05-29,AC0045,1590895.32,1541063.22,2026-06-01,Estimated
2026-05-30,AC0045,1826050.91,1727468.37,2026-06-01,Estimated
2026-05-31,AC0045,1624170.11,1460466.96,2026-06-02,Estimated
2026-06-01,AC0045,1821122.81,1756842.86,2026-06-03,Estimated
2026-06-02,AC0045,1334921.45,1287602.69,2026-06-04,Estimated
2026-06-03,AC0045,1404030.26,1300899.5,2026-06-05,Estimated
2026-06-04,AC0045,1328754.02,1212768.76,2026-06-06,Estimated
2026-06-05,AC0045,1677690.67,1565788.18,2026-06-07,Estimated
2026-06-06,AC0045,1560423.55,1498697.54,2026-06-08,Estimated
2026-06-07,AC0045,1794362.69,1763100.89,2026-06-09,Estimated
2026-06-08,AC0045,1259718.74,1196652.82,2026-06-10,Estimated
2026-06-09,AC0045,1479746.97,1444486.8,2026-06-11,Estimated
2026-06-10,AC0045,1315271.85,1217762.12,2026-06-12,Estimated
2026-06-11,AC0045,1580543.33,1462335.1,2026-06-13,Estimated
2026-06-12,AC0045,1684622.01,1539053.09,2026-06-14,Estimated
2026-06-13,AC0045,1940526.9,1858329.46,2026-06-15,Estimated
2026-06-14,AC0045,1766059.92,1585109.84,2026-06-16,Estimated
2026-06-15,AC0045,1729235.78,1560642.8,2026-06-18,Estimated
2026-06-16,AC0045,1582458.51,1402228.09,2026-06-19,Estimated
2026-06-17,AC0045,1456061.15,1406987.43,2026-06-20,Estimated
2026-06-18,AC0045,1296154.42,1243436.25,2026-06-20,Estimated
2026-06-19,AC0045,1707716.97,1550683.73,2026-06-21,Estimated
2026-06-20,AC0045,1655505.29,1525629.73,2026-06-22,Estimated
2026-06-21,AC0045,1735684.9,1677761.91,2026-06-23,Estimated
2026-06-22,AC0045,1853493.2,1633537.92,2026-06-24,Estimated
2026-06-23,AC0045,1231352.39,1107496.19,2026-06-25,Estimated
2026-06-24,AC0045,1285759.32,1252785.86,2026-06-26,Estimated
2026-06-25,AC0045,1411899.56,1338947.86,2026-06-27,Estimated
2026-06-26,AC0045,1845941.08,1708361.54,2026-06-29,Estimated
2026-06-27,AC0045,1766142.76,1584561.46,2026-06-29,Estimated
2026-06-28,AC0045,1616589.79,1544804.37,2026-06-30,Estimated
2026-06-29,AC0045,1641241.71,1534286.55,2026-07-01,Estimated
2026-06-30,AC0045,1378503.48,1360760.6,2026-07-02,Estimated
2026-01-01,AC0046,517270.43,501067.54,2026-01-03,Estimated
2026-01-02,AC0046,500179.53,493314.13,2026-01-05,Estimated
2026-01-03,AC0046,533023.16,510551.08,2026-01-06,Estimated
2026-01-04,AC0046,577273.93,518471.9,2026-01-06,Estimated
2026-01-05,AC0046,604847.89,558356.98,2026-01-08,Estimated
2026-01-06,AC0046,469116.68,453427.16,2026-01-08,Estimated
2026-01-07,AC0046,496706.0,480195.63,2026-01-09,Estimated
2026-01-08,AC0046,515531.59,474803.43,2026-01-10,Estimated
2026-01-09,AC0046,512726.74,472086.79,2026-01-12,Estimated
2026-01-10,AC0046,613742.0,584033.62,2026-01-13,Estimated
2026-01-11,AC0046,553810.68,535574.27,2026-01-14,Estimated
2026-01-12,AC0046,551984.04,497593.21,2026-01-14,Estimated
2026-01-13,AC0046,528289.78,475440.85,2026-01-15,Estimated
2026-01-14,AC0046,446143.97,425284.77,2026-01-16,Estimated
2026-01-15,AC0046,510070.73,472794.19,2026-01-17,Estimated
2026-01-16,AC0046,608924.94,538512.93,2026-01-18,Estimated
2026-01-17,AC0046,623472.92,568547.65,2026-01-19,Estimated
2026-01-18,AC0046,620037.3,558328.62,2026-01-21,Estimated
2026-01-19,AC0046,489226.74,431837.73,2026-01-21,Estimated
2026-01-20,AC0046,546978.8,532086.02,2026-01-22,Estimated
2026-01-21,AC0046,569725.07,529310.08,2026-01-23,Estimated
2026-01-22,AC0046,496042.04,458567.29,2026-01-24,Estimated
2026-01-23,AC0046,530274.37,468383.78,2026-01-25,Estimated
2026-01-24,AC0046,630918.95,617969.84,2026-01-26,Estimated
2026-01-25,AC0046,498265.87,468311.9,2026-01-28,Estimated
2026-01-26,AC0046,500861.56,487828.89,2026-01-28,Estimated
2026-01-27,AC0046,440790.24,397591.73,2026-01-29,Estimated
2026-01-28,AC0046,454430.33,425299.32,2026-01-30,Estimated
2026-01-29,AC0046,532450.96,524969.65,2026-01-31,Estimated
2026-01-30,AC0046,535581.28,521712.45,2026-02-02,Estimated
2026-01-31,AC0046,588755.29,553479.94,2026-02-02,Estimated
2026-02-01,AC0046,593648.8,526118.51,2026-02-04,Estimated
2026-02-02,AC0046,583779.28,535160.76,2026-02-04,Estimated
2026-02-03,AC0046,505807.96,482683.38,2026-02-05,Estimated
2026-02-04,AC0046,409134.53,378954.84,2026-02-06,Estimated
2026-02-05,AC0046,489314.73,465759.33,2026-02-07,Estimated
2026-02-06,AC0046,526463.08,505005.86,2026-02-08,Estimated
2026-02-07,AC0046,569046.64,562969.93,2026-02-09,Estimated
2026-02-08,AC0046,549316.14,510623.96,2026-02-10,Estimated
2026-02-09,AC0046,560048.76,531824.04,2026-02-11,Estimated
2026-02-10,AC0046,494773.48,442119.12,2026-02-12,Estimated
2026-02-11,AC0046,507737.63,465294.76,2026-02-13,Estimated
2026-02-12,AC0046,465332.5,417365.5,2026-02-14,Estimated
2026-02-13,AC0046,527483.64,473462.89,2026-02-15,Estimated
2026-02-14,AC0046,567665.16,517999.86,2026-02-16,Estimated
2026-02-15,AC0046,475018.97,447323.03,2026-02-17,Estimated
2026-02-16,AC0046,551762.2,497280.84,2026-02-18,Estimated
2026-02-17,AC0046,437666.81,407765.34,2026-02-19,Estimated
2026-02-18,AC0046,402583.12,388432.89,2026-02-20,Estimated
2026-02-19,AC0046,522196.76,511122.12,2026-02-21,Estimated
2026-02-20,AC0046,509205.18,458756.94,2026-02-22,Estimated
2026-02-21,AC0046,578838.87,519604.8,2026-02-23,Estimated
2026-02-22,AC0046,519889.5,476157.33,2026-02-24,Estimated
2026-02-23,AC0046,564606.14,517615.45,2026-02-25,Estimated
2026-02-24,AC0046,552383.41,540147.85,2026-02-26,Estimated
2026-02-25,AC0046,427079.95,415393.12,2026-02-27,Estimated
2026-02-26,AC0046,536188.9,514488.59,2026-03-01,Estimated
2026-02-27,AC0046,540623.09,516208.86,2026-03-01,Estimated
2026-02-28,AC0046,540763.18,521608.92,2026-03-02,Estimated
2026-03-01,AC0046,535090.44,518151.09,2026-03-03,Estimated
2026-03-02,AC0046,546232.84,507131.49,2026-03-04,Estimated
2026-03-03,AC0046,504002.24,458948.99,2026-03-05,Estimated
2026-03-04,AC0046,453471.2,440914.02,2026-03-06,Estimated
2026-03-05,AC0046,525307.42,516514.42,2026-03-07,Estimated
2026-03-06,AC0046,511553.74,458273.26,2026-03-08,Estimated
2026-03-07,AC0046,496831.77,475639.3,2026-03-09,Estimated
2026-03-08,AC0046,574279.72,515044.35,2026-03-11,Estimated
2026-03-09,AC0046,490362.17,467569.13,2026-03-12,Estimated
2026-03-10,AC0046,494333.13,446954.11,2026-03-12,Estimated
2026-03-11,AC0046,435161.87,389232.08,2026-03-13,Estimated
2026-03-12,AC0046,445789.78,439505.1,2026-03-14,Estimated
2026-03-13,AC0046,515867.85,501672.67,2026-03-15,Estimated
2026-03-14,AC0046,638220.7,608507.74,2026-03-16,Estimated
2026-03-15,AC0046,583319.93,544025.23,2026-03-17,Estimated
2026-03-16,AC0046,577161.59,551031.16,2026-03-18,Estimated
2026-03-17,AC0046,452718.62,398838.87,2026-03-19,Estimated
2026-03-18,AC0046,400817.93,357924.41,2026-03-20,Estimated
2026-03-19,AC0046,494214.16,447068.29,2026-03-21,Estimated
2026-03-20,AC0046,500390.0,476388.5,2026-03-22,Estimated
2026-03-21,AC0046,590694.34,522977.81,2026-03-24,Estimated
2026-03-22,AC0046,499566.22,480473.94,2026-03-25,Estimated
2026-03-23,AC0046,463083.49,454425.66,2026-03-25,Estimated
2026-03-24,AC0046,471162.04,442559.83,2026-03-26,Estimated
2026-03-25,AC0046,520947.92,472138.93,2026-03-27,Estimated
2026-03-26,AC0046,556998.53,497879.03,2026-03-28,Estimated
2026-03-27,AC0046,512332.03,496613.72,2026-03-30,Estimated
2026-03-28,AC0046,628367.79,582631.49,2026-03-31,Estimated
2026-03-29,AC0046,567469.28,501203.75,2026-03-31,Estimated
2026-03-30,AC0046,519882.99,480938.54,2026-04-01,Estimated
2026-03-31,AC0046,471265.4,424444.76,2026-04-02,Estimated
2026-04-01,AC0046,507126.41,456111.17,2026-04-04,Estimated
2026-04-02,AC0046,586608.34,561319.78,2026-04-04,Estimated
2026-04-03,AC0046,609370.8,540966.92,2026-04-06,Estimated
2026-04-04,AC0046,614815.76,588819.65,2026-04-06,Estimated
2026-04-05,AC0046,581905.52,538454.02,2026-04-07,Estimated
2026-04-06,AC0046,616762.96,610545.41,2026-04-08,Estimated
2026-04-07,AC0046,452152.28,414869.2,2026-04-10,Estimated
2026-04-08,AC0046,446832.33,432217.41,2026-04-10,Estimated
2026-04-09,AC0046,547046.47,529525.43,2026-04-11,Estimated
2026-04-10,AC0046,494788.43,452251.5,2026-04-12,Estimated
2026-04-11,AC0046,521616.52,497504.56,2026-04-13,Estimated
2026-04-12,AC0046,549668.42,501458.58,2026-04-14,Estimated
2026-04-13,AC0046,547079.86,504696.07,2026-04-15,Estimated
2026-04-14,AC0046,521490.07,466706.79,2026-04-16,Estimated
2026-04-15,AC0046,451684.87,440587.76,2026-04-18,Estimated
2026-04-16,AC0046,547470.63,491847.21,2026-04-18,Estimated
2026-04-17,AC0046,568303.05,532180.21,2026-04-19,Estimated
2026-04-18,AC0046,571104.42,543252.75,2026-04-20,Estimated
2026-04-19,AC0046,562198.98,512370.16,2026-04-21,Estimated
2026-04-20,AC0046,570107.56,503513.78,2026-04-22,Estimated
2026-04-21,AC0046,469684.84,458759.98,2026-04-23,Estimated
2026-04-22,AC0046,457368.0,443139.81,2026-04-24,Estimated
2026-04-23,AC0046,495844.13,442099.78,2026-04-25,Estimated
2026-04-24,AC0046,558380.63,492930.18,2026-04-27,Estimated
2026-04-25,AC0046,570711.97,502591.31,2026-04-28,Estimated
2026-04-26,AC0046,567043.0,534816.13,2026-04-29,Estimated
2026-04-27,AC0046,532143.93,509875.24,2026-04-29,Estimated
2026-04-28,AC0046,508049.0,486166.12,2026-04-30,Estimated
2026-04-29,AC0046,525495.35,504176.08,2026-05-01,Estimated
2026-04-30,AC0046,532967.13,500058.49,2026-05-03,Estimated
2026-05-01,AC0046,513837.0,483456.22,2026-05-03,Estimated
2026-05-02,AC0046,541626.0,519827.89,2026-05-05,Estimated
2026-05-03,AC0046,624429.28,597551.4,2026-05-05,Estimated
2026-05-04,AC0046,557157.05,524792.55,2026-05-07,Estimated
2026-05-05,AC0046,493759.41,466310.99,2026-05-07,Estimated
2026-05-06,AC0046,515295.8,490937.83,2026-05-08,Estimated
2026-05-07,AC0046,511063.27,505382.1,2026-05-10,Estimated
2026-05-08,AC0046,554074.59,489706.07,2026-05-10,Estimated
2026-05-09,AC0046,595818.36,546015.73,2026-05-11,Estimated
2026-05-10,AC0046,495214.33,483378.24,2026-05-12,Estimated
2026-05-11,AC0046,556974.84,495477.11,2026-05-13,Estimated
2026-05-12,AC0046,546842.31,508941.47,2026-05-14,Estimated
2026-05-13,AC0046,469602.36,430017.02,2026-05-15,Estimated
2026-05-14,AC0046,493637.35,439004.16,2026-05-16,Estimated
2026-05-15,AC0046,519156.17,464945.6,2026-05-17,Estimated
2026-05-16,AC0046,614801.53,571426.92,2026-05-18,Estimated
2026-05-17,AC0046,539889.89,480733.65,2026-05-20,Estimated
2026-05-18,AC0046,555227.94,526686.02,2026-05-20,Estimated
2026-05-19,AC0046,441640.91,434533.72,2026-05-21,Estimated
2026-05-20,AC0046,455258.51,442117.11,2026-05-23,Estimated
2026-05-21,AC0046,468664.82,428752.39,2026-05-24,Estimated
2026-05-22,AC0046,569514.08,528481.28,2026-05-24,Estimated
2026-05-23,AC0046,584116.35,551057.22,2026-05-26,Estimated
2026-05-24,AC0046,566288.62,536965.01,2026-05-26,Estimated
2026-05-25,AC0046,580523.45,548404.24,2026-05-28,Estimated
2026-05-26,AC0046,523261.25,513745.38,2026-05-28,Estimated
2026-05-27,AC0046,378712.59,352869.46,2026-05-30,Estimated
2026-05-28,AC0046,426676.42,390780.55,2026-05-30,Estimated
2026-05-29,AC0046,577763.61,571584.64,2026-05-31,Estimated
2026-05-30,AC0046,605561.05,574904.84,2026-06-02,Estimated
2026-05-31,AC0046,641295.61,614295.23,2026-06-02,Estimated
2026-06-01,AC0046,484063.36,477103.81,2026-06-03,Estimated
2026-06-02,AC0046,479455.14,462028.97,2026-06-04,Estimated
2026-06-03,AC0046,470912.97,445103.41,2026-06-05,Estimated
2026-06-04,AC0046,601047.82,574278.57,2026-06-06,Estimated
2026-06-05,AC0046,581850.62,549867.58,2026-06-07,Estimated
2026-06-06,AC0046,527118.97,485986.1,2026-06-09,Estimated
2026-06-07,AC0046,552451.65,541668.75,2026-06-10,Estimated
2026-06-08,AC0046,550193.04,511962.41,2026-06-10,Estimated
2026-06-09,AC0046,483175.77,450282.43,2026-06-11,Estimated
2026-06-10,AC0046,535229.28,471856.15,2026-06-13,Estimated
2026-06-11,AC0046,521329.7,515669.94,2026-06-14,Estimated
2026-06-12,AC0046,541164.71,508659.69,2026-06-14,Estimated
2026-06-13,AC0046,519194.06,503301.73,2026-06-15,Estimated
2026-06-14,AC0046,580207.38,555809.07,2026-06-16,Estimated
2026-06-15,AC0046,514222.31,478466.77,2026-06-17,Estimated
2026-06-16,AC0046,482613.66,449709.67,2026-06-18,Estimated
2026-06-17,AC0046,430045.71,397041.18,2026-06-19,Estimated
2026-06-18,AC0046,524234.28,481816.33,2026-06-20,Estimated
2026-06-19,AC0046,565714.34,536351.54,2026-06-21,Estimated
2026-06-20,AC0046,622898.55,581556.51,2026-06-22,Estimated
2026-06-21,AC0046,534263.15,490880.43,2026-06-24,Estimated
2026-06-22,AC0046,599780.0,545088.81,2026-06-24,Estimated
2026-06-23,AC0046,458914.87,424914.12,2026-06-26,Estimated
2026-06-24,AC0046,528694.14,466315.61,2026-06-27,Estimated
2026-06-25,AC0046,446804.38,398499.88,2026-06-27,Estimated
2026-06-26,AC0046,598130.24,579018.42,2026-06-29,Estimated
2026-06-27,AC0046,503936.39,475453.72,2026-06-29,Estimated
2026-06-28,AC0046,572971.69,546625.63,2026-06-30,Estimated
2026-06-29,AC0046,503783.33,464294.77,2026-07-02,Estimated
2026-06-30,AC0046,492610.46,451019.62,2026-07-02,Estimated
2026-01-01,AC0047,2180387.48,2148705.57,2026-01-03,Estimated
2026-01-02,AC0047,1913237.53,1775714.22,2026-01-04,Estimated
2026-01-03,AC0047,1977559.0,1844100.03,2026-01-05,Estimated
2026-01-04,AC0047,1570895.31,1505917.99,2026-01-06,Estimated
2026-01-05,AC0047,1604793.21,1470181.14,2026-01-07,Estimated
2026-01-06,AC0047,1729217.77,1676564.86,2026-01-09,Estimated
2026-01-07,AC0047,1749508.29,1664858.97,2026-01-10,Estimated
2026-01-08,AC0047,2344219.23,2068380.95,2026-01-10,Estimated
2026-01-09,AC0047,2102915.93,1885295.35,2026-01-11,Estimated
2026-01-10,AC0047,1747875.17,1705142.55,2026-01-12,Estimated
2026-01-11,AC0047,1677468.31,1497338.33,2026-01-13,Estimated
2026-01-12,AC0047,1666830.18,1472179.32,2026-01-14,Estimated
2026-01-13,AC0047,1716796.64,1582809.46,2026-01-15,Estimated
2026-01-14,AC0047,1760361.73,1727688.71,2026-01-17,Estimated
2026-01-15,AC0047,1918695.32,1746125.02,2026-01-17,Estimated
2026-01-16,AC0047,2025881.67,1886743.69,2026-01-18,Estimated
2026-01-17,AC0047,1604450.58,1461567.38,2026-01-19,Estimated
2026-01-18,AC0047,1654667.3,1627598.47,2026-01-21,Estimated
2026-01-19,AC0047,1519708.5,1380718.17,2026-01-21,Estimated
2026-01-20,AC0047,1849582.79,1666534.02,2026-01-22,Estimated
2026-01-21,AC0047,1800839.55,1632231.14,2026-01-23,Estimated
2026-01-22,AC0047,2242676.43,2079456.77,2026-01-24,Estimated
2026-01-23,AC0047,2111992.1,1871880.49,2026-01-26,Estimated
2026-01-24,AC0047,1747447.43,1611621.66,2026-01-27,Estimated
2026-01-25,AC0047,1546374.84,1374626.29,2026-01-27,Estimated
2026-01-26,AC0047,1679417.26,1561532.97,2026-01-28,Estimated
2026-01-27,AC0047,1632099.18,1530438.62,2026-01-29,Estimated
2026-01-28,AC0047,2132757.61,2028532.93,2026-01-31,Estimated
2026-01-29,AC0047,2149482.41,2065906.43,2026-01-31,Estimated
2026-01-30,AC0047,2148314.56,2073302.19,2026-02-01,Estimated
2026-01-31,AC0047,1856895.03,1738914.35,2026-02-02,Estimated
2026-02-01,AC0047,1831255.5,1698311.29,2026-02-03,Estimated
2026-02-02,AC0047,1865729.79,1781524.23,2026-02-04,Estimated
2026-02-03,AC0047,2078643.47,2003527.53,2026-02-05,Estimated
2026-02-04,AC0047,2128553.73,2001480.27,2026-02-06,Estimated
2026-02-05,AC0047,2424236.73,2266900.08,2026-02-07,Estimated
2026-02-06,AC0047,2092088.33,1970831.92,2026-02-08,Estimated
2026-02-07,AC0047,1689521.69,1545443.3,2026-02-09,Estimated
2026-02-08,AC0047,1788517.65,1627573.13,2026-02-10,Estimated
2026-02-09,AC0047,1336348.69,1260149.22,2026-02-11,Estimated
2026-02-10,AC0047,1749229.57,1570010.14,2026-02-12,Estimated
2026-02-11,AC0047,1822626.79,1708520.02,2026-02-13,Estimated
2026-02-12,AC0047,2126462.03,2020740.28,2026-02-14,Estimated
2026-02-13,AC0047,1910986.42,1743121.9,2026-02-15,Estimated
2026-02-14,AC0047,1768843.36,1740034.39,2026-02-16,Estimated
2026-02-15,AC0047,1692050.33,1584205.37,2026-02-17,Estimated
2026-02-16,AC0047,1644636.52,1500652.62,2026-02-19,Estimated
2026-02-17,AC0047,1983411.97,1756713.61,2026-02-19,Estimated
2026-02-18,AC0047,1805139.51,1696277.48,2026-02-21,Estimated
2026-02-19,AC0047,2114843.69,1919984.28,2026-02-21,Estimated
2026-02-20,AC0047,1944529.89,1711675.79,2026-02-22,Estimated
2026-02-21,AC0047,2099067.55,1886108.61,2026-02-24,Estimated
2026-02-22,AC0047,1678360.98,1600222.86,2026-02-24,Estimated
2026-02-23,AC0047,1757888.09,1737186.8,2026-02-25,Estimated
2026-02-24,AC0047,1654292.48,1584726.6,2026-02-27,Estimated
2026-02-25,AC0047,2055794.61,1949217.39,2026-02-28,Estimated
2026-02-26,AC0047,1952116.56,1885488.82,2026-03-01,Estimated
2026-02-27,AC0047,1909356.52,1697193.93,2026-03-02,Estimated
2026-02-28,AC0047,1838906.09,1768571.45,2026-03-03,Estimated
2026-03-01,AC0047,1788020.44,1680568.65,2026-03-03,Estimated
2026-03-02,AC0047,1684668.18,1613671.49,2026-03-04,Estimated
2026-03-03,AC0047,1644162.05,1547839.41,2026-03-05,Estimated
2026-03-04,AC0047,2153494.51,2010869.52,2026-03-06,Estimated
2026-03-05,AC0047,1849511.87,1820907.74,2026-03-08,Estimated
2026-03-06,AC0047,1993601.14,1814557.89,2026-03-08,Estimated
2026-03-07,AC0047,1554171.95,1411898.52,2026-03-09,Estimated
2026-03-08,AC0047,1702438.74,1638229.99,2026-03-10,Estimated
2026-03-09,AC0047,1716948.13,1654162.34,2026-03-11,Estimated
2026-03-10,AC0047,2056709.88,1875361.47,2026-03-12,Estimated
2026-03-11,AC0047,1953249.74,1759638.73,2026-03-13,Estimated
2026-03-12,AC0047,2020010.02,1818992.8,2026-03-14,Estimated
2026-03-13,AC0047,2241107.16,2092394.09,2026-03-16,Estimated
2026-03-14,AC0047,1954988.92,1799564.83,2026-03-16,Estimated
2026-03-15,AC0047,1484397.93,1375757.12,2026-03-17,Estimated
2026-03-16,AC0047,1590751.53,1454936.66,2026-03-19,Estimated
2026-03-17,AC0047,1889721.45,1761989.2,2026-03-19,Estimated
2026-03-18,AC0047,2049304.11,1906442.48,2026-03-21,Estimated
2026-03-19,AC0047,1972137.95,1806297.69,2026-03-22,Estimated
2026-03-20,AC0047,2033103.48,1980816.38,2026-03-22,Estimated
2026-03-21,AC0047,1697463.67,1667458.33,2026-03-23,Estimated
2026-03-22,AC0047,1575400.41,1464630.94,2026-03-24,Estimated
2026-03-23,AC0047,1762646.12,1673568.36,2026-03-25,Estimated
2026-03-24,AC0047,1875649.82,1798083.86,2026-03-26,Estimated
2026-03-25,AC0047,2016956.19,1893446.66,2026-03-27,Estimated
2026-03-26,AC0047,2214477.25,2037508.86,2026-03-28,Estimated
2026-03-27,AC0047,1833991.83,1681420.82,2026-03-30,Estimated
2026-03-28,AC0047,1640903.04,1454537.67,2026-03-30,Estimated
2026-03-29,AC0047,1457420.37,1430461.48,2026-04-01,Estimated
2026-03-30,AC0047,1750919.08,1549435.05,2026-04-02,Estimated
2026-03-31,AC0047,1842516.25,1653756.62,2026-04-02,Estimated
2026-04-01,AC0047,2019721.23,1964293.55,2026-04-03,Estimated
2026-04-02,AC0047,2214185.41,2127326.97,2026-04-04,Estimated
2026-04-03,AC0047,1958367.65,1725598.96,2026-04-05,Estimated
2026-04-04,AC0047,1860529.31,1790609.63,2026-04-06,Estimated
2026-04-05,AC0047,1925186.09,1813029.1,2026-04-07,Estimated
2026-04-06,AC0047,1506082.01,1456661.4,2026-04-08,Estimated
2026-04-07,AC0047,1721957.53,1672250.36,2026-04-09,Estimated
2026-04-08,AC0047,2038040.24,1959477.17,2026-04-10,Estimated
2026-04-09,AC0047,2066594.58,1881238.66,2026-04-11,Estimated
2026-04-10,AC0047,2397325.65,2359998.27,2026-04-12,Estimated
2026-04-11,AC0047,1918685.95,1854821.55,2026-04-13,Estimated
2026-04-12,AC0047,1674534.1,1614852.19,2026-04-15,Estimated
2026-04-13,AC0047,1674836.22,1533205.76,2026-04-15,Estimated
2026-04-14,AC0047,1863718.18,1658334.3,2026-04-16,Estimated
2026-04-15,AC0047,1995719.36,1871203.51,2026-04-18,Estimated
2026-04-16,AC0047,2261806.73,2057751.79,2026-04-18,Estimated
2026-04-17,AC0047,1818261.78,1620717.44,2026-04-19,Estimated
2026-04-18,AC0047,1861189.72,1767483.25,2026-04-20,Estimated
2026-04-19,AC0047,1694272.06,1583235.11,2026-04-22,Estimated
2026-04-20,AC0047,1769373.41,1650439.04,2026-04-22,Estimated
2026-04-21,AC0047,1653159.35,1618427.47,2026-04-23,Estimated
2026-04-22,AC0047,1929155.93,1770643.28,2026-04-24,Estimated
2026-04-23,AC0047,2098865.6,1903994.36,2026-04-25,Estimated
2026-04-24,AC0047,1933249.78,1840566.27,2026-04-26,Estimated
2026-04-25,AC0047,1991444.27,1801696.01,2026-04-28,Estimated
2026-04-26,AC0047,1400802.2,1360116.75,2026-04-28,Estimated
2026-04-27,AC0047,1670670.21,1517987.52,2026-04-30,Estimated
2026-04-28,AC0047,1733427.63,1688678.61,2026-04-30,Estimated
2026-04-29,AC0047,1933965.83,1793485.33,2026-05-01,Estimated
2026-04-30,AC0047,1927560.41,1734918.58,2026-05-02,Estimated
2026-05-01,AC0047,1948016.16,1829789.17,2026-05-03,Estimated
2026-05-02,AC0047,1624906.17,1586133.78,2026-05-04,Estimated
2026-05-03,AC0047,1462799.38,1378863.65,2026-05-05,Estimated
2026-05-04,AC0047,1647180.64,1534237.91,2026-05-06,Estimated
2026-05-05,AC0047,1866890.61,1663503.33,2026-05-07,Estimated
2026-05-06,AC0047,2072180.66,1848312.36,2026-05-08,Estimated
2026-05-07,AC0047,2014823.85,1916798.52,2026-05-09,Estimated
2026-05-08,AC0047,1839316.26,1752238.85,2026-05-10,Estimated
2026-05-09,AC0047,1686799.46,1613700.83,2026-05-11,Estimated
2026-05-10,AC0047,1797071.21,1622238.76,2026-05-12,Estimated
2026-05-11,AC0047,1908116.18,1713241.52,2026-05-13,Estimated
2026-05-12,AC0047,1859143.8,1703432.77,2026-05-14,Estimated
2026-05-13,AC0047,2127714.05,1879993.87,2026-05-16,Estimated
2026-05-14,AC0047,2274805.52,2002732.92,2026-05-17,Estimated
2026-05-15,AC0047,1837649.52,1749633.89,2026-05-18,Estimated
2026-05-16,AC0047,1883934.64,1714893.73,2026-05-18,Estimated
2026-05-17,AC0047,1582953.86,1433808.67,2026-05-20,Estimated
2026-05-18,AC0047,1705239.5,1662785.29,2026-05-21,Estimated
2026-05-19,AC0047,1619538.21,1503310.21,2026-05-22,Estimated
2026-05-20,AC0047,1859945.66,1776480.97,2026-05-22,Estimated
2026-05-21,AC0047,2126997.75,2046820.34,2026-05-24,Estimated
2026-05-22,AC0047,2042749.48,1871191.95,2026-05-24,Estimated
2026-05-23,AC0047,1968711.79,1849376.89,2026-05-25,Estimated
2026-05-24,AC0047,1737929.34,1695178.29,2026-05-26,Estimated
2026-05-25,AC0047,1862297.98,1711266.05,2026-05-27,Estimated
2026-05-26,AC0047,1822458.29,1777321.79,2026-05-28,Estimated
2026-05-27,AC0047,1910817.6,1824400.52,2026-05-29,Estimated
2026-05-28,AC0047,1757151.86,1704655.13,2026-05-30,Estimated
2026-05-29,AC0047,1818267.96,1719581.2,2026-05-31,Estimated
2026-05-30,AC0047,1887978.33,1816870.31,2026-06-01,Estimated
2026-05-31,AC0047,1883135.5,1660592.69,2026-06-02,Estimated
2026-06-01,AC0047,1559923.5,1413926.18,2026-06-03,Estimated
2026-06-02,AC0047,1932859.69,1905813.09,2026-06-04,Estimated
2026-06-03,AC0047,2216435.87,2120338.58,2026-06-05,Estimated
2026-06-04,AC0047,2108678.43,1928478.22,2026-06-06,Estimated
2026-06-05,AC0047,1810395.32,1768137.08,2026-06-07,Estimated
2026-06-06,AC0047,2105961.57,1862933.3,2026-06-08,Estimated
2026-06-07,AC0047,1737761.52,1589108.6,2026-06-09,Estimated
2026-06-08,AC0047,1924082.69,1783053.85,2026-06-10,Estimated
2026-06-09,AC0047,2009955.44,1879732.85,2026-06-11,Estimated
2026-06-10,AC0047,2111970.86,1928476.25,2026-06-12,Estimated
2026-06-11,AC0047,2221460.89,2039883.1,2026-06-13,Estimated
2026-06-12,AC0047,2001296.72,1782584.72,2026-06-14,Estimated
2026-06-13,AC0047,1809625.92,1680899.62,2026-06-15,Estimated
2026-06-14,AC0047,1835014.39,1778950.3,2026-06-16,Estimated
2026-06-15,AC0047,1537594.42,1517870.12,2026-06-17,Estimated
2026-06-16,AC0047,1949845.79,1893827.57,2026-06-19,Estimated
2026-06-17,AC0047,1899474.72,1851790.4,2026-06-19,Estimated
2026-06-18,AC0047,2204827.72,1967929.54,2026-06-20,Estimated
2026-06-19,AC0047,1718313.47,1693908.98,2026-06-21,Estimated
2026-06-20,AC0047,2018787.97,1816368.81,2026-06-22,Estimated
2026-06-21,AC0047,1554756.53,1398543.1,2026-06-23,Estimated
2026-06-22,AC0047,1601684.55,1468970.09,2026-06-24,Estimated
2026-06-23,AC0047,1773891.89,1575385.75,2026-06-25,Estimated
2026-06-24,AC0047,2039407.86,1951331.53,2026-06-26,Estimated
2026-06-25,AC0047,1975915.51,1906912.98,2026-06-27,Estimated
2026-06-26,AC0047,1902043.01,1678568.63,2026-06-28,Estimated
2026-06-27,AC0047,2084037.05,1883444.57,2026-06-29,Estimated
2026-06-28,AC0047,1429833.13,1371296.96,2026-06-30,Estimated
2026-06-29,AC0047,1692959.66,1565538.18,2026-07-02,Estimated
2026-06-30,AC0047,1610613.11,1493263.15,2026-07-02,Estimated
2026-01-01,AC0048,1654337.91,1527813.67,2026-01-03,Estimated
2026-01-02,AC0048,1601571.49,1525161.64,2026-01-04,Estimated
2026-01-03,AC0048,1441385.03,1276096.68,2026-01-06,Estimated
2026-01-04,AC0048,1426262.27,1403418.88,2026-01-06,Estimated
2026-01-05,AC0048,1367936.36,1350743.52,2026-01-07,Estimated
2026-01-06,AC0048,1437458.42,1412933.79,2026-01-09,Estimated
2026-01-07,AC0048,1465825.95,1350635.49,2026-01-10,Estimated
2026-01-08,AC0048,1703961.79,1575214.8,2026-01-10,Estimated
2026-01-09,AC0048,1603271.98,1431266.95,2026-01-11,Estimated
2026-01-10,AC0048,1282027.99,1222431.74,2026-01-12,Estimated
2026-01-11,AC0048,1209472.58,1196247.56,2026-01-14,Estimated
2026-01-12,AC0048,1455414.0,1434188.11,2026-01-14,Estimated
2026-01-13,AC0048,1326765.09,1304637.09,2026-01-15,Estimated
2026-01-14,AC0048,1380372.87,1287413.13,2026-01-16,Estimated
2026-01-15,AC0048,1618685.74,1542250.42,2026-01-18,Estimated
2026-01-16,AC0048,1644359.97,1541709.64,2026-01-18,Estimated
2026-01-17,AC0048,1371691.64,1311101.64,2026-01-20,Estimated
2026-01-18,AC0048,1546771.49,1373887.5,2026-01-20,Estimated
2026-01-19,AC0048,1598365.69,1451343.02,2026-01-21,Estimated
2026-01-20,AC0048,1548298.57,1433694.95,2026-01-22,Estimated
2026-01-21,AC0048,1383177.27,1351354.52,2026-01-23,Estimated
2026-01-22,AC0048,1446017.94,1324777.48,2026-01-24,Estimated
2026-01-23,AC0048,1728576.66,1707741.77,2026-01-26,Estimated
2026-01-24,AC0048,1439313.23,1313617.39,2026-01-27,Estimated
2026-01-25,AC0048,1482344.99,1312640.24,2026-01-27,Estimated
2026-01-26,AC0048,1323527.23,1176792.31,2026-01-28,Estimated
2026-01-27,AC0048,1203397.69,1191084.65,2026-01-29,Estimated
2026-01-28,AC0048,1584594.76,1551382.32,2026-01-30,Estimated
2026-01-29,AC0048,1620698.92,1541392.04,2026-01-31,Estimated
2026-01-30,AC0048,1540296.87,1498753.33,2026-02-01,Estimated
2026-01-31,AC0048,1619661.11,1471600.47,2026-02-02,Estimated
2026-02-01,AC0048,1358135.39,1266171.63,2026-02-03,Estimated
2026-02-02,AC0048,1436535.31,1312172.18,2026-02-04,Estimated
2026-02-03,AC0048,1218102.17,1098068.91,2026-02-05,Estimated
2026-02-04,AC0048,1502645.11,1329326.27,2026-02-06,Estimated
2026-02-05,AC0048,1575940.28,1484611.01,2026-02-07,Estimated
2026-02-06,AC0048,1645415.53,1543670.94,2026-02-08,Estimated
2026-02-07,AC0048,1691886.99,1644383.08,2026-02-09,Estimated
2026-02-08,AC0048,1404919.3,1261268.2,2026-02-10,Estimated
2026-02-09,AC0048,1243065.35,1199568.66,2026-02-11,Estimated
2026-02-10,AC0048,1359511.15,1259761.55,2026-02-13,Estimated
2026-02-11,AC0048,1526846.78,1443935.67,2026-02-13,Estimated
2026-02-12,AC0048,1619496.3,1431909.74,2026-02-14,Estimated
2026-02-13,AC0048,1481057.0,1361309.08,2026-02-15,Estimated
2026-02-14,AC0048,1313548.36,1282748.52,2026-02-16,Estimated
2026-02-15,AC0048,1451764.07,1311781.99,2026-02-17,Estimated
2026-02-16,AC0048,1292752.02,1176424.92,2026-02-18,Estimated
2026-02-17,AC0048,1612046.6,1541139.28,2026-02-20,Estimated
2026-02-18,AC0048,1655599.64,1610853.52,2026-02-20,Estimated
2026-02-19,AC0048,1671338.47,1507134.03,2026-02-21,Estimated
2026-02-20,AC0048,1699113.0,1617187.0,2026-02-22,Estimated
2026-02-21,AC0048,1618458.3,1459842.11,2026-02-23,Estimated
2026-02-22,AC0048,1440746.89,1376376.28,2026-02-24,Estimated
2026-02-23,AC0048,1269152.78,1119821.66,2026-02-25,Estimated
2026-02-24,AC0048,1457572.2,1297950.17,2026-02-26,Estimated
2026-02-25,AC0048,1564778.38,1439583.96,2026-02-27,Estimated
2026-02-26,AC0048,1652276.97,1516952.49,2026-03-01,Estimated
2026-02-27,AC0048,1584665.23,1411343.4,2026-03-01,Estimated
2026-02-28,AC0048,1264879.21,1226076.78,2026-03-03,Estimated
2026-03-01,AC0048,1491475.95,1376884.16,2026-03-03,Estimated
2026-03-02,AC0048,1351022.01,1285999.4,2026-03-04,Estimated
2026-03-03,AC0048,1525101.29,1404189.13,2026-03-05,Estimated
2026-03-04,AC0048,1502139.92,1412344.43,2026-03-06,Estimated
2026-03-05,AC0048,1745422.56,1716497.56,2026-03-07,Estimated
2026-03-06,AC0048,1466046.15,1372364.4,2026-03-09,Estimated
2026-03-07,AC0048,1535229.07,1401049.63,2026-03-10,Estimated
2026-03-08,AC0048,1425937.24,1272582.09,2026-03-10,Estimated
2026-03-09,AC0048,1400004.66,1351914.49,2026-03-12,Estimated
2026-03-10,AC0048,1521712.58,1443246.97,2026-03-12,Estimated
2026-03-11,AC0048,1496956.89,1454065.84,2026-03-13,Estimated
2026-03-12,AC0048,1620856.21,1445888.08,2026-03-14,Estimated
2026-03-13,AC0048,1545315.48,1362849.78,2026-03-16,Estimated
2026-03-14,AC0048,1615632.87,1475769.51,2026-03-17,Estimated
2026-03-15,AC0048,1258414.64,1150432.82,2026-03-17,Estimated
2026-03-16,AC0048,1584848.85,1413544.44,2026-03-18,Estimated
2026-03-17,AC0048,1432754.73,1313328.18,2026-03-19,Estimated
2026-03-18,AC0048,1492551.3,1420651.47,2026-03-20,Estimated
2026-03-19,AC0048,1705260.92,1524327.63,2026-03-21,Estimated
2026-03-20,AC0048,1563449.75,1404522.08,2026-03-22,Estimated
2026-03-21,AC0048,1441559.65,1354804.61,2026-03-23,Estimated
2026-03-22,AC0048,1688723.72,1595801.29,2026-03-24,Estimated
2026-03-23,AC0048,1368251.31,1205167.06,2026-03-25,Estimated
2026-03-24,AC0048,1254355.17,1130560.91,2026-03-26,Estimated
2026-03-25,AC0048,1513273.97,1348320.16,2026-03-27,Estimated
2026-03-26,AC0048,1769567.95,1569257.15,2026-03-28,Estimated
2026-03-27,AC0048,1674885.06,1639943.02,2026-03-29,Estimated
2026-03-28,AC0048,1432735.56,1269105.89,2026-03-30,Estimated
2026-03-29,AC0048,1269922.74,1247203.62,2026-03-31,Estimated
2026-03-30,AC0048,1270160.49,1177332.32,2026-04-01,Estimated
2026-03-31,AC0048,1355711.63,1234811.58,2026-04-03,Estimated
2026-04-01,AC0048,1203049.02,1085499.38,2026-04-03,Estimated
2026-04-02,AC0048,1584081.77,1465622.96,2026-04-04,Estimated
2026-04-03,AC0048,1580037.53,1528085.36,2026-04-05,Estimated
2026-04-04,AC0048,1511225.45,1477891.7,2026-04-07,Estimated
2026-04-05,AC0048,1356377.75,1248280.06,2026-04-07,Estimated
2026-04-06,AC0048,1343320.98,1231290.22,2026-04-08,Estimated
2026-04-07,AC0048,1428985.93,1349440.66,2026-04-09,Estimated
2026-04-08,AC0048,1514097.69,1349912.01,2026-04-10,Estimated
2026-04-09,AC0048,1608829.43,1517536.2,2026-04-11,Estimated
2026-04-10,AC0048,1572472.06,1515203.26,2026-04-12,Estimated
2026-04-11,AC0048,1532322.29,1406923.76,2026-04-14,Estimated
2026-04-12,AC0048,1318264.66,1276074.3,2026-04-15,Estimated
2026-04-13,AC0048,1499426.64,1330370.25,2026-04-16,Estimated
2026-04-14,AC0048,1362180.97,1338862.2,2026-04-16,Estimated
2026-04-15,AC0048,1516431.76,1445793.83,2026-04-17,Estimated
2026-04-16,AC0048,1764350.36,1560734.45,2026-04-19,Estimated
2026-04-17,AC0048,1646410.57,1572224.25,2026-04-19,Estimated
2026-04-18,AC0048,1767071.64,1656990.35,2026-04-21,Estimated
2026-04-19,AC0048,1462393.05,1385096.24,2026-04-22,Estimated
2026-04-20,AC0048,1380484.99,1357202.51,2026-04-22,Estimated
2026-04-21,AC0048,1507209.73,1367576.38,2026-04-23,Estimated
2026-04-22,AC0048,1501625.78,1421095.53,2026-04-24,Estimated
2026-04-23,AC0048,1443952.92,1350362.16,2026-04-25,Estimated
2026-04-24,AC0048,1516820.11,1485974.08,2026-04-26,Estimated
2026-04-25,AC0048,1579991.37,1511122.31,2026-04-27,Estimated
2026-04-26,AC0048,1416654.7,1290091.69,2026-04-28,Estimated
2026-04-27,AC0048,1221778.33,1090808.35,2026-04-29,Estimated
2026-04-28,AC0048,1509119.03,1415950.52,2026-04-30,Estimated
2026-04-29,AC0048,1391914.28,1336771.66,2026-05-01,Estimated
2026-04-30,AC0048,1431068.79,1337431.16,2026-05-02,Estimated
2026-05-01,AC0048,1628203.74,1515607.82,2026-05-04,Estimated
2026-05-02,AC0048,1511668.1,1370482.28,2026-05-05,Estimated
2026-05-03,AC0048,1538062.6,1383666.29,2026-05-05,Estimated
2026-05-04,AC0048,1518242.84,1380734.54,2026-05-06,Estimated
2026-05-05,AC0048,1419659.2,1388644.84,2026-05-07,Estimated
2026-05-06,AC0048,1399842.41,1277065.86,2026-05-09,Estimated
2026-05-07,AC0048,1819142.14,1772077.45,2026-05-10,Estimated
2026-05-08,AC0048,1657541.3,1459283.9,2026-05-10,Estimated
2026-05-09,AC0048,1645451.76,1483591.41,2026-05-12,Estimated
2026-05-10,AC0048,1333861.41,1295252.33,2026-05-13,Estimated
2026-05-11,AC0048,1388774.85,1303271.01,2026-05-14,Estimated
2026-05-12,AC0048,1573740.75,1447946.32,2026-05-15,Estimated
2026-05-13,AC0048,1519144.77,1499188.83,2026-05-15,Estimated
2026-05-14,AC0048,1501710.36,1465632.93,2026-05-16,Estimated
2026-05-15,AC0048,1632909.55,1591190.54,2026-05-18,Estimated
2026-05-16,AC0048,1477148.67,1397431.67,2026-05-18,Estimated
2026-05-17,AC0048,1371655.09,1345086.67,2026-05-19,Estimated
2026-05-18,AC0048,1363120.33,1215904.42,2026-05-20,Estimated
2026-05-19,AC0048,1225178.56,1110473.12,2026-05-22,Estimated
2026-05-20,AC0048,1640052.78,1546275.84,2026-05-22,Estimated
2026-05-21,AC0048,1717781.39,1656595.88,2026-05-23,Estimated
2026-05-22,AC0048,1432560.93,1302340.91,2026-05-24,Estimated
2026-05-23,AC0048,1438575.08,1361751.08,2026-05-25,Estimated
2026-05-24,AC0048,1697085.6,1555836.77,2026-05-26,Estimated
2026-05-25,AC0048,1401991.86,1237185.52,2026-05-27,Estimated
2026-05-26,AC0048,1405793.71,1319365.79,2026-05-28,Estimated
2026-05-27,AC0048,1545734.0,1523148.5,2026-05-29,Estimated
2026-05-28,AC0048,1639852.77,1447013.43,2026-05-30,Estimated
2026-05-29,AC0048,1675420.22,1559827.53,2026-05-31,Estimated
2026-05-30,AC0048,1530857.81,1393088.03,2026-06-01,Estimated
2026-05-31,AC0048,1526752.06,1384133.07,2026-06-02,Estimated
2026-06-01,AC0048,1411392.91,1296899.53,2026-06-03,Estimated
2026-06-02,AC0048,1346638.45,1310382.31,2026-06-04,Estimated
2026-06-03,AC0048,1484738.02,1336663.67,2026-06-05,Estimated
2026-06-04,AC0048,1758735.63,1722093.51,2026-06-06,Estimated
2026-06-05,AC0048,1504874.86,1402704.68,2026-06-07,Estimated
2026-06-06,AC0048,1422292.87,1339223.93,2026-06-08,Estimated
2026-06-07,AC0048,1511774.28,1493950.37,2026-06-09,Estimated
2026-06-08,AC0048,1456552.55,1409324.66,2026-06-11,Estimated
2026-06-09,AC0048,1479590.88,1420355.29,2026-06-11,Estimated
2026-06-10,AC0048,1444936.69,1300627.15,2026-06-12,Estimated
2026-06-11,AC0048,1619776.9,1569583.99,2026-06-13,Estimated
2026-06-12,AC0048,1719057.32,1516617.7,2026-06-14,Estimated
2026-06-13,AC0048,1537205.44,1497707.34,2026-06-16,Estimated
2026-06-14,AC0048,1531933.35,1415964.23,2026-06-17,Estimated
2026-06-15,AC0048,1236517.55,1123507.51,2026-06-17,Estimated
2026-06-16,AC0048,1261160.61,1117932.31,2026-06-18,Estimated
2026-06-17,AC0048,1696489.48,1581296.2,2026-06-20,Estimated
2026-06-18,AC0048,1575048.45,1452849.62,2026-06-20,Estimated
2026-06-19,AC0048,1530348.59,1488878.31,2026-06-21,Estimated
2026-06-20,AC0048,1781513.22,1618706.48,2026-06-23,Estimated
2026-06-21,AC0048,1521569.4,1417210.16,2026-06-24,Estimated
2026-06-22,AC0048,1313717.77,1248197.37,2026-06-25,Estimated
2026-06-23,AC0048,1404463.06,1274192.38,2026-06-25,Estimated
2026-06-24,AC0048,1370315.59,1303288.74,2026-06-26,Estimated
2026-06-25,AC0048,1784711.58,1665110.58,2026-06-27,Estimated
2026-06-26,AC0048,1676750.06,1617716.94,2026-06-28,Estimated
2026-06-27,AC0048,1562023.61,1396915.9,2026-06-29,Estimated
2026-06-28,AC0048,1467442.66,1361312.04,2026-07-01,Estimated
2026-06-29,AC0048,1393187.72,1341207.37,2026-07-01,Estimated
2026-06-30,AC0048,1342717.46,1280933.85,2026-07-02,Estimated
2026-01-01,AC0049,527565.46,486083.63,2026-01-01,Automated
2026-01-02,AC0049,570341.2,559501.64,2026-01-02,Automated
2026-01-03,AC0049,530262.42,475759.22,2026-01-03,Automated
2026-01-04,AC0049,534858.16,528339.13,2026-01-04,Automated
2026-01-05,AC0049,530438.33,481501.67,2026-01-05,Automated
2026-01-06,AC0049,501676.28,446431.75,2026-01-06,Automated
2026-01-07,AC0049,452201.24,425326.73,2026-01-07,Automated
2026-01-08,AC0049,492808.91,480654.51,2026-01-08,Automated
2026-01-09,AC0049,529098.09,481409.18,2026-01-09,Automated
2026-01-10,AC0049,520024.69,492473.2,2026-01-10,Automated
2026-01-11,AC0049,493739.91,451954.08,2026-01-11,Automated
2026-01-12,AC0049,530636.26,472191.08,2026-01-12,Automated
2026-01-13,AC0049,467028.37,416289.65,2026-01-13,Automated
2026-01-14,AC0049,456280.48,429751.9,2026-01-14,Automated
2026-01-15,AC0049,483947.01,463651.8,2026-01-15,Automated
2026-01-16,AC0049,459697.87,420984.64,2026-01-16,Automated
2026-01-17,AC0049,541156.78,496703.51,2026-01-17,Automated
2026-01-18,AC0049,495243.1,481362.38,2026-01-18,Automated
2026-01-19,AC0049,540923.07,503049.58,2026-01-19,Automated
2026-01-20,AC0049,458583.5,419731.09,2026-01-20,Automated
2026-01-21,AC0049,491022.32,482206.35,2026-01-21,Automated
2026-01-22,AC0049,557254.37,526816.93,2026-01-22,Automated
2026-01-23,AC0049,510214.53,480391.15,2026-01-23,Automated
2026-01-24,AC0049,554132.1,497670.26,2026-01-24,Automated
2026-01-25,AC0049,520035.81,486746.96,2026-01-25,Automated
2026-01-26,AC0049,453495.65,421860.06,2026-01-26,Automated
2026-01-27,AC0049,487689.14,448247.05,2026-01-27,Automated
2026-01-28,AC0049,421143.81,390610.29,2026-01-28,Automated
2026-01-29,AC0049,520285.64,500533.12,2026-01-29,Automated
2026-01-30,AC0049,538629.38,510932.05,2026-01-30,Automated
2026-01-31,AC0049,562371.19,546636.84,2026-01-31,Automated
2026-02-01,AC0049,593853.36,533212.14,2026-02-01,Automated
2026-02-02,AC0049,534250.49,523892.87,2026-02-02,Automated
2026-02-03,AC0049,524767.6,508944.16,2026-02-03,Automated
2026-02-04,AC0049,501234.02,462087.32,2026-02-04,Automated
2026-02-05,AC0049,554187.34,537452.68,2026-02-05,Automated
2026-02-06,AC0049,547630.46,487754.64,2026-02-06,Automated
2026-02-07,AC0049,556216.41,538767.0,2026-02-07,Automated
2026-02-08,AC0049,516584.85,463900.57,2026-02-08,Automated
2026-02-09,AC0049,483487.21,463048.96,2026-02-09,Automated
2026-02-10,AC0049,438744.32,420762.61,2026-02-10,Automated
2026-02-11,AC0049,451767.15,409304.66,2026-02-11,Automated
2026-02-12,AC0049,496364.94,454513.58,2026-02-12,Automated
2026-02-13,AC0049,504382.38,448797.24,2026-02-13,Automated
2026-02-14,AC0049,549396.83,512219.26,2026-02-14,Automated
2026-02-15,AC0049,559120.42,525892.24,2026-02-15,Automated
2026-02-16,AC0049,489600.42,434403.18,2026-02-16,Automated
2026-02-17,AC0049,522174.47,492407.66,2026-02-17,Automated
2026-02-18,AC0049,412107.47,401066.98,2026-02-18,Automated
2026-02-19,AC0049,516085.88,490016.42,2026-02-19,Automated
2026-02-20,AC0049,505005.52,479913.83,2026-02-20,Automated
2026-02-21,AC0049,519390.8,503902.9,2026-02-21,Automated
2026-02-22,AC0049,546972.47,520360.57,2026-02-22,Automated
2026-02-23,AC0049,516585.88,496822.51,2026-02-23,Automated
2026-02-24,AC0049,462012.35,440455.39,2026-02-24,Automated
2026-02-25,AC0049,488941.02,438001.09,2026-02-25,Automated
2026-02-26,AC0049,479159.35,454203.77,2026-02-26,Automated
2026-02-27,AC0049,520456.2,509939.57,2026-02-27,Automated
2026-02-28,AC0049,639873.78,611369.93,2026-02-28,Automated
2026-03-01,AC0049,581190.58,516604.12,2026-03-01,Automated
2026-03-02,AC0049,489153.64,468760.67,2026-03-02,Automated
2026-03-03,AC0049,480321.92,426253.33,2026-03-03,Automated
2026-03-04,AC0049,388537.41,353822.22,2026-03-04,Automated
2026-03-05,AC0049,483006.08,468227.15,2026-03-05,Automated
2026-03-06,AC0049,509914.26,494197.22,2026-03-06,Automated
2026-03-07,AC0049,561191.02,505675.26,2026-03-07,Automated
2026-03-08,AC0049,480334.73,443789.44,2026-03-08,Automated
2026-03-09,AC0049,502507.62,453646.99,2026-03-09,Automated
2026-03-10,AC0049,485515.28,435264.9,2026-03-10,Automated
2026-03-11,AC0049,524892.47,490774.33,2026-03-11,Automated
2026-03-12,AC0049,452620.93,414699.63,2026-03-12,Automated
2026-03-13,AC0049,555251.17,534285.54,2026-03-13,Automated
2026-03-14,AC0049,539170.42,510972.45,2026-03-14,Automated
2026-03-15,AC0049,545136.88,494760.28,2026-03-15,Automated
2026-03-16,AC0049,489657.53,478658.77,2026-03-16,Automated
2026-03-17,AC0049,413416.33,370529.96,2026-03-17,Automated
2026-03-18,AC0049,476035.49,441036.08,2026-03-18,Automated
2026-03-19,AC0049,507118.35,463868.12,2026-03-19,Automated
2026-03-20,AC0049,567245.17,548244.75,2026-03-20,Automated
2026-03-21,AC0049,595173.3,528707.09,2026-03-21,Automated
2026-03-22,AC0049,518963.58,504957.73,2026-03-22,Automated
2026-03-23,AC0049,529340.21,519396.98,2026-03-23,Automated
2026-03-24,AC0049,493310.9,440797.71,2026-03-24,Automated
2026-03-25,AC0049,379665.86,334590.64,2026-03-25,Automated
2026-03-26,AC0049,485220.69,452509.59,2026-03-26,Automated
2026-03-27,AC0049,524342.22,471846.93,2026-03-27,Automated
2026-03-28,AC0049,505796.85,468264.18,2026-03-28,Automated
2026-03-29,AC0049,506470.43,477982.13,2026-03-29,Automated
2026-03-30,AC0049,583659.19,540934.27,2026-03-30,Automated
2026-03-31,AC0049,512068.07,464293.43,2026-03-31,Automated
2026-04-01,AC0049,405796.64,366045.67,2026-04-01,Automated
2026-04-02,AC0049,490868.99,447744.37,2026-04-02,Automated
2026-04-03,AC0049,557803.37,548525.95,2026-04-03,Automated
2026-04-04,AC0049,510523.86,497422.12,2026-04-04,Automated
2026-04-05,AC0049,508277.89,501970.07,2026-04-05,Automated
2026-04-06,AC0049,513010.54,493398.6,2026-04-06,Automated
2026-04-07,AC0049,394602.11,351079.23,2026-04-07,Automated
2026-04-08,AC0049,441975.27,428404.07,2026-04-08,Automated
2026-04-09,AC0049,495239.19,476008.19,2026-04-09,Automated
2026-04-10,AC0049,527979.97,486904.99,2026-04-10,Automated
2026-04-11,AC0049,571161.88,535057.52,2026-04-11,Automated
2026-04-12,AC0049,504554.74,445240.88,2026-04-12,Automated
2026-04-13,AC0049,497040.09,440268.13,2026-04-13,Automated
2026-04-14,AC0049,484842.46,474286.25,2026-04-14,Automated
2026-04-15,AC0049,424797.35,402850.77,2026-04-15,Automated
2026-04-16,AC0049,533265.45,492553.18,2026-04-16,Automated
2026-04-17,AC0049,514494.48,507162.45,2026-04-17,Automated
2026-04-18,AC0049,564561.93,531007.09,2026-04-18,Automated
2026-04-19,AC0049,522935.86,503904.17,2026-04-19,Automated
2026-04-20,AC0049,473437.5,419759.99,2026-04-20,Automated
2026-04-21,AC0049,461455.39,428148.29,2026-04-21,Automated
2026-04-22,AC0049,421889.51,375351.44,2026-04-22,Automated
2026-04-23,AC0049,522962.44,503013.54,2026-04-23,Automated
2026-04-24,AC0049,484321.96,453168.33,2026-04-24,Automated
2026-04-25,AC0049,577747.39,526427.63,2026-04-25,Automated
2026-04-26,AC0049,560140.31,506303.66,2026-04-26,Automated
2026-04-27,AC0049,403835.08,388405.37,2026-04-27,Automated
2026-04-28,AC0049,473274.55,452073.77,2026-04-28,Automated
2026-04-29,AC0049,465571.3,451937.68,2026-04-29,Automated
2026-04-30,AC0049,493915.67,482586.64,2026-04-30,Automated
2026-05-01,AC0049,573045.77,552178.22,2026-05-01,Automated
2026-05-02,AC0049,589898.62,570626.64,2026-05-02,Automated
2026-05-03,AC0049,478291.23,452005.31,2026-05-03,Automated
2026-05-04,AC0049,424277.29,413842.75,2026-05-04,Automated
2026-05-05,AC0049,470510.01,451440.69,2026-05-05,Automated
2026-05-06,AC0049,432687.94,390726.42,2026-05-06,Automated
2026-05-07,AC0049,502660.89,485091.1,2026-05-07,Automated
2026-05-08,AC0049,575821.16,519388.2,2026-05-08,Automated
2026-05-09,AC0049,586969.5,573195.38,2026-05-09,Automated
2026-05-10,AC0049,532411.68,512194.93,2026-05-10,Automated
2026-05-11,AC0049,470218.65,428994.19,2026-05-11,Automated
2026-05-12,AC0049,478638.5,463723.08,2026-05-12,Automated
2026-05-13,AC0049,504470.0,445080.36,2026-05-13,Automated
2026-05-14,AC0049,597919.24,532965.52,2026-05-14,Automated
2026-05-15,AC0049,486553.62,448447.58,2026-05-15,Automated
2026-05-16,AC0049,504819.92,478719.42,2026-05-16,Automated
2026-05-17,AC0049,563684.62,501374.29,2026-05-17,Automated
2026-05-18,AC0049,514807.99,477326.29,2026-05-18,Automated
2026-05-19,AC0049,457859.45,428548.34,2026-05-19,Automated
2026-05-20,AC0049,403026.01,396408.53,2026-05-20,Automated
2026-05-21,AC0049,509818.29,487020.96,2026-05-21,Automated
2026-05-22,AC0049,588558.1,522677.39,2026-05-22,Automated
2026-05-23,AC0049,606220.13,559937.46,2026-05-23,Automated
2026-05-24,AC0049,519072.39,493749.73,2026-05-24,Automated
2026-05-25,AC0049,453521.39,424866.99,2026-05-25,Automated
2026-05-26,AC0049,455347.8,423508.73,2026-05-26,Automated
2026-05-27,AC0049,421574.72,372792.55,2026-05-27,Automated
2026-05-28,AC0049,555584.22,534236.64,2026-05-28,Automated
2026-05-29,AC0049,528190.13,499992.82,2026-05-29,Automated
2026-05-30,AC0049,547991.62,516552.91,2026-05-30,Automated
2026-05-31,AC0049,528298.79,510524.95,2026-05-31,Automated
2026-06-01,AC0049,465727.23,455241.9,2026-06-01,Automated
2026-06-02,AC0049,467886.09,448247.05,2026-06-02,Automated
2026-06-03,AC0049,435301.73,412438.64,2026-06-03,Automated
2026-06-04,AC0049,498020.0,450794.7,2026-06-04,Automated
2026-06-05,AC0049,530134.79,493328.76,2026-06-05,Automated
2026-06-06,AC0049,556907.64,521330.47,2026-06-06,Automated
2026-06-07,AC0049,628738.03,558082.28,2026-06-07,Automated
2026-06-08,AC0049,472814.33,466100.68,2026-06-08,Automated
2026-06-09,AC0049,451626.95,422917.03,2026-06-09,Automated
2026-06-10,AC0049,462912.99,411726.7,2026-06-10,Automated
2026-06-11,AC0049,500668.14,461083.47,2026-06-11,Automated
2026-06-12,AC0049,479572.46,423787.14,2026-06-12,Automated
2026-06-13,AC0049,544698.84,503285.44,2026-06-13,Automated
2026-06-14,AC0049,470763.71,441821.06,2026-06-14,Automated
2026-06-15,AC0049,472351.46,426394.25,2026-06-15,Automated
2026-06-16,AC0049,387767.75,360599.55,2026-06-16,Automated
2026-06-17,AC0049,468861.53,447854.19,2026-06-17,Automated
2026-06-18,AC0049,512507.15,457186.43,2026-06-18,Automated
2026-06-19,AC0049,452908.71,411553.59,2026-06-19,Automated
2026-06-20,AC0049,574590.05,539257.79,2026-06-20,Automated
2026-06-21,AC0049,544891.4,503822.47,2026-06-21,Automated
2026-06-22,AC0049,452254.34,432431.19,2026-06-22,Automated
2026-06-23,AC0049,524013.14,497921.66,2026-06-23,Automated
2026-06-24,AC0049,480035.84,454241.5,2026-06-24,Automated
2026-06-25,AC0049,547614.95,514927.22,2026-06-25,Automated
2026-06-26,AC0049,609362.21,553617.68,2026-06-26,Automated
2026-06-27,AC0049,513265.05,499387.35,2026-06-27,Automated
2026-06-28,AC0049,483234.67,467033.94,2026-06-28,Automated
2026-06-29,AC0049,501771.91,485973.16,2026-06-29,Automated
2026-06-30,AC0049,466751.1,425777.03,2026-06-30,Automated
2026-01-01,AC0050,3280469.12,3086728.06,2026-01-02,Manually reported
2026-01-02,AC0050,3069380.91,2792168.81,2026-01-03,Manually reported
2026-01-03,AC0050,2994188.91,2707538.98,2026-01-04,Manually reported
2026-01-04,AC0050,2883428.27,2744541.2,2026-01-05,Manually reported
2026-01-05,AC0050,2705213.81,2474211.28,2026-01-06,Manually reported
2026-01-06,AC0050,2499455.83,2363358.14,2026-01-07,Manually reported
2026-01-07,AC0050,2370364.06,2310282.75,2026-01-08,Manually reported
2026-01-08,AC0050,3161588.83,2794258.74,2026-01-09,Manually reported
2026-01-09,AC0050,2854366.79,2705308.88,2026-01-10,Manually reported
2026-01-10,AC0050,2794143.42,2482833.98,2026-01-11,Manually reported
2026-01-11,AC0050,2744246.7,2612696.43,2026-01-12,Manually reported
2026-01-12,AC0050,2638492.02,2427283.66,2026-01-13,Manually reported
2026-01-13,AC0050,2339070.42,2172442.74,2026-01-14,Manually reported
2026-01-14,AC0050,2709245.41,2504105.81,2026-01-15,Manually reported
2026-01-15,AC0050,3090778.64,3053314.24,2026-01-16,Manually reported
2026-01-16,AC0050,2902853.72,2672510.71,2026-01-17,Manually reported
2026-01-17,AC0050,2901032.82,2780408.62,2026-01-18,Manually reported
2026-01-18,AC0050,2630138.55,2532975.1,2026-01-19,Manually reported
2026-01-19,AC0050,2951767.59,2617990.61,2026-01-20,Manually reported
2026-01-20,AC0050,2458184.41,2210756.37,2026-01-21,Manually reported
2026-01-21,AC0050,2487971.59,2299929.91,2026-01-22,Manually reported
2026-01-22,AC0050,2716501.82,2528785.91,2026-01-23,Manually reported
2026-01-23,AC0050,2450451.68,2232136.93,2026-01-24,Manually reported
2026-01-24,AC0050,3048555.26,2818330.55,2026-01-25,Manually reported
2026-01-25,AC0050,3384240.15,2981470.91,2026-01-26,Manually reported
2026-01-26,AC0050,2701486.36,2607432.91,2026-01-27,Manually reported
2026-01-27,AC0050,2651677.76,2412135.59,2026-01-28,Manually reported
2026-01-28,AC0050,3064165.34,2920704.43,2026-01-29,Manually reported
2026-01-29,AC0050,2850156.75,2764467.24,2026-01-30,Manually reported
2026-01-30,AC0050,3065545.24,3000542.82,2026-01-31,Manually reported
2026-01-31,AC0050,3121630.38,2986361.74,2026-02-01,Manually reported
2026-02-01,AC0050,2833371.83,2631104.41,2026-02-02,Manually reported
2026-02-02,AC0050,2294505.34,2222788.96,2026-02-03,Manually reported
2026-02-03,AC0050,2557754.71,2444704.07,2026-02-04,Manually reported
2026-02-04,AC0050,2592134.67,2416416.32,2026-02-05,Manually reported
2026-02-05,AC0050,2716560.19,2576791.84,2026-02-06,Manually reported
2026-02-06,AC0050,2906063.3,2616274.08,2026-02-07,Manually reported
2026-02-07,AC0050,3273003.74,2893656.2,2026-02-08,Manually reported
2026-02-08,AC0050,3171237.66,3050012.89,2026-02-09,Manually reported
2026-02-09,AC0050,2695924.5,2601587.57,2026-02-10,Manually reported
2026-02-10,AC0050,2639944.18,2518255.04,2026-02-11,Manually reported
2026-02-11,AC0050,2442927.13,2193733.32,2026-02-12,Manually reported
2026-02-12,AC0050,2964298.49,2646158.7,2026-02-13,Manually reported
2026-02-13,AC0050,2695636.93,2546431.63,2026-02-14,Manually reported
2026-02-14,AC0050,2776945.89,2547272.5,2026-02-15,Manually reported
2026-02-15,AC0050,2728015.04,2431334.06,2026-02-16,Manually reported
2026-02-16,AC0050,2376420.73,2142592.71,2026-02-17,Manually reported
2026-02-17,AC0050,2072560.46,1893361.39,2026-02-18,Manually reported
2026-02-18,AC0050,2574249.08,2516261.43,2026-02-19,Manually reported
2026-02-19,AC0050,2928199.3,2623974.95,2026-02-20,Manually reported
2026-02-20,AC0050,2746390.06,2698859.74,2026-02-21,Manually reported
2026-02-21,AC0050,3201478.89,2871262.22,2026-02-22,Manually reported
2026-02-22,AC0050,3105744.17,2917468.98,2026-02-23,Manually reported
2026-02-23,AC0050,2149987.92,1980942.98,2026-02-24,Manually reported
2026-02-24,AC0050,2900433.25,2663729.29,2026-02-25,Manually reported
2026-02-25,AC0050,2140155.27,1938184.5,2026-02-26,Manually reported
2026-02-26,AC0050,2892448.9,2786433.07,2026-02-27,Manually reported
2026-02-27,AC0050,2860085.8,2758871.55,2026-02-28,Manually reported
2026-02-28,AC0050,2939834.19,2676592.83,2026-03-01,Manually reported
2026-03-01,AC0050,2592930.75,2326872.58,2026-03-02,Manually reported
2026-03-02,AC0050,2320516.66,2049458.94,2026-03-03,Manually reported
2026-03-03,AC0050,2451424.9,2271806.86,2026-03-04,Manually reported
2026-03-04,AC0050,2574054.7,2483992.87,2026-03-05,Manually reported
2026-03-05,AC0050,2311989.07,2200173.37,2026-03-06,Manually reported
2026-03-06,AC0050,2732957.4,2682937.6,2026-03-07,Manually reported
2026-03-07,AC0050,2836621.25,2633040.43,2026-03-08,Manually reported
2026-03-08,AC0050,2717015.05,2423259.02,2026-03-09,Manually reported
2026-03-09,AC0050,2494823.77,2330448.12,2026-03-10,Manually reported
2026-03-10,AC0050,2462122.6,2228892.71,2026-03-11,Manually reported
2026-03-11,AC0050,2330593.49,2122792.45,2026-03-12,Manually reported
2026-03-12,AC0050,2704656.38,2613991.8,2026-03-13,Manually reported
2026-03-13,AC0050,2789945.75,2564010.49,2026-03-14,Manually reported
2026-03-14,AC0050,3426791.44,3042429.68,2026-03-15,Manually reported
2026-03-15,AC0050,2506261.88,2250842.27,2026-03-16,Manually reported
2026-03-16,AC0050,2638690.55,2331183.35,2026-03-17,Manually reported
2026-03-17,AC0050,2320853.37,2081478.25,2026-03-18,Manually reported
2026-03-18,AC0050,2661497.94,2526567.48,2026-03-19,Manually reported
2026-03-19,AC0050,2611290.31,2527782.69,2026-03-20,Manually reported
2026-03-20,AC0050,2971585.51,2742986.83,2026-03-21,Manually reported
2026-03-21,AC0050,3122059.43,3003035.34,2026-03-22,Manually reported
2026-03-22,AC0050,3024490.76,2901333.8,2026-03-23,Manually reported
2026-03-23,AC0050,2521213.43,2346595.68,2026-03-24,Manually reported
2026-03-24,AC0050,2354082.18,2327793.83,2026-03-25,Manually reported
2026-03-25,AC0050,2722953.33,2422380.85,2026-03-26,Manually reported
2026-03-26,AC0050,2852854.22,2636090.11,2026-03-27,Manually reported
2026-03-27,AC0050,3044296.09,2990618.68,2026-03-28,Manually reported
2026-03-28,AC0050,2931657.89,2809491.52,2026-03-29,Manually reported
2026-03-29,AC0050,3004434.56,2811954.98,2026-03-30,Manually reported
2026-03-30,AC0050,2662866.24,2490220.17,2026-03-31,Manually reported
2026-03-31,AC0050,2511724.01,2250313.55,2026-04-01,Manually reported
2026-04-01,AC0050,2261115.44,2059709.22,2026-04-02,Manually reported
2026-04-02,AC0050,3075633.13,2893700.78,2026-04-03,Manually reported
2026-04-03,AC0050,2839289.59,2521142.54,2026-04-04,Manually reported
2026-04-04,AC0050,2696781.48,2407799.28,2026-04-05,Manually reported
2026-04-05,AC0050,2727843.45,2647533.88,2026-04-06,Manually reported
2026-04-06,AC0050,2663448.82,2500452.02,2026-04-07,Manually reported
2026-04-07,AC0050,2525829.76,2348359.07,2026-04-08,Manually reported
2026-04-08,AC0050,2604591.09,2366805.93,2026-04-09,Manually reported
2026-04-09,AC0050,2522505.75,2249602.29,2026-04-10,Manually reported
2026-04-10,AC0050,3053180.33,2868452.48,2026-04-11,Manually reported
2026-04-11,AC0050,2862391.47,2616796.71,2026-04-12,Manually reported
2026-04-12,AC0050,2861386.66,2706493.11,2026-04-13,Manually reported
2026-04-13,AC0050,2666328.39,2357201.34,2026-04-14,Manually reported
2026-04-14,AC0050,2748430.49,2556426.69,2026-04-15,Manually reported
2026-04-15,AC0050,2455371.96,2254031.71,2026-04-16,Manually reported
2026-04-16,AC0050,2476200.98,2360899.31,2026-04-17,Manually reported
2026-04-17,AC0050,2556291.38,2407518.04,2026-04-18,Manually reported
2026-04-18,AC0050,2981823.92,2756503.55,2026-04-19,Manually reported
2026-04-19,AC0050,2405638.01,2122354.41,2026-04-20,Manually reported
2026-04-20,AC0050,2786697.36,2524394.12,2026-04-21,Manually reported
2026-04-21,AC0050,2350887.97,2304596.88,2026-04-22,Manually reported
2026-04-22,AC0050,2244727.72,2220437.9,2026-04-23,Manually reported
2026-04-23,AC0050,2819661.33,2749779.25,2026-04-24,Manually reported
2026-04-24,AC0050,3048288.04,2986955.34,2026-04-25,Manually reported
2026-04-25,AC0050,2618012.54,2321868.19,2026-04-26,Manually reported
2026-04-26,AC0050,3084163.98,2756799.61,2026-04-27,Manually reported
2026-04-27,AC0050,2882543.56,2779885.35,2026-04-28,Manually reported
2026-04-28,AC0050,2479200.43,2305645.97,2026-04-29,Manually reported
2026-04-29,AC0050,2605896.71,2458243.75,2026-04-30,Manually reported
2026-04-30,AC0050,2551333.93,2263450.76,2026-05-01,Manually reported
2026-05-01,AC0050,2641519.06,2459539.04,2026-05-02,Manually reported
2026-05-02,AC0050,3087535.13,2773896.61,2026-05-03,Manually reported
2026-05-03,AC0050,3068959.49,2766365.37,2026-05-04,Manually reported
2026-05-04,AC0050,2309420.29,2222172.56,2026-05-05,Manually reported
2026-05-05,AC0050,2623095.47,2351258.16,2026-05-06,Manually reported
2026-05-06,AC0050,2466627.23,2418356.3,2026-05-07,Manually reported
2026-05-07,AC0050,2273028.92,2050299.33,2026-05-08,Manually reported
2026-05-08,AC0050,2573104.47,2400573.8,2026-05-09,Manually reported
2026-05-09,AC0050,3095230.47,2861974.19,2026-05-10,Manually reported
2026-05-10,AC0050,2832254.05,2554570.92,2026-05-11,Manually reported
2026-05-11,AC0050,2521064.16,2355913.05,2026-05-12,Manually reported
2026-05-12,AC0050,2752853.73,2670251.21,2026-05-13,Manually reported
2026-05-13,AC0050,2479219.4,2284728.93,2026-05-14,Manually reported
2026-05-14,AC0050,2754163.95,2650492.27,2026-05-15,Manually reported
2026-05-15,AC0050,3183822.49,2915754.18,2026-05-16,Manually reported
2026-05-16,AC0050,2745851.6,2461210.58,2026-05-17,Manually reported
2026-05-17,AC0050,3187583.37,3039501.53,2026-05-18,Manually reported
2026-05-18,AC0050,2869691.29,2672767.04,2026-05-19,Manually reported
2026-05-19,AC0050,2604226.26,2330661.84,2026-05-20,Manually reported
2026-05-20,AC0050,2219673.16,2034920.42,2026-05-21,Manually reported
2026-05-21,AC0050,2937407.41,2863101.46,2026-05-22,Manually reported
2026-05-22,AC0050,2835804.35,2630980.82,2026-05-23,Manually reported
2026-05-23,AC0050,2734350.03,2606568.78,2026-05-24,Manually reported
2026-05-24,AC0050,2739948.24,2612287.41,2026-05-25,Manually reported
2026-05-25,AC0050,2576276.76,2288061.32,2026-05-26,Manually reported
2026-05-26,AC0050,2578989.44,2440052.63,2026-05-27,Manually reported
2026-05-27,AC0050,2584136.23,2283474.18,2026-05-28,Manually reported
2026-05-28,AC0050,2746524.95,2454925.16,2026-05-29,Manually reported
2026-05-29,AC0050,3268095.72,3007107.04,2026-05-30,Manually reported
2026-05-30,AC0050,3215071.65,3047477.75,2026-05-31,Manually reported
2026-05-31,AC0050,2944854.52,2708664.06,2026-06-01,Manually reported
2026-06-01,AC0050,3132989.67,3082021.09,2026-06-02,Manually reported
2026-06-02,AC0050,2531676.21,2489334.43,2026-06-03,Manually reported
2026-06-03,AC0050,2654719.74,2415265.85,2026-06-04,Manually reported
2026-06-04,AC0050,2358331.56,2137798.94,2026-06-05,Manually reported
2026-06-05,AC0050,3168015.23,3074339.53,2026-06-06,Manually reported
2026-06-06,AC0050,2565660.56,2500651.46,2026-06-07,Manually reported
2026-06-07,AC0050,2751401.91,2659848.11,2026-06-08,Manually reported
2026-06-08,AC0050,2226229.86,2135546.43,2026-06-09,Manually reported
2026-06-09,AC0050,2566196.5,2487555.28,2026-06-10,Manually reported
2026-06-10,AC0050,2489538.43,2266741.21,2026-06-11,Manually reported
2026-06-11,AC0050,2427575.02,2152008.4,2026-06-12,Manually reported
2026-06-12,AC0050,3020233.62,2984945.44,2026-06-13,Manually reported
2026-06-13,AC0050,3082291.99,2926776.27,2026-06-14,Manually reported
2026-06-14,AC0050,2899417.76,2615228.18,2026-06-15,Manually reported
2026-06-15,AC0050,2586799.41,2331788.69,2026-06-16,Manually reported
2026-06-16,AC0050,2534107.59,2351149.19,2026-06-17,Manually reported
2026-06-17,AC0050,2419828.34,2290961.7,2026-06-18,Manually reported
2026-06-18,AC0050,2706721.05,2676177.34,2026-06-19,Manually reported
2026-06-19,AC0050,3066344.21,2969631.84,2026-06-20,Manually reported
2026-06-20,AC0050,3084326.46,2968307.51,2026-06-21,Manually reported
2026-06-21,AC0050,2707052.09,2483527.95,2026-06-22,Manually reported
2026-06-22,AC0050,2346546.49,2176998.85,2026-06-23,Manually reported
2026-06-23,AC0050,2364207.61,2329797.93,2026-06-24,Manually reported
2026-06-24,AC0050,2238254.07,2213773.07,2026-06-25,Manually reported
2026-06-25,AC0050,2538873.13,2306479.73,2026-06-26,Manually reported
2026-06-26,AC0050,2566319.72,2274930.96,2026-06-27,Manually reported
2026-06-27,AC0050,2990026.99,2709379.82,2026-06-28,Manually reported
2026-06-28,AC0050,2844873.75,2772876.04,2026-06-29,Manually reported
2026-06-29,AC0050,2811361.49,2770362.61,2026-06-30,Manually reported
2026-06-30,AC0050,2025411.34,1785117.11,2026-07-01,Manually reported
2026-01-01,AC0051,674757.68,628001.78,2026-01-01,Automated
2026-01-02,AC0051,769512.65,731587.36,2026-01-02,Automated
2026-01-03,AC0051,867664.58,779629.47,2026-01-03,Automated
2026-01-04,AC0051,783177.53,743297.58,2026-01-04,Automated
2026-01-05,AC0051,677863.97,653088.02,2026-01-05,Automated
2026-01-06,AC0051,709370.69,674291.01,2026-01-06,Automated
2026-01-07,AC0051,608975.73,587625.26,2026-01-07,Automated
2026-01-08,AC0051,681317.13,619086.7,2026-01-08,Automated
2026-01-09,AC0051,820625.41,785582.29,2026-01-09,Automated
2026-01-10,AC0051,808223.17,795034.84,2026-01-10,Automated
2026-01-11,AC0051,758141.03,749230.99,2026-01-11,Automated
2026-01-12,AC0051,671463.4,644831.07,2026-01-12,Automated
2026-01-13,AC0051,599882.67,557035.09,2026-01-13,Automated
2026-01-14,AC0051,710727.3,678254.39,2026-01-14,Automated
2026-01-15,AC0051,711504.51,691382.86,2026-01-15,Automated
2026-01-16,AC0051,697662.9,685834.89,2026-01-16,Automated
2026-01-17,AC0051,721828.85,648134.37,2026-01-17,Automated
2026-01-18,AC0051,740352.97,679936.67,2026-01-18,Automated
2026-01-19,AC0051,663062.72,588900.9,2026-01-19,Automated
2026-01-20,AC0051,617265.13,585272.19,2026-01-20,Automated
2026-01-21,AC0051,623943.69,585200.91,2026-01-21,Automated
2026-01-22,AC0051,754642.68,745518.9,2026-01-22,Automated
2026-01-23,AC0051,764923.72,729252.99,2026-01-23,Automated
2026-01-24,AC0051,786564.38,756697.58,2026-01-24,Automated
2026-01-25,AC0051,773726.74,686083.55,2026-01-25,Automated
2026-01-26,AC0051,726816.33,711827.38,2026-01-26,Automated
2026-01-27,AC0051,685740.01,661428.84,2026-01-27,Automated
2026-01-28,AC0051,734710.5,663409.55,2026-01-28,Automated
2026-01-29,AC0051,748024.48,727776.49,2026-01-29,Automated
2026-01-30,AC0051,649085.63,610024.9,2026-01-30,Automated
2026-01-31,AC0051,740716.87,662545.99,2026-01-31,Automated
2026-02-01,AC0051,710120.87,667060.03,2026-02-01,Automated
2026-02-02,AC0051,693070.86,649462.69,2026-02-02,Automated
2026-02-03,AC0051,729532.95,670982.96,2026-02-03,Automated
2026-02-04,AC0051,699793.03,671113.62,2026-02-04,Automated
2026-02-05,AC0051,754495.02,724932.65,2026-02-05,Automated
2026-02-06,AC0051,710173.93,689479.7,2026-02-06,Automated
2026-02-07,AC0051,864688.99,767337.91,2026-02-07,Automated
2026-02-08,AC0051,830763.07,764216.76,2026-02-08,Automated
2026-02-09,AC0051,768542.99,707429.55,2026-02-09,Automated
2026-02-10,AC0051,632498.29,601099.46,2026-02-10,Automated
2026-02-11,AC0051,703107.67,619619.09,2026-02-11,Automated
2026-02-12,AC0051,726458.81,660686.3,2026-02-12,Automated
2026-02-13,AC0051,730864.62,653484.32,2026-02-13,Automated
2026-02-14,AC0051,875109.32,841941.82,2026-02-14,Automated
2026-02-15,AC0051,777572.64,695651.54,2026-02-15,Automated
2026-02-16,AC0051,845097.93,773235.22,2026-02-16,Automated
2026-02-17,AC0051,638986.06,604408.33,2026-02-17,Automated
2026-02-18,AC0051,673745.94,625837.72,2026-02-18,Automated
2026-02-19,AC0051,705770.83,693094.91,2026-02-19,Automated
2026-02-20,AC0051,757286.29,724207.25,2026-02-20,Automated
2026-02-21,AC0051,823269.16,782873.32,2026-02-21,Automated
2026-02-22,AC0051,737085.76,686805.56,2026-02-22,Automated
2026-02-23,AC0051,707433.91,638161.67,2026-02-23,Automated
2026-02-24,AC0051,655864.57,636971.02,2026-02-24,Automated
2026-02-25,AC0051,660233.08,616015.25,2026-02-25,Automated
2026-02-26,AC0051,757249.95,707498.9,2026-02-26,Automated
2026-02-27,AC0051,806257.79,755451.43,2026-02-27,Automated
2026-02-28,AC0051,812186.09,763326.14,2026-02-28,Automated
2026-03-01,AC0051,876386.66,826944.69,2026-03-01,Automated
2026-03-02,AC0051,672499.11,637837.31,2026-03-02,Automated
2026-03-03,AC0051,680448.31,646443.38,2026-03-03,Automated
2026-03-04,AC0051,778996.87,719110.77,2026-03-04,Automated
2026-03-05,AC0051,718878.97,702843.07,2026-03-05,Automated
2026-03-06,AC0051,809139.12,790756.33,2026-03-06,Automated
2026-03-07,AC0051,742888.53,694187.48,2026-03-07,Automated
2026-03-08,AC0051,745335.56,677624.55,2026-03-08,Automated
2026-03-09,AC0051,666376.3,635034.66,2026-03-09,Automated
2026-03-10,AC0051,740520.69,684105.37,2026-03-10,Automated
2026-03-11,AC0051,658692.49,604045.95,2026-03-11,Automated
2026-03-12,AC0051,722348.25,708932.12,2026-03-12,Automated
2026-03-13,AC0051,792679.82,769505.0,2026-03-13,Automated
2026-03-14,AC0051,958000.69,922121.82,2026-03-14,Automated
2026-03-15,AC0051,640586.04,626693.52,2026-03-15,Automated
2026-03-16,AC0051,659439.39,640646.39,2026-03-16,Automated
2026-03-17,AC0051,619940.69,603681.65,2026-03-17,Automated
2026-03-18,AC0051,606928.05,571068.95,2026-03-18,Automated
2026-03-19,AC0051,797693.73,784762.68,2026-03-19,Automated
2026-03-20,AC0051,734761.43,708402.11,2026-03-20,Automated
2026-03-21,AC0051,816704.72,806085.17,2026-03-21,Automated
2026-03-22,AC0051,787831.11,771018.68,2026-03-22,Automated
2026-03-23,AC0051,636104.25,609764.74,2026-03-23,Automated
2026-03-24,AC0051,558394.71,529478.92,2026-03-24,Automated
2026-03-25,AC0051,731361.17,669664.23,2026-03-25,Automated
2026-03-26,AC0051,748452.13,727827.37,2026-03-26,Automated
2026-03-27,AC0051,726095.39,683033.7,2026-03-27,Automated
2026-03-28,AC0051,846184.15,760893.04,2026-03-28,Automated
2026-03-29,AC0051,776427.52,747861.31,2026-03-29,Automated
2026-03-30,AC0051,783025.56,769194.4,2026-03-30,Automated
2026-03-31,AC0051,622315.83,567384.76,2026-03-31,Automated
2026-04-01,AC0051,718195.69,647924.6,2026-04-01,Automated
2026-04-02,AC0051,758134.19,709145.35,2026-04-02,Automated
2026-04-03,AC0051,798303.12,765753.74,2026-04-03,Automated
2026-04-04,AC0051,833332.1,789829.68,2026-04-04,Automated
2026-04-05,AC0051,768752.21,687166.76,2026-04-05,Automated
2026-04-06,AC0051,679219.27,639744.11,2026-04-06,Automated
2026-04-07,AC0051,555105.21,516023.73,2026-04-07,Automated
2026-04-08,AC0051,702538.9,669245.34,2026-04-08,Automated
2026-04-09,AC0051,687994.53,654639.28,2026-04-09,Automated
2026-04-10,AC0051,833232.66,783168.88,2026-04-10,Automated
2026-04-11,AC0051,831447.23,767397.86,2026-04-11,Automated
2026-04-12,AC0051,844409.41,775545.06,2026-04-12,Automated
2026-04-13,AC0051,667059.03,658438.75,2026-04-13,Automated
2026-04-14,AC0051,712524.47,683503.72,2026-04-14,Automated
2026-04-15,AC0051,632566.18,610093.61,2026-04-15,Automated
2026-04-16,AC0051,722865.79,707388.33,2026-04-16,Automated
2026-04-17,AC0051,772014.83,687437.06,2026-04-17,Automated
2026-04-18,AC0051,805923.14,765549.31,2026-04-18,Automated
2026-04-19,AC0051,737890.72,717296.26,2026-04-19,Automated
2026-04-20,AC0051,776978.72,740980.72,2026-04-20,Automated
2026-04-21,AC0051,629670.41,592319.3,2026-04-21,Automated
2026-04-22,AC0051,681628.08,635813.47,2026-04-22,Automated
2026-04-23,AC0051,703419.3,628702.71,2026-04-23,Automated
2026-04-24,AC0051,704571.7,691736.38,2026-04-24,Automated
2026-04-25,AC0051,784779.57,760759.19,2026-04-25,Automated
2026-04-26,AC0051,873617.53,844245.08,2026-04-26,Automated
2026-04-27,AC0051,630440.08,620251.49,2026-04-27,Automated
2026-04-28,AC0051,545398.47,493423.67,2026-04-28,Automated
2026-04-29,AC0051,674399.08,608739.25,2026-04-29,Automated
2026-04-30,AC0051,727357.52,683654.68,2026-04-30,Automated
2026-05-01,AC0051,752420.7,670640.22,2026-05-01,Automated
2026-05-02,AC0051,807473.75,744836.16,2026-05-02,Automated
2026-05-03,AC0051,796677.16,779115.09,2026-05-03,Automated
2026-05-04,AC0051,692793.14,620143.8,2026-05-04,Automated
2026-05-05,AC0051,675928.72,613505.73,2026-05-05,Automated
2026-05-06,AC0051,719471.67,665975.17,2026-05-06,Automated
2026-05-07,AC0051,798420.57,748342.02,2026-05-07,Automated
2026-05-08,AC0051,861480.04,776468.11,2026-05-08,Automated
2026-05-09,AC0051,861483.19,807235.0,2026-05-09,Automated
2026-05-10,AC0051,775671.62,755136.29,2026-05-10,Automated
2026-05-11,AC0051,726903.46,672212.52,2026-05-11,Automated
2026-05-12,AC0051,597496.8,572554.87,2026-05-12,Automated
2026-05-13,AC0051,695416.38,656020.73,2026-05-13,Automated
2026-05-14,AC0051,631417.75,580059.12,2026-05-14,Automated
2026-05-15,AC0051,825780.46,775221.24,2026-05-15,Automated
2026-05-16,AC0051,790233.87,709385.19,2026-05-16,Automated
2026-05-17,AC0051,725158.85,641237.39,2026-05-17,Automated
2026-05-18,AC0051,797664.16,717384.05,2026-05-18,Automated
2026-05-19,AC0051,653647.83,636905.94,2026-05-19,Automated
2026-05-20,AC0051,609301.22,579308.1,2026-05-20,Automated
2026-05-21,AC0051,731399.09,648684.75,2026-05-21,Automated
2026-05-22,AC0051,786855.15,774941.59,2026-05-22,Automated
2026-05-23,AC0051,811951.88,730023.89,2026-05-23,Automated
2026-05-24,AC0051,772410.06,697437.21,2026-05-24,Automated
2026-05-25,AC0051,758396.44,741985.05,2026-05-25,Automated
2026-05-26,AC0051,658446.03,627866.87,2026-05-26,Automated
2026-05-27,AC0051,664967.16,642497.89,2026-05-27,Automated
2026-05-28,AC0051,745379.71,715623.39,2026-05-28,Automated
2026-05-29,AC0051,808140.15,758374.73,2026-05-29,Automated
2026-05-30,AC0051,856087.42,832214.85,2026-05-30,Automated
2026-05-31,AC0051,885837.23,803099.23,2026-05-31,Automated
2026-06-01,AC0051,677270.95,602484.01,2026-06-01,Automated
2026-06-02,AC0051,696950.16,628547.34,2026-06-02,Automated
2026-06-03,AC0051,728339.34,642408.72,2026-06-03,Automated
2026-06-04,AC0051,706905.51,689642.15,2026-06-04,Automated
2026-06-05,AC0051,791946.08,725632.11,2026-06-05,Automated
2026-06-06,AC0051,734794.45,697355.98,2026-06-06,Automated
2026-06-07,AC0051,845901.73,802501.52,2026-06-07,Automated
2026-06-08,AC0051,699378.0,652078.61,2026-06-08,Automated
2026-06-09,AC0051,681234.92,667414.27,2026-06-09,Automated
2026-06-10,AC0051,615883.95,587225.95,2026-06-10,Automated
2026-06-11,AC0051,768569.52,676390.26,2026-06-11,Automated
2026-06-12,AC0051,805659.21,720877.99,2026-06-12,Automated
2026-06-13,AC0051,801151.7,741643.02,2026-06-13,Automated
2026-06-14,AC0051,767378.08,686116.4,2026-06-14,Automated
2026-06-15,AC0051,688076.22,653847.93,2026-06-15,Automated
2026-06-16,AC0051,653152.13,590099.02,2026-06-16,Automated
2026-06-17,AC0051,702351.88,648190.24,2026-06-17,Automated
2026-06-18,AC0051,694252.64,679970.92,2026-06-18,Automated
2026-06-19,AC0051,842256.1,783687.74,2026-06-19,Automated
2026-06-20,AC0051,811609.99,718516.96,2026-06-20,Automated
2026-06-21,AC0051,763889.88,682101.07,2026-06-21,Automated
2026-06-22,AC0051,731976.68,689847.03,2026-06-22,Automated
2026-06-23,AC0051,668869.48,643406.08,2026-06-23,Automated
2026-06-24,AC0051,655004.03,588675.87,2026-06-24,Automated
2026-06-25,AC0051,789945.68,700573.78,2026-06-25,Automated
2026-06-26,AC0051,743130.98,681758.03,2026-06-26,Automated
2026-06-27,AC0051,854163.49,806860.71,2026-06-27,Automated
2026-06-28,AC0051,709845.2,675380.03,2026-06-28,Automated
2026-06-29,AC0051,720894.83,705107.65,2026-06-29,Automated
2026-06-30,AC0051,638828.07,568415.07,2026-06-30,Automated
2026-01-01,AC0052,265042.58,245445.24,2026-01-01,Automated
2026-01-02,AC0052,265873.02,258694.14,2026-01-02,Automated
2026-01-03,AC0052,243100.01,217697.31,2026-01-03,Automated
2026-01-04,AC0052,305461.3,291045.84,2026-01-04,Automated
2026-01-05,AC0052,321383.09,309328.53,2026-01-05,Automated
2026-01-06,AC0052,318941.57,291512.82,2026-01-06,Automated
2026-01-07,AC0052,297338.59,285410.34,2026-01-07,Automated
2026-01-08,AC0052,276919.88,273844.83,2026-01-08,Automated
2026-01-09,AC0052,267085.15,244239.69,2026-01-09,Automated
2026-01-10,AC0052,255597.55,249174.13,2026-01-10,Automated
2026-01-11,AC0052,254104.62,242704.94,2026-01-11,Automated
2026-01-12,AC0052,341614.89,304734.77,2026-01-12,Automated
2026-01-13,AC0052,291170.75,281884.45,2026-01-13,Automated
2026-01-14,AC0052,330668.91,320046.29,2026-01-14,Automated
2026-01-15,AC0052,246430.22,240812.75,2026-01-15,Automated
2026-01-16,AC0052,271075.4,255306.66,2026-01-16,Automated
2026-01-17,AC0052,292501.51,264901.55,2026-01-17,Automated
2026-01-18,AC0052,265558.04,261389.19,2026-01-18,Automated
2026-01-19,AC0052,308792.02,274765.23,2026-01-19,Automated
2026-01-20,AC0052,320637.86,308465.05,2026-01-20,Automated
2026-01-21,AC0052,284441.8,266364.98,2026-01-21,Automated
2026-01-22,AC0052,271663.8,254797.42,2026-01-22,Automated
2026-01-23,AC0052,237748.15,216087.78,2026-01-23,Automated
2026-01-24,AC0052,267500.15,257317.52,2026-01-24,Automated
2026-01-25,AC0052,277905.62,269782.53,2026-01-25,Automated
2026-01-26,AC0052,273668.5,263651.13,2026-01-26,Automated
2026-01-27,AC0052,308319.97,281867.02,2026-01-27,Automated
2026-01-28,AC0052,278339.53,262181.2,2026-01-28,Automated
2026-01-29,AC0052,289217.57,282962.63,2026-01-29,Automated
2026-01-30,AC0052,226508.59,223746.42,2026-01-30,Automated
2026-01-31,AC0052,325501.26,291586.62,2026-01-31,Automated
2026-02-01,AC0052,304766.66,278584.35,2026-02-01,Automated
2026-02-02,AC0052,292495.62,265527.31,2026-02-02,Automated
2026-02-03,AC0052,301818.04,277732.24,2026-02-03,Automated
2026-02-04,AC0052,282884.31,266655.04,2026-02-04,Automated
2026-02-05,AC0052,221991.19,198451.32,2026-02-05,Automated
2026-02-06,AC0052,235834.86,226081.03,2026-02-06,Automated
2026-02-07,AC0052,226085.85,218845.82,2026-02-07,Automated
2026-02-08,AC0052,294641.33,278141.71,2026-02-08,Automated
2026-02-09,AC0052,289766.43,261963.3,2026-02-09,Automated
2026-02-10,AC0052,340987.32,312888.89,2026-02-10,Automated
2026-02-11,AC0052,321650.75,294235.06,2026-02-11,Automated
2026-02-12,AC0052,265197.82,260992.37,2026-02-12,Automated
2026-02-13,AC0052,209818.03,190219.5,2026-02-13,Automated
2026-02-14,AC0052,272039.93,257650.43,2026-02-14,Automated
2026-02-15,AC0052,306019.94,298078.5,2026-02-15,Automated
2026-02-16,AC0052,302780.42,275624.97,2026-02-16,Automated
2026-02-17,AC0052,304014.37,273074.71,2026-02-17,Automated
2026-02-18,AC0052,303471.06,296295.83,2026-02-18,Automated
2026-02-19,AC0052,250207.02,222161.82,2026-02-19,Automated
2026-02-20,AC0052,257993.86,254171.58,2026-02-20,Automated
2026-02-21,AC0052,248547.27,237638.93,2026-02-21,Automated
2026-02-22,AC0052,258393.2,251613.74,2026-02-22,Automated
2026-02-23,AC0052,289736.34,279156.12,2026-02-23,Automated
2026-02-24,AC0052,290659.33,257229.89,2026-02-24,Automated
2026-02-25,AC0052,270165.25,263452.56,2026-02-25,Automated
2026-02-26,AC0052,258645.83,237698.81,2026-02-26,Automated
2026-02-27,AC0052,246460.43,221642.25,2026-02-27,Automated
2026-02-28,AC0052,262406.9,251150.01,2026-02-28,Automated
2026-03-01,AC0052,268815.33,265551.59,2026-03-01,Automated
2026-03-02,AC0052,317553.08,285825.79,2026-03-02,Automated
2026-03-03,AC0052,295214.05,281934.75,2026-03-03,Automated
2026-03-04,AC0052,253993.1,232137.96,2026-03-04,Automated
2026-03-05,AC0052,272762.2,257006.21,2026-03-05,Automated
2026-03-06,AC0052,294108.54,290493.01,2026-03-06,Automated
2026-03-07,AC0052,285053.99,273802.13,2026-03-07,Automated
2026-03-08,AC0052,270559.22,260149.36,2026-03-08,Automated
2026-03-09,AC0052,292126.86,281170.5,2026-03-09,Automated
2026-03-10,AC0052,358035.43,334431.97,2026-03-10,Automated
2026-03-11,AC0052,306581.45,297290.86,2026-03-11,Automated
2026-03-12,AC0052,234421.82,212487.32,2026-03-12,Automated
2026-03-13,AC0052,262807.63,253203.62,2026-03-13,Automated
2026-03-14,AC0052,236017.99,207979.25,2026-03-14,Automated
2026-03-15,AC0052,265683.16,243449.13,2026-03-15,Automated
2026-03-16,AC0052,294245.77,260006.43,2026-03-16,Automated
2026-03-17,AC0052,285500.24,275227.34,2026-03-17,Automated
2026-03-18,AC0052,303295.11,287339.76,2026-03-18,Automated
2026-03-19,AC0052,275841.74,250078.15,2026-03-19,Automated
2026-03-20,AC0052,247183.13,240495.06,2026-03-20,Automated
2026-03-21,AC0052,262204.3,244852.44,2026-03-21,Automated
2026-03-22,AC0052,283429.24,278192.11,2026-03-22,Automated
2026-03-23,AC0052,295651.27,279475.9,2026-03-23,Automated
2026-03-24,AC0052,326050.62,290716.76,2026-03-24,Automated
2026-03-25,AC0052,305543.96,283468.48,2026-03-25,Automated
2026-03-26,AC0052,245390.27,230607.68,2026-03-26,Automated
2026-03-27,AC0052,276542.22,259494.99,2026-03-27,Automated
2026-03-28,AC0052,288242.03,254249.12,2026-03-28,Automated
2026-03-29,AC0052,309924.42,284703.43,2026-03-29,Automated
2026-03-30,AC0052,302607.31,291980.61,2026-03-30,Automated
2026-03-31,AC0052,323606.53,318281.91,2026-03-31,Automated
2026-04-01,AC0052,298369.12,273368.5,2026-04-01,Automated
2026-04-02,AC0052,300281.67,273057.23,2026-04-02,Automated
2026-04-03,AC0052,237716.3,215351.14,2026-04-03,Automated
2026-04-04,AC0052,268535.37,262217.08,2026-04-04,Automated
2026-04-05,AC0052,275984.84,254075.75,2026-04-05,Automated
2026-04-06,AC0052,322907.78,299693.97,2026-04-06,Automated
2026-04-07,AC0052,312103.0,294780.45,2026-04-07,Automated
2026-04-08,AC0052,230812.53,211495.0,2026-04-08,Automated
2026-04-09,AC0052,256532.14,243376.51,2026-04-09,Automated
2026-04-10,AC0052,252865.04,245179.28,2026-04-10,Automated
2026-04-11,AC0052,294185.63,271814.12,2026-04-11,Automated
2026-04-12,AC0052,267272.83,241583.69,2026-04-12,Automated
2026-04-13,AC0052,314947.47,288991.37,2026-04-13,Automated
2026-04-14,AC0052,290523.78,268161.26,2026-04-14,Automated
2026-04-15,AC0052,268268.23,250799.69,2026-04-15,Automated
2026-04-16,AC0052,245827.54,236859.5,2026-04-16,Automated
2026-04-17,AC0052,225113.46,203455.86,2026-04-17,Automated
2026-04-18,AC0052,260803.14,238802.11,2026-04-18,Automated
2026-04-19,AC0052,303228.62,270816.18,2026-04-19,Automated
2026-04-20,AC0052,322962.54,285882.96,2026-04-20,Automated
2026-04-21,AC0052,301526.19,290455.4,2026-04-21,Automated
2026-04-22,AC0052,283971.59,254179.25,2026-04-22,Automated
2026-04-23,AC0052,259974.36,249572.35,2026-04-23,Automated
2026-04-24,AC0052,220108.38,199778.67,2026-04-24,Automated
2026-04-25,AC0052,245199.47,226569.7,2026-04-25,Automated
2026-04-26,AC0052,284792.53,250898.94,2026-04-26,Automated
2026-04-27,AC0052,269780.29,240295.08,2026-04-27,Automated
2026-04-28,AC0052,293733.23,269870.16,2026-04-28,Automated
2026-04-29,AC0052,282980.15,270348.98,2026-04-29,Automated
2026-04-30,AC0052,269537.68,260692.38,2026-04-30,Automated
2026-05-01,AC0052,259230.27,231533.89,2026-05-01,Automated
2026-05-02,AC0052,271630.55,262307.55,2026-05-02,Automated
2026-05-03,AC0052,275133.3,261233.7,2026-05-03,Automated
2026-05-04,AC0052,268775.33,263717.79,2026-05-04,Automated
2026-05-05,AC0052,316544.63,279005.57,2026-05-05,Automated
2026-05-06,AC0052,286433.65,279014.42,2026-05-06,Automated
2026-05-07,AC0052,264569.88,233532.97,2026-05-07,Automated
2026-05-08,AC0052,259786.25,234947.16,2026-05-08,Automated
2026-05-09,AC0052,286262.9,259188.5,2026-05-09,Automated
2026-05-10,AC0052,268076.46,241802.89,2026-05-10,Automated
2026-05-11,AC0052,322607.81,317056.58,2026-05-11,Automated
2026-05-12,AC0052,318857.34,314861.19,2026-05-12,Automated
2026-05-13,AC0052,256716.21,248202.79,2026-05-13,Automated
2026-05-14,AC0052,259187.89,238493.72,2026-05-14,Automated
2026-05-15,AC0052,250210.61,221403.71,2026-05-15,Automated
2026-05-16,AC0052,275057.0,245728.32,2026-05-16,Automated
2026-05-17,AC0052,256384.33,230701.21,2026-05-17,Automated
2026-05-18,AC0052,293342.72,274550.58,2026-05-18,Automated
2026-05-19,AC0052,286102.8,254171.21,2026-05-19,Automated
2026-05-20,AC0052,295619.34,261183.74,2026-05-20,Automated
2026-05-21,AC0052,218377.06,207786.15,2026-05-21,Automated
2026-05-22,AC0052,265246.86,239340.84,2026-05-22,Automated
2026-05-23,AC0052,238563.04,219628.45,2026-05-23,Automated
2026-05-24,AC0052,297793.17,288351.51,2026-05-24,Automated
2026-05-25,AC0052,311951.57,282151.42,2026-05-25,Automated
2026-05-26,AC0052,295137.19,265677.05,2026-05-26,Automated
2026-05-27,AC0052,346448.49,312352.62,2026-05-27,Automated
2026-05-28,AC0052,288388.24,255280.36,2026-05-28,Automated
2026-05-29,AC0052,235852.14,220931.46,2026-05-29,Automated
2026-05-30,AC0052,274119.27,257077.15,2026-05-30,Automated
2026-05-31,AC0052,300680.81,270302.96,2026-05-31,Automated
2026-06-01,AC0052,323568.9,319420.8,2026-06-01,Automated
2026-06-02,AC0052,308609.26,303450.78,2026-06-02,Automated
2026-06-03,AC0052,293092.84,271358.7,2026-06-03,Automated
2026-06-04,AC0052,265226.26,254297.48,2026-06-04,Automated
2026-06-05,AC0052,258762.94,241630.54,2026-06-05,Automated
2026-06-06,AC0052,203496.36,201410.66,2026-06-06,Automated
2026-06-07,AC0052,262052.95,248873.03,2026-06-07,Automated
2026-06-08,AC0052,314702.57,311234.32,2026-06-08,Automated
2026-06-09,AC0052,315109.87,303064.22,2026-06-09,Automated
2026-06-10,AC0052,278809.9,252809.1,2026-06-10,Automated
2026-06-11,AC0052,253489.56,236331.63,2026-06-11,Automated
2026-06-12,AC0052,220269.63,193938.61,2026-06-12,Automated
2026-06-13,AC0052,259960.14,244370.31,2026-06-13,Automated
2026-06-14,AC0052,299562.46,295344.51,2026-06-14,Automated
2026-06-15,AC0052,302049.17,295130.79,2026-06-15,Automated
2026-06-16,AC0052,308423.35,278293.76,2026-06-16,Automated
2026-06-17,AC0052,304557.89,281570.2,2026-06-17,Automated
2026-06-18,AC0052,246369.23,218775.71,2026-06-18,Automated
2026-06-19,AC0052,235830.32,216890.86,2026-06-19,Automated
2026-06-20,AC0052,250935.22,232029.44,2026-06-20,Automated
2026-06-21,AC0052,279526.9,269663.78,2026-06-21,Automated
2026-06-22,AC0052,276198.81,248618.52,2026-06-22,Automated
2026-06-23,AC0052,308611.44,276233.93,2026-06-23,Automated
2026-06-24,AC0052,244632.55,216754.55,2026-06-24,Automated
2026-06-25,AC0052,244429.86,237949.97,2026-06-25,Automated
2026-06-26,AC0052,206119.96,194158.72,2026-06-26,Automated
2026-06-27,AC0052,256640.89,229438.86,2026-06-27,Automated
2026-06-28,AC0052,288701.38,285260.75,2026-06-28,Automated
2026-06-29,AC0052,341785.11,329165.95,2026-06-29,Automated
2026-06-30,AC0052,282770.73,265513.77,2026-06-30,Automated
2026-01-01,AC0053,1242670.89,1144326.89,2026-01-01,Automated
2026-01-02,AC0053,1091425.53,998600.42,2026-01-02,Automated
2026-01-03,AC0053,1154791.65,1060349.81,2026-01-03,Automated
2026-01-04,AC0053,1177630.7,1070895.23,2026-01-04,Automated
2026-01-05,AC0053,1227652.8,1119010.88,2026-01-05,Automated
2026-01-06,AC0053,1367931.53,1286145.59,2026-01-06,Automated
2026-01-07,AC0053,1226145.15,1113197.24,2026-01-07,Automated
2026-01-08,AC0053,1130399.85,1072430.37,2026-01-08,Automated
2026-01-09,AC0053,1228893.24,1216326.06,2026-01-09,Automated
2026-01-10,AC0053,1151708.54,1106398.65,2026-01-10,Automated
2026-01-11,AC0053,1151482.25,1061129.39,2026-01-11,Automated
2026-01-12,AC0053,1464359.66,1363208.07,2026-01-12,Automated
2026-01-13,AC0053,1340079.09,1234403.3,2026-01-13,Automated
2026-01-14,AC0053,1249548.1,1113774.45,2026-01-14,Automated
2026-01-15,AC0053,1019445.28,969224.25,2026-01-15,Automated
2026-01-16,AC0053,1083593.07,960461.82,2026-01-16,Automated
2026-01-17,AC0053,1044671.46,1017587.05,2026-01-17,Automated
2026-01-18,AC0053,1182075.58,1083998.05,2026-01-18,Automated
2026-01-19,AC0053,1365096.47,1350818.01,2026-01-19,Automated
2026-01-20,AC0053,1461004.93,1368885.94,2026-01-20,Automated
2026-01-21,AC0053,1184962.32,1112621.93,2026-01-21,Automated
2026-01-22,AC0053,1310631.38,1234204.89,2026-01-22,Automated
2026-01-23,AC0053,1251100.36,1230571.77,2026-01-23,Automated
2026-01-24,AC0053,963200.72,919926.4,2026-01-24,Automated
2026-01-25,AC0053,1180616.8,1075355.79,2026-01-25,Automated
2026-01-26,AC0053,1233928.98,1149629.82,2026-01-26,Automated
2026-01-27,AC0053,1304479.39,1216393.11,2026-01-27,Automated
2026-01-28,AC0053,1400201.8,1266688.88,2026-01-28,Automated
2026-01-29,AC0053,1226071.62,1187033.09,2026-01-29,Automated
2026-01-30,AC0053,1037451.73,939633.64,2026-01-30,Automated
2026-01-31,AC0053,1009652.08,964630.26,2026-01-31,Automated
2026-02-01,AC0053,1051860.71,1000252.82,2026-02-01,Automated
2026-02-02,AC0053,1313992.8,1199040.14,2026-02-02,Automated
2026-02-03,AC0053,1337162.4,1268358.9,2026-02-03,Automated
2026-02-04,AC0053,1358834.76,1313164.97,2026-02-04,Automated
2026-02-05,AC0053,1357597.04,1306003.44,2026-02-05,Automated
2026-02-06,AC0053,1156155.37,1058024.46,2026-02-06,Automated
2026-02-07,AC0053,1074269.25,949417.71,2026-02-07,Automated
2026-02-08,AC0053,1380840.13,1357479.74,2026-02-08,Automated
2026-02-09,AC0053,1305263.37,1245370.87,2026-02-09,Automated
2026-02-10,AC0053,1404626.46,1248323.65,2026-02-10,Automated
2026-02-11,AC0053,1355466.33,1250093.55,2026-02-11,Automated
2026-02-12,AC0053,1020189.98,906193.74,2026-02-12,Automated
2026-02-13,AC0053,1191794.81,1109005.98,2026-02-13,Automated
2026-02-14,AC0053,1137170.64,1017765.14,2026-02-14,Automated
2026-02-15,AC0053,1124447.33,1056243.85,2026-02-15,Automated
2026-02-16,AC0053,1217055.1,1113702.59,2026-02-16,Automated
2026-02-17,AC0053,1217797.92,1111839.84,2026-02-17,Automated
2026-02-18,AC0053,1332023.6,1219272.41,2026-02-18,Automated
2026-02-19,AC0053,1176427.86,1145408.33,2026-02-19,Automated
2026-02-20,AC0053,1230390.87,1141546.41,2026-02-20,Automated
2026-02-21,AC0053,1188755.17,1159326.43,2026-02-21,Automated
2026-02-22,AC0053,1332726.33,1196979.21,2026-02-22,Automated
2026-02-23,AC0053,1385365.21,1223110.31,2026-02-23,Automated
2026-02-24,AC0053,1376358.79,1240797.74,2026-02-24,Automated
2026-02-25,AC0053,1341613.73,1183932.79,2026-02-25,Automated
2026-02-26,AC0053,1234024.31,1144993.89,2026-02-26,Automated
2026-02-27,AC0053,1022231.47,906943.85,2026-02-27,Automated
2026-02-28,AC0053,1200613.73,1132742.96,2026-02-28,Automated
2026-03-01,AC0053,1206600.01,1186899.34,2026-03-01,Automated
2026-03-02,AC0053,1363318.6,1238985.44,2026-03-02,Automated
2026-03-03,AC0053,1272555.7,1140189.18,2026-03-03,Automated
2026-03-04,AC0053,1257910.38,1244435.04,2026-03-04,Automated
2026-03-05,AC0053,1120317.53,1061536.26,2026-03-05,Automated
2026-03-06,AC0053,1063951.47,1016582.25,2026-03-06,Automated
2026-03-07,AC0053,1334266.76,1209096.06,2026-03-07,Automated
2026-03-08,AC0053,1117642.31,1086392.39,2026-03-08,Automated
2026-03-09,AC0053,1238163.76,1103196.85,2026-03-09,Automated
2026-03-10,AC0053,1287444.59,1147338.18,2026-03-10,Automated
2026-03-11,AC0053,1322193.53,1235942.85,2026-03-11,Automated
2026-03-12,AC0053,1278644.03,1139571.16,2026-03-12,Automated
2026-03-13,AC0053,1149273.58,1133428.53,2026-03-13,Automated
2026-03-14,AC0053,1182429.24,1054471.49,2026-03-14,Automated
2026-03-15,AC0053,1137689.81,1067502.64,2026-03-15,Automated
2026-03-16,AC0053,1247135.01,1189796.8,2026-03-16,Automated
2026-03-17,AC0053,1182024.42,1149300.16,2026-03-17,Automated
2026-03-18,AC0053,1260703.81,1185303.09,2026-03-18,Automated
2026-03-19,AC0053,1323276.5,1223687.99,2026-03-19,Automated
2026-03-20,AC0053,1151248.89,1096186.56,2026-03-20,Automated
2026-03-21,AC0053,1006063.93,927049.72,2026-03-21,Automated
2026-03-22,AC0053,1235536.96,1151984.65,2026-03-22,Automated
2026-03-23,AC0053,1408272.49,1359285.38,2026-03-23,Automated
2026-03-24,AC0053,1412121.83,1337809.17,2026-03-24,Automated
2026-03-25,AC0053,1323465.12,1289572.5,2026-03-25,Automated
2026-03-26,AC0053,1315171.22,1280282.39,2026-03-26,Automated
2026-03-27,AC0053,1174419.0,1067457.37,2026-03-27,Automated
2026-03-28,AC0053,1104909.61,987694.25,2026-03-28,Automated
2026-03-29,AC0053,1211770.11,1195772.33,2026-03-29,Automated
2026-03-30,AC0053,1395754.81,1265586.9,2026-03-30,Automated
2026-03-31,AC0053,1365664.92,1263626.79,2026-03-31,Automated
2026-04-01,AC0053,1378562.52,1349692.35,2026-04-01,Automated
2026-04-02,AC0053,1253412.01,1117197.6,2026-04-02,Automated
2026-04-03,AC0053,1112069.47,981023.01,2026-04-03,Automated
2026-04-04,AC0053,1105896.57,1066812.74,2026-04-04,Automated
2026-04-05,AC0053,1417312.06,1277922.3,2026-04-05,Automated
2026-04-06,AC0053,1397245.76,1363153.37,2026-04-06,Automated
2026-04-07,AC0053,1386911.82,1279304.05,2026-04-07,Automated
2026-04-08,AC0053,1360015.74,1305167.59,2026-04-08,Automated
2026-04-09,AC0053,1295823.26,1157850.91,2026-04-09,Automated
2026-04-10,AC0053,1224429.61,1120951.34,2026-04-10,Automated
2026-04-11,AC0053,1184389.5,1166303.95,2026-04-11,Automated
2026-04-12,AC0053,1348055.39,1201713.62,2026-04-12,Automated
2026-04-13,AC0053,1268750.94,1148319.71,2026-04-13,Automated
2026-04-14,AC0053,1249113.49,1134668.72,2026-04-14,Automated
2026-04-15,AC0053,1459559.72,1403080.34,2026-04-15,Automated
2026-04-16,AC0053,1009657.52,898839.4,2026-04-16,Automated
2026-04-17,AC0053,1070160.71,952263.81,2026-04-17,Automated
2026-04-18,AC0053,959448.97,876920.5,2026-04-18,Automated
2026-04-19,AC0053,1338351.08,1281881.6,2026-04-19,Automated
2026-04-20,AC0053,1392597.67,1245579.28,2026-04-20,Automated
2026-04-21,AC0053,1450087.45,1308295.94,2026-04-21,Automated
2026-04-22,AC0053,1364898.35,1291588.35,2026-04-22,Automated
2026-04-23,AC0053,1250538.5,1127767.21,2026-04-23,Automated
2026-04-24,AC0053,989779.86,899976.24,2026-04-24,Automated
2026-04-25,AC0053,1193223.1,1129089.17,2026-04-25,Automated
2026-04-26,AC0053,1111793.61,1043950.99,2026-04-26,Automated
2026-04-27,AC0053,1442495.27,1385792.8,2026-04-27,Automated
2026-04-28,AC0053,1369794.72,1287498.02,2026-04-28,Automated
2026-04-29,AC0053,1278702.65,1143045.87,2026-04-29,Automated
2026-04-30,AC0053,1195439.17,1180204.13,2026-04-30,Automated
2026-05-01,AC0053,1051911.8,967828.63,2026-05-01,Automated
2026-05-02,AC0053,1143792.91,1107694.44,2026-05-02,Automated
2026-05-03,AC0053,1112566.26,994316.57,2026-05-03,Automated
2026-05-04,AC0053,1183169.48,1167204.32,2026-05-04,Automated
2026-05-05,AC0053,1286646.37,1169625.48,2026-05-05,Automated
2026-05-06,AC0053,1266524.85,1225156.24,2026-05-06,Automated
2026-05-07,AC0053,1280339.74,1212468.47,2026-05-07,Automated
2026-05-08,AC0053,1094888.58,1047206.16,2026-05-08,Automated
2026-05-09,AC0053,1131495.22,1058264.34,2026-05-09,Automated
2026-05-10,AC0053,1305169.16,1272662.69,2026-05-10,Automated
2026-05-11,AC0053,1397747.81,1273401.47,2026-05-11,Automated
2026-05-12,AC0053,1379443.57,1343760.95,2026-05-12,Automated
2026-05-13,AC0053,1481113.45,1451663.8,2026-05-13,Automated
2026-05-14,AC0053,1070392.02,1002553.62,2026-05-14,Automated
2026-05-15,AC0053,1074458.12,1050226.5,2026-05-15,Automated
2026-05-16,AC0053,1098347.9,1074773.17,2026-05-16,Automated
2026-05-17,AC0053,1297076.14,1149642.51,2026-05-17,Automated
2026-05-18,AC0053,1308735.3,1192764.33,2026-05-18,Automated
2026-05-19,AC0053,1384325.09,1236610.77,2026-05-19,Automated
2026-05-20,AC0053,1301053.51,1239815.05,2026-05-20,Automated
2026-05-21,AC0053,1278680.51,1239913.13,2026-05-21,Automated
2026-05-22,AC0053,1062692.78,1018895.45,2026-05-22,Automated
2026-05-23,AC0053,1150720.9,1111771.37,2026-05-23,Automated
2026-05-24,AC0053,1181922.2,1121589.62,2026-05-24,Automated
2026-05-25,AC0053,1298851.57,1204869.93,2026-05-25,Automated
2026-05-26,AC0053,1284473.98,1249389.35,2026-05-26,Automated
2026-05-27,AC0053,1441212.68,1330260.87,2026-05-27,Automated
2026-05-28,AC0053,1024637.54,902604.57,2026-05-28,Automated
2026-05-29,AC0053,1068315.26,979737.58,2026-05-29,Automated
2026-05-30,AC0053,968771.2,853932.9,2026-05-30,Automated
2026-05-31,AC0053,1337527.62,1180055.81,2026-05-31,Automated
2026-06-01,AC0053,1319043.61,1174487.18,2026-06-01,Automated
2026-06-02,AC0053,1351182.81,1280409.58,2026-06-02,Automated
2026-06-03,AC0053,1118552.08,1085157.42,2026-06-03,Automated
2026-06-04,AC0053,1120168.92,1043525.56,2026-06-04,Automated
2026-06-05,AC0053,1127973.33,1048258.49,2026-06-05,Automated
2026-06-06,AC0053,1073495.46,1027896.99,2026-06-06,Automated
2026-06-07,AC0053,1329081.45,1225834.76,2026-06-07,Automated
2026-06-08,AC0053,1517681.0,1426229.54,2026-06-08,Automated
2026-06-09,AC0053,1137210.02,1049092.13,2026-06-09,Automated
2026-06-10,AC0053,1353921.97,1229112.13,2026-06-10,Automated
2026-06-11,AC0053,1192212.49,1072747.31,2026-06-11,Automated
2026-06-12,AC0053,1115853.61,1093005.5,2026-06-12,Automated
2026-06-13,AC0053,973631.63,909096.77,2026-06-13,Automated
2026-06-14,AC0053,1515229.62,1364221.69,2026-06-14,Automated
2026-06-15,AC0053,1349679.94,1323326.06,2026-06-15,Automated
2026-06-16,AC0053,1491697.61,1341097.51,2026-06-16,Automated
2026-06-17,AC0053,1134444.34,1005980.03,2026-06-17,Automated
2026-06-18,AC0053,1252211.28,1119078.88,2026-06-18,Automated
2026-06-19,AC0053,1201972.39,1067242.44,2026-06-19,Automated
2026-06-20,AC0053,1124889.86,1076256.91,2026-06-20,Automated
2026-06-21,AC0053,1156990.49,1110808.47,2026-06-21,Automated
2026-06-22,AC0053,1190393.92,1153801.57,2026-06-22,Automated
2026-06-23,AC0053,1348339.27,1237133.58,2026-06-23,Automated
2026-06-24,AC0053,1400633.82,1257798.67,2026-06-24,Automated
2026-06-25,AC0053,1386663.71,1280867.37,2026-06-25,Automated
2026-06-26,AC0053,954652.99,941360.83,2026-06-26,Automated
2026-06-27,AC0053,1223582.09,1203660.02,2026-06-27,Automated
2026-06-28,AC0053,1153872.96,1067845.75,2026-06-28,Automated
2026-06-29,AC0053,1380459.49,1274291.1,2026-06-29,Automated
2026-06-30,AC0053,1319989.63,1176652.77,2026-06-30,Automated
2026-01-01,AC0054,1277367.35,1151814.86,2026-01-01,Automated
2026-01-02,AC0054,1521871.64,1391924.15,2026-01-02,Automated
2026-01-03,AC0054,1461775.46,1432283.07,2026-01-03,Automated
2026-01-04,AC0054,1365384.08,1285666.08,2026-01-04,Automated
2026-01-05,AC0054,1453054.65,1402890.86,2026-01-05,Automated
2026-01-06,AC0054,1387713.12,1267806.16,2026-01-06,Automated
2026-01-07,AC0054,1096160.91,1058594.63,2026-01-07,Automated
2026-01-08,AC0054,1232119.11,1111259.86,2026-01-08,Automated
2026-01-09,AC0054,1254188.42,1234042.44,2026-01-09,Automated
2026-01-10,AC0054,1595131.02,1427901.19,2026-01-10,Automated
2026-01-11,AC0054,1438311.33,1343764.2,2026-01-11,Automated
2026-01-12,AC0054,1349642.81,1237967.55,2026-01-12,Automated
2026-01-13,AC0054,1210530.5,1111854.32,2026-01-13,Automated
2026-01-14,AC0054,1153617.83,1126332.48,2026-01-14,Automated
2026-01-15,AC0054,1121047.11,995675.36,2026-01-15,Automated
2026-01-16,AC0054,1392854.24,1322038.31,2026-01-16,Automated
2026-01-17,AC0054,1489681.1,1398909.52,2026-01-17,Automated
2026-01-18,AC0054,1509089.89,1440205.24,2026-01-18,Automated
2026-01-19,AC0054,1324162.92,1253811.79,2026-01-19,Automated
2026-01-20,AC0054,1199286.64,1117142.93,2026-01-20,Automated
2026-01-21,AC0054,1101256.0,990840.92,2026-01-21,Automated
2026-01-22,AC0054,1167141.76,1150945.69,2026-01-22,Automated
2026-01-23,AC0054,1308023.65,1252282.82,2026-01-23,Automated
2026-01-24,AC0054,1369243.04,1303307.6,2026-01-24,Automated
2026-01-25,AC0054,1525249.1,1401924.57,2026-01-25,Automated
2026-01-26,AC0054,1297326.22,1238184.32,2026-01-26,Automated
2026-01-27,AC0054,1287853.54,1268573.28,2026-01-27,Automated
2026-01-28,AC0054,1186790.62,1071941.58,2026-01-28,Automated
2026-01-29,AC0054,1340184.81,1271048.18,2026-01-29,Automated
2026-01-30,AC0054,1298167.83,1145097.85,2026-01-30,Automated
2026-01-31,AC0054,1442015.58,1363235.71,2026-01-31,Automated
2026-02-01,AC0054,1444716.54,1305529.06,2026-02-01,Automated
2026-02-02,AC0054,1591041.99,1522350.9,2026-02-02,Automated
2026-02-03,AC0054,1273445.7,1239530.21,2026-02-03,Automated
2026-02-04,AC0054,1348259.81,1215102.92,2026-02-04,Automated
2026-02-05,AC0054,1348627.11,1244539.23,2026-02-05,Automated
2026-02-06,AC0054,1235027.72,1154770.95,2026-02-06,Automated
2026-02-07,AC0054,1358683.42,1298080.53,2026-02-07,Automated
2026-02-08,AC0054,1678293.26,1477741.98,2026-02-08,Automated
2026-02-09,AC0054,1389890.6,1263998.27,2026-02-09,Automated
2026-02-10,AC0054,1383009.35,1244336.23,2026-02-10,Automated
2026-02-11,AC0054,1140139.6,1061661.02,2026-02-11,Automated
2026-02-12,AC0054,1168291.15,1149954.39,2026-02-12,Automated
2026-02-13,AC0054,1250197.27,1188646.45,2026-02-13,Automated
2026-02-14,AC0054,1352906.24,1273150.23,2026-02-14,Automated
2026-02-15,AC0054,1475401.52,1300017.28,2026-02-15,Automated
2026-02-16,AC0054,1367327.98,1337079.78,2026-02-16,Automated
2026-02-17,AC0054,1397874.28,1269647.57,2026-02-17,Automated
2026-02-18,AC0054,1264663.13,1139262.57,2026-02-18,Automated
2026-02-19,AC0054,1172475.32,1043148.31,2026-02-19,Automated
2026-02-20,AC0054,1300632.79,1173228.31,2026-02-20,Automated
2026-02-21,AC0054,1443341.5,1311290.6,2026-02-21,Automated
2026-02-22,AC0054,1448531.88,1338158.28,2026-02-22,Automated
2026-02-23,AC0054,1349348.19,1330046.72,2026-02-23,Automated
2026-02-24,AC0054,1379933.16,1232759.35,2026-02-24,Automated
2026-02-25,AC0054,890414.45,789162.6,2026-02-25,Automated
2026-02-26,AC0054,1342290.23,1217913.27,2026-02-26,Automated
2026-02-27,AC0054,1333493.79,1187310.16,2026-02-27,Automated
2026-02-28,AC0054,1343842.22,1202664.7,2026-02-28,Automated
2026-03-01,AC0054,1527270.8,1462379.14,2026-03-01,Automated
2026-03-02,AC0054,1355424.75,1217503.29,2026-03-02,Automated
2026-03-03,AC0054,1292584.07,1234859.08,2026-03-03,Automated
2026-03-04,AC0054,1191090.89,1094800.55,2026-03-04,Automated
2026-03-05,AC0054,1154694.85,1062834.62,2026-03-05,Automated
2026-03-06,AC0054,1345706.9,1240772.01,2026-03-06,Automated
2026-03-07,AC0054,1492040.41,1420194.62,2026-03-07,Automated
2026-03-08,AC0054,1343401.41,1308480.83,2026-03-08,Automated
2026-03-09,AC0054,1352302.98,1253725.25,2026-03-09,Automated
2026-03-10,AC0054,1327796.72,1187177.46,2026-03-10,Automated
2026-03-11,AC0054,1337794.23,1218508.2,2026-03-11,Automated
2026-03-12,AC0054,1126512.07,1008364.47,2026-03-12,Automated
2026-03-13,AC0054,1133835.6,1048506.41,2026-03-13,Automated
2026-03-14,AC0054,1405944.72,1303571.97,2026-03-14,Automated
2026-03-15,AC0054,1466026.97,1402861.08,2026-03-15,Automated
2026-03-16,AC0054,1401276.51,1355463.11,2026-03-16,Automated
2026-03-17,AC0054,1306308.54,1172082.47,2026-03-17,Automated
2026-03-18,AC0054,1175600.87,1059057.05,2026-03-18,Automated
2026-03-19,AC0054,1159632.65,1042663.54,2026-03-19,Automated
2026-03-20,AC0054,1387116.96,1239774.09,2026-03-20,Automated
2026-03-21,AC0054,1184586.55,1076605.73,2026-03-21,Automated
2026-03-22,AC0054,1472590.46,1312949.03,2026-03-22,Automated
2026-03-23,AC0054,1072484.07,954368.11,2026-03-23,Automated
2026-03-24,AC0054,1295423.68,1223878.87,2026-03-24,Automated
2026-03-25,AC0054,1250038.85,1185748.98,2026-03-25,Automated
2026-03-26,AC0054,1292492.06,1267960.15,2026-03-26,Automated
2026-03-27,AC0054,1084999.6,995654.2,2026-03-27,Automated
2026-03-28,AC0054,1362684.83,1242101.47,2026-03-28,Automated
2026-03-29,AC0054,1377046.61,1226796.74,2026-03-29,Automated
2026-03-30,AC0054,1226026.41,1109702.13,2026-03-30,Automated
2026-03-31,AC0054,1198850.37,1136451.84,2026-03-31,Automated
2026-04-01,AC0054,1069523.42,959273.55,2026-04-01,Automated
2026-04-02,AC0054,1373300.27,1357150.84,2026-04-02,Automated
2026-04-03,AC0054,1391374.89,1231779.17,2026-04-03,Automated
2026-04-04,AC0054,1513914.08,1469677.89,2026-04-04,Automated
2026-04-05,AC0054,1463794.77,1291847.21,2026-04-05,Automated
2026-04-06,AC0054,1487494.62,1319245.4,2026-04-06,Automated
2026-04-07,AC0054,1153270.61,1108184.09,2026-04-07,Automated
2026-04-08,AC0054,1345211.56,1229685.99,2026-04-08,Automated
2026-04-09,AC0054,1630317.06,1590982.65,2026-04-09,Automated
2026-04-10,AC0054,1482525.23,1464619.81,2026-04-10,Automated
2026-04-11,AC0054,1438791.04,1325196.71,2026-04-11,Automated
2026-04-12,AC0054,1486620.54,1441561.17,2026-04-12,Automated
2026-04-13,AC0054,1441230.1,1282046.25,2026-04-13,Automated
2026-04-14,AC0054,1215258.75,1086429.94,2026-04-14,Automated
2026-04-15,AC0054,1130395.73,1011437.59,2026-04-15,Automated
2026-04-16,AC0054,1161487.7,1088216.59,2026-04-16,Automated
2026-04-17,AC0054,1340624.36,1300443.87,2026-04-17,Automated
2026-04-18,AC0054,1378573.15,1310263.46,2026-04-18,Automated
2026-04-19,AC0054,1580887.37,1440988.14,2026-04-19,Automated
2026-04-20,AC0054,1344648.81,1286116.59,2026-04-20,Automated
2026-04-21,AC0054,1104121.26,1042025.57,2026-04-21,Automated
2026-04-22,AC0054,1097931.55,1013136.34,2026-04-22,Automated
2026-04-23,AC0054,1125592.26,1009595.38,2026-04-23,Automated
2026-04-24,AC0054,1351091.19,1232786.03,2026-04-24,Automated
2026-04-25,AC0054,1349915.07,1326190.74,2026-04-25,Automated
2026-04-26,AC0054,1467432.54,1432106.69,2026-04-26,Automated
2026-04-27,AC0054,1400761.16,1364472.33,2026-04-27,Automated
2026-04-28,AC0054,1310736.43,1292234.05,2026-04-28,Automated
2026-04-29,AC0054,1217477.91,1156600.4,2026-04-29,Automated
2026-04-30,AC0054,1061691.43,944498.63,2026-04-30,Automated
2026-05-01,AC0054,1326399.25,1184340.66,2026-05-01,Automated
2026-05-02,AC0054,1482750.33,1423076.56,2026-05-02,Automated
2026-05-03,AC0054,1283214.07,1164467.71,2026-05-03,Automated
2026-05-04,AC0054,1389888.83,1268321.83,2026-05-04,Automated
2026-05-05,AC0054,1230085.07,1142300.38,2026-05-05,Automated
2026-05-06,AC0054,1434886.88,1286771.45,2026-05-06,Automated
2026-05-07,AC0054,1339988.43,1316842.95,2026-05-07,Automated
2026-05-08,AC0054,1248294.41,1114958.52,2026-05-08,Automated
2026-05-09,AC0054,1366242.98,1252830.69,2026-05-09,Automated
2026-05-10,AC0054,1388257.69,1329106.97,2026-05-10,Automated
2026-05-11,AC0054,1288384.54,1266975.71,2026-05-11,Automated
2026-05-12,AC0054,1242741.86,1099456.01,2026-05-12,Automated
2026-05-13,AC0054,1374824.78,1341418.24,2026-05-13,Automated
2026-05-14,AC0054,1288870.58,1197458.62,2026-05-14,Automated
2026-05-15,AC0054,1327835.12,1217794.31,2026-05-15,Automated
2026-05-16,AC0054,1432596.21,1272599.34,2026-05-16,Automated
2026-05-17,AC0054,1373228.78,1222031.41,2026-05-17,Automated
2026-05-18,AC0054,1452649.61,1397219.91,2026-05-18,Automated
2026-05-19,AC0054,1321886.83,1254730.72,2026-05-19,Automated
2026-05-20,AC0054,1237427.54,1132765.79,2026-05-20,Automated
2026-05-21,AC0054,1086992.09,983563.78,2026-05-21,Automated
2026-05-22,AC0054,1327213.73,1208700.79,2026-05-22,Automated
2026-05-23,AC0054,1214814.19,1124781.88,2026-05-23,Automated
2026-05-24,AC0054,1503771.54,1475158.06,2026-05-24,Automated
2026-05-25,AC0054,1358343.17,1316638.33,2026-05-25,Automated
2026-05-26,AC0054,1445681.45,1381926.32,2026-05-26,Automated
2026-05-27,AC0054,1156595.37,1102962.16,2026-05-27,Automated
2026-05-28,AC0054,1169957.92,1150883.58,2026-05-28,Automated
2026-05-29,AC0054,1315751.85,1231421.65,2026-05-29,Automated
2026-05-30,AC0054,1392293.93,1242796.08,2026-05-30,Automated
2026-05-31,AC0054,1477276.69,1304804.56,2026-05-31,Automated
2026-06-01,AC0054,1507291.94,1442157.78,2026-06-01,Automated
2026-06-02,AC0054,1297588.59,1144946.21,2026-06-02,Automated
2026-06-03,AC0054,1277920.26,1237659.72,2026-06-03,Automated
2026-06-04,AC0054,1198474.68,1092732.87,2026-06-04,Automated
2026-06-05,AC0054,1187113.73,1051598.0,2026-06-05,Automated
2026-06-06,AC0054,1484314.46,1374754.98,2026-06-06,Automated
2026-06-07,AC0054,1460731.78,1310899.19,2026-06-07,Automated
2026-06-08,AC0054,1384428.77,1249555.16,2026-06-08,Automated
2026-06-09,AC0054,1123919.84,1024750.58,2026-06-09,Automated
2026-06-10,AC0054,1202425.62,1109995.13,2026-06-10,Automated
2026-06-11,AC0054,1233043.85,1105801.24,2026-06-11,Automated
2026-06-12,AC0054,1392005.94,1286193.36,2026-06-12,Automated
2026-06-13,AC0054,1303396.26,1148916.35,2026-06-13,Automated
2026-06-14,AC0054,1330264.69,1206706.84,2026-06-14,Automated
2026-06-15,AC0054,1570520.43,1517598.06,2026-06-15,Automated
2026-06-16,AC0054,1174106.19,1129294.65,2026-06-16,Automated
2026-06-17,AC0054,1178707.5,1091243.77,2026-06-17,Automated
2026-06-18,AC0054,1191348.96,1081078.07,2026-06-18,Automated
2026-06-19,AC0054,1338056.86,1248298.73,2026-06-19,Automated
2026-06-20,AC0054,1348058.01,1238648.11,2026-06-20,Automated
2026-06-21,AC0054,1570355.32,1416972.38,2026-06-21,Automated
2026-06-22,AC0054,1424960.52,1360698.39,2026-06-22,Automated
2026-06-23,AC0054,1505539.02,1438192.55,2026-06-23,Automated
2026-06-24,AC0054,1206829.17,1178453.63,2026-06-24,Automated
2026-06-25,AC0054,1284230.26,1230259.4,2026-06-25,Automated
2026-06-26,AC0054,1328526.13,1186642.71,2026-06-26,Automated
2026-06-27,AC0054,1394716.83,1316651.1,2026-06-27,Automated
2026-06-28,AC0054,1538596.27,1457722.39,2026-06-28,Automated
2026-06-29,AC0054,1515364.32,1336743.64,2026-06-29,Automated
2026-06-30,AC0054,1371830.46,1280067.04,2026-06-30,Automated
2026-01-01,AC0055,287026.42,272244.91,2026-01-01,Automated
2026-01-02,AC0055,306674.25,292119.07,2026-01-02,Automated
2026-01-03,AC0055,306989.18,298978.74,2026-01-03,Automated
2026-01-04,AC0055,301831.61,269114.4,2026-01-04,Automated
2026-01-05,AC0055,341275.87,300372.83,2026-01-05,Automated
2026-01-06,AC0055,378878.81,335028.58,2026-01-06,Automated
2026-01-07,AC0055,299277.92,279035.72,2026-01-07,Automated
2026-01-08,AC0055,295698.62,292064.51,2026-01-08,Automated
2026-01-09,AC0055,304394.73,295520.59,2026-01-09,Automated
2026-01-10,AC0055,334084.08,299734.16,2026-01-10,Automated
2026-01-11,AC0055,350286.06,333025.16,2026-01-11,Automated
2026-01-12,AC0055,391722.07,380666.29,2026-01-12,Automated
2026-01-13,AC0055,333571.42,325888.49,2026-01-13,Automated
2026-01-14,AC0055,330683.11,298154.18,2026-01-14,Automated
2026-01-15,AC0055,315974.99,307811.16,2026-01-15,Automated
2026-01-16,AC0055,323396.18,290505.97,2026-01-16,Automated
2026-01-17,AC0055,354398.82,319706.13,2026-01-17,Automated
2026-01-18,AC0055,366162.42,353028.85,2026-01-18,Automated
2026-01-19,AC0055,406667.84,366621.44,2026-01-19,Automated
2026-01-20,AC0055,390238.52,371710.28,2026-01-20,Automated
2026-01-21,AC0055,330573.91,305317.14,2026-01-21,Automated
2026-01-22,AC0055,325508.82,289906.08,2026-01-22,Automated
2026-01-23,AC0055,327942.25,295200.44,2026-01-23,Automated
2026-01-24,AC0055,340957.18,317217.19,2026-01-24,Automated
2026-01-25,AC0055,365204.27,328859.48,2026-01-25,Automated
2026-01-26,AC0055,366355.02,334698.81,2026-01-26,Automated
2026-01-27,AC0055,376213.23,334335.07,2026-01-27,Automated
2026-01-28,AC0055,258124.53,242569.4,2026-01-28,Automated
2026-01-29,AC0055,275721.93,245221.0,2026-01-29,Automated
2026-01-30,AC0055,249579.18,221508.56,2026-01-30,Automated
2026-01-31,AC0055,321312.1,288536.0,2026-01-31,Automated
2026-02-01,AC0055,351623.55,312327.49,2026-02-01,Automated
2026-02-02,AC0055,382764.97,341644.44,2026-02-02,Automated
2026-02-03,AC0055,380659.51,344708.92,2026-02-03,Automated
2026-02-04,AC0055,359065.44,332908.82,2026-02-04,Automated
2026-02-05,AC0055,282070.54,274204.57,2026-02-05,Automated
2026-02-06,AC0055,242166.17,237314.35,2026-02-06,Automated
2026-02-07,AC0055,301074.12,265563.56,2026-02-07,Automated
2026-02-08,AC0055,370932.72,340891.19,2026-02-08,Automated
2026-02-09,AC0055,396544.07,378006.18,2026-02-09,Automated
2026-02-10,AC0055,357113.74,344217.37,2026-02-10,Automated
2026-02-11,AC0055,363234.36,324724.16,2026-02-11,Automated
2026-02-12,AC0055,282325.23,270049.22,2026-02-12,Automated
2026-02-13,AC0055,297359.36,274183.77,2026-02-13,Automated
2026-02-14,AC0055,287985.96,253745.03,2026-02-14,Automated
2026-02-15,AC0055,439052.43,388295.08,2026-02-15,Automated
2026-02-16,AC0055,379395.03,334059.25,2026-02-16,Automated
2026-02-17,AC0055,362038.9,354826.54,2026-02-17,Automated
2026-02-18,AC0055,305433.56,284753.19,2026-02-18,Automated
2026-02-19,AC0055,302143.79,274242.38,2026-02-19,Automated
2026-02-20,AC0055,310312.8,288454.11,2026-02-20,Automated
2026-02-21,AC0055,366006.42,350371.45,2026-02-21,Automated
2026-02-22,AC0055,332047.7,304483.76,2026-02-22,Automated
2026-02-23,AC0055,385234.1,369794.22,2026-02-23,Automated
2026-02-24,AC0055,345596.28,319682.09,2026-02-24,Automated
2026-02-25,AC0055,339766.66,299539.18,2026-02-25,Automated
2026-02-26,AC0055,290513.75,272209.57,2026-02-26,Automated
2026-02-27,AC0055,325303.62,318749.02,2026-02-27,Automated
2026-02-28,AC0055,342872.3,334571.76,2026-02-28,Automated
2026-03-01,AC0055,308586.66,274685.1,2026-03-01,Automated
2026-03-02,AC0055,353245.53,323174.96,2026-03-02,Automated
2026-03-03,AC0055,356904.06,316938.96,2026-03-03,Automated
2026-03-04,AC0055,340699.81,335639.36,2026-03-04,Automated
2026-03-05,AC0055,305277.42,289709.86,2026-03-05,Automated
2026-03-06,AC0055,267688.71,258687.12,2026-03-06,Automated
2026-03-07,AC0055,352266.34,346393.94,2026-03-07,Automated
2026-03-08,AC0055,389989.98,369620.14,2026-03-08,Automated
2026-03-09,AC0055,369036.71,344480.81,2026-03-09,Automated
2026-03-10,AC0055,381198.22,348297.63,2026-03-10,Automated
2026-03-11,AC0055,324923.67,296418.51,2026-03-11,Automated
2026-03-12,AC0055,308080.11,290587.27,2026-03-12,Automated
2026-03-13,AC0055,339137.19,308662.57,2026-03-13,Automated
2026-03-14,AC0055,320358.87,306989.69,2026-03-14,Automated
2026-03-15,AC0055,366482.92,350002.69,2026-03-15,Automated
2026-03-16,AC0055,376668.27,365148.11,2026-03-16,Automated
2026-03-17,AC0055,336175.97,316578.27,2026-03-17,Automated
2026-03-18,AC0055,328059.25,293836.92,2026-03-18,Automated
2026-03-19,AC0055,266694.53,237800.02,2026-03-19,Automated
2026-03-20,AC0055,313808.01,285697.14,2026-03-20,Automated
2026-03-21,AC0055,313961.94,281790.28,2026-03-21,Automated
2026-03-22,AC0055,325860.23,309906.07,2026-03-22,Automated
2026-03-23,AC0055,392617.95,384031.6,2026-03-23,Automated
2026-03-24,AC0055,337298.77,315353.25,2026-03-24,Automated
2026-03-25,AC0055,269129.52,237152.75,2026-03-25,Automated
2026-03-26,AC0055,340848.7,308677.2,2026-03-26,Automated
2026-03-27,AC0055,299817.56,277508.73,2026-03-27,Automated
2026-03-28,AC0055,313470.31,285381.22,2026-03-28,Automated
2026-03-29,AC0055,396017.38,384874.62,2026-03-29,Automated
2026-03-30,AC0055,366314.3,335148.72,2026-03-30,Automated
2026-03-31,AC0055,323090.49,307168.04,2026-03-31,Automated
2026-04-01,AC0055,336543.61,314443.37,2026-04-01,Automated
2026-04-02,AC0055,285757.28,254125.68,2026-04-02,Automated
2026-04-03,AC0055,271490.56,240743.12,2026-04-03,Automated
2026-04-04,AC0055,350960.22,320990.37,2026-04-04,Automated
2026-04-05,AC0055,365120.4,348640.04,2026-04-05,Automated
2026-04-06,AC0055,428098.82,390783.19,2026-04-06,Automated
2026-04-07,AC0055,358496.99,327196.93,2026-04-07,Automated
2026-04-08,AC0055,297948.6,268475.08,2026-04-08,Automated
2026-04-09,AC0055,327046.24,292220.43,2026-04-09,Automated
2026-04-10,AC0055,281567.07,264663.91,2026-04-10,Automated
2026-04-11,AC0055,364797.49,328121.47,2026-04-11,Automated
2026-04-12,AC0055,304886.33,289185.63,2026-04-12,Automated
2026-04-13,AC0055,365408.18,326217.44,2026-04-13,Automated
2026-04-14,AC0055,332324.57,293569.29,2026-04-14,Automated
2026-04-15,AC0055,331481.17,310753.64,2026-04-15,Automated
2026-04-16,AC0055,292043.67,266850.74,2026-04-16,Automated
2026-04-17,AC0055,339895.47,304882.97,2026-04-17,Automated
2026-04-18,AC0055,302158.09,277850.16,2026-04-18,Automated
2026-04-19,AC0055,379036.02,354006.33,2026-04-19,Automated
2026-04-20,AC0055,380468.55,337174.53,2026-04-20,Automated
2026-04-21,AC0055,360932.15,330841.57,2026-04-21,Automated
2026-04-22,AC0055,380143.02,359329.36,2026-04-22,Automated
2026-04-23,AC0055,355600.99,337661.03,2026-04-23,Automated
2026-04-24,AC0055,335791.37,324156.91,2026-04-24,Automated
2026-04-25,AC0055,323742.05,300792.6,2026-04-25,Automated
2026-04-26,AC0055,338219.55,301635.24,2026-04-26,Automated
2026-04-27,AC0055,362155.06,320457.1,2026-04-27,Automated
2026-04-28,AC0055,357108.45,351313.05,2026-04-28,Automated
2026-04-29,AC0055,380520.89,371379.43,2026-04-29,Automated
2026-04-30,AC0055,306324.26,283550.53,2026-04-30,Automated
2026-05-01,AC0055,278683.03,245414.86,2026-05-01,Automated
2026-05-02,AC0055,353004.47,313213.49,2026-05-02,Automated
2026-05-03,AC0055,387947.59,368663.26,2026-05-03,Automated
2026-05-04,AC0055,346449.04,309096.17,2026-05-04,Automated
2026-05-05,AC0055,330996.89,308478.51,2026-05-05,Automated
2026-05-06,AC0055,322411.67,302254.51,2026-05-06,Automated
2026-05-07,AC0055,335680.02,312481.11,2026-05-07,Automated
2026-05-08,AC0055,288957.68,273012.33,2026-05-08,Automated
2026-05-09,AC0055,327643.24,303125.86,2026-05-09,Automated
2026-05-10,AC0055,388836.16,352349.42,2026-05-10,Automated
2026-05-11,AC0055,377873.61,346574.18,2026-05-11,Automated
2026-05-12,AC0055,360253.88,356440.14,2026-05-12,Automated
2026-05-13,AC0055,327867.92,288831.97,2026-05-13,Automated
2026-05-14,AC0055,261137.82,250167.26,2026-05-14,Automated
2026-05-15,AC0055,313106.6,278186.57,2026-05-15,Automated
2026-05-16,AC0055,306198.29,282925.15,2026-05-16,Automated
2026-05-17,AC0055,394002.1,382513.42,2026-05-17,Automated
2026-05-18,AC0055,347635.48,321169.18,2026-05-18,Automated
2026-05-19,AC0055,346212.39,321060.09,2026-05-19,Automated
2026-05-20,AC0055,349429.53,324830.67,2026-05-20,Automated
2026-05-21,AC0055,341773.27,319287.68,2026-05-21,Automated
2026-05-22,AC0055,335646.88,324255.59,2026-05-22,Automated
2026-05-23,AC0055,360604.62,330183.79,2026-05-23,Automated
2026-05-24,AC0055,361313.64,324145.59,2026-05-24,Automated
2026-05-25,AC0055,363966.33,341261.44,2026-05-25,Automated
2026-05-26,AC0055,402554.01,372766.76,2026-05-26,Automated
2026-05-27,AC0055,374106.36,341157.12,2026-05-27,Automated
2026-05-28,AC0055,339442.34,328079.2,2026-05-28,Automated
2026-05-29,AC0055,328137.43,323496.3,2026-05-29,Automated
2026-05-30,AC0055,327569.53,313575.58,2026-05-30,Automated
2026-05-31,AC0055,360159.05,340553.25,2026-05-31,Automated
2026-06-01,AC0055,365787.95,324102.94,2026-06-01,Automated
2026-06-02,AC0055,374808.39,350174.78,2026-06-02,Automated
2026-06-03,AC0055,322988.88,310718.71,2026-06-03,Automated
2026-06-04,AC0055,312238.34,287930.69,2026-06-04,Automated
2026-06-05,AC0055,284081.43,269931.28,2026-06-05,Automated
2026-06-06,AC0055,321057.66,317372.89,2026-06-06,Automated
2026-06-07,AC0055,370749.01,331927.01,2026-06-07,Automated
2026-06-08,AC0055,441046.81,423371.19,2026-06-08,Automated
2026-06-09,AC0055,390865.6,356139.14,2026-06-09,Automated
2026-06-10,AC0055,338260.63,310552.93,2026-06-10,Automated
2026-06-11,AC0055,335577.08,328474.77,2026-06-11,Automated
2026-06-12,AC0055,307166.05,288193.32,2026-06-12,Automated
2026-06-13,AC0055,337335.76,323137.15,2026-06-13,Automated
2026-06-14,AC0055,360925.89,353153.43,2026-06-14,Automated
2026-06-15,AC0055,369204.79,325880.95,2026-06-15,Automated
2026-06-16,AC0055,372348.37,342602.2,2026-06-16,Automated
2026-06-17,AC0055,330883.64,326329.84,2026-06-17,Automated
2026-06-18,AC0055,331420.72,320532.33,2026-06-18,Automated
2026-06-19,AC0055,324668.86,307176.69,2026-06-19,Automated
2026-06-20,AC0055,361067.59,338042.6,2026-06-20,Automated
2026-06-21,AC0055,356180.08,325043.48,2026-06-21,Automated
2026-06-22,AC0055,383155.15,357212.85,2026-06-22,Automated
2026-06-23,AC0055,349881.88,320981.16,2026-06-23,Automated
2026-06-24,AC0055,355438.15,316183.9,2026-06-24,Automated
2026-06-25,AC0055,288477.31,274342.31,2026-06-25,Automated
2026-06-26,AC0055,297071.48,281250.16,2026-06-26,Automated
2026-06-27,AC0055,349371.18,327866.91,2026-06-27,Automated
2026-06-28,AC0055,348540.12,328492.93,2026-06-28,Automated
2026-06-29,AC0055,386088.05,340736.4,2026-06-29,Automated
2026-06-30,AC0055,384851.93,341037.85,2026-06-30,Automated
