payment_id,payment_date,account_id,payment_type,currency,amount_local,cross_border_flag,manual_touch_flag,exception_flag,late_release_flag,repair_minutes,fee_usd,status
P000046,2026-01-01,AC0051,ACH,HKD,69307.26,False,False,False,False,0,1.5,Completed
P000102,2026-01-01,AC0017,Local transfer,GBP,17625.1,False,False,False,False,0,1.5,Completed
P000365,2026-01-01,AC0041,Local transfer,JPY,8608.29,False,False,False,False,0,1.5,Completed
P000388,2026-01-01,AC0010,ACH,USD,53407.55,False,False,False,False,0,1.5,Completed
P000574,2026-01-01,AC0038,Local transfer,USD,8148.82,False,False,False,False,0,1.5,Completed
P000651,2026-01-01,AC0047,ACH,INR,50317.92,False,False,False,False,0,1.5,Completed
P000734,2026-01-01,AC0014,Wire,CAD,3517.42,True,False,False,False,0,43.5,Completed
P000774,2026-01-01,AC0001,ACH,USD,3115.08,False,True,False,False,0,1.5,Completed
P000795,2026-01-01,AC0031,Wire,USD,66498.8,True,True,False,False,0,43.5,Completed
P000919,2026-01-01,AC0034,ACH,USD,2247.25,False,True,False,False,0,1.5,Completed
P001100,2026-01-01,AC0021,Local transfer,EUR,12210.84,False,True,False,False,0,1.5,Completed
P001267,2026-01-01,AC0021,Tax,EUR,29842.86,False,False,False,False,0,1.5,Completed
P001452,2026-01-01,AC0041,ACH,JPY,13714.43,False,False,False,False,0,1.5,Completed
P001750,2026-01-01,AC0025,Local transfer,EUR,8358.68,False,False,False,False,0,1.5,Completed
P001902,2026-01-01,AC0017,Wire,GBP,4327.74,True,True,False,False,0,43.5,Completed
P001921,2026-01-01,AC0001,Internal transfer,USD,62451.7,False,True,False,False,0,1.5,Completed
P002009,2026-01-01,AC0031,Local transfer,USD,10066.81,False,False,False,False,0,1.5,Completed
P002178,2026-01-01,AC0050,Internal transfer,HKD,24763.39,False,False,False,False,0,1.5,Completed
P002196,2026-01-01,AC0041,Local transfer,JPY,11538.37,False,False,False,False,0,1.5,Completed
P002227,2026-01-01,AC0055,Local transfer,USD,50915.51,False,False,False,False,0,1.5,Completed
P002720,2026-01-01,AC0045,ACH,KRW,87286.27,False,True,False,False,0,1.5,Completed
P002750,2026-01-01,AC0001,ACH,USD,7322.14,False,False,False,False,0,1.5,Completed
P003016,2026-01-01,AC0046,Local transfer,KRW,16903.05,False,False,False,False,0,1.5,Completed
P003306,2026-01-01,AC0048,Local transfer,INR,3685.11,False,True,False,False,0,1.5,Completed
P003661,2026-01-01,AC0028,Local transfer,EUR,123373.9,False,False,False,False,0,1.5,Completed
P004069,2026-01-01,AC0041,Wire,JPY,307247.06,False,False,False,False,0,19.5,Completed
P004070,2026-01-01,AC0017,ACH,GBP,8672.91,False,True,False,True,0,1.5,Completed
P004095,2026-01-01,AC0014,ACH,CAD,6263.34,False,False,False,False,0,1.5,Completed
P004151,2026-01-01,AC0027,ACH,EUR,10277.03,False,False,False,False,0,1.5,Completed
P004217,2026-01-01,AC0021,Local transfer,EUR,32522.3,False,True,False,False,0,1.5,Completed
P004455,2026-01-01,AC0017,Wire,GBP,61801.79,True,True,False,False,0,43.5,Completed
P004798,2026-01-01,AC0055,Local transfer,USD,114858.6,False,False,False,False,0,1.5,Completed
P004814,2026-01-01,AC0025,Local transfer,EUR,3080.05,False,False,False,False,0,1.5,Completed
P004849,2026-01-01,AC0048,Local transfer,INR,3277.14,False,False,False,False,0,1.5,Completed
P005034,2026-01-01,AC0034,Local transfer,USD,13777.39,False,False,False,False,0,1.5,Completed
P005094,2026-01-01,AC0025,ACH,EUR,7839.56,False,True,False,False,0,1.5,Completed
P005359,2026-01-01,AC0028,Local transfer,EUR,9270.18,False,False,False,False,0,1.5,Completed
P006071,2026-01-01,AC0014,Internal transfer,CAD,6356.76,False,False,False,False,0,1.5,Completed
P006174,2026-01-01,AC0047,Local transfer,INR,44230.89,False,False,False,False,0,1.5,Completed
P006262,2026-01-01,AC0053,Internal transfer,USD,50231.32,False,True,False,False,0,1.5,Completed
P006386,2026-01-01,AC0010,Payroll,USD,153375.5,False,True,False,False,0,1.5,Completed
P006435,2026-01-01,AC0010,Internal transfer,USD,4728.71,False,True,False,False,0,1.5,Completed
P006461,2026-01-01,AC0022,Payroll,EUR,46050.82,False,False,False,False,0,1.5,Completed
P006730,2026-01-01,AC0044,Internal transfer,KRW,17113.62,False,False,False,False,0,1.5,Completed
P006792,2026-01-01,AC0027,Wire,EUR,9946.34,True,False,False,False,0,43.5,Completed
P006808,2026-01-01,AC0027,Local transfer,EUR,1578.92,False,False,False,False,0,1.5,Completed
P006866,2026-01-01,AC0017,Local transfer,GBP,34501.78,False,True,False,False,0,1.5,Completed
P007059,2026-01-01,AC0044,Local transfer,KRW,1989.37,False,True,False,False,0,1.5,Completed
P007102,2026-01-01,AC0026,Local transfer,USD,23196.62,False,True,False,False,0,1.5,Completed
P007152,2026-01-01,AC0022,Local transfer,EUR,2246.99,False,False,False,False,0,1.5,Completed
P007371,2026-01-01,AC0044,Local transfer,KRW,21413.68,False,False,False,False,0,1.5,Completed
P007515,2026-01-01,AC0053,Wire,USD,10088.6,False,True,False,False,0,19.5,Completed
P000172,2026-01-02,AC0012,Local transfer,USD,8823.21,False,True,False,False,0,1.5,Completed
P000189,2026-01-02,AC0053,Internal transfer,USD,25944.23,False,False,False,False,0,1.5,Completed
P000285,2026-01-02,AC0036,Internal transfer,SGD,8796.71,False,False,False,False,0,1.5,Completed
P000332,2026-01-02,AC0039,Wire,AUD,8046.87,False,False,False,False,0,19.5,Completed
P000362,2026-01-02,AC0034,Local transfer,USD,8867.92,False,True,False,False,0,1.5,Completed
P000379,2026-01-02,AC0038,Local transfer,USD,16515.54,False,False,False,False,0,1.5,Completed
P000402,2026-01-02,AC0010,ACH,USD,5019.91,False,False,False,False,0,1.5,Completed
P000403,2026-01-02,AC0034,Local transfer,USD,1562.22,False,False,False,False,0,1.5,Completed
P000426,2026-01-02,AC0041,ACH,JPY,22841.06,False,False,False,False,0,1.5,Completed
P000676,2026-01-02,AC0017,ACH,GBP,2575.27,False,False,False,False,0,1.5,Completed
P000683,2026-01-02,AC0003,ACH,USD,5758.43,False,False,False,False,0,1.5,Completed
P000700,2026-01-02,AC0050,Wire,HKD,29261.73,True,False,False,False,0,43.5,Completed
P000815,2026-01-02,AC0021,Local transfer,EUR,6049.87,False,False,False,False,0,1.5,Completed
P000988,2026-01-02,AC0033,Wire,EUR,8231.33,True,True,True,False,50,58.5,Rejected
P001062,2026-01-02,AC0053,ACH,USD,3449.8,False,False,False,False,0,1.5,Completed
P001177,2026-01-02,AC0034,Local transfer,USD,14978.05,False,False,False,False,0,1.5,Completed
P001211,2026-01-02,AC0050,Local transfer,HKD,20836.84,False,True,False,False,0,1.5,Completed
P001313,2026-01-02,AC0053,ACH,USD,14838.94,False,True,False,False,0,1.5,Completed
P001567,2026-01-02,AC0034,Local transfer,USD,7751.73,False,True,False,True,0,1.5,Completed
P001623,2026-01-02,AC0031,Local transfer,USD,24414.35,False,True,False,True,0,1.5,Completed
P001631,2026-01-02,AC0031,ACH,USD,8442.57,False,True,False,False,0,1.5,Completed
P001641,2026-01-02,AC0049,ACH,USD,65634.9,False,False,False,False,0,1.5,Completed
P001952,2026-01-02,AC0013,ACH,USD,14314.25,False,False,False,False,0,1.5,Completed
P001967,2026-01-02,AC0031,Local transfer,USD,8378.79,False,True,False,False,0,1.5,Completed
P002380,2026-01-02,AC0034,ACH,USD,2330.67,False,True,False,False,0,1.5,Completed
P002390,2026-01-02,AC0021,Wire,EUR,41565.71,False,False,False,False,0,19.5,Completed
P002530,2026-01-02,AC0030,ACH,USD,321055.88,False,False,False,False,0,1.5,Completed
P002704,2026-01-02,AC0017,ACH,GBP,89516.23,False,False,False,False,0,1.5,Completed
P002730,2026-01-02,AC0014,ACH,CAD,9961.99,False,True,False,False,0,1.5,Completed
P003145,2026-01-02,AC0047,Local transfer,INR,2552.64,False,True,False,False,0,1.5,Completed
P003146,2026-01-02,AC0050,Local transfer,HKD,44539.2,False,False,False,False,0,1.5,Completed
P003299,2026-01-02,AC0030,Internal transfer,USD,1292.53,False,False,False,False,0,1.5,Completed
P003323,2026-01-02,AC0017,ACH,GBP,17851.64,False,False,False,False,0,1.5,Completed
P003350,2026-01-02,AC0014,ACH,CAD,5527.93,False,False,False,False,0,1.5,Completed
P003532,2026-01-02,AC0050,Local transfer,HKD,4372.33,False,False,False,False,0,1.5,Completed
P003755,2026-01-02,AC0034,ACH,USD,36451.54,False,False,False,False,0,1.5,Completed
P003851,2026-01-02,AC0014,Wire,CAD,17237.98,False,False,False,False,0,19.5,Completed
P004024,2026-01-02,AC0039,Local transfer,AUD,915.0,False,False,False,False,0,1.5,Completed
P004110,2026-01-02,AC0047,Local transfer,INR,14994.44,False,False,False,False,0,1.5,Completed
P004183,2026-01-02,AC0007,Internal transfer,USD,5207.96,False,False,False,False,0,1.5,Completed
P004326,2026-01-02,AC0007,Local transfer,USD,8348.27,False,False,False,False,0,1.5,Completed
P004552,2026-01-02,AC0034,Internal transfer,USD,191.68,False,False,False,False,0,1.5,Completed
P004852,2026-01-02,AC0030,ACH,USD,21742.08,False,False,False,False,0,1.5,Completed
P004978,2026-01-02,AC0019,Local transfer,GBP,23147.14,False,False,False,False,0,1.5,Completed
P005097,2026-01-02,AC0005,Internal transfer,USD,687.89,False,False,False,False,0,1.5,Completed
P005179,2026-01-02,AC0008,Local transfer,USD,67798.52,False,True,False,False,0,1.5,Completed
P005747,2026-01-02,AC0044,Wire,KRW,80315.95,False,True,False,False,0,19.5,Completed
P005767,2026-01-02,AC0014,Wire,CAD,1929.05,True,False,False,False,0,43.5,Completed
P005833,2026-01-02,AC0025,Wire,EUR,27232.57,False,True,False,False,0,19.5,Completed
P005937,2026-01-02,AC0021,Local transfer,EUR,18570.13,False,False,False,False,0,1.5,Completed
P006039,2026-01-02,AC0038,ACH,USD,4782.67,False,False,False,False,0,1.5,Completed
P006112,2026-01-02,AC0017,Internal transfer,GBP,57898.46,False,False,False,False,0,1.5,Completed
P006204,2026-01-02,AC0041,Wire,JPY,735.12,True,False,False,False,0,43.5,Completed
P006346,2026-01-02,AC0053,Local transfer,USD,11196.98,False,False,False,False,0,1.5,Completed
P006422,2026-01-02,AC0038,ACH,USD,23596.14,False,False,False,False,0,1.5,Completed
P006633,2026-01-02,AC0042,Payroll,USD,19036.85,False,False,False,False,0,1.5,Completed
P006771,2026-01-02,AC0033,Payroll,EUR,8669.0,False,True,False,False,0,1.5,Completed
P007039,2026-01-02,AC0030,Wire,USD,26218.07,True,False,False,False,0,43.5,Completed
P007170,2026-01-02,AC0025,Internal transfer,EUR,14372.14,False,False,False,False,0,1.5,Completed
P007363,2026-01-02,AC0044,Internal transfer,KRW,57072.34,False,True,False,True,0,1.5,Completed
P007423,2026-01-02,AC0027,Local transfer,EUR,9439.72,False,False,False,False,0,1.5,Completed
P007495,2026-01-02,AC0005,Internal transfer,USD,47572.32,False,False,False,False,0,1.5,Completed
P000017,2026-01-05,AC0028,Wire,EUR,6381.01,False,False,False,False,0,19.5,Completed
P000032,2026-01-05,AC0043,Local transfer,JPY,649.1,False,True,False,True,0,1.5,Completed
P000127,2026-01-05,AC0044,Wire,KRW,6689.91,False,False,False,False,0,19.5,Completed
P000162,2026-01-05,AC0014,Wire,CAD,8072.35,True,False,False,False,0,43.5,Completed
P000245,2026-01-05,AC0005,ACH,USD,37063.87,False,False,False,False,0,1.5,Completed
P000448,2026-01-05,AC0010,Local transfer,USD,3685.43,False,False,False,False,0,1.5,Completed
P000537,2026-01-05,AC0034,ACH,USD,33212.9,False,False,False,False,0,1.5,Completed
P000724,2026-01-05,AC0001,Local transfer,USD,42940.41,False,True,True,False,27,16.5,Repaired
P000851,2026-01-05,AC0044,Local transfer,KRW,25542.37,False,False,False,False,0,1.5,Completed
P001112,2026-01-05,AC0010,ACH,USD,18963.53,False,False,False,False,0,1.5,Completed
P001331,2026-01-05,AC0044,Internal transfer,KRW,84839.93,False,False,False,False,0,1.5,Completed
P001398,2026-01-05,AC0005,Wire,USD,826.39,False,False,False,False,0,19.5,Completed
P001436,2026-01-05,AC0034,Tax,USD,8910.2,False,False,False,False,0,1.5,Completed
P001514,2026-01-05,AC0005,Local transfer,USD,30915.62,False,False,False,False,0,1.5,Completed
P001987,2026-01-05,AC0021,Wire,EUR,4501.45,False,False,False,False,0,19.5,Completed
P002066,2026-01-05,AC0014,Local transfer,CAD,19218.87,False,False,True,False,16,16.5,Repaired
P002563,2026-01-05,AC0054,ACH,USD,8612.69,False,False,False,True,0,1.5,Completed
P002771,2026-01-05,AC0053,Internal transfer,USD,3048.84,False,True,False,False,0,1.5,Completed
P002877,2026-01-05,AC0053,Wire,USD,11178.34,False,False,False,False,0,19.5,Completed
P002956,2026-01-05,AC0045,Wire,KRW,7200.41,False,False,False,False,0,19.5,Completed
P003440,2026-01-05,AC0039,Wire,AUD,24407.28,True,True,False,False,0,43.5,Completed
P003462,2026-01-05,AC0010,Wire,USD,3621.27,True,True,False,False,0,43.5,Completed
P003491,2026-01-05,AC0028,Payroll,EUR,106244.8,False,False,False,False,0,1.5,Completed
P003507,2026-01-05,AC0001,Local transfer,USD,13751.93,False,False,False,False,0,1.5,Completed
P003556,2026-01-05,AC0010,Local transfer,USD,10502.1,False,True,False,False,0,1.5,Completed
P003599,2026-01-05,AC0045,Wire,KRW,16588.43,True,False,False,False,0,43.5,Completed
P003926,2026-01-05,AC0014,ACH,CAD,54808.81,False,False,False,False,0,1.5,Completed
P003974,2026-01-05,AC0053,Wire,USD,67426.97,False,False,False,False,0,19.5,Completed
P003978,2026-01-05,AC0028,Local transfer,EUR,6424.1,False,False,False,False,0,1.5,Completed
P004284,2026-01-05,AC0011,Local transfer,USD,4515.59,False,False,False,False,0,1.5,Completed
P004462,2026-01-05,AC0016,Wire,CAD,4136.04,False,False,False,False,0,19.5,Completed
P004633,2026-01-05,AC0041,Local transfer,JPY,38892.46,False,False,False,False,0,1.5,Completed
P004664,2026-01-05,AC0047,Local transfer,INR,2436.62,False,False,False,False,0,1.5,Completed
P004749,2026-01-05,AC0028,Wire,EUR,7335.63,True,True,False,False,0,43.5,Completed
P005150,2026-01-05,AC0025,Local transfer,EUR,27812.24,False,False,False,False,0,1.5,Completed
P005180,2026-01-05,AC0038,Internal transfer,USD,7366.16,False,False,False,False,0,1.5,Completed
P005207,2026-01-05,AC0044,Wire,KRW,23420.08,False,True,False,False,0,19.5,Completed
P005339,2026-01-05,AC0055,Wire,USD,8903.63,True,True,False,False,0,43.5,Completed
P005632,2026-01-05,AC0041,Wire,JPY,30267.65,True,False,False,False,0,43.5,Completed
P005649,2026-01-05,AC0010,ACH,USD,483.59,False,True,False,False,0,1.5,Completed
P005743,2026-01-05,AC0050,Payroll,HKD,11307.63,False,False,False,False,0,1.5,Completed
P006085,2026-01-05,AC0005,ACH,USD,17314.38,False,True,False,False,0,1.5,Completed
P006276,2026-01-05,AC0044,Local transfer,KRW,21018.26,False,False,False,False,0,1.5,Completed
P006387,2026-01-05,AC0044,Local transfer,KRW,72250.88,False,False,False,False,0,1.5,Completed
P006392,2026-01-05,AC0038,Local transfer,USD,14664.62,False,False,False,False,0,1.5,Completed
P006415,2026-01-05,AC0044,ACH,KRW,5571.12,False,False,False,False,0,1.5,Completed
P006421,2026-01-05,AC0010,Local transfer,USD,2607.97,False,False,False,False,0,1.5,Completed
P006458,2026-01-05,AC0017,ACH,GBP,1768.14,False,False,False,False,0,1.5,Completed
P006556,2026-01-05,AC0016,Local transfer,CAD,1932.38,False,False,False,False,0,1.5,Completed
P006955,2026-01-05,AC0007,Internal transfer,USD,1557.54,False,False,False,False,0,1.5,Completed
P007037,2026-01-05,AC0047,Local transfer,INR,46803.21,False,True,False,False,0,1.5,Completed
P007418,2026-01-05,AC0034,Local transfer,USD,35441.3,False,True,False,False,0,1.5,Completed
P007493,2026-01-05,AC0014,Local transfer,CAD,68547.93,False,False,False,False,0,1.5,Completed
P007583,2026-01-05,AC0053,Local transfer,USD,39235.67,False,True,False,False,0,1.5,Completed
P000313,2026-01-06,AC0055,Payroll,USD,8751.27,False,False,False,False,0,1.5,Completed
P000419,2026-01-06,AC0053,ACH,USD,16893.97,False,False,False,False,0,1.5,Completed
P000469,2026-01-06,AC0055,ACH,USD,6925.38,False,False,False,False,0,1.5,Completed
P000487,2026-01-06,AC0041,ACH,JPY,151182.06,False,False,False,False,0,1.5,Completed
P000596,2026-01-06,AC0031,Local transfer,USD,80090.72,False,False,False,False,0,1.5,Completed
P000666,2026-01-06,AC0014,ACH,CAD,13579.26,False,False,False,False,0,1.5,Completed
P000839,2026-01-06,AC0018,Local transfer,GBP,6102.3,False,False,False,False,0,1.5,Completed
P001273,2026-01-06,AC0028,Local transfer,EUR,4570.12,False,False,False,False,0,1.5,Completed
P001294,2026-01-06,AC0017,Local transfer,GBP,6327.7,False,True,False,False,0,1.5,Completed
P001315,2026-01-06,AC0011,Internal transfer,USD,11420.15,False,True,False,False,0,1.5,Completed
P001333,2026-01-06,AC0050,Wire,HKD,119216.59,False,False,False,False,0,19.5,Completed
P001487,2026-01-06,AC0053,Payroll,USD,27727.4,False,False,False,False,0,1.5,Completed
P001510,2026-01-06,AC0047,Local transfer,INR,14839.48,False,True,False,False,0,1.5,Completed
P001627,2026-01-06,AC0021,Tax,EUR,46763.09,False,False,False,False,0,1.5,Completed
P001775,2026-01-06,AC0036,Payroll,SGD,105793.99,False,False,False,False,0,1.5,Completed
P001794,2026-01-06,AC0038,ACH,USD,4663.93,False,False,False,False,0,1.5,Completed
P001802,2026-01-06,AC0050,Local transfer,HKD,178511.49,False,True,False,False,0,1.5,Completed
P001819,2026-01-06,AC0048,Wire,INR,62089.44,False,True,False,False,0,19.5,Completed
P001905,2026-01-06,AC0033,Wire,EUR,9355.15,True,True,False,True,0,43.5,Completed
P002142,2026-01-06,AC0053,Local transfer,USD,2723.34,False,False,False,False,0,1.5,Completed
P002302,2026-01-06,AC0047,Tax,INR,6605.38,False,False,False,False,0,1.5,Completed
P002714,2026-01-06,AC0028,Payroll,EUR,28468.11,False,False,False,False,0,1.5,Completed
P002910,2026-01-06,AC0025,ACH,EUR,10247.08,False,True,False,False,0,1.5,Completed
P003000,2026-01-06,AC0034,Local transfer,USD,8639.63,False,False,False,False,0,1.5,Completed
P003178,2026-01-06,AC0028,Local transfer,EUR,13150.97,False,False,False,False,0,1.5,Completed
P003469,2026-01-06,AC0053,Wire,USD,8771.38,True,False,False,False,0,43.5,Completed
P003542,2026-01-06,AC0033,ACH,EUR,273674.97,False,True,True,False,18,16.5,Repaired
P003675,2026-01-06,AC0054,Local transfer,USD,3522.32,False,True,False,False,0,1.5,Completed
P003716,2026-01-06,AC0019,ACH,GBP,3959.02,False,True,True,True,58,16.5,Repaired
P003750,2026-01-06,AC0038,Wire,USD,9919.74,False,False,False,False,0,19.5,Completed
P003849,2026-01-06,AC0028,ACH,EUR,5230.36,False,False,False,False,0,1.5,Completed
P003927,2026-01-06,AC0021,Tax,EUR,201422.65,False,False,False,False,0,1.5,Completed
P003982,2026-01-06,AC0021,Wire,EUR,34256.45,False,False,False,False,0,19.5,Completed
P004046,2026-01-06,AC0025,Local transfer,EUR,6737.18,False,True,False,False,0,1.5,Completed
P004178,2026-01-06,AC0003,Wire,USD,109903.56,True,False,True,False,50,58.5,Repaired
P004287,2026-01-06,AC0005,Local transfer,USD,21740.41,False,False,False,False,0,1.5,Completed
P004380,2026-01-06,AC0040,Wire,AUD,6428.56,False,True,False,False,0,19.5,Completed
P004635,2026-01-06,AC0019,ACH,GBP,4214.01,False,True,False,False,0,1.5,Completed
P004654,2026-01-06,AC0034,Internal transfer,USD,35421.09,False,True,False,False,0,1.5,Completed
P004885,2026-01-06,AC0025,Local transfer,EUR,9744.15,False,True,False,False,0,1.5,Completed
P005242,2026-01-06,AC0040,Local transfer,AUD,5535.41,False,False,False,False,0,1.5,Completed
P005261,2026-01-06,AC0005,ACH,USD,6934.77,False,True,False,False,0,1.5,Completed
P005262,2026-01-06,AC0029,ACH,EUR,8348.6,False,False,False,False,0,1.5,Completed
P005276,2026-01-06,AC0052,ACH,HKD,1973.44,False,False,False,False,0,1.5,Completed
P005461,2026-01-06,AC0034,Local transfer,USD,17051.98,False,False,False,False,0,1.5,Completed
P005592,2026-01-06,AC0034,Wire,USD,11743.14,True,True,False,False,0,43.5,Completed
P005606,2026-01-06,AC0014,Wire,CAD,3612.3,False,False,False,False,0,19.5,Completed
P005661,2026-01-06,AC0014,Wire,CAD,22452.93,False,False,False,False,0,19.5,Completed
P006014,2026-01-06,AC0028,Internal transfer,EUR,28221.78,False,False,False,False,0,1.5,Completed
P006161,2026-01-06,AC0016,Wire,CAD,15426.02,False,False,False,False,0,19.5,Completed
P006351,2026-01-06,AC0025,ACH,EUR,2651.36,False,True,False,False,0,1.5,Completed
P006411,2026-01-06,AC0012,Local transfer,USD,2026.91,False,False,False,False,0,1.5,Completed
P006970,2026-01-06,AC0017,Local transfer,GBP,4508.16,False,True,False,False,0,1.5,Completed
P007056,2026-01-06,AC0053,ACH,USD,52180.41,False,False,True,False,46,16.5,Repaired
P007083,2026-01-06,AC0044,Local transfer,KRW,5167.16,False,True,False,False,0,1.5,Completed
P007208,2026-01-06,AC0006,Local transfer,USD,17800.52,False,False,False,False,0,1.5,Completed
P007245,2026-01-06,AC0044,Local transfer,KRW,1810.79,False,False,False,False,0,1.5,Completed
P007314,2026-01-06,AC0043,ACH,JPY,15554.8,False,True,False,True,0,1.5,Completed
P000034,2026-01-07,AC0026,Local transfer,USD,4006.87,False,True,False,False,0,1.5,Completed
P000042,2026-01-07,AC0046,Payroll,KRW,20664.23,False,True,False,False,0,1.5,Completed
P000157,2026-01-07,AC0033,Wire,EUR,17416.8,True,False,False,False,0,43.5,Completed
P000173,2026-01-07,AC0040,ACH,AUD,1527.2,False,False,False,False,0,1.5,Completed
P000572,2026-01-07,AC0044,ACH,KRW,1660.59,False,True,False,False,0,1.5,Completed
P000790,2026-01-07,AC0017,Payroll,GBP,7744.36,False,True,False,False,0,1.5,Completed
P000812,2026-01-07,AC0053,Wire,USD,43956.66,False,False,True,False,49,34.5,Repaired
P000870,2026-01-07,AC0038,ACH,USD,2184.92,False,False,False,False,0,1.5,Completed
P000920,2026-01-07,AC0040,Wire,AUD,12956.28,False,False,False,False,0,19.5,Completed
P001007,2026-01-07,AC0001,Local transfer,USD,17321.84,False,True,False,True,0,1.5,Completed
P001088,2026-01-07,AC0010,Local transfer,USD,1006.6,False,True,False,False,0,1.5,Completed
P001370,2026-01-07,AC0021,ACH,EUR,7430.98,False,True,False,False,0,1.5,Completed
P001422,2026-01-07,AC0021,Payroll,EUR,24104.24,False,True,False,False,0,1.5,Completed
P001593,2026-01-07,AC0021,Local transfer,EUR,9352.58,False,True,True,False,12,16.5,Repaired
P001894,2026-01-07,AC0040,ACH,AUD,3552.53,False,True,True,False,64,16.5,Repaired
P002660,2026-01-07,AC0044,ACH,KRW,19394.31,False,False,False,False,0,1.5,Completed
P003059,2026-01-07,AC0016,ACH,CAD,11236.9,False,True,False,False,0,1.5,Completed
P003251,2026-01-07,AC0010,Local transfer,USD,23373.83,False,False,False,False,0,1.5,Completed
P003253,2026-01-07,AC0038,Local transfer,USD,15718.45,False,False,False,False,0,1.5,Completed
P003269,2026-01-07,AC0038,Wire,USD,3472.73,True,False,True,False,73,58.5,Repaired
P003371,2026-01-07,AC0017,Local transfer,GBP,13409.21,False,False,False,False,0,1.5,Completed
P003433,2026-01-07,AC0001,Wire,USD,2531.65,True,False,False,False,0,43.5,Completed
P003616,2026-01-07,AC0005,Wire,USD,98787.1,True,True,False,False,0,43.5,Completed
P003773,2026-01-07,AC0034,Wire,USD,235758.39,True,True,True,False,40,58.5,Rejected
P003821,2026-01-07,AC0052,Local transfer,HKD,18502.01,False,True,False,False,0,1.5,Completed
P003967,2026-01-07,AC0039,Payroll,AUD,15934.88,False,False,False,False,0,1.5,Completed
P004054,2026-01-07,AC0050,Local transfer,HKD,4551.88,False,True,False,False,0,1.5,Completed
P004321,2026-01-07,AC0030,ACH,USD,47971.81,False,True,False,False,0,1.5,Completed
P004371,2026-01-07,AC0005,Wire,USD,23609.18,True,False,False,False,0,43.5,Completed
P004465,2026-01-07,AC0028,Local transfer,EUR,18567.79,False,False,False,False,0,1.5,Completed
P004584,2026-01-07,AC0010,Wire,USD,30602.53,True,False,False,False,0,43.5,Completed
P004670,2026-01-07,AC0017,Local transfer,GBP,3616.23,False,False,False,False,0,1.5,Completed
P004821,2026-01-07,AC0054,Local transfer,USD,106503.09,False,False,False,False,0,1.5,Completed
P004901,2026-01-07,AC0021,Local transfer,EUR,13832.09,False,True,False,False,0,1.5,Completed
P005104,2026-01-07,AC0017,ACH,GBP,2020.76,False,False,False,False,0,1.5,Completed
P005145,2026-01-07,AC0031,Tax,USD,50396.99,False,False,False,False,0,1.5,Completed
P005163,2026-01-07,AC0038,ACH,USD,16215.08,False,False,False,False,0,1.5,Completed
P005266,2026-01-07,AC0021,Local transfer,EUR,32937.95,False,True,False,False,0,1.5,Completed
P005641,2026-01-07,AC0010,Wire,USD,29336.22,False,False,False,False,0,19.5,Completed
P005764,2026-01-07,AC0044,Internal transfer,KRW,8205.9,False,False,False,False,0,1.5,Completed
P005841,2026-01-07,AC0011,Local transfer,USD,32754.87,False,False,False,False,0,1.5,Completed
P005949,2026-01-07,AC0025,Local transfer,EUR,39889.73,False,True,False,False,0,1.5,Completed
P006134,2026-01-07,AC0034,Wire,USD,40698.81,False,True,True,False,36,34.5,Repaired
P006257,2026-01-07,AC0053,Local transfer,USD,34064.48,False,False,False,False,0,1.5,Completed
P006289,2026-01-07,AC0025,Local transfer,EUR,26067.14,False,False,False,False,0,1.5,Completed
P006363,2026-01-07,AC0042,ACH,USD,2313.84,False,False,False,False,0,1.5,Completed
P006396,2026-01-07,AC0033,Local transfer,EUR,5757.14,False,False,False,False,0,1.5,Completed
P006587,2026-01-07,AC0038,Wire,USD,3659.16,False,True,False,False,0,19.5,Completed
P006764,2026-01-07,AC0041,Local transfer,JPY,24529.94,False,False,False,False,0,1.5,Completed
P006821,2026-01-07,AC0047,ACH,INR,20188.46,False,True,False,False,0,1.5,Completed
P006825,2026-01-07,AC0005,Local transfer,USD,63905.14,False,True,False,False,0,1.5,Completed
P006836,2026-01-07,AC0021,Local transfer,EUR,15929.6,False,True,False,False,0,1.5,Completed
P006886,2026-01-07,AC0033,Local transfer,EUR,1130.58,False,False,False,False,0,1.5,Completed
P006974,2026-01-07,AC0010,Local transfer,USD,921.43,False,False,False,False,0,1.5,Completed
P007003,2026-01-07,AC0007,ACH,USD,10839.59,False,False,False,False,0,1.5,Completed
P007087,2026-01-07,AC0011,Wire,USD,230787.69,False,False,False,False,0,19.5,Completed
P007155,2026-01-07,AC0053,Local transfer,USD,5323.85,False,True,False,False,0,1.5,Completed
P007293,2026-01-07,AC0047,ACH,INR,1210.17,False,False,False,False,0,1.5,Completed
P007309,2026-01-07,AC0031,Payroll,USD,396267.88,False,False,False,False,0,1.5,Completed
P007360,2026-01-07,AC0014,Payroll,CAD,34432.43,False,True,False,False,0,1.5,Completed
P007554,2026-01-07,AC0046,ACH,KRW,13886.27,False,True,False,False,0,1.5,Completed
P007555,2026-01-07,AC0028,Local transfer,EUR,50170.22,False,False,False,False,0,1.5,Completed
P000041,2026-01-08,AC0019,ACH,GBP,34750.57,False,False,False,False,0,1.5,Completed
P000138,2026-01-08,AC0038,Local transfer,USD,20528.95,False,False,False,False,0,1.5,Completed
P000304,2026-01-08,AC0028,ACH,EUR,4221.27,False,False,False,False,0,1.5,Completed
P000305,2026-01-08,AC0034,Payroll,USD,96485.42,False,False,False,False,0,1.5,Completed
P000573,2026-01-08,AC0012,ACH,USD,9367.74,False,True,False,False,0,1.5,Completed
P000580,2026-01-08,AC0025,Local transfer,EUR,12349.56,False,True,False,False,0,1.5,Completed
P000778,2026-01-08,AC0038,Wire,USD,46656.91,True,False,False,False,0,43.5,Completed
P001185,2026-01-08,AC0043,Local transfer,JPY,6011.99,False,False,False,False,0,1.5,Completed
P001522,2026-01-08,AC0053,Local transfer,USD,1232.89,False,False,False,False,0,1.5,Completed
P001590,2026-01-08,AC0010,Wire,USD,13400.21,False,False,False,False,0,19.5,Completed
P001756,2026-01-08,AC0043,Wire,JPY,12233.8,True,False,False,False,0,43.5,Completed
P001831,2026-01-08,AC0032,ACH,EUR,58881.65,False,False,False,False,0,1.5,Completed
P001867,2026-01-08,AC0007,Payroll,USD,1228.82,False,False,False,False,0,1.5,Completed
P001884,2026-01-08,AC0021,Local transfer,EUR,21258.28,False,True,False,False,0,1.5,Completed
P001935,2026-01-08,AC0044,Wire,KRW,7203.01,False,False,False,False,0,19.5,Completed
P002012,2026-01-08,AC0032,Local transfer,EUR,67008.82,False,False,False,False,0,1.5,Completed
P002041,2026-01-08,AC0029,Local transfer,EUR,25439.34,False,False,False,False,0,1.5,Completed
P002057,2026-01-08,AC0055,ACH,USD,3986.36,False,False,False,False,0,1.5,Completed
P002284,2026-01-08,AC0013,Payroll,USD,8460.88,False,False,False,False,0,1.5,Completed
P002415,2026-01-08,AC0028,Local transfer,EUR,30919.11,False,False,False,False,0,1.5,Completed
P002468,2026-01-08,AC0044,Wire,KRW,2098.71,True,False,False,False,0,43.5,Completed
P002618,2026-01-08,AC0049,ACH,USD,74473.65,False,False,False,False,0,1.5,Completed
P002819,2026-01-08,AC0033,Local transfer,EUR,342.62,False,False,False,False,0,1.5,Completed
P003113,2026-01-08,AC0038,Local transfer,USD,5760.5,False,False,False,False,0,1.5,Completed
P003159,2026-01-08,AC0010,Tax,USD,168806.76,False,False,False,False,0,1.5,Completed
P003359,2026-01-08,AC0053,Local transfer,USD,695.1,False,True,False,False,0,1.5,Completed
P003484,2026-01-08,AC0036,Local transfer,SGD,29146.79,False,True,False,False,0,1.5,Completed
P003614,2026-01-08,AC0031,Local transfer,USD,2490.77,False,True,False,False,0,1.5,Completed
P003615,2026-01-08,AC0053,Wire,USD,1074.57,False,False,False,False,0,19.5,Completed
P003710,2026-01-08,AC0014,Local transfer,CAD,35439.08,False,False,False,False,0,1.5,Completed
P003752,2026-01-08,AC0011,Payroll,USD,4758.09,False,False,False,False,0,1.5,Completed
P003754,2026-01-08,AC0006,Tax,USD,30605.32,False,False,False,False,0,1.5,Completed
P003766,2026-01-08,AC0014,Local transfer,CAD,6482.32,False,False,True,False,22,16.5,Repaired
P004049,2026-01-08,AC0053,Wire,USD,20053.6,True,True,False,False,0,43.5,Completed
P004264,2026-01-08,AC0036,Local transfer,SGD,30406.41,False,False,False,False,0,1.5,Completed
P004279,2026-01-08,AC0031,Local transfer,USD,18310.08,False,False,False,False,0,1.5,Completed
P004325,2026-01-08,AC0033,ACH,EUR,17432.06,False,False,False,False,0,1.5,Completed
P004375,2026-01-08,AC0038,ACH,USD,4177.5,False,False,False,False,0,1.5,Completed
P004611,2026-01-08,AC0010,Internal transfer,USD,16663.05,False,False,False,False,0,1.5,Completed
P004740,2026-01-08,AC0044,Local transfer,KRW,8545.78,False,False,False,False,0,1.5,Completed
P004784,2026-01-08,AC0002,ACH,USD,1207.41,False,False,False,False,0,1.5,Completed
P004825,2026-01-08,AC0025,ACH,EUR,7842.82,False,False,False,True,0,1.5,Completed
P004956,2026-01-08,AC0041,Local transfer,JPY,1420.62,False,True,False,True,0,1.5,Completed
P004968,2026-01-08,AC0007,Payroll,USD,25147.14,False,False,False,True,0,1.5,Completed
P005189,2026-01-08,AC0025,Wire,EUR,297893.11,True,True,False,False,0,43.5,Completed
P005221,2026-01-08,AC0053,Local transfer,USD,72159.54,False,False,False,False,0,1.5,Completed
P005490,2026-01-08,AC0031,Wire,USD,12635.06,True,True,False,False,0,43.5,Completed
P005494,2026-01-08,AC0017,Local transfer,GBP,1336.58,False,True,False,False,0,1.5,Completed
P005526,2026-01-08,AC0032,Internal transfer,EUR,7009.65,False,False,True,False,64,16.5,Repaired
P005547,2026-01-08,AC0038,Local transfer,USD,2123.99,False,False,False,False,0,1.5,Completed
P005553,2026-01-08,AC0039,Tax,AUD,98901.53,False,False,False,False,0,1.5,Completed
P005555,2026-01-08,AC0028,Wire,EUR,36735.74,False,False,False,False,0,19.5,Completed
P005617,2026-01-08,AC0017,ACH,GBP,2553.03,False,False,False,False,0,1.5,Completed
P005788,2026-01-08,AC0021,Internal transfer,EUR,4051.42,False,False,False,False,0,1.5,Completed
P006054,2026-01-08,AC0014,Wire,CAD,5581.19,True,False,False,False,0,43.5,Completed
P006070,2026-01-08,AC0032,Wire,EUR,87502.38,True,False,False,False,0,43.5,Completed
P006519,2026-01-08,AC0015,Local transfer,CAD,64117.87,False,True,False,False,0,1.5,Completed
P006692,2026-01-08,AC0007,Local transfer,USD,12286.32,False,True,False,False,0,1.5,Completed
P006854,2026-01-08,AC0047,Local transfer,INR,12906.98,False,False,False,False,0,1.5,Completed
P006875,2026-01-08,AC0050,Internal transfer,HKD,2637.45,False,True,True,False,69,16.5,Rejected
P006918,2026-01-08,AC0026,Local transfer,USD,12131.95,False,False,False,False,0,1.5,Completed
P007410,2026-01-08,AC0031,Payroll,USD,35903.0,False,True,True,False,23,16.5,Repaired
P007439,2026-01-08,AC0014,Local transfer,CAD,8324.08,False,True,False,True,0,1.5,Completed
P000223,2026-01-09,AC0001,Payroll,USD,44553.18,False,True,True,False,13,16.5,Repaired
P000229,2026-01-09,AC0041,Local transfer,JPY,74358.57,False,False,False,False,0,1.5,Completed
P000307,2026-01-09,AC0028,Local transfer,EUR,8767.01,False,False,False,False,0,1.5,Completed
P000564,2026-01-09,AC0035,Payroll,SGD,37734.04,False,True,False,False,0,1.5,Completed
P000610,2026-01-09,AC0041,Local transfer,JPY,3298.74,False,False,False,False,0,1.5,Completed
P001118,2026-01-09,AC0021,Payroll,EUR,24227.7,False,True,False,False,0,1.5,Completed
P001120,2026-01-09,AC0050,Internal transfer,HKD,42764.29,False,True,False,False,0,1.5,Completed
P001237,2026-01-09,AC0043,Local transfer,JPY,51547.48,False,False,False,False,0,1.5,Completed
P001481,2026-01-09,AC0014,ACH,CAD,9004.79,False,True,False,True,0,1.5,Completed
P001533,2026-01-09,AC0028,Local transfer,EUR,24204.36,False,True,False,False,0,1.5,Completed
P001584,2026-01-09,AC0010,Local transfer,USD,22062.51,False,True,False,False,0,1.5,Completed
P001914,2026-01-09,AC0033,ACH,EUR,43621.79,False,False,False,False,0,1.5,Completed
P001945,2026-01-09,AC0019,Local transfer,GBP,9079.05,False,False,False,False,0,1.5,Completed
P002159,2026-01-09,AC0047,Local transfer,INR,2398.12,False,True,False,True,0,1.5,Completed
P002304,2026-01-09,AC0021,ACH,EUR,148369.1,False,False,False,False,0,1.5,Completed
P002321,2026-01-09,AC0015,Local transfer,CAD,4494.26,False,True,False,False,0,1.5,Completed
P002342,2026-01-09,AC0038,ACH,USD,15046.64,False,False,False,False,0,1.5,Completed
P002463,2026-01-09,AC0047,Local transfer,INR,82671.19,False,False,False,False,0,1.5,Completed
P002523,2026-01-09,AC0005,Local transfer,USD,1823.07,False,False,False,False,0,1.5,Completed
P002945,2026-01-09,AC0038,Payroll,USD,56218.93,False,False,False,False,0,1.5,Completed
P003035,2026-01-09,AC0041,ACH,JPY,8018.43,False,False,False,False,0,1.5,Completed
P003046,2026-01-09,AC0005,Local transfer,USD,39789.54,False,False,False,False,0,1.5,Completed
P003192,2026-01-09,AC0044,Wire,KRW,18878.88,True,True,False,False,0,43.5,Completed
P003243,2026-01-09,AC0014,Internal transfer,CAD,46014.36,False,True,False,False,0,1.5,Completed
P003419,2026-01-09,AC0001,Payroll,USD,114061.91,False,False,False,False,0,1.5,Completed
P003572,2026-01-09,AC0034,Wire,USD,19877.38,False,False,False,False,0,19.5,Completed
P003590,2026-01-09,AC0017,Wire,GBP,9343.93,False,False,False,False,0,19.5,Completed
P003608,2026-01-09,AC0014,Tax,CAD,35754.01,False,False,False,False,0,1.5,Completed
P003937,2026-01-09,AC0050,ACH,HKD,20878.35,False,True,False,False,0,1.5,Completed
P003939,2026-01-09,AC0002,Wire,USD,10642.97,False,False,False,False,0,19.5,Completed
P003993,2026-01-09,AC0053,ACH,USD,9234.66,False,True,False,False,0,1.5,Completed
P004004,2026-01-09,AC0001,ACH,USD,20922.77,False,False,False,False,0,1.5,Completed
P004549,2026-01-09,AC0007,Local transfer,USD,4714.87,False,False,True,False,58,16.5,Repaired
P004559,2026-01-09,AC0019,ACH,GBP,28991.36,False,False,False,False,0,1.5,Completed
P004934,2026-01-09,AC0014,Internal transfer,CAD,17403.9,False,False,False,False,0,1.5,Completed
P005050,2026-01-09,AC0050,Local transfer,HKD,13715.26,False,False,False,False,0,1.5,Completed
P005066,2026-01-09,AC0025,Payroll,EUR,48934.32,False,True,False,True,0,1.5,Completed
P005170,2026-01-09,AC0028,Local transfer,EUR,30640.24,False,False,False,False,0,1.5,Completed
P005370,2026-01-09,AC0005,Payroll,USD,36678.91,False,False,False,False,0,1.5,Completed
P005575,2026-01-09,AC0031,Local transfer,USD,11615.49,False,True,False,False,0,1.5,Completed
P005652,2026-01-09,AC0025,Local transfer,EUR,184868.74,False,False,False,False,0,1.5,Completed
P005840,2026-01-09,AC0014,Local transfer,CAD,46454.6,False,False,False,False,0,1.5,Completed
P005847,2026-01-09,AC0001,Local transfer,USD,10147.07,False,True,False,True,0,1.5,Completed
P006198,2026-01-09,AC0014,Payroll,CAD,69826.52,False,False,True,False,27,16.5,Repaired
P006530,2026-01-09,AC0014,ACH,CAD,7450.18,False,False,False,False,0,1.5,Completed
P006661,2026-01-09,AC0052,Local transfer,HKD,13870.05,False,False,False,False,0,1.5,Completed
P006663,2026-01-09,AC0044,Local transfer,KRW,21301.35,False,False,False,False,0,1.5,Completed
P006726,2026-01-09,AC0014,ACH,CAD,3169.03,False,False,False,False,0,1.5,Completed
P006830,2026-01-09,AC0038,Wire,USD,4532.82,True,False,False,False,0,43.5,Completed
P007267,2026-01-09,AC0012,Payroll,USD,82403.42,False,True,False,True,0,1.5,Completed
P007330,2026-01-09,AC0023,Local transfer,EUR,8959.0,False,False,False,False,0,1.5,Completed
P007334,2026-01-09,AC0038,Local transfer,USD,5421.79,False,False,False,False,0,1.5,Completed
P007425,2026-01-09,AC0034,ACH,USD,1211.39,False,True,False,False,0,1.5,Completed
P007448,2026-01-09,AC0033,Internal transfer,EUR,14893.33,False,False,False,False,0,1.5,Completed
P007463,2026-01-09,AC0010,Local transfer,USD,21215.15,False,False,False,False,0,1.5,Completed
P007585,2026-01-09,AC0046,Wire,KRW,180324.0,False,False,False,False,0,19.5,Completed
P000308,2026-01-12,AC0029,ACH,EUR,13545.96,False,False,False,False,0,1.5,Completed
P000356,2026-01-12,AC0044,Local transfer,KRW,15402.19,False,False,False,False,0,1.5,Completed
P000503,2026-01-12,AC0028,Local transfer,EUR,23389.74,False,False,False,False,0,1.5,Completed
P000561,2026-01-12,AC0047,Local transfer,INR,9205.76,False,False,False,False,0,1.5,Completed
P000756,2026-01-12,AC0050,Internal transfer,HKD,14458.73,False,False,False,False,0,1.5,Completed
P000761,2026-01-12,AC0049,Tax,USD,59021.64,False,False,False,False,0,1.5,Completed
P000803,2026-01-12,AC0031,Tax,USD,65289.58,False,True,True,False,51,16.5,Repaired
P000820,2026-01-12,AC0025,ACH,EUR,24659.36,False,True,False,False,0,1.5,Completed
P001022,2026-01-12,AC0038,Local transfer,USD,2790.76,False,True,False,True,0,1.5,Completed
P001216,2026-01-12,AC0017,Tax,GBP,30933.02,False,False,False,False,0,1.5,Completed
P001295,2026-01-12,AC0031,Local transfer,USD,12313.03,False,True,False,False,0,1.5,Completed
P001700,2026-01-12,AC0029,Wire,EUR,3010.22,True,False,False,False,0,43.5,Completed
P001858,2026-01-12,AC0034,Local transfer,USD,8924.97,False,False,False,False,0,1.5,Completed
P001978,2026-01-12,AC0044,Tax,KRW,40565.28,False,False,False,False,0,1.5,Completed
P002062,2026-01-12,AC0044,Wire,KRW,1919.0,False,False,False,False,0,19.5,Completed
P002246,2026-01-12,AC0028,Local transfer,EUR,57176.2,False,False,False,False,0,1.5,Completed
P002328,2026-01-12,AC0043,ACH,JPY,44893.92,False,False,False,False,0,1.5,Completed
P002340,2026-01-12,AC0041,Local transfer,JPY,15171.62,False,False,False,False,0,1.5,Completed
P002429,2026-01-12,AC0043,Local transfer,JPY,6555.52,False,False,False,False,0,1.5,Completed
P002467,2026-01-12,AC0030,ACH,USD,890.65,False,True,False,False,0,1.5,Completed
P002531,2026-01-12,AC0001,Wire,USD,22996.65,True,False,True,False,59,58.5,Repaired
P002866,2026-01-12,AC0047,ACH,INR,29686.72,False,True,False,False,0,1.5,Completed
P002965,2026-01-12,AC0045,Wire,KRW,12034.8,False,True,False,True,0,19.5,Completed
P003090,2026-01-12,AC0028,Local transfer,EUR,5863.73,False,False,False,False,0,1.5,Completed
P003169,2026-01-12,AC0014,Local transfer,CAD,129067.93,False,False,False,False,0,1.5,Completed
P003182,2026-01-12,AC0031,ACH,USD,3090.41,False,False,False,False,0,1.5,Completed
P003258,2026-01-12,AC0021,Payroll,EUR,29774.49,False,True,False,False,0,1.5,Completed
P003444,2026-01-12,AC0021,Local transfer,EUR,52035.04,False,True,False,False,0,1.5,Completed
P003472,2026-01-12,AC0052,ACH,HKD,32415.3,False,False,False,False,0,1.5,Completed
P003645,2026-01-12,AC0034,Local transfer,USD,3122.37,False,False,False,False,0,1.5,Completed
P003684,2026-01-12,AC0038,Payroll,USD,353224.12,False,True,True,False,32,16.5,Repaired
P003692,2026-01-12,AC0001,Tax,USD,78717.25,False,True,True,False,29,16.5,Repaired
P003905,2026-01-12,AC0038,Payroll,USD,47238.52,False,True,False,False,0,1.5,Completed
P004094,2026-01-12,AC0034,Tax,USD,98857.13,False,False,False,False,0,1.5,Completed
P004261,2026-01-12,AC0016,ACH,CAD,8562.93,False,False,False,False,0,1.5,Completed
P004352,2026-01-12,AC0050,Wire,HKD,3012.78,True,True,False,False,0,43.5,Completed
P004354,2026-01-12,AC0014,Local transfer,CAD,63631.72,False,False,False,False,0,1.5,Completed
P004489,2026-01-12,AC0001,Local transfer,USD,10336.2,False,False,True,False,47,16.5,Repaired
P004812,2026-01-12,AC0047,Local transfer,INR,7762.67,False,False,False,False,0,1.5,Completed
P004954,2026-01-12,AC0031,Local transfer,USD,5879.69,False,False,False,False,0,1.5,Completed
P005143,2026-01-12,AC0034,Payroll,USD,39815.21,False,False,False,False,0,1.5,Completed
P005391,2026-01-12,AC0021,ACH,EUR,2123.07,False,False,False,False,0,1.5,Completed
P005477,2026-01-12,AC0028,Local transfer,EUR,30183.15,False,False,False,False,0,1.5,Completed
P005609,2026-01-12,AC0028,ACH,EUR,7609.37,False,False,False,False,0,1.5,Completed
P005643,2026-01-12,AC0001,Tax,USD,45523.49,False,True,True,False,27,16.5,Repaired
P005797,2026-01-12,AC0053,Local transfer,USD,10704.66,False,True,False,False,0,1.5,Completed
P005804,2026-01-12,AC0050,Local transfer,HKD,885.7,False,False,False,False,0,1.5,Completed
P005815,2026-01-12,AC0047,ACH,INR,27764.32,False,True,False,False,0,1.5,Completed
P006097,2026-01-12,AC0047,Payroll,INR,67145.07,False,True,False,False,0,1.5,Completed
P006588,2026-01-12,AC0034,Local transfer,USD,12331.02,False,True,False,False,0,1.5,Completed
P007062,2026-01-12,AC0028,Wire,EUR,10018.01,True,False,False,False,0,43.5,Completed
P007080,2026-01-12,AC0028,Wire,EUR,11695.95,False,False,False,False,0,19.5,Completed
P007206,2026-01-12,AC0005,Local transfer,USD,29073.03,False,True,True,False,24,16.5,Repaired
P007411,2026-01-12,AC0053,Wire,USD,5471.29,True,False,False,False,0,43.5,Completed
P007482,2026-01-12,AC0001,ACH,USD,29715.87,False,False,False,False,0,1.5,Completed
P000001,2026-01-13,AC0038,ACH,USD,13376.14,False,False,False,False,0,1.5,Completed
P000459,2026-01-13,AC0048,Local transfer,INR,59808.93,False,False,False,False,0,1.5,Completed
P000477,2026-01-13,AC0050,ACH,HKD,4710.74,False,False,False,False,0,1.5,Completed
P000928,2026-01-13,AC0053,Tax,USD,10976.45,False,False,False,False,0,1.5,Completed
P001041,2026-01-13,AC0028,ACH,EUR,29576.2,False,True,False,False,0,1.5,Completed
P001043,2026-01-13,AC0014,Tax,CAD,17533.67,False,False,False,False,0,1.5,Completed
P001073,2026-01-13,AC0031,Wire,USD,9568.53,True,True,False,False,0,43.5,Completed
P001102,2026-01-13,AC0031,Wire,USD,7451.93,True,True,False,False,0,43.5,Completed
P001269,2026-01-13,AC0050,Wire,HKD,13617.94,False,True,True,False,24,34.5,Rejected
P001574,2026-01-13,AC0010,Tax,USD,124701.67,False,True,False,False,0,1.5,Completed
P001594,2026-01-13,AC0047,Local transfer,INR,3901.84,False,False,False,False,0,1.5,Completed
P001690,2026-01-13,AC0053,Local transfer,USD,32929.4,False,False,False,False,0,1.5,Completed
P002040,2026-01-13,AC0017,ACH,GBP,21369.85,False,False,False,False,0,1.5,Completed
P002257,2026-01-13,AC0050,ACH,HKD,5999.19,False,True,False,False,0,1.5,Completed
P002259,2026-01-13,AC0010,Local transfer,USD,7650.28,False,True,False,True,0,1.5,Completed
P002413,2026-01-13,AC0028,Local transfer,EUR,23505.58,False,False,False,False,0,1.5,Completed
P002453,2026-01-13,AC0022,ACH,EUR,8122.94,False,False,False,False,0,1.5,Completed
P002492,2026-01-13,AC0053,Local transfer,USD,119185.42,False,False,False,True,0,1.5,Completed
P002814,2026-01-13,AC0053,ACH,USD,4581.27,False,False,False,False,0,1.5,Completed
P002827,2026-01-13,AC0054,Wire,USD,13971.34,False,False,False,False,0,19.5,Completed
P002834,2026-01-13,AC0038,ACH,USD,62807.52,False,False,False,False,0,1.5,Completed
P002938,2026-01-13,AC0044,Wire,KRW,8412.84,False,True,False,False,0,19.5,Completed
P003223,2026-01-13,AC0002,Wire,USD,10824.16,True,True,True,False,48,58.5,Repaired
P003257,2026-01-13,AC0038,Wire,USD,16418.81,False,False,False,False,0,19.5,Completed
P003307,2026-01-13,AC0006,Local transfer,USD,36727.11,False,False,False,False,0,1.5,Completed
P003662,2026-01-13,AC0012,ACH,USD,3430.17,False,False,False,False,0,1.5,Completed
P003701,2026-01-13,AC0031,Local transfer,USD,4307.08,False,False,False,False,0,1.5,Completed
P003780,2026-01-13,AC0026,ACH,USD,3180.71,False,True,True,False,27,16.5,Repaired
P004181,2026-01-13,AC0038,Local transfer,USD,32826.86,False,False,False,False,0,1.5,Completed
P004252,2026-01-13,AC0050,Payroll,HKD,5364.6,False,True,False,False,0,1.5,Completed
P004297,2026-01-13,AC0034,ACH,USD,25195.98,False,True,False,False,0,1.5,Completed
P004449,2026-01-13,AC0055,ACH,USD,11739.71,False,False,False,False,0,1.5,Completed
P004574,2026-01-13,AC0038,Local transfer,USD,15813.45,False,True,False,False,0,1.5,Completed
P004630,2026-01-13,AC0011,Wire,USD,14903.34,False,False,False,False,0,19.5,Completed
P004753,2026-01-13,AC0014,Local transfer,CAD,26466.1,False,False,False,False,0,1.5,Completed
P004962,2026-01-13,AC0028,Wire,EUR,11206.78,False,False,False,False,0,19.5,Completed
P005136,2026-01-13,AC0034,Wire,USD,8027.92,True,False,False,False,0,43.5,Completed
P005305,2026-01-13,AC0028,Wire,EUR,2593.83,True,True,False,False,0,43.5,Completed
P005481,2026-01-13,AC0025,Payroll,EUR,5170.32,False,True,False,False,0,1.5,Completed
P005598,2026-01-13,AC0010,ACH,USD,2550.92,False,True,False,False,0,1.5,Completed
P005657,2026-01-13,AC0028,Local transfer,EUR,6822.53,False,False,False,False,0,1.5,Completed
P005718,2026-01-13,AC0047,Payroll,INR,115756.56,False,False,False,False,0,1.5,Completed
P005722,2026-01-13,AC0010,ACH,USD,5949.8,False,False,False,False,0,1.5,Completed
P005886,2026-01-13,AC0007,Local transfer,USD,28520.81,False,True,False,False,0,1.5,Completed
P006007,2026-01-13,AC0045,Local transfer,KRW,13310.45,False,True,False,False,0,1.5,Completed
P006207,2026-01-13,AC0038,ACH,USD,4807.72,False,False,False,False,0,1.5,Completed
P006302,2026-01-13,AC0005,ACH,USD,2910.61,False,False,False,False,0,1.5,Completed
P006370,2026-01-13,AC0041,ACH,JPY,3398.44,False,False,False,False,0,1.5,Completed
P006544,2026-01-13,AC0041,Tax,JPY,12436.52,False,False,False,False,0,1.5,Completed
P006622,2026-01-13,AC0038,Payroll,USD,27444.87,False,False,False,False,0,1.5,Completed
P006670,2026-01-13,AC0005,Payroll,USD,2999.13,False,False,False,False,0,1.5,Completed
P006905,2026-01-13,AC0023,Payroll,EUR,83279.41,False,True,False,False,0,1.5,Completed
P006922,2026-01-13,AC0025,ACH,EUR,5464.45,False,True,True,False,43,16.5,Repaired
P007028,2026-01-13,AC0029,ACH,EUR,23369.58,False,False,False,False,0,1.5,Completed
P007185,2026-01-13,AC0041,Wire,JPY,16663.34,True,False,False,False,0,43.5,Completed
P007279,2026-01-13,AC0018,Local transfer,GBP,11204.71,False,False,False,False,0,1.5,Completed
P007438,2026-01-13,AC0012,ACH,USD,13490.69,False,False,False,False,0,1.5,Completed
P007550,2026-01-13,AC0002,Wire,USD,1311.99,False,False,False,False,0,19.5,Completed
P007571,2026-01-13,AC0005,ACH,USD,25443.01,False,False,False,False,0,1.5,Completed
P007597,2026-01-13,AC0015,Internal transfer,CAD,1936.21,False,True,False,True,0,1.5,Completed
P000082,2026-01-14,AC0044,Local transfer,KRW,8725.75,False,False,False,True,0,1.5,Completed
P000231,2026-01-14,AC0014,Local transfer,CAD,90403.82,False,False,False,False,0,1.5,Completed
P000397,2026-01-14,AC0025,ACH,EUR,17572.4,False,True,True,False,44,16.5,Repaired
P000428,2026-01-14,AC0044,Payroll,KRW,47720.8,False,False,False,False,0,1.5,Completed
P000824,2026-01-14,AC0049,ACH,USD,42310.49,False,False,False,False,0,1.5,Completed
P000866,2026-01-14,AC0032,ACH,EUR,6803.72,False,True,False,False,0,1.5,Completed
P001020,2026-01-14,AC0040,Local transfer,AUD,4599.91,False,False,True,False,45,16.5,Repaired
P001355,2026-01-14,AC0050,Payroll,HKD,44955.48,False,False,False,False,0,1.5,Completed
P001384,2026-01-14,AC0017,Local transfer,GBP,4079.76,False,True,False,False,0,1.5,Completed
P001418,2026-01-14,AC0038,Local transfer,USD,19436.18,False,False,False,False,0,1.5,Completed
P001682,2026-01-14,AC0017,Local transfer,GBP,27658.96,False,False,False,False,0,1.5,Completed
P002250,2026-01-14,AC0033,Local transfer,EUR,46674.13,False,False,False,False,0,1.5,Completed
P002335,2026-01-14,AC0035,Local transfer,SGD,5558.48,False,True,False,False,0,1.5,Completed
P002470,2026-01-14,AC0044,ACH,KRW,12334.53,False,True,False,False,0,1.5,Completed
P002485,2026-01-14,AC0021,ACH,EUR,2158.76,False,False,False,False,0,1.5,Completed
P002488,2026-01-14,AC0034,ACH,USD,106430.0,False,True,False,False,0,1.5,Completed
P002578,2026-01-14,AC0028,Local transfer,EUR,12210.0,False,False,True,False,62,16.5,Rejected
P002899,2026-01-14,AC0017,Local transfer,GBP,132304.63,False,True,False,False,0,1.5,Completed
P002986,2026-01-14,AC0014,Local transfer,CAD,11965.08,False,False,False,False,0,1.5,Completed
P002987,2026-01-14,AC0050,Local transfer,HKD,14840.98,False,True,False,False,0,1.5,Completed
P003582,2026-01-14,AC0047,Wire,INR,34588.65,False,False,False,False,0,19.5,Completed
P004044,2026-01-14,AC0030,Wire,USD,11956.45,True,True,False,False,0,43.5,Completed
P004062,2026-01-14,AC0008,ACH,USD,119134.36,False,False,False,False,0,1.5,Completed
P004093,2026-01-14,AC0030,ACH,USD,52851.08,False,False,False,False,0,1.5,Completed
P004126,2026-01-14,AC0035,ACH,SGD,14126.46,False,False,False,False,0,1.5,Completed
P004383,2026-01-14,AC0053,ACH,USD,7336.01,False,False,False,False,0,1.5,Completed
P004700,2026-01-14,AC0014,ACH,CAD,7323.03,False,False,False,False,0,1.5,Completed
P004774,2026-01-14,AC0017,Local transfer,GBP,2572.09,False,False,False,False,0,1.5,Completed
P004816,2026-01-14,AC0014,Local transfer,CAD,2433.28,False,False,False,False,0,1.5,Completed
P004886,2026-01-14,AC0030,ACH,USD,850.19,False,False,False,False,0,1.5,Completed
P004899,2026-01-14,AC0047,ACH,INR,29540.91,False,False,False,False,0,1.5,Completed
P005123,2026-01-14,AC0041,Local transfer,JPY,16684.21,False,False,False,False,0,1.5,Completed
P005146,2026-01-14,AC0015,Local transfer,CAD,10249.15,False,True,False,False,0,1.5,Completed
P005159,2026-01-14,AC0010,Local transfer,USD,1988.63,False,True,False,False,0,1.5,Completed
P005182,2026-01-14,AC0047,Local transfer,INR,15058.72,False,False,False,False,0,1.5,Completed
P005784,2026-01-14,AC0014,Internal transfer,CAD,4377.77,False,False,False,False,0,1.5,Completed
P005799,2026-01-14,AC0031,Internal transfer,USD,36970.62,False,True,True,True,38,16.5,Repaired
P005892,2026-01-14,AC0053,Local transfer,USD,5221.64,False,False,False,False,0,1.5,Completed
P006029,2026-01-14,AC0050,Tax,HKD,45811.09,False,False,False,False,0,1.5,Completed
P006034,2026-01-14,AC0047,ACH,INR,286154.38,False,False,False,False,0,1.5,Completed
P006093,2026-01-14,AC0017,Wire,GBP,9544.75,True,True,False,False,0,43.5,Completed
P006292,2026-01-14,AC0014,Payroll,CAD,6306.35,False,True,False,False,0,1.5,Completed
P006584,2026-01-14,AC0020,Local transfer,GBP,28151.55,False,False,False,False,0,1.5,Completed
P006756,2026-01-14,AC0015,ACH,CAD,3563.16,False,False,False,False,0,1.5,Completed
P006883,2026-01-14,AC0032,Internal transfer,EUR,69174.86,False,False,False,False,0,1.5,Completed
P006986,2026-01-14,AC0039,Local transfer,AUD,16385.65,False,False,False,False,0,1.5,Completed
P007176,2026-01-14,AC0047,Wire,INR,43854.18,True,False,False,False,0,43.5,Completed
P007232,2026-01-14,AC0010,Internal transfer,USD,43992.0,False,False,False,False,0,1.5,Completed
P007402,2026-01-14,AC0035,Payroll,SGD,703359.31,False,False,False,False,0,1.5,Completed
P000003,2026-01-15,AC0034,Wire,USD,36375.17,False,False,False,False,0,19.5,Completed
P000117,2026-01-15,AC0017,ACH,GBP,33875.41,False,True,False,False,0,1.5,Completed
P000163,2026-01-15,AC0035,Local transfer,SGD,3767.77,False,False,False,False,0,1.5,Completed
P000347,2026-01-15,AC0025,Wire,EUR,14208.33,False,True,False,False,0,19.5,Completed
P000387,2026-01-15,AC0041,ACH,JPY,16581.1,False,False,False,False,0,1.5,Completed
P000480,2026-01-15,AC0032,Local transfer,EUR,3293.76,False,False,False,False,0,1.5,Completed
P000662,2026-01-15,AC0050,Internal transfer,HKD,2430.06,False,False,False,False,0,1.5,Completed
P000749,2026-01-15,AC0044,ACH,KRW,9413.1,False,True,False,False,0,1.5,Completed
P001233,2026-01-15,AC0012,Payroll,USD,64663.37,False,False,False,False,0,1.5,Completed
P001326,2026-01-15,AC0053,Local transfer,USD,28083.7,False,False,False,False,0,1.5,Completed
P001427,2026-01-15,AC0053,Local transfer,USD,150349.09,False,False,False,False,0,1.5,Completed
P001509,2026-01-15,AC0010,Local transfer,USD,488.58,False,False,False,False,0,1.5,Completed
P001599,2026-01-15,AC0047,ACH,INR,3147.12,False,True,False,False,0,1.5,Completed
P001655,2026-01-15,AC0032,Payroll,EUR,25935.23,False,False,False,False,0,1.5,Completed
P001663,2026-01-15,AC0044,ACH,KRW,5846.64,False,True,False,False,0,1.5,Completed
P001745,2026-01-15,AC0014,Local transfer,CAD,6465.68,False,False,False,False,0,1.5,Completed
P001820,2026-01-15,AC0041,ACH,JPY,4279.96,False,False,False,False,0,1.5,Completed
P001973,2026-01-15,AC0038,ACH,USD,74475.56,False,False,False,False,0,1.5,Completed
P002090,2026-01-15,AC0001,Local transfer,USD,6099.31,False,False,False,False,0,1.5,Completed
P002118,2026-01-15,AC0025,Payroll,EUR,477300.79,False,False,False,False,0,1.5,Completed
P002790,2026-01-15,AC0021,ACH,EUR,183277.56,False,False,False,False,0,1.5,Completed
P003052,2026-01-15,AC0044,ACH,KRW,18163.96,False,False,False,False,0,1.5,Completed
P003115,2026-01-15,AC0010,Internal transfer,USD,2190.73,False,True,False,False,0,1.5,Completed
P003148,2026-01-15,AC0031,Local transfer,USD,7402.1,False,True,True,False,14,16.5,Rejected
P003215,2026-01-15,AC0025,Local transfer,EUR,7273.97,False,True,False,True,0,1.5,Completed
P003346,2026-01-15,AC0001,Local transfer,USD,6901.92,False,True,False,False,0,1.5,Completed
P003674,2026-01-15,AC0038,Local transfer,USD,31552.83,False,True,False,False,0,1.5,Completed
P003761,2026-01-15,AC0053,Local transfer,USD,3435.27,False,False,False,False,0,1.5,Completed
P003789,2026-01-15,AC0050,Wire,HKD,16886.32,True,True,False,False,0,43.5,Completed
P003980,2026-01-15,AC0044,Local transfer,KRW,1244.83,False,False,False,False,0,1.5,Completed
P004055,2026-01-15,AC0005,Local transfer,USD,4297.3,False,False,False,False,0,1.5,Completed
P004200,2026-01-15,AC0049,Payroll,USD,337811.34,False,False,False,False,0,1.5,Completed
P004223,2026-01-15,AC0050,Tax,HKD,44726.4,False,False,False,False,0,1.5,Completed
P004595,2026-01-15,AC0054,Wire,USD,29006.94,False,False,False,False,0,19.5,Completed
P004697,2026-01-15,AC0055,ACH,USD,46967.39,False,False,False,False,0,1.5,Completed
P004923,2026-01-15,AC0025,Local transfer,EUR,4606.29,False,False,False,False,0,1.5,Completed
P004959,2026-01-15,AC0021,ACH,EUR,5622.98,False,True,False,False,0,1.5,Completed
P005067,2026-01-15,AC0053,Wire,USD,20359.98,True,True,False,False,0,43.5,Completed
P005138,2026-01-15,AC0001,Local transfer,USD,53017.11,False,True,False,False,0,1.5,Completed
P005225,2026-01-15,AC0016,ACH,CAD,8213.0,False,True,False,True,0,1.5,Completed
P005388,2026-01-15,AC0025,ACH,EUR,33417.84,False,True,False,False,0,1.5,Completed
P005614,2026-01-15,AC0047,Tax,INR,157695.55,False,False,False,False,0,1.5,Completed
P005628,2026-01-15,AC0047,ACH,INR,2381.45,False,True,False,False,0,1.5,Completed
P005699,2026-01-15,AC0007,Local transfer,USD,10285.5,False,False,False,False,0,1.5,Completed
P005774,2026-01-15,AC0034,Wire,USD,37440.29,True,False,False,False,0,43.5,Completed
P005888,2026-01-15,AC0028,Wire,EUR,34304.27,False,False,False,False,0,19.5,Completed
P006150,2026-01-15,AC0022,Payroll,EUR,266898.27,False,True,False,False,0,1.5,Completed
P006195,2026-01-15,AC0021,Internal transfer,EUR,18572.91,False,False,False,False,0,1.5,Completed
P006308,2026-01-15,AC0010,Local transfer,USD,7863.16,False,True,False,False,0,1.5,Completed
P006337,2026-01-15,AC0050,ACH,HKD,16036.68,False,False,False,False,0,1.5,Completed
P006449,2026-01-15,AC0040,ACH,AUD,26930.12,False,True,False,False,0,1.5,Completed
P006535,2026-01-15,AC0038,Local transfer,USD,5007.65,False,True,True,False,63,16.5,Repaired
P006766,2026-01-15,AC0052,ACH,HKD,8719.74,False,False,False,False,0,1.5,Completed
P006835,2026-01-15,AC0038,Local transfer,USD,14275.45,False,False,False,False,0,1.5,Completed
P007051,2026-01-15,AC0047,ACH,INR,7917.77,False,False,False,False,0,1.5,Completed
P007052,2026-01-15,AC0053,Local transfer,USD,6921.87,False,False,False,False,0,1.5,Completed
P007120,2026-01-15,AC0055,Tax,USD,37053.79,False,False,False,False,0,1.5,Completed
P007182,2026-01-15,AC0038,Local transfer,USD,6587.13,False,False,False,False,0,1.5,Completed
P007184,2026-01-15,AC0047,Local transfer,INR,5145.39,False,False,False,False,0,1.5,Completed
P007197,2026-01-15,AC0055,Local transfer,USD,13918.21,False,True,True,True,17,16.5,Repaired
P007209,2026-01-15,AC0053,Local transfer,USD,24768.19,False,False,False,False,0,1.5,Completed
P007395,2026-01-15,AC0053,Wire,USD,2309.71,False,False,False,False,0,19.5,Completed
P007490,2026-01-15,AC0028,Tax,EUR,35655.36,False,False,False,False,0,1.5,Completed
P007502,2026-01-15,AC0028,Wire,EUR,12682.34,True,False,False,False,0,43.5,Completed
P000504,2026-01-16,AC0053,Local transfer,USD,6089.29,False,False,False,False,0,1.5,Completed
P001236,2026-01-16,AC0047,ACH,INR,459299.68,False,True,False,False,0,1.5,Completed
P001394,2026-01-16,AC0053,ACH,USD,12563.48,False,True,False,False,0,1.5,Completed
P001485,2026-01-16,AC0041,Payroll,JPY,101362.35,False,False,False,False,0,1.5,Completed
P001553,2026-01-16,AC0010,ACH,USD,125560.29,False,False,False,False,0,1.5,Completed
P001699,2026-01-16,AC0031,Wire,USD,20185.77,True,True,True,True,15,58.5,Repaired
P002318,2026-01-16,AC0051,Local transfer,HKD,22611.02,False,False,False,True,0,1.5,Completed
P002371,2026-01-16,AC0010,ACH,USD,4522.37,False,False,False,False,0,1.5,Completed
P002374,2026-01-16,AC0028,Internal transfer,EUR,5139.02,False,False,True,True,57,16.5,Rejected
P002729,2026-01-16,AC0021,Local transfer,EUR,54497.76,False,True,False,True,0,1.5,Completed
P002830,2026-01-16,AC0041,Local transfer,JPY,3538.95,False,True,False,False,0,1.5,Completed
P002856,2026-01-16,AC0025,ACH,EUR,9430.33,False,False,False,False,0,1.5,Completed
P004341,2026-01-16,AC0005,ACH,USD,6689.82,False,False,False,False,0,1.5,Completed
P004370,2026-01-16,AC0034,Payroll,USD,28189.16,False,True,False,True,0,1.5,Completed
P004404,2026-01-16,AC0042,Tax,USD,2245.1,False,False,False,False,0,1.5,Completed
P004431,2026-01-16,AC0010,ACH,USD,14273.97,False,False,True,True,66,16.5,Repaired
P004472,2026-01-16,AC0021,Payroll,EUR,37507.46,False,True,False,False,0,1.5,Completed
P004642,2026-01-16,AC0001,Internal transfer,USD,1459.13,False,True,False,True,0,1.5,Completed
P004727,2026-01-16,AC0034,Local transfer,USD,53105.79,False,True,False,False,0,1.5,Completed
P004788,2026-01-16,AC0050,ACH,HKD,24403.36,False,True,False,False,0,1.5,Completed
P004789,2026-01-16,AC0046,ACH,KRW,3848.39,False,True,False,False,0,1.5,Completed
P004932,2026-01-16,AC0025,Local transfer,EUR,5861.88,False,True,False,False,0,1.5,Completed
P004951,2026-01-16,AC0038,Payroll,USD,87849.61,False,False,False,False,0,1.5,Completed
P005035,2026-01-16,AC0020,Payroll,GBP,84939.94,False,True,False,False,0,1.5,Completed
P005039,2026-01-16,AC0005,Local transfer,USD,158961.61,False,True,False,False,0,1.5,Completed
P005045,2026-01-16,AC0044,ACH,KRW,28684.13,False,False,False,False,0,1.5,Completed
P005046,2026-01-16,AC0042,Payroll,USD,214206.09,False,False,False,False,0,1.5,Completed
P005183,2026-01-16,AC0049,Payroll,USD,74959.05,False,False,False,False,0,1.5,Completed
P005413,2026-01-16,AC0016,Local transfer,CAD,13894.33,False,False,False,False,0,1.5,Completed
P005449,2026-01-16,AC0014,Local transfer,CAD,7757.84,False,False,False,False,0,1.5,Completed
P005491,2026-01-16,AC0005,Local transfer,USD,100469.43,False,False,False,False,0,1.5,Completed
P005516,2026-01-16,AC0053,Local transfer,USD,8758.33,False,False,False,False,0,1.5,Completed
P005540,2026-01-16,AC0015,Local transfer,CAD,3669.47,False,False,False,False,0,1.5,Completed
P005644,2026-01-16,AC0005,Local transfer,USD,1403.92,False,False,False,False,0,1.5,Completed
P005691,2026-01-16,AC0044,Tax,KRW,67508.63,False,False,False,False,0,1.5,Completed
P005700,2026-01-16,AC0021,Internal transfer,EUR,11163.39,False,False,False,False,0,1.5,Completed
P005709,2026-01-16,AC0044,ACH,KRW,1402.77,False,False,False,False,0,1.5,Completed
P005907,2026-01-16,AC0005,ACH,USD,16093.99,False,False,False,False,0,1.5,Completed
P005908,2026-01-16,AC0047,Local transfer,INR,26186.61,False,True,True,False,38,16.5,Repaired
P006015,2026-01-16,AC0014,Local transfer,CAD,13004.62,False,True,False,False,0,1.5,Completed
P006265,2026-01-16,AC0034,ACH,USD,8287.18,False,False,False,False,0,1.5,Completed
P006475,2026-01-16,AC0012,Internal transfer,USD,1661.81,False,True,True,False,67,16.5,Repaired
P006532,2026-01-16,AC0017,Wire,GBP,4715.43,False,False,False,False,0,19.5,Completed
P006619,2026-01-16,AC0018,Internal transfer,GBP,5731.16,False,True,False,False,0,1.5,Completed
P006628,2026-01-16,AC0029,Payroll,EUR,248450.27,False,False,False,False,0,1.5,Completed
P006754,2026-01-16,AC0050,Payroll,HKD,60559.41,False,False,False,False,0,1.5,Completed
P006773,2026-01-16,AC0044,Local transfer,KRW,4148.02,False,False,False,False,0,1.5,Completed
P006812,2026-01-16,AC0034,ACH,USD,43915.39,False,True,True,False,50,16.5,Repaired
P006857,2026-01-16,AC0028,Local transfer,EUR,21202.01,False,False,False,False,0,1.5,Completed
P006860,2026-01-16,AC0005,Payroll,USD,79010.92,False,False,False,False,0,1.5,Completed
P006879,2026-01-16,AC0010,ACH,USD,3081.81,False,False,False,False,0,1.5,Completed
P007141,2026-01-16,AC0019,Local transfer,GBP,8127.53,False,False,False,False,0,1.5,Completed
P007294,2026-01-16,AC0019,ACH,GBP,9210.73,False,False,False,False,0,1.5,Completed
P007364,2026-01-16,AC0028,Wire,EUR,4583.49,True,True,True,False,66,58.5,Repaired
P007455,2026-01-16,AC0038,Internal transfer,USD,43022.29,False,False,False,True,0,1.5,Completed
P007541,2026-01-16,AC0001,ACH,USD,818.07,False,False,False,False,0,1.5,Completed
P007552,2026-01-16,AC0021,Wire,EUR,3294.64,True,True,False,False,0,43.5,Completed
P000133,2026-01-19,AC0043,ACH,JPY,3836.89,False,False,False,False,0,1.5,Completed
P000381,2026-01-19,AC0046,ACH,KRW,92119.4,False,False,False,False,0,1.5,Completed
P000462,2026-01-19,AC0017,Local transfer,GBP,7368.86,False,False,False,True,0,1.5,Completed
P000479,2026-01-19,AC0045,Local transfer,KRW,6546.65,False,False,False,False,0,1.5,Completed
P000634,2026-01-19,AC0005,Internal transfer,USD,41730.49,False,False,False,False,0,1.5,Completed
P000658,2026-01-19,AC0014,Internal transfer,CAD,11155.13,False,False,False,False,0,1.5,Completed
P000708,2026-01-19,AC0025,Local transfer,EUR,2464.4,False,False,False,False,0,1.5,Completed
P000733,2026-01-19,AC0038,Local transfer,USD,37451.38,False,False,True,False,73,16.5,Repaired
P000883,2026-01-19,AC0040,Payroll,AUD,54167.09,False,False,False,False,0,1.5,Completed
P000930,2026-01-19,AC0053,Payroll,USD,254521.45,False,False,False,False,0,1.5,Completed
P000981,2026-01-19,AC0014,Payroll,CAD,14621.02,False,True,False,True,0,1.5,Completed
P001471,2026-01-19,AC0010,ACH,USD,6408.79,False,True,True,False,44,16.5,Repaired
P001550,2026-01-19,AC0031,Local transfer,USD,13529.94,False,True,False,False,0,1.5,Completed
P001721,2026-01-19,AC0016,Wire,CAD,9724.11,True,True,False,False,0,43.5,Completed
P001909,2026-01-19,AC0001,ACH,USD,21315.08,False,True,True,False,18,16.5,Repaired
P002014,2026-01-19,AC0053,Wire,USD,13690.91,True,True,False,False,0,43.5,Completed
P002403,2026-01-19,AC0041,Local transfer,JPY,55219.17,False,False,False,False,0,1.5,Completed
P002445,2026-01-19,AC0014,Internal transfer,CAD,7407.06,False,True,False,False,0,1.5,Completed
P002513,2026-01-19,AC0016,Wire,CAD,3700.68,False,True,False,False,0,19.5,Completed
P002932,2026-01-19,AC0011,Wire,USD,31216.16,False,False,False,False,0,19.5,Completed
P002962,2026-01-19,AC0003,Local transfer,USD,8911.5,False,False,False,False,0,1.5,Completed
P003295,2026-01-19,AC0047,Local transfer,INR,12863.76,False,False,False,False,0,1.5,Completed
P003382,2026-01-19,AC0017,Local transfer,GBP,8122.6,False,True,False,False,0,1.5,Completed
P003393,2026-01-19,AC0005,Local transfer,USD,3433.59,False,False,False,False,0,1.5,Completed
P003642,2026-01-19,AC0028,Payroll,EUR,149203.8,False,False,False,False,0,1.5,Completed
P004037,2026-01-19,AC0034,Wire,USD,9685.21,True,False,False,True,0,43.5,Completed
P004059,2026-01-19,AC0044,Wire,KRW,27550.25,False,True,False,False,0,19.5,Completed
P004469,2026-01-19,AC0005,Internal transfer,USD,6144.03,False,False,False,False,0,1.5,Completed
P004573,2026-01-19,AC0047,Wire,INR,30710.29,True,False,False,False,0,43.5,Completed
P004587,2026-01-19,AC0031,Wire,USD,3280.41,False,True,False,True,0,19.5,Completed
P004648,2026-01-19,AC0001,ACH,USD,11094.37,False,False,False,False,0,1.5,Completed
P004756,2026-01-19,AC0029,Wire,EUR,8776.31,True,False,True,False,17,58.5,Repaired
P004938,2026-01-19,AC0043,Payroll,JPY,89676.18,False,True,False,False,0,1.5,Completed
P005057,2026-01-19,AC0050,Internal transfer,HKD,9305.53,False,True,False,False,0,1.5,Completed
P005121,2026-01-19,AC0055,Wire,USD,4557.0,False,False,False,False,0,19.5,Completed
P005545,2026-01-19,AC0014,Payroll,CAD,23420.52,False,False,False,False,0,1.5,Completed
P005916,2026-01-19,AC0028,Tax,EUR,127103.61,False,True,False,False,0,1.5,Completed
P006055,2026-01-19,AC0031,Internal transfer,USD,10613.82,False,False,False,False,0,1.5,Completed
P006062,2026-01-19,AC0034,ACH,USD,12097.86,False,False,False,False,0,1.5,Completed
P006082,2026-01-19,AC0047,Wire,INR,1050.12,False,True,True,True,64,34.5,Repaired
P006206,2026-01-19,AC0019,Payroll,GBP,56103.78,False,True,False,False,0,1.5,Completed
P006213,2026-01-19,AC0010,Local transfer,USD,3494.51,False,True,True,False,60,16.5,Repaired
P006263,2026-01-19,AC0044,Wire,KRW,20221.21,True,True,False,False,0,43.5,Completed
P006307,2026-01-19,AC0035,Internal transfer,SGD,24512.96,False,False,False,False,0,1.5,Completed
P006629,2026-01-19,AC0034,Tax,USD,35098.22,False,True,False,False,0,1.5,Completed
P006699,2026-01-19,AC0017,Internal transfer,GBP,33436.39,False,False,False,False,0,1.5,Completed
P006706,2026-01-19,AC0001,Local transfer,USD,3459.63,False,False,False,False,0,1.5,Completed
P006793,2026-01-19,AC0042,Internal transfer,USD,4665.17,False,False,False,False,0,1.5,Completed
P006895,2026-01-19,AC0042,Local transfer,USD,1372.13,False,False,False,False,0,1.5,Completed
P006985,2026-01-19,AC0051,Local transfer,HKD,4926.97,False,False,False,False,0,1.5,Completed
P007096,2026-01-19,AC0053,Local transfer,USD,40760.36,False,False,False,False,0,1.5,Completed
P007442,2026-01-19,AC0054,Internal transfer,USD,16485.23,False,True,False,False,0,1.5,Completed
P007499,2026-01-19,AC0046,Local transfer,KRW,27227.03,False,False,False,False,0,1.5,Completed
P007579,2026-01-19,AC0046,Payroll,KRW,62829.79,False,False,False,False,0,1.5,Completed
P000106,2026-01-20,AC0010,Wire,USD,20162.01,False,True,False,False,0,19.5,Completed
P000726,2026-01-20,AC0034,Local transfer,USD,14315.22,False,False,False,False,0,1.5,Completed
P000727,2026-01-20,AC0053,Local transfer,USD,7722.44,False,False,False,False,0,1.5,Completed
P000840,2026-01-20,AC0027,Tax,EUR,18471.51,False,False,False,False,0,1.5,Completed
P000903,2026-01-20,AC0010,ACH,USD,72846.75,False,True,False,False,0,1.5,Completed
P001457,2026-01-20,AC0002,Local transfer,USD,9446.88,False,True,False,False,0,1.5,Completed
P001516,2026-01-20,AC0051,ACH,HKD,8024.28,False,False,False,False,0,1.5,Completed
P001534,2026-01-20,AC0034,Payroll,USD,15231.05,False,False,False,False,0,1.5,Completed
P001691,2026-01-20,AC0005,Tax,USD,86722.56,False,False,False,False,0,1.5,Completed
P001714,2026-01-20,AC0025,Tax,EUR,12136.75,False,False,False,False,0,1.5,Completed
P001738,2026-01-20,AC0050,Local transfer,HKD,6247.0,False,False,False,False,0,1.5,Completed
P001932,2026-01-20,AC0050,Wire,HKD,42969.95,True,True,False,False,0,43.5,Completed
P002140,2026-01-20,AC0027,Local transfer,EUR,13737.82,False,False,False,False,0,1.5,Completed
P002378,2026-01-20,AC0010,Local transfer,USD,6018.21,False,False,False,False,0,1.5,Completed
P002461,2026-01-20,AC0021,Payroll,EUR,154926.73,False,True,False,False,0,1.5,Completed
P002748,2026-01-20,AC0035,ACH,SGD,3115.14,False,False,False,False,0,1.5,Completed
P003015,2026-01-20,AC0041,Local transfer,JPY,18636.09,False,False,False,False,0,1.5,Completed
P003027,2026-01-20,AC0017,Wire,GBP,45075.39,True,False,False,False,0,43.5,Completed
P003076,2026-01-20,AC0032,Local transfer,EUR,104015.82,False,False,False,False,0,1.5,Completed
P003098,2026-01-20,AC0038,Local transfer,USD,133378.42,False,False,False,False,0,1.5,Completed
P003130,2026-01-20,AC0025,Payroll,EUR,45860.92,False,False,False,False,0,1.5,Completed
P003173,2026-01-20,AC0026,Local transfer,USD,4323.32,False,False,False,False,0,1.5,Completed
P003209,2026-01-20,AC0041,Wire,JPY,3157.85,False,False,False,False,0,19.5,Completed
P003321,2026-01-20,AC0014,Tax,CAD,58991.26,False,True,False,False,0,1.5,Completed
P003367,2026-01-20,AC0041,ACH,JPY,7571.28,False,False,False,False,0,1.5,Completed
P003374,2026-01-20,AC0034,Wire,USD,4852.41,False,False,False,False,0,19.5,Completed
P003424,2026-01-20,AC0016,Payroll,CAD,40260.4,False,False,False,False,0,1.5,Completed
P003435,2026-01-20,AC0047,Local transfer,INR,4832.35,False,False,False,False,0,1.5,Completed
P004121,2026-01-20,AC0021,ACH,EUR,4239.12,False,False,False,False,0,1.5,Completed
P004273,2026-01-20,AC0055,Local transfer,USD,21380.09,False,True,False,False,0,1.5,Completed
P004483,2026-01-20,AC0021,Internal transfer,EUR,3003.81,False,False,False,False,0,1.5,Completed
P004707,2026-01-20,AC0001,ACH,USD,10909.95,False,False,False,False,0,1.5,Completed
P004998,2026-01-20,AC0023,Wire,EUR,4543.31,True,False,False,False,0,43.5,Completed
P005176,2026-01-20,AC0021,Wire,EUR,842.56,True,True,False,False,0,43.5,Completed
P005298,2026-01-20,AC0051,ACH,HKD,31290.29,False,False,False,False,0,1.5,Completed
P005300,2026-01-20,AC0034,Payroll,USD,28721.48,False,True,False,False,0,1.5,Completed
P005318,2026-01-20,AC0046,Payroll,KRW,133046.74,False,True,False,False,0,1.5,Completed
P005376,2026-01-20,AC0052,Wire,HKD,33606.18,True,False,False,False,0,43.5,Completed
P005443,2026-01-20,AC0038,Internal transfer,USD,334642.2,False,False,False,False,0,1.5,Completed
P005600,2026-01-20,AC0017,ACH,GBP,20579.05,False,False,False,False,0,1.5,Completed
P005752,2026-01-20,AC0034,Wire,USD,2729.92,True,True,False,False,0,43.5,Completed
P005785,2026-01-20,AC0045,Tax,KRW,285566.37,False,False,False,False,0,1.5,Completed
P005896,2026-01-20,AC0017,Wire,GBP,98833.18,True,False,False,False,0,43.5,Completed
P005939,2026-01-20,AC0040,Wire,AUD,29922.74,False,True,False,False,0,19.5,Completed
P006121,2026-01-20,AC0054,Local transfer,USD,8564.08,False,False,False,False,0,1.5,Completed
P006189,2026-01-20,AC0050,Local transfer,HKD,6485.31,False,False,False,False,0,1.5,Completed
P006243,2026-01-20,AC0053,Wire,USD,4663.77,True,False,False,False,0,43.5,Completed
P006312,2026-01-20,AC0022,Local transfer,EUR,24520.61,False,True,False,False,0,1.5,Completed
P006344,2026-01-20,AC0021,Wire,EUR,6916.57,True,False,False,False,0,43.5,Completed
P006397,2026-01-20,AC0015,Local transfer,CAD,31168.9,False,True,False,False,0,1.5,Completed
P006529,2026-01-20,AC0014,Local transfer,CAD,9563.38,False,False,False,False,0,1.5,Completed
P006563,2026-01-20,AC0041,ACH,JPY,25730.57,False,False,False,False,0,1.5,Completed
P006659,2026-01-20,AC0042,Local transfer,USD,4008.57,False,False,False,False,0,1.5,Completed
P006794,2026-01-20,AC0017,Local transfer,GBP,61186.69,False,False,False,False,0,1.5,Completed
P006982,2026-01-20,AC0050,ACH,HKD,10290.21,False,False,False,False,0,1.5,Completed
P006992,2026-01-20,AC0005,Tax,USD,15060.66,False,False,True,True,57,16.5,Repaired
P007093,2026-01-20,AC0013,Tax,USD,18272.77,False,False,False,False,0,1.5,Completed
P007298,2026-01-20,AC0017,Wire,GBP,16619.7,False,True,False,True,0,19.5,Completed
P007447,2026-01-20,AC0005,ACH,USD,13663.19,False,True,False,True,0,1.5,Completed
P000024,2026-01-21,AC0043,Wire,JPY,10002.42,False,False,False,False,0,19.5,Completed
P000235,2026-01-21,AC0014,ACH,CAD,32774.52,False,False,False,False,0,1.5,Completed
P000286,2026-01-21,AC0025,Internal transfer,EUR,9043.72,False,True,False,False,0,1.5,Completed
P000478,2026-01-21,AC0033,Local transfer,EUR,31644.38,False,False,False,False,0,1.5,Completed
P001025,2026-01-21,AC0014,Wire,CAD,29278.35,True,False,False,False,0,43.5,Completed
P001225,2026-01-21,AC0041,Payroll,JPY,32347.4,False,False,False,False,0,1.5,Completed
P001352,2026-01-21,AC0014,ACH,CAD,4159.95,False,True,False,False,0,1.5,Completed
P001538,2026-01-21,AC0041,Local transfer,JPY,64724.14,False,False,False,False,0,1.5,Completed
P001724,2026-01-21,AC0044,ACH,KRW,6264.46,False,False,False,False,0,1.5,Completed
P001838,2026-01-21,AC0014,Local transfer,CAD,3744.35,False,False,False,False,0,1.5,Completed
P001885,2026-01-21,AC0041,ACH,JPY,8863.52,False,False,False,False,0,1.5,Completed
P001964,2026-01-21,AC0047,ACH,INR,117475.43,False,False,False,False,0,1.5,Completed
P001982,2026-01-21,AC0020,Wire,GBP,34587.36,False,False,False,False,0,19.5,Completed
P002045,2026-01-21,AC0028,Local transfer,EUR,9211.11,False,False,False,True,0,1.5,Completed
P002160,2026-01-21,AC0020,Local transfer,GBP,7535.76,False,False,False,False,0,1.5,Completed
P002218,2026-01-21,AC0047,Wire,INR,7532.1,True,True,False,True,0,43.5,Completed
P002224,2026-01-21,AC0025,Local transfer,EUR,64538.36,False,True,False,False,0,1.5,Completed
P002327,2026-01-21,AC0046,Local transfer,KRW,26220.11,False,False,False,False,0,1.5,Completed
P002363,2026-01-21,AC0001,Internal transfer,USD,1168.49,False,True,False,False,0,1.5,Completed
P002610,2026-01-21,AC0008,ACH,USD,3725.55,False,True,False,False,0,1.5,Completed
P002711,2026-01-21,AC0017,ACH,GBP,2376.5,False,True,False,False,0,1.5,Completed
P002785,2026-01-21,AC0001,Wire,USD,3635.75,True,False,False,False,0,43.5,Completed
P002838,2026-01-21,AC0049,Local transfer,USD,34733.19,False,False,False,False,0,1.5,Completed
P002894,2026-01-21,AC0010,ACH,USD,39261.51,False,False,False,False,0,1.5,Completed
P002906,2026-01-21,AC0010,Wire,USD,28194.41,False,True,True,False,28,34.5,Repaired
P003079,2026-01-21,AC0032,Wire,EUR,5469.38,True,True,False,False,0,43.5,Completed
P003195,2026-01-21,AC0052,Local transfer,HKD,3175.49,False,False,False,False,0,1.5,Completed
P003245,2026-01-21,AC0031,Wire,USD,9896.54,False,False,True,False,69,34.5,Repaired
P003351,2026-01-21,AC0034,Tax,USD,33543.9,False,False,False,False,0,1.5,Completed
P003737,2026-01-21,AC0034,ACH,USD,7356.74,False,True,False,False,0,1.5,Completed
P003751,2026-01-21,AC0007,ACH,USD,18831.69,False,True,True,False,24,16.5,Repaired
P003792,2026-01-21,AC0029,ACH,EUR,1781.52,False,True,False,False,0,1.5,Completed
P004018,2026-01-21,AC0041,Wire,JPY,534.04,False,False,False,False,0,19.5,Completed
P004323,2026-01-21,AC0020,Payroll,GBP,32434.92,False,False,False,False,0,1.5,Completed
P004360,2026-01-21,AC0012,Wire,USD,3551.04,True,False,False,False,0,43.5,Completed
P004497,2026-01-21,AC0053,ACH,USD,8509.01,False,False,False,False,0,1.5,Completed
P004613,2026-01-21,AC0013,ACH,USD,80627.19,False,False,False,False,0,1.5,Completed
P004634,2026-01-21,AC0027,ACH,EUR,7407.31,False,False,False,False,0,1.5,Completed
P004793,2026-01-21,AC0003,Payroll,USD,50089.36,False,False,False,False,0,1.5,Completed
P004985,2026-01-21,AC0005,ACH,USD,19878.8,False,True,False,False,0,1.5,Completed
P006033,2026-01-21,AC0042,ACH,USD,2983.96,False,False,False,False,0,1.5,Completed
P006219,2026-01-21,AC0047,Payroll,INR,9684.87,False,False,False,False,0,1.5,Completed
P006908,2026-01-21,AC0053,ACH,USD,18369.13,False,False,False,False,0,1.5,Completed
P007220,2026-01-21,AC0038,ACH,USD,15146.48,False,False,False,False,0,1.5,Completed
P007260,2026-01-21,AC0041,Local transfer,JPY,1586.53,False,False,False,False,0,1.5,Completed
P007576,2026-01-21,AC0054,ACH,USD,8888.55,False,False,False,False,0,1.5,Completed
P000112,2026-01-22,AC0041,Wire,JPY,3340.17,False,False,False,False,0,19.5,Completed
P000113,2026-01-22,AC0001,Local transfer,USD,5022.79,False,False,False,False,0,1.5,Completed
P000153,2026-01-22,AC0047,ACH,INR,1244.18,False,False,False,False,0,1.5,Completed
P000166,2026-01-22,AC0041,Local transfer,JPY,4656.23,False,False,False,False,0,1.5,Completed
P000339,2026-01-22,AC0038,Internal transfer,USD,4563.84,False,False,True,False,70,16.5,Repaired
P000579,2026-01-22,AC0007,Local transfer,USD,20254.06,False,False,False,False,0,1.5,Completed
P000731,2026-01-22,AC0038,ACH,USD,23482.4,False,False,False,False,0,1.5,Completed
P000798,2026-01-22,AC0053,Local transfer,USD,22976.24,False,False,False,False,0,1.5,Completed
P000817,2026-01-22,AC0026,ACH,USD,28174.66,False,False,False,False,0,1.5,Completed
P000898,2026-01-22,AC0031,Local transfer,USD,12568.83,False,False,False,False,0,1.5,Completed
P001040,2026-01-22,AC0010,Local transfer,USD,17603.01,False,False,False,False,0,1.5,Completed
P001065,2026-01-22,AC0010,Local transfer,USD,39830.95,False,False,False,False,0,1.5,Pending
P001083,2026-01-22,AC0025,Payroll,EUR,188064.21,False,True,True,False,68,16.5,Repaired
P001351,2026-01-22,AC0010,Local transfer,USD,47802.85,False,True,False,True,0,1.5,Completed
P001610,2026-01-22,AC0023,Local transfer,EUR,50466.98,False,False,False,False,0,1.5,Completed
P001645,2026-01-22,AC0047,Wire,INR,27405.0,False,True,False,False,0,19.5,Completed
P001773,2026-01-22,AC0017,ACH,GBP,13370.67,False,False,False,False,0,1.5,Completed
P002049,2026-01-22,AC0038,Local transfer,USD,13486.56,False,True,False,False,0,1.5,Completed
P002194,2026-01-22,AC0035,Internal transfer,SGD,20278.29,False,False,True,False,65,16.5,Rejected
P002387,2026-01-22,AC0038,Tax,USD,67218.14,False,False,False,False,0,1.5,Completed
P002559,2026-01-22,AC0055,Wire,USD,9167.93,True,False,False,False,0,43.5,Completed
P002724,2026-01-22,AC0031,ACH,USD,15008.94,False,False,False,False,0,1.5,Completed
P002751,2026-01-22,AC0042,ACH,USD,13464.47,False,True,False,False,0,1.5,Completed
P003109,2026-01-22,AC0038,Tax,USD,6348.09,False,False,False,False,0,1.5,Completed
P003138,2026-01-22,AC0033,Local transfer,EUR,38386.52,False,True,False,False,0,1.5,Completed
P003320,2026-01-22,AC0005,ACH,USD,16697.69,False,False,True,False,39,16.5,Repaired
P003531,2026-01-22,AC0038,ACH,USD,2814.14,False,True,True,False,53,16.5,Repaired
P003568,2026-01-22,AC0034,Internal transfer,USD,86912.74,False,True,False,False,0,1.5,Completed
P003683,2026-01-22,AC0016,Local transfer,CAD,64513.39,False,False,False,False,0,1.5,Completed
P003689,2026-01-22,AC0005,Local transfer,USD,3301.16,False,True,False,False,0,1.5,Completed
P003691,2026-01-22,AC0014,ACH,CAD,13137.09,False,True,False,False,0,1.5,Completed
P003951,2026-01-22,AC0031,ACH,USD,10601.2,False,False,False,False,0,1.5,Completed
P004263,2026-01-22,AC0050,Local transfer,HKD,21091.87,False,True,False,False,0,1.5,Completed
P004582,2026-01-22,AC0028,Wire,EUR,2229.83,True,True,False,False,0,43.5,Completed
P004590,2026-01-22,AC0040,ACH,AUD,2643.79,False,False,False,False,0,1.5,Completed
P004604,2026-01-22,AC0005,ACH,USD,5725.98,False,True,False,False,0,1.5,Completed
P004704,2026-01-22,AC0031,Wire,USD,5569.64,True,False,False,True,0,43.5,Completed
P004915,2026-01-22,AC0008,Tax,USD,40408.98,False,False,False,False,0,1.5,Completed
P004997,2026-01-22,AC0014,ACH,CAD,26748.42,False,False,False,False,0,1.5,Completed
P005110,2026-01-22,AC0031,ACH,USD,30929.12,False,False,False,False,0,1.5,Completed
P005243,2026-01-22,AC0038,Local transfer,USD,13036.77,False,False,False,False,0,1.5,Completed
P005396,2026-01-22,AC0047,Internal transfer,INR,4699.43,False,False,False,False,0,1.5,Completed
P005409,2026-01-22,AC0025,Wire,EUR,11156.55,True,False,False,False,0,43.5,Completed
P005523,2026-01-22,AC0017,ACH,GBP,9198.72,False,False,False,False,0,1.5,Completed
P005608,2026-01-22,AC0044,Tax,KRW,27949.95,False,False,False,False,0,1.5,Completed
P005755,2026-01-22,AC0034,Wire,USD,3512.49,True,True,False,False,0,43.5,Completed
P005813,2026-01-22,AC0031,Payroll,USD,384539.82,False,False,False,False,0,1.5,Completed
P006176,2026-01-22,AC0039,ACH,AUD,14892.4,False,False,False,False,0,1.5,Completed
P006200,2026-01-22,AC0053,Local transfer,USD,4247.34,False,False,False,False,0,1.5,Completed
P006482,2026-01-22,AC0022,ACH,EUR,15686.1,False,False,False,False,0,1.5,Completed
P006923,2026-01-22,AC0001,ACH,USD,76130.75,False,True,False,False,0,1.5,Completed
P006958,2026-01-22,AC0041,Wire,JPY,23576.32,True,True,False,False,0,43.5,Completed
P007020,2026-01-22,AC0005,Local transfer,USD,11075.25,False,False,False,False,0,1.5,Completed
P007139,2026-01-22,AC0033,ACH,EUR,21958.2,False,False,False,False,0,1.5,Completed
P007177,2026-01-22,AC0005,Local transfer,USD,11725.52,False,True,False,False,0,1.5,Completed
P007243,2026-01-22,AC0018,Payroll,GBP,55785.0,False,True,False,True,0,1.5,Completed
P007445,2026-01-22,AC0055,ACH,USD,133865.9,False,True,False,False,0,1.5,Completed
P007481,2026-01-22,AC0027,Payroll,EUR,105921.12,False,False,False,False,0,1.5,Completed
P007529,2026-01-22,AC0050,Wire,HKD,7909.32,True,True,False,False,0,43.5,Completed
P007599,2026-01-22,AC0050,ACH,HKD,4223.7,False,False,False,False,0,1.5,Completed
P000078,2026-01-23,AC0053,Internal transfer,USD,19234.13,False,False,True,True,72,16.5,Repaired
P000125,2026-01-23,AC0025,Local transfer,EUR,18024.12,False,False,False,False,0,1.5,Completed
P000212,2026-01-23,AC0031,ACH,USD,33463.75,False,False,False,False,0,1.5,Completed
P000214,2026-01-23,AC0001,Local transfer,USD,32552.73,False,True,False,False,0,1.5,Completed
P000311,2026-01-23,AC0005,ACH,USD,7699.64,False,False,False,False,0,1.5,Completed
P000522,2026-01-23,AC0010,Local transfer,USD,9531.95,False,True,False,False,0,1.5,Completed
P000569,2026-01-23,AC0005,Wire,USD,18281.42,True,False,True,False,46,58.5,Repaired
P000814,2026-01-23,AC0049,Wire,USD,4317.44,True,False,False,False,0,43.5,Completed
P000905,2026-01-23,AC0010,Internal transfer,USD,3341.6,False,True,False,False,0,1.5,Completed
P001019,2026-01-23,AC0047,Wire,INR,11991.45,False,False,False,False,0,19.5,Completed
P001207,2026-01-23,AC0008,Tax,USD,10551.75,False,False,False,False,0,1.5,Completed
P001564,2026-01-23,AC0031,Local transfer,USD,6772.53,False,False,False,False,0,1.5,Completed
P001654,2026-01-23,AC0036,Local transfer,SGD,7904.99,False,False,False,False,0,1.5,Completed
P001778,2026-01-23,AC0025,Internal transfer,EUR,6245.66,False,False,False,False,0,1.5,Completed
P001829,2026-01-23,AC0021,Local transfer,EUR,93620.7,False,False,False,False,0,1.5,Completed
P001870,2026-01-23,AC0053,ACH,USD,2913.61,False,False,False,False,0,1.5,Completed
P001886,2026-01-23,AC0021,Payroll,EUR,74520.17,False,True,False,False,0,1.5,Completed
P001891,2026-01-23,AC0007,ACH,USD,7005.22,False,False,False,False,0,1.5,Completed
P001939,2026-01-23,AC0017,Internal transfer,GBP,7899.17,False,True,True,False,31,16.5,Repaired
P001965,2026-01-23,AC0012,Wire,USD,2738.55,True,False,False,False,0,43.5,Completed
P001995,2026-01-23,AC0030,ACH,USD,3473.67,False,True,False,False,0,1.5,Completed
P002016,2026-01-23,AC0025,Local transfer,EUR,2664.43,False,True,False,False,0,1.5,Completed
P002349,2026-01-23,AC0047,ACH,INR,4768.56,False,False,True,False,14,16.5,Repaired
P002385,2026-01-23,AC0011,ACH,USD,6308.67,False,False,False,False,0,1.5,Completed
P002430,2026-01-23,AC0055,Local transfer,USD,2727.31,False,True,False,False,0,1.5,Completed
P002527,2026-01-23,AC0014,Internal transfer,CAD,50724.52,False,False,False,False,0,1.5,Completed
P002891,2026-01-23,AC0019,Payroll,GBP,122433.46,False,False,False,False,0,1.5,Completed
P002898,2026-01-23,AC0017,Wire,GBP,2238.32,True,True,False,True,0,43.5,Completed
P002950,2026-01-23,AC0044,Internal transfer,KRW,10457.25,False,False,False,False,0,1.5,Completed
P003047,2026-01-23,AC0053,Local transfer,USD,14589.09,False,False,False,False,0,1.5,Completed
P003219,2026-01-23,AC0036,Internal transfer,SGD,30310.5,False,False,False,False,0,1.5,Completed
P003318,2026-01-23,AC0050,ACH,HKD,5248.95,False,False,False,False,0,1.5,Completed
P003688,2026-01-23,AC0028,ACH,EUR,5010.54,False,False,False,False,0,1.5,Completed
P003696,2026-01-23,AC0010,ACH,USD,6290.05,False,False,False,False,0,1.5,Completed
P003819,2026-01-23,AC0031,Local transfer,USD,3666.8,False,False,False,False,0,1.5,Completed
P004231,2026-01-23,AC0025,Payroll,EUR,5738.93,False,False,False,False,0,1.5,Completed
P004347,2026-01-23,AC0028,Internal transfer,EUR,2336.45,False,False,False,False,0,1.5,Completed
P004701,2026-01-23,AC0055,Local transfer,USD,6743.97,False,False,False,False,0,1.5,Completed
P004759,2026-01-23,AC0005,Wire,USD,37172.87,True,False,False,False,0,43.5,Completed
P004822,2026-01-23,AC0041,Wire,JPY,9593.03,True,True,False,False,0,43.5,Completed
P005011,2026-01-23,AC0055,ACH,USD,1879.71,False,False,False,False,0,1.5,Completed
P005052,2026-01-23,AC0018,Local transfer,GBP,6960.51,False,False,False,False,0,1.5,Completed
P005131,2026-01-23,AC0017,Internal transfer,GBP,2816.39,False,True,False,False,0,1.5,Completed
P005142,2026-01-23,AC0050,Local transfer,HKD,2669.9,False,True,False,False,0,1.5,Completed
P005292,2026-01-23,AC0021,ACH,EUR,2952.45,False,True,False,False,0,1.5,Completed
P005316,2026-01-23,AC0003,Wire,USD,68420.66,True,True,False,False,0,43.5,Completed
P005331,2026-01-23,AC0001,ACH,USD,12227.5,False,False,True,False,32,16.5,Repaired
P005407,2026-01-23,AC0050,Local transfer,HKD,2829.95,False,True,False,False,0,1.5,Completed
P005418,2026-01-23,AC0047,Internal transfer,INR,27151.24,False,False,False,False,0,1.5,Completed
P005533,2026-01-23,AC0038,Local transfer,USD,13291.94,False,False,False,False,0,1.5,Completed
P005534,2026-01-23,AC0005,Wire,USD,4179.83,True,False,False,False,0,43.5,Completed
P005565,2026-01-23,AC0050,Wire,HKD,34006.57,False,True,True,False,52,34.5,Rejected
P005751,2026-01-23,AC0014,Wire,CAD,14284.4,False,False,False,False,0,19.5,Completed
P005824,2026-01-23,AC0052,Local transfer,HKD,6359.8,False,False,False,False,0,1.5,Completed
P006119,2026-01-23,AC0008,Local transfer,USD,1692.22,False,False,True,False,52,16.5,Repaired
P006162,2026-01-23,AC0021,ACH,EUR,25582.69,False,False,False,False,0,1.5,Completed
P006264,2026-01-23,AC0023,Local transfer,EUR,49697.21,False,False,True,False,22,16.5,Repaired
P006470,2026-01-23,AC0031,Wire,USD,49980.92,True,True,False,False,0,43.5,Completed
P006673,2026-01-23,AC0053,ACH,USD,26639.21,False,True,False,False,0,1.5,Completed
P006694,2026-01-23,AC0053,Internal transfer,USD,16027.56,False,False,False,False,0,1.5,Completed
P006843,2026-01-23,AC0031,Local transfer,USD,15203.15,False,True,False,True,0,1.5,Completed
P007142,2026-01-23,AC0021,Wire,EUR,15453.71,True,False,False,False,0,43.5,Completed
P007148,2026-01-23,AC0010,ACH,USD,15643.25,False,False,False,False,0,1.5,Completed
P007249,2026-01-23,AC0025,Wire,EUR,14093.78,False,True,False,False,0,19.5,Completed
P007357,2026-01-23,AC0034,Internal transfer,USD,15556.16,False,False,False,False,0,1.5,Completed
P007420,2026-01-23,AC0038,Wire,USD,1110.99,False,False,False,False,0,19.5,Completed
P007465,2026-01-23,AC0034,Local transfer,USD,61136.76,False,True,False,False,0,1.5,Completed
P000045,2026-01-26,AC0053,ACH,USD,5220.51,False,False,False,False,0,1.5,Completed
P000062,2026-01-26,AC0031,Wire,USD,5956.49,False,True,False,False,0,19.5,Completed
P000090,2026-01-26,AC0031,Local transfer,USD,125453.21,False,True,False,False,0,1.5,Completed
P000341,2026-01-26,AC0053,Wire,USD,100241.57,True,False,False,False,0,43.5,Completed
P000383,2026-01-26,AC0036,Local transfer,SGD,6290.97,False,False,False,False,0,1.5,Completed
P001114,2026-01-26,AC0005,Internal transfer,USD,13897.95,False,False,False,False,0,1.5,Completed
P001133,2026-01-26,AC0038,Internal transfer,USD,14020.27,False,False,False,False,0,1.5,Completed
P001139,2026-01-26,AC0010,Local transfer,USD,2305.17,False,False,False,False,0,1.5,Completed
P001306,2026-01-26,AC0050,ACH,HKD,26377.08,False,False,False,False,0,1.5,Completed
P001462,2026-01-26,AC0017,Payroll,GBP,28574.53,False,False,False,False,0,1.5,Completed
P001470,2026-01-26,AC0010,Payroll,USD,6582.4,False,True,False,False,0,1.5,Completed
P001561,2026-01-26,AC0025,Local transfer,EUR,11183.46,False,True,False,False,0,1.5,Completed
P001604,2026-01-26,AC0025,ACH,EUR,26326.35,False,False,False,False,0,1.5,Completed
P001751,2026-01-26,AC0031,ACH,USD,21398.07,False,False,False,False,0,1.5,Completed
P001986,2026-01-26,AC0053,Payroll,USD,19415.31,False,False,False,False,0,1.5,Completed
P002033,2026-01-26,AC0047,Local transfer,INR,9239.58,False,False,False,False,0,1.5,Completed
P002081,2026-01-26,AC0041,Payroll,JPY,33393.51,False,False,False,False,0,1.5,Pending
P002174,2026-01-26,AC0010,Local transfer,USD,4766.05,False,False,False,False,0,1.5,Completed
P002377,2026-01-26,AC0041,Payroll,JPY,12375.16,False,False,False,False,0,1.5,Completed
P002571,2026-01-26,AC0014,Payroll,CAD,7719.49,False,False,False,False,0,1.5,Completed
P002670,2026-01-26,AC0028,Tax,EUR,61986.39,False,False,False,False,0,1.5,Completed
P002676,2026-01-26,AC0041,Payroll,JPY,22739.53,False,False,False,False,0,1.5,Completed
P002733,2026-01-26,AC0046,Local transfer,KRW,839.16,False,False,False,False,0,1.5,Completed
P002884,2026-01-26,AC0034,Local transfer,USD,18723.9,False,False,False,False,0,1.5,Completed
P002901,2026-01-26,AC0050,ACH,HKD,2936.74,False,False,False,False,0,1.5,Completed
P003033,2026-01-26,AC0005,Payroll,USD,68457.67,False,False,False,False,0,1.5,Completed
P003048,2026-01-26,AC0012,Internal transfer,USD,29519.0,False,False,False,True,0,1.5,Completed
P003212,2026-01-26,AC0001,Local transfer,USD,16587.62,False,False,False,False,0,1.5,Completed
P003530,2026-01-26,AC0025,Tax,EUR,24347.48,False,False,False,False,0,1.5,Completed
P003536,2026-01-26,AC0017,Wire,GBP,5258.16,False,False,False,False,0,19.5,Completed
P003581,2026-01-26,AC0038,ACH,USD,75619.77,False,False,False,False,0,1.5,Completed
P003594,2026-01-26,AC0041,ACH,JPY,18424.12,False,False,False,False,0,1.5,Completed
P003667,2026-01-26,AC0050,Tax,HKD,18224.68,False,False,False,False,0,1.5,Completed
P003997,2026-01-26,AC0028,ACH,EUR,67664.25,False,False,False,False,0,1.5,Completed
P004025,2026-01-26,AC0031,Internal transfer,USD,8394.88,False,False,False,False,0,1.5,Completed
P004071,2026-01-26,AC0034,Internal transfer,USD,63789.22,False,False,False,False,0,1.5,Completed
P004290,2026-01-26,AC0051,Wire,HKD,5410.35,True,False,True,False,45,58.5,Repaired
P004314,2026-01-26,AC0036,Local transfer,SGD,6160.64,False,False,False,False,0,1.5,Completed
P004457,2026-01-26,AC0022,ACH,EUR,14137.98,False,False,False,False,0,1.5,Completed
P004620,2026-01-26,AC0042,Local transfer,USD,6808.56,False,False,False,False,0,1.5,Completed
P004763,2026-01-26,AC0044,ACH,KRW,4929.82,False,False,False,False,0,1.5,Completed
P004843,2026-01-26,AC0050,Local transfer,HKD,27181.02,False,False,False,False,0,1.5,Completed
P004943,2026-01-26,AC0041,Local transfer,JPY,8771.44,False,True,False,False,0,1.5,Completed
P004963,2026-01-26,AC0021,Wire,EUR,15093.59,True,False,True,False,40,58.5,Repaired
P005000,2026-01-26,AC0017,Local transfer,GBP,4537.87,False,True,False,False,0,1.5,Completed
P005022,2026-01-26,AC0010,Local transfer,USD,40861.16,False,True,False,False,0,1.5,Completed
P005133,2026-01-26,AC0044,Wire,KRW,13985.05,True,False,True,False,19,58.5,Repaired
P005173,2026-01-26,AC0049,Local transfer,USD,17821.74,False,False,False,False,0,1.5,Completed
P005194,2026-01-26,AC0028,Tax,EUR,11209.09,False,False,False,False,0,1.5,Completed
P005220,2026-01-26,AC0047,Wire,INR,6985.67,True,False,True,False,36,58.5,Repaired
P005330,2026-01-26,AC0054,Local transfer,USD,4049.86,False,False,False,False,0,1.5,Completed
P005374,2026-01-26,AC0042,ACH,USD,90272.6,False,False,False,False,0,1.5,Completed
P005750,2026-01-26,AC0053,Local transfer,USD,4689.34,False,True,False,False,0,1.5,Completed
P005790,2026-01-26,AC0010,ACH,USD,7801.06,False,True,True,False,40,16.5,Rejected
P005875,2026-01-26,AC0001,ACH,USD,11556.88,False,True,False,False,0,1.5,Completed
P006032,2026-01-26,AC0025,Local transfer,EUR,2214.89,False,False,False,False,0,1.5,Completed
P006227,2026-01-26,AC0005,ACH,USD,24346.02,False,False,False,False,0,1.5,Completed
P006539,2026-01-26,AC0015,ACH,CAD,7180.42,False,False,False,False,0,1.5,Completed
P006572,2026-01-26,AC0050,Local transfer,HKD,43254.15,False,False,False,False,0,1.5,Completed
P006581,2026-01-26,AC0039,Wire,AUD,1353.17,False,True,False,False,0,19.5,Completed
P006610,2026-01-26,AC0031,ACH,USD,12621.69,False,False,False,False,0,1.5,Completed
P006654,2026-01-26,AC0002,Payroll,USD,107196.05,False,True,False,True,0,1.5,Completed
P006761,2026-01-26,AC0045,Local transfer,KRW,16243.43,False,False,False,False,0,1.5,Completed
P006811,2026-01-26,AC0021,Wire,EUR,132024.3,True,False,False,False,0,43.5,Completed
P006878,2026-01-26,AC0051,Tax,HKD,53801.52,False,False,False,False,0,1.5,Completed
P006901,2026-01-26,AC0017,Tax,GBP,87064.61,False,True,False,False,0,1.5,Completed
P006998,2026-01-26,AC0028,ACH,EUR,12902.9,False,False,False,False,0,1.5,Completed
P007252,2026-01-26,AC0014,Local transfer,CAD,395181.46,False,False,False,False,0,1.5,Completed
P007460,2026-01-26,AC0010,Local transfer,USD,24870.41,False,True,False,False,0,1.5,Completed
P000049,2026-01-27,AC0021,Local transfer,EUR,8094.23,False,False,False,False,0,1.5,Completed
P000262,2026-01-27,AC0020,Local transfer,GBP,6774.9,False,False,False,False,0,1.5,Completed
P000333,2026-01-27,AC0028,Internal transfer,EUR,14734.15,False,False,False,False,0,1.5,Completed
P000358,2026-01-27,AC0017,Internal transfer,GBP,5921.08,False,False,False,False,0,1.5,Completed
P000505,2026-01-27,AC0050,Tax,HKD,70749.83,False,True,False,False,0,1.5,Completed
P000547,2026-01-27,AC0028,Wire,EUR,6520.71,True,False,False,False,0,43.5,Completed
P000682,2026-01-27,AC0031,Internal transfer,USD,25301.21,False,False,False,False,0,1.5,Completed
P001198,2026-01-27,AC0041,Local transfer,JPY,7661.14,False,False,False,False,0,1.5,Completed
P001366,2026-01-27,AC0005,Local transfer,USD,5601.83,False,False,False,False,0,1.5,Completed
P001496,2026-01-27,AC0031,Wire,USD,419.64,True,True,False,True,0,43.5,Completed
P001562,2026-01-27,AC0044,ACH,KRW,67261.8,False,False,False,False,0,1.5,Completed
P001606,2026-01-27,AC0047,ACH,INR,9083.7,False,True,False,False,0,1.5,Completed
P001900,2026-01-27,AC0019,Internal transfer,GBP,10315.66,False,False,False,False,0,1.5,Completed
P002119,2026-01-27,AC0019,ACH,GBP,100366.79,False,True,False,False,0,1.5,Completed
P002286,2026-01-27,AC0014,ACH,CAD,44481.99,False,False,False,False,0,1.5,Completed
P002309,2026-01-27,AC0003,Local transfer,USD,9551.75,False,False,True,False,26,16.5,Repaired
P002358,2026-01-27,AC0010,ACH,USD,8476.69,False,True,False,False,0,1.5,Completed
P002475,2026-01-27,AC0053,Local transfer,USD,733.02,False,False,False,False,0,1.5,Completed
P002602,2026-01-27,AC0005,Wire,USD,24830.23,True,False,False,False,0,43.5,Completed
P002794,2026-01-27,AC0014,Local transfer,CAD,79745.46,False,False,False,False,0,1.5,Completed
P002897,2026-01-27,AC0032,Tax,EUR,214436.53,False,False,False,False,0,1.5,Completed
P002907,2026-01-27,AC0001,Wire,USD,10238.1,True,True,False,False,0,43.5,Completed
P002964,2026-01-27,AC0025,Local transfer,EUR,3590.02,False,True,False,True,0,1.5,Completed
P003036,2026-01-27,AC0028,Tax,EUR,103905.12,False,True,False,False,0,1.5,Completed
P003186,2026-01-27,AC0014,Internal transfer,CAD,8170.46,False,False,False,False,0,1.5,Completed
P003240,2026-01-27,AC0031,Internal transfer,USD,22281.32,False,False,False,False,0,1.5,Completed
P003290,2026-01-27,AC0046,Local transfer,KRW,1667.7,False,True,False,False,0,1.5,Completed
P003353,2026-01-27,AC0041,ACH,JPY,7031.54,False,False,False,False,0,1.5,Completed
P003441,2026-01-27,AC0010,ACH,USD,19228.56,False,True,False,False,0,1.5,Completed
P003452,2026-01-27,AC0050,ACH,HKD,14959.33,False,True,True,False,54,16.5,Repaired
P003628,2026-01-27,AC0052,Local transfer,HKD,22594.38,False,True,False,False,0,1.5,Completed
P003697,2026-01-27,AC0050,Internal transfer,HKD,16891.61,False,True,False,False,0,1.5,Completed
P004122,2026-01-27,AC0010,ACH,USD,13636.57,False,False,False,False,0,1.5,Completed
P004138,2026-01-27,AC0017,Local transfer,GBP,2681.41,False,True,False,False,0,1.5,Completed
P004166,2026-01-27,AC0028,Internal transfer,EUR,24989.56,False,True,False,False,0,1.5,Completed
P004301,2026-01-27,AC0010,Payroll,USD,16823.46,False,False,False,False,0,1.5,Completed
P004316,2026-01-27,AC0034,Wire,USD,18041.57,False,False,False,False,0,19.5,Completed
P004875,2026-01-27,AC0050,Internal transfer,HKD,12526.38,False,False,False,False,0,1.5,Completed
P005161,2026-01-27,AC0053,Wire,USD,11302.8,False,False,False,False,0,19.5,Pending
P005192,2026-01-27,AC0053,Internal transfer,USD,2318.86,False,False,False,False,0,1.5,Completed
P005429,2026-01-27,AC0001,Local transfer,USD,24972.29,False,False,False,False,0,1.5,Completed
P005444,2026-01-27,AC0044,Local transfer,KRW,3348.83,False,False,False,False,0,1.5,Completed
P005571,2026-01-27,AC0014,Wire,CAD,108925.79,True,False,False,False,0,43.5,Completed
P005574,2026-01-27,AC0025,Local transfer,EUR,9450.05,False,False,False,False,0,1.5,Completed
P005701,2026-01-27,AC0050,Local transfer,HKD,616.42,False,True,False,False,0,1.5,Completed
P005925,2026-01-27,AC0047,ACH,INR,1178.91,False,False,False,False,0,1.5,Completed
P005931,2026-01-27,AC0001,Payroll,USD,23183.72,False,True,True,False,73,16.5,Repaired
P005965,2026-01-27,AC0042,Wire,USD,2730.35,False,False,False,False,0,19.5,Completed
P006051,2026-01-27,AC0003,Local transfer,USD,28007.67,False,False,False,False,0,1.5,Completed
P006310,2026-01-27,AC0041,Local transfer,JPY,8812.28,False,False,False,False,0,1.5,Completed
P006824,2026-01-27,AC0014,Local transfer,CAD,21524.79,False,False,False,True,0,1.5,Completed
P006979,2026-01-27,AC0041,Wire,JPY,30085.96,False,True,False,False,0,19.5,Completed
P007006,2026-01-27,AC0041,Local transfer,JPY,20512.41,False,False,False,False,0,1.5,Completed
P007079,2026-01-27,AC0017,Local transfer,GBP,1305.57,False,True,False,False,0,1.5,Completed
P007121,2026-01-27,AC0054,Local transfer,USD,35944.11,False,False,False,False,0,1.5,Completed
P007494,2026-01-27,AC0050,Payroll,HKD,531756.77,False,True,False,False,0,1.5,Completed
P007543,2026-01-27,AC0028,Tax,EUR,27074.63,False,False,False,False,0,1.5,Completed
P007560,2026-01-27,AC0001,Local transfer,USD,61007.61,False,True,False,False,0,1.5,Completed
P000145,2026-01-28,AC0026,Local transfer,USD,40120.71,False,False,False,False,0,1.5,Completed
P000242,2026-01-28,AC0041,Internal transfer,JPY,225975.59,False,True,False,False,0,1.5,Completed
P000414,2026-01-28,AC0036,Wire,SGD,12049.27,False,False,False,False,0,19.5,Completed
P000456,2026-01-28,AC0016,Tax,CAD,12091.31,False,True,False,False,0,1.5,Completed
P000590,2026-01-28,AC0041,Local transfer,JPY,8788.48,False,True,False,False,0,1.5,Completed
P000945,2026-01-28,AC0017,Local transfer,GBP,180302.96,False,False,False,False,0,1.5,Completed
P001429,2026-01-28,AC0021,Local transfer,EUR,18959.78,False,False,False,False,0,1.5,Completed
P001759,2026-01-28,AC0053,Local transfer,USD,3849.86,False,False,False,False,0,1.5,Completed
P001836,2026-01-28,AC0047,Internal transfer,INR,4127.61,False,False,False,False,0,1.5,Completed
P001897,2026-01-28,AC0028,ACH,EUR,10721.78,False,False,False,False,0,1.5,Completed
P002214,2026-01-28,AC0029,ACH,EUR,19346.82,False,False,False,False,0,1.5,Completed
P002290,2026-01-28,AC0053,ACH,USD,13985.84,False,False,False,False,0,1.5,Completed
P002298,2026-01-28,AC0036,Local transfer,SGD,37942.66,False,False,False,False,0,1.5,Completed
P002556,2026-01-28,AC0033,Internal transfer,EUR,14159.75,False,False,False,False,0,1.5,Completed
P002679,2026-01-28,AC0031,Local transfer,USD,34644.57,False,True,False,False,0,1.5,Completed
P002687,2026-01-28,AC0014,Internal transfer,CAD,27431.59,False,True,False,False,0,1.5,Completed
P002831,2026-01-28,AC0017,ACH,GBP,7804.08,False,True,False,False,0,1.5,Completed
P003075,2026-01-28,AC0050,Wire,HKD,24515.12,False,False,False,False,0,19.5,Completed
P003276,2026-01-28,AC0034,Local transfer,USD,36906.99,False,True,False,False,0,1.5,Completed
P003390,2026-01-28,AC0046,ACH,KRW,1504.45,False,False,False,False,0,1.5,Completed
P003458,2026-01-28,AC0027,Wire,EUR,12459.28,True,False,False,False,0,43.5,Completed
P003641,2026-01-28,AC0041,Internal transfer,JPY,18220.98,False,False,False,False,0,1.5,Completed
P003772,2026-01-28,AC0020,Local transfer,GBP,25264.42,False,False,False,False,0,1.5,Completed
P003911,2026-01-28,AC0041,Local transfer,JPY,3692.01,False,False,False,False,0,1.5,Completed
P003960,2026-01-28,AC0053,ACH,USD,12552.27,False,False,False,False,0,1.5,Completed
P004125,2026-01-28,AC0017,ACH,GBP,9723.47,False,True,False,False,0,1.5,Completed
P004152,2026-01-28,AC0044,Local transfer,KRW,5789.24,False,False,False,False,0,1.5,Completed
P004295,2026-01-28,AC0053,Payroll,USD,2537.47,False,False,False,False,0,1.5,Completed
P004543,2026-01-28,AC0050,ACH,HKD,93824.41,False,True,False,True,0,1.5,Completed
P004558,2026-01-28,AC0010,Local transfer,USD,1885.37,False,False,False,False,0,1.5,Completed
P004626,2026-01-28,AC0034,Wire,USD,23700.06,False,False,True,True,61,34.5,Rejected
P004725,2026-01-28,AC0016,Local transfer,CAD,1775.29,False,True,False,False,0,1.5,Completed
P005297,2026-01-28,AC0041,ACH,JPY,34831.74,False,False,False,False,0,1.5,Completed
P005502,2026-01-28,AC0050,ACH,HKD,11679.42,False,False,False,False,0,1.5,Completed
P005503,2026-01-28,AC0010,Wire,USD,30248.42,True,False,True,False,26,58.5,Repaired
P005671,2026-01-28,AC0038,ACH,USD,4426.29,False,False,False,False,0,1.5,Completed
P005685,2026-01-28,AC0021,Wire,EUR,4304.96,False,False,False,False,0,19.5,Completed
P005748,2026-01-28,AC0017,Internal transfer,GBP,6411.51,False,False,False,False,0,1.5,Completed
P006088,2026-01-28,AC0044,ACH,KRW,4306.59,False,False,False,False,0,1.5,Completed
P006169,2026-01-28,AC0002,ACH,USD,4536.32,False,False,False,False,0,1.5,Completed
P006216,2026-01-28,AC0011,Internal transfer,USD,12088.58,False,False,False,False,0,1.5,Completed
P006280,2026-01-28,AC0025,Internal transfer,EUR,14194.46,False,False,False,False,0,1.5,Completed
P006315,2026-01-28,AC0050,ACH,HKD,58457.03,False,False,False,False,0,1.5,Completed
P006364,2026-01-28,AC0014,Tax,CAD,12705.51,False,False,False,False,0,1.5,Completed
P006425,2026-01-28,AC0001,Local transfer,USD,99715.92,False,False,False,False,0,1.5,Completed
P006525,2026-01-28,AC0036,Local transfer,SGD,52355.96,False,False,False,False,0,1.5,Completed
P006816,2026-01-28,AC0017,ACH,GBP,16588.94,False,True,False,False,0,1.5,Completed
P007203,2026-01-28,AC0021,Payroll,EUR,42551.05,False,True,False,False,0,1.5,Completed
P000452,2026-01-29,AC0017,Tax,GBP,47361.01,False,True,False,False,0,1.5,Completed
P000566,2026-01-29,AC0010,ACH,USD,13585.42,False,False,False,False,0,1.5,Completed
P000638,2026-01-29,AC0021,Local transfer,EUR,2510.76,False,True,False,False,0,1.5,Completed
P000747,2026-01-29,AC0050,Tax,HKD,10244.96,False,False,True,False,52,16.5,Repaired
P000885,2026-01-29,AC0047,Local transfer,INR,9642.77,False,False,False,False,0,1.5,Completed
P000998,2026-01-29,AC0016,Wire,CAD,9217.88,False,True,False,False,0,19.5,Completed
P001307,2026-01-29,AC0038,ACH,USD,15077.3,False,False,False,False,0,1.5,Completed
P001528,2026-01-29,AC0053,Wire,USD,18467.75,True,False,False,False,0,43.5,Completed
P001747,2026-01-29,AC0055,Wire,USD,3951.07,True,False,False,False,0,43.5,Completed
P001837,2026-01-29,AC0025,Wire,EUR,66921.32,False,True,False,False,0,19.5,Completed
P001931,2026-01-29,AC0044,ACH,KRW,3124.45,False,False,False,False,0,1.5,Completed
P001963,2026-01-29,AC0017,Local transfer,GBP,2923.49,False,False,False,False,0,1.5,Completed
P002341,2026-01-29,AC0025,Local transfer,EUR,4449.04,False,False,False,False,0,1.5,Completed
P002820,2026-01-29,AC0031,Payroll,USD,39523.27,False,False,False,False,0,1.5,Completed
P002947,2026-01-29,AC0018,Local transfer,GBP,21714.14,False,False,False,False,0,1.5,Completed
P002969,2026-01-29,AC0034,Wire,USD,7647.49,True,False,False,False,0,43.5,Completed
P002981,2026-01-29,AC0003,Wire,USD,1019.91,True,True,False,False,0,43.5,Completed
P002992,2026-01-29,AC0044,Internal transfer,KRW,2633.92,False,False,True,False,25,16.5,Repaired
P003040,2026-01-29,AC0012,Internal transfer,USD,17414.22,False,False,False,False,0,1.5,Completed
P003180,2026-01-29,AC0001,Local transfer,USD,22884.15,False,False,True,False,38,16.5,Repaired
P003206,2026-01-29,AC0053,ACH,USD,33857.5,False,False,False,False,0,1.5,Completed
P003218,2026-01-29,AC0041,ACH,JPY,36409.64,False,False,False,False,0,1.5,Completed
P003275,2026-01-29,AC0031,ACH,USD,47138.91,False,True,False,False,0,1.5,Completed
P003360,2026-01-29,AC0021,Local transfer,EUR,2176.02,False,True,False,False,0,1.5,Completed
P003517,2026-01-29,AC0044,Local transfer,KRW,34582.58,False,False,False,False,0,1.5,Completed
P003547,2026-01-29,AC0010,Local transfer,USD,6517.29,False,True,True,False,44,16.5,Rejected
P003564,2026-01-29,AC0050,Internal transfer,HKD,44748.03,False,True,False,False,0,1.5,Completed
P003630,2026-01-29,AC0041,Payroll,JPY,10827.98,False,False,False,False,0,1.5,Completed
P003650,2026-01-29,AC0036,Wire,SGD,4567.95,True,False,False,False,0,43.5,Completed
P003669,2026-01-29,AC0005,ACH,USD,12721.77,False,True,True,False,48,16.5,Repaired
P003790,2026-01-29,AC0014,ACH,CAD,5999.65,False,False,False,False,0,1.5,Completed
P003861,2026-01-29,AC0005,Local transfer,USD,6069.58,False,False,False,False,0,1.5,Completed
P003866,2026-01-29,AC0028,Local transfer,EUR,16017.81,False,True,False,False,0,1.5,Completed
P003874,2026-01-29,AC0014,ACH,CAD,41811.13,False,False,False,True,0,1.5,Completed
P004334,2026-01-29,AC0032,Local transfer,EUR,37663.58,False,False,False,False,0,1.5,Completed
P004397,2026-01-29,AC0050,Wire,HKD,3405.76,True,True,False,False,0,43.5,Completed
P004429,2026-01-29,AC0025,Local transfer,EUR,31007.0,False,False,False,False,0,1.5,Completed
P004503,2026-01-29,AC0025,Local transfer,EUR,28098.56,False,True,False,False,0,1.5,Completed
P004621,2026-01-29,AC0044,Local transfer,KRW,2954.52,False,False,False,False,0,1.5,Completed
P005040,2026-01-29,AC0050,Wire,HKD,3875.05,True,True,False,False,0,43.5,Completed
P005114,2026-01-29,AC0003,Internal transfer,USD,3920.05,False,False,False,False,0,1.5,Completed
P005156,2026-01-29,AC0016,Internal transfer,CAD,20382.76,False,False,False,False,0,1.5,Completed
P005160,2026-01-29,AC0051,Internal transfer,HKD,8412.6,False,False,False,False,0,1.5,Completed
P005228,2026-01-29,AC0010,Wire,USD,18773.51,True,False,False,False,0,43.5,Completed
P005333,2026-01-29,AC0045,ACH,KRW,1357.88,False,True,False,False,0,1.5,Completed
P005354,2026-01-29,AC0036,Local transfer,SGD,37388.45,False,False,False,False,0,1.5,Completed
P005511,2026-01-29,AC0041,Local transfer,JPY,36146.72,False,False,False,False,0,1.5,Completed
P005727,2026-01-29,AC0052,Payroll,HKD,19165.42,False,True,False,False,0,1.5,Completed
P005787,2026-01-29,AC0005,Local transfer,USD,24833.92,False,False,False,False,0,1.5,Completed
P005794,2026-01-29,AC0034,Wire,USD,6064.62,True,False,False,False,0,43.5,Completed
P005816,2026-01-29,AC0019,ACH,GBP,81615.94,False,False,False,False,0,1.5,Completed
P006208,2026-01-29,AC0016,Internal transfer,CAD,11781.98,False,True,False,False,0,1.5,Completed
P006217,2026-01-29,AC0047,Wire,INR,2988.07,False,True,False,False,0,19.5,Completed
P006271,2026-01-29,AC0038,Wire,USD,22437.79,True,False,False,False,0,43.5,Completed
P006347,2026-01-29,AC0040,Local transfer,AUD,12073.63,False,False,False,False,0,1.5,Completed
P007019,2026-01-29,AC0005,Payroll,USD,75391.87,False,True,False,False,0,1.5,Completed
P007196,2026-01-29,AC0014,Local transfer,CAD,16288.11,False,False,False,False,0,1.5,Completed
P007398,2026-01-29,AC0010,ACH,USD,10303.07,False,False,False,False,0,1.5,Completed
P007450,2026-01-29,AC0038,Wire,USD,27911.37,True,False,False,False,0,43.5,Completed
P007547,2026-01-29,AC0040,Local transfer,AUD,6663.37,False,False,False,False,0,1.5,Completed
P000104,2026-01-30,AC0053,Local transfer,USD,12259.43,False,True,False,False,0,1.5,Completed
P000363,2026-01-30,AC0034,Local transfer,USD,23064.58,False,False,False,False,0,1.5,Completed
P000430,2026-01-30,AC0010,Local transfer,USD,60216.84,False,False,False,False,0,1.5,Completed
P000530,2026-01-30,AC0016,Internal transfer,CAD,17911.2,False,True,True,False,12,16.5,Repaired
P001060,2026-01-30,AC0031,Local transfer,USD,17839.85,False,False,False,False,0,1.5,Completed
P001084,2026-01-30,AC0003,Internal transfer,USD,37262.06,False,False,False,False,0,1.5,Completed
P001116,2026-01-30,AC0005,Payroll,USD,55364.74,False,True,False,False,0,1.5,Completed
P001289,2026-01-30,AC0046,Wire,KRW,24776.81,False,False,False,False,0,19.5,Completed
P001455,2026-01-30,AC0011,Local transfer,USD,3199.69,False,False,False,False,0,1.5,Completed
P001526,2026-01-30,AC0047,Local transfer,INR,3236.94,False,True,False,False,0,1.5,Completed
P001566,2026-01-30,AC0034,ACH,USD,6266.54,False,False,False,False,0,1.5,Completed
P001659,2026-01-30,AC0034,Local transfer,USD,86477.46,False,False,False,False,0,1.5,Completed
P001662,2026-01-30,AC0021,Payroll,EUR,96408.41,False,True,True,False,25,16.5,Repaired
P001765,2026-01-30,AC0047,Local transfer,INR,3243.3,False,False,False,False,0,1.5,Completed
P001813,2026-01-30,AC0005,ACH,USD,11448.82,False,False,False,False,0,1.5,Completed
P001839,2026-01-30,AC0005,Wire,USD,90111.03,True,False,False,False,0,43.5,Completed
P002201,2026-01-30,AC0038,ACH,USD,2195.81,False,False,False,False,0,1.5,Completed
P002270,2026-01-30,AC0053,Local transfer,USD,67467.53,False,False,False,False,0,1.5,Completed
P002708,2026-01-30,AC0001,Local transfer,USD,10044.13,False,False,False,False,0,1.5,Completed
P002826,2026-01-30,AC0017,ACH,GBP,10321.96,False,False,False,False,0,1.5,Completed
P002892,2026-01-30,AC0053,Wire,USD,8160.04,False,True,False,False,0,19.5,Completed
P002946,2026-01-30,AC0034,Payroll,USD,76257.99,False,False,False,False,0,1.5,Completed
P003241,2026-01-30,AC0014,Local transfer,CAD,4382.63,False,True,False,False,0,1.5,Completed
P003261,2026-01-30,AC0053,Payroll,USD,6535.62,False,False,False,False,0,1.5,Completed
P003302,2026-01-30,AC0044,Internal transfer,KRW,5820.12,False,False,False,False,0,1.5,Completed
P003373,2026-01-30,AC0034,ACH,USD,46093.59,False,True,False,False,0,1.5,Completed
P003785,2026-01-30,AC0028,ACH,EUR,14724.61,False,False,False,False,0,1.5,Completed
P003795,2026-01-30,AC0010,ACH,USD,44400.56,False,True,False,False,0,1.5,Completed
P003882,2026-01-30,AC0039,Wire,AUD,7647.16,True,False,False,False,0,43.5,Completed
P004015,2026-01-30,AC0001,Internal transfer,USD,3496.58,False,True,False,False,0,1.5,Completed
P004091,2026-01-30,AC0050,Wire,HKD,98722.79,True,True,True,False,60,58.5,Repaired
P004218,2026-01-30,AC0030,ACH,USD,28644.53,False,False,False,False,0,1.5,Completed
P004302,2026-01-30,AC0028,Internal transfer,EUR,2099.63,False,False,False,False,0,1.5,Completed
P004308,2026-01-30,AC0038,Internal transfer,USD,39031.4,False,False,False,False,0,1.5,Completed
P004344,2026-01-30,AC0017,Payroll,GBP,26666.32,False,True,True,False,61,16.5,Repaired
P004363,2026-01-30,AC0019,Internal transfer,GBP,1007.64,False,False,True,False,36,16.5,Repaired
P004395,2026-01-30,AC0031,ACH,USD,6991.93,False,True,True,False,57,16.5,Repaired
P004438,2026-01-30,AC0010,Local transfer,USD,9064.74,False,False,False,False,0,1.5,Completed
P004508,2026-01-30,AC0043,ACH,JPY,5626.93,False,False,False,False,0,1.5,Completed
P004567,2026-01-30,AC0019,ACH,GBP,3274.73,False,False,False,False,0,1.5,Completed
P004762,2026-01-30,AC0055,ACH,USD,5190.05,False,False,False,False,0,1.5,Completed
P004804,2026-01-30,AC0050,ACH,HKD,26123.44,False,False,False,False,0,1.5,Completed
P004928,2026-01-30,AC0041,Local transfer,JPY,16139.9,False,True,False,False,0,1.5,Completed
P004989,2026-01-30,AC0047,Local transfer,INR,7110.21,False,True,False,False,0,1.5,Completed
P005195,2026-01-30,AC0005,Local transfer,USD,44438.57,False,False,False,False,0,1.5,Completed
P005272,2026-01-30,AC0025,Local transfer,EUR,24807.23,False,False,False,False,0,1.5,Completed
P005342,2026-01-30,AC0044,Local transfer,KRW,50025.86,False,False,False,True,0,1.5,Completed
P005367,2026-01-30,AC0028,Local transfer,EUR,31893.45,False,True,False,False,0,1.5,Completed
P005484,2026-01-30,AC0014,Payroll,CAD,26205.19,False,False,False,False,0,1.5,Completed
P006043,2026-01-30,AC0010,ACH,USD,510.87,False,False,False,False,0,1.5,Completed
P006053,2026-01-30,AC0042,Local transfer,USD,1411.66,False,False,False,False,0,1.5,Completed
P006201,2026-01-30,AC0014,ACH,CAD,4032.4,False,False,False,False,0,1.5,Completed
P006239,2026-01-30,AC0034,Wire,USD,5538.12,True,True,False,False,0,43.5,Completed
P006328,2026-01-30,AC0050,Local transfer,HKD,5869.66,False,True,True,False,19,16.5,Repaired
P006372,2026-01-30,AC0003,ACH,USD,23954.01,False,False,False,False,0,1.5,Completed
P006403,2026-01-30,AC0041,Tax,JPY,66828.96,False,False,False,False,0,1.5,Completed
P006518,2026-01-30,AC0050,ACH,HKD,21639.1,False,True,False,False,0,1.5,Completed
P006627,2026-01-30,AC0038,Payroll,USD,14222.42,False,False,False,False,0,1.5,Completed
P006723,2026-01-30,AC0021,ACH,EUR,3660.29,False,False,False,False,0,1.5,Completed
P006751,2026-01-30,AC0052,ACH,HKD,23608.0,False,False,False,False,0,1.5,Completed
P007041,2026-01-30,AC0034,Wire,USD,3460.2,True,True,True,True,33,58.5,Repaired
P007113,2026-01-30,AC0001,Wire,USD,1602.5,False,True,False,False,0,19.5,Completed
P007335,2026-01-30,AC0050,ACH,HKD,34314.05,False,True,False,False,0,1.5,Completed
P000009,2026-02-02,AC0048,Local transfer,INR,9708.34,False,False,False,False,0,1.5,Completed
P000043,2026-02-02,AC0047,Local transfer,INR,13664.58,False,False,False,False,0,1.5,Completed
P000236,2026-02-02,AC0028,ACH,EUR,39940.39,False,False,False,False,0,1.5,Completed
P000254,2026-02-02,AC0040,Wire,AUD,6616.68,True,True,False,False,0,43.5,Completed
P000312,2026-02-02,AC0044,Internal transfer,KRW,3028.89,False,True,False,False,0,1.5,Completed
P000350,2026-02-02,AC0028,Internal transfer,EUR,51003.28,False,True,False,False,0,1.5,Completed
P000744,2026-02-02,AC0016,Local transfer,CAD,20581.95,False,True,True,False,37,16.5,Repaired
P000831,2026-02-02,AC0010,Wire,USD,50645.45,True,False,False,False,0,43.5,Completed
P001126,2026-02-02,AC0041,Wire,JPY,6452.58,True,True,True,False,34,58.5,Repaired
P001374,2026-02-02,AC0047,Wire,INR,11559.52,False,False,False,False,0,19.5,Completed
P001446,2026-02-02,AC0031,Local transfer,USD,26176.23,False,False,False,False,0,1.5,Completed
P001670,2026-02-02,AC0005,Internal transfer,USD,101941.95,False,False,False,False,0,1.5,Completed
P001949,2026-02-02,AC0039,Payroll,AUD,16105.62,False,False,False,False,0,1.5,Completed
P002291,2026-02-02,AC0016,Payroll,CAD,23252.65,False,True,False,False,0,1.5,Completed
P002500,2026-02-02,AC0053,Local transfer,USD,7888.9,False,False,False,False,0,1.5,Completed
P002533,2026-02-02,AC0025,ACH,EUR,104397.55,False,True,False,False,0,1.5,Completed
P002948,2026-02-02,AC0025,Payroll,EUR,106146.88,False,False,False,False,0,1.5,Completed
P003045,2026-02-02,AC0052,Payroll,HKD,8428.53,False,True,False,False,0,1.5,Completed
P003077,2026-02-02,AC0014,Wire,CAD,18791.58,False,False,False,False,0,19.5,Completed
P003170,2026-02-02,AC0023,ACH,EUR,64541.99,False,False,False,False,0,1.5,Completed
P003376,2026-02-02,AC0047,Wire,INR,26339.08,True,True,True,False,22,58.5,Repaired
P003759,2026-02-02,AC0005,Wire,USD,21052.65,True,False,False,False,0,43.5,Completed
P003797,2026-02-02,AC0053,ACH,USD,4587.03,False,False,False,False,0,1.5,Completed
P003869,2026-02-02,AC0044,Wire,KRW,5174.21,True,True,False,True,0,43.5,Completed
P003959,2026-02-02,AC0044,ACH,KRW,5402.38,False,False,False,False,0,1.5,Completed
P004023,2026-02-02,AC0050,Payroll,HKD,126455.1,False,True,False,False,0,1.5,Completed
P004045,2026-02-02,AC0011,Payroll,USD,44195.13,False,False,False,False,0,1.5,Completed
P004236,2026-02-02,AC0028,Local transfer,EUR,14513.74,False,False,False,False,0,1.5,Completed
P004309,2026-02-02,AC0026,Local transfer,USD,18274.25,False,True,False,False,0,1.5,Completed
P004785,2026-02-02,AC0050,ACH,HKD,1095.35,False,True,False,False,0,1.5,Completed
P004826,2026-02-02,AC0014,Local transfer,CAD,6388.92,False,True,False,False,0,1.5,Completed
P004838,2026-02-02,AC0054,Local transfer,USD,10360.17,False,True,False,False,0,1.5,Completed
P004879,2026-02-02,AC0014,ACH,CAD,4093.05,False,True,False,False,0,1.5,Completed
P004947,2026-02-02,AC0016,Local transfer,CAD,5648.33,False,True,False,False,0,1.5,Completed
P005013,2026-02-02,AC0050,Local transfer,HKD,46867.41,False,True,False,False,0,1.5,Completed
P005190,2026-02-02,AC0045,Internal transfer,KRW,26104.57,False,False,False,True,0,1.5,Completed
P005234,2026-02-02,AC0012,Wire,USD,1395.61,True,True,False,False,0,43.5,Completed
P005267,2026-02-02,AC0017,Local transfer,GBP,67785.77,False,True,False,False,0,1.5,Completed
P005275,2026-02-02,AC0036,Local transfer,SGD,2808.68,False,True,False,False,0,1.5,Completed
P005317,2026-02-02,AC0011,Payroll,USD,22825.53,False,True,False,False,0,1.5,Completed
P005368,2026-02-02,AC0032,Wire,EUR,19870.9,False,False,False,False,0,19.5,Completed
P005522,2026-02-02,AC0053,ACH,USD,9730.57,False,False,False,False,0,1.5,Completed
P005572,2026-02-02,AC0041,Wire,JPY,16039.65,True,False,False,False,0,43.5,Completed
P005640,2026-02-02,AC0025,Local transfer,EUR,1665.1,False,True,True,False,16,16.5,Repaired
P005712,2026-02-02,AC0016,ACH,CAD,73787.74,False,False,False,False,0,1.5,Completed
P005837,2026-02-02,AC0038,Wire,USD,28493.49,True,True,True,True,65,58.5,Repaired
P005998,2026-02-02,AC0019,Wire,GBP,20961.27,True,False,True,False,70,58.5,Repaired
P006117,2026-02-02,AC0019,Internal transfer,GBP,13707.13,False,False,False,True,0,1.5,Completed
P006135,2026-02-02,AC0027,Internal transfer,EUR,25261.02,False,False,False,False,0,1.5,Completed
P006178,2026-02-02,AC0031,Internal transfer,USD,4625.94,False,False,False,False,0,1.5,Completed
P006279,2026-02-02,AC0050,ACH,HKD,24797.22,False,True,True,False,64,16.5,Repaired
P006537,2026-02-02,AC0052,ACH,HKD,19368.07,False,False,False,False,0,1.5,Completed
P006538,2026-02-02,AC0033,Local transfer,EUR,7744.98,False,False,False,False,0,1.5,Completed
P006613,2026-02-02,AC0038,Local transfer,USD,2839.51,False,False,False,False,0,1.5,Completed
P006775,2026-02-02,AC0032,Wire,EUR,18126.28,False,False,False,False,0,19.5,Completed
P006809,2026-02-02,AC0034,Local transfer,USD,18690.86,False,False,False,True,0,1.5,Completed
P006814,2026-02-02,AC0028,Tax,EUR,71379.67,False,False,False,False,0,1.5,Completed
P006855,2026-02-02,AC0031,ACH,USD,12658.51,False,False,False,False,0,1.5,Completed
P006975,2026-02-02,AC0027,Local transfer,EUR,34139.05,False,False,False,False,0,1.5,Completed
P007027,2026-02-02,AC0041,Wire,JPY,1088.04,True,True,False,False,0,43.5,Completed
P007103,2026-02-02,AC0034,Tax,USD,20060.05,False,True,False,False,0,1.5,Completed
P007201,2026-02-02,AC0025,Tax,EUR,8425.67,False,True,False,False,0,1.5,Completed
P007218,2026-02-02,AC0028,Local transfer,EUR,51208.64,False,False,False,False,0,1.5,Completed
P007524,2026-02-02,AC0025,Local transfer,EUR,28993.06,False,False,False,False,0,1.5,Completed
P000008,2026-02-03,AC0042,Wire,USD,28565.34,False,False,False,False,0,19.5,Completed
P000429,2026-02-03,AC0046,Internal transfer,KRW,9480.36,False,True,False,False,0,1.5,Completed
P000485,2026-02-03,AC0025,Payroll,EUR,15070.7,False,False,False,False,0,1.5,Completed
P000506,2026-02-03,AC0050,Local transfer,HKD,12704.84,False,False,False,False,0,1.5,Completed
P000570,2026-02-03,AC0041,ACH,JPY,2697.15,False,False,False,False,0,1.5,Completed
P000649,2026-02-03,AC0021,Wire,EUR,9697.49,True,False,True,False,12,58.5,Rejected
P000681,2026-02-03,AC0044,Wire,KRW,13818.84,False,True,False,False,0,19.5,Completed
P000742,2026-02-03,AC0017,ACH,GBP,18324.19,False,True,False,False,0,1.5,Completed
P000765,2026-02-03,AC0005,ACH,USD,4406.46,False,False,False,False,0,1.5,Completed
P000926,2026-02-03,AC0028,Local transfer,EUR,53720.2,False,False,False,False,0,1.5,Completed
P001191,2026-02-03,AC0039,Local transfer,AUD,55731.8,False,False,False,False,0,1.5,Completed
P001377,2026-02-03,AC0047,Payroll,INR,176289.97,False,False,False,False,0,1.5,Completed
P001501,2026-02-03,AC0021,Local transfer,EUR,6993.13,False,False,True,False,28,16.5,Repaired
P001634,2026-02-03,AC0034,Wire,USD,8408.8,True,True,True,False,66,58.5,Repaired
P001685,2026-02-03,AC0034,ACH,USD,12219.15,False,False,False,False,0,1.5,Completed
P001762,2026-02-03,AC0021,Local transfer,EUR,7645.93,False,False,False,False,0,1.5,Completed
P002046,2026-02-03,AC0021,ACH,EUR,5409.28,False,True,False,False,0,1.5,Completed
P002367,2026-02-03,AC0044,Local transfer,KRW,2505.99,False,False,False,False,0,1.5,Completed
P002405,2026-02-03,AC0005,ACH,USD,12519.55,False,False,False,False,0,1.5,Completed
P002555,2026-02-03,AC0033,Local transfer,EUR,9677.11,False,False,False,False,0,1.5,Completed
P002779,2026-02-03,AC0018,Payroll,GBP,86796.84,False,False,False,False,0,1.5,Completed
P002843,2026-02-03,AC0017,ACH,GBP,7873.5,False,False,False,False,0,1.5,Completed
P002928,2026-02-03,AC0036,Local transfer,SGD,14387.45,False,False,False,False,0,1.5,Completed
P002953,2026-02-03,AC0001,Wire,USD,7122.45,True,True,True,False,58,58.5,Repaired
P003051,2026-02-03,AC0041,Payroll,JPY,38148.16,False,False,False,False,0,1.5,Pending
P003142,2026-02-03,AC0052,Wire,HKD,16513.25,False,False,False,False,0,19.5,Completed
P003187,2026-02-03,AC0005,Wire,USD,2034.18,True,True,False,False,0,43.5,Completed
P003235,2026-02-03,AC0005,Local transfer,USD,4272.27,False,False,False,False,0,1.5,Completed
P003264,2026-02-03,AC0014,Wire,CAD,101719.79,True,False,True,True,19,58.5,Repaired
P003363,2026-02-03,AC0044,Local transfer,KRW,8338.12,False,False,False,False,0,1.5,Completed
P003501,2026-02-03,AC0029,Local transfer,EUR,3642.55,False,False,False,False,0,1.5,Completed
P003952,2026-02-03,AC0034,Local transfer,USD,124188.89,False,False,False,False,0,1.5,Completed
P004013,2026-02-03,AC0010,Payroll,USD,25574.14,False,True,False,False,0,1.5,Completed
P004106,2026-02-03,AC0054,Local transfer,USD,21444.76,False,False,False,False,0,1.5,Completed
P004199,2026-02-03,AC0041,ACH,JPY,28236.98,False,True,False,False,0,1.5,Completed
P004257,2026-02-03,AC0002,Wire,USD,23417.59,True,True,False,True,0,43.5,Completed
P004285,2026-02-03,AC0053,Wire,USD,7232.54,False,False,False,False,0,19.5,Completed
P004523,2026-02-03,AC0017,Tax,GBP,48786.8,False,False,False,False,0,1.5,Completed
P004576,2026-02-03,AC0041,ACH,JPY,10007.92,False,False,False,False,0,1.5,Completed
P004598,2026-02-03,AC0005,Wire,USD,14386.06,True,False,False,False,0,43.5,Completed
P004922,2026-02-03,AC0034,Local transfer,USD,9471.06,False,False,False,False,0,1.5,Completed
P004967,2026-02-03,AC0017,Internal transfer,GBP,2624.62,False,True,False,True,0,1.5,Completed
P005141,2026-02-03,AC0001,ACH,USD,74730.39,False,True,False,False,0,1.5,Completed
P005358,2026-02-03,AC0005,ACH,USD,12252.66,False,False,False,False,0,1.5,Completed
P005389,2026-02-03,AC0003,Local transfer,USD,1164.33,False,False,False,False,0,1.5,Completed
P005473,2026-02-03,AC0028,ACH,EUR,3430.6,False,False,False,False,0,1.5,Completed
P005488,2026-02-03,AC0044,Local transfer,KRW,8662.86,False,False,False,False,0,1.5,Completed
P005492,2026-02-03,AC0025,Tax,EUR,95509.1,False,True,False,True,0,1.5,Completed
P005651,2026-02-03,AC0047,Local transfer,INR,38359.88,False,True,False,False,0,1.5,Completed
P005753,2026-02-03,AC0010,Local transfer,USD,31576.2,False,False,False,False,0,1.5,Completed
P005802,2026-02-03,AC0001,Payroll,USD,80420.68,False,True,True,False,20,16.5,Repaired
P005997,2026-02-03,AC0047,ACH,INR,2402.19,False,False,False,False,0,1.5,Completed
P006405,2026-02-03,AC0041,ACH,JPY,4019.86,False,False,False,False,0,1.5,Completed
P006497,2026-02-03,AC0016,Local transfer,CAD,5705.73,False,False,False,False,0,1.5,Completed
P007025,2026-02-03,AC0022,Local transfer,EUR,709.02,False,False,True,False,37,16.5,Rejected
P007413,2026-02-03,AC0021,Tax,EUR,130378.64,False,False,False,False,0,1.5,Completed
P007475,2026-02-03,AC0023,Local transfer,EUR,5626.17,False,False,False,False,0,1.5,Completed
P007486,2026-02-03,AC0025,Local transfer,EUR,33193.32,False,True,False,False,0,1.5,Completed
P000092,2026-02-04,AC0047,Tax,INR,25082.62,False,False,False,False,0,1.5,Completed
P000109,2026-02-04,AC0052,ACH,HKD,1733.78,False,True,False,False,0,1.5,Completed
P000216,2026-02-04,AC0050,ACH,HKD,8650.53,False,False,True,True,17,16.5,Repaired
P000237,2026-02-04,AC0005,Internal transfer,USD,2396.31,False,False,False,False,0,1.5,Completed
P000248,2026-02-04,AC0012,Local transfer,USD,6698.32,False,False,False,False,0,1.5,Completed
P000336,2026-02-04,AC0021,Local transfer,EUR,22300.26,False,True,False,False,0,1.5,Completed
P000472,2026-02-04,AC0021,ACH,EUR,2684.86,False,False,False,False,0,1.5,Completed
P000583,2026-02-04,AC0028,ACH,EUR,2054.77,False,False,False,False,0,1.5,Completed
P000635,2026-02-04,AC0031,ACH,USD,2902.38,False,True,False,False,0,1.5,Completed
P000858,2026-02-04,AC0020,Local transfer,GBP,3793.31,False,False,False,False,0,1.5,Completed
P001003,2026-02-04,AC0016,Internal transfer,CAD,9320.38,False,False,False,False,0,1.5,Completed
P001093,2026-02-04,AC0041,Wire,JPY,5543.41,False,False,False,False,0,19.5,Completed
P001387,2026-02-04,AC0038,Local transfer,USD,3716.75,False,False,False,False,0,1.5,Completed
P001505,2026-02-04,AC0025,Local transfer,EUR,32660.83,False,False,False,False,0,1.5,Completed
P001532,2026-02-04,AC0010,ACH,USD,21981.1,False,True,True,False,72,16.5,Repaired
P001807,2026-02-04,AC0052,Wire,HKD,9149.26,True,False,False,False,0,43.5,Completed
P001990,2026-02-04,AC0017,Local transfer,GBP,33667.88,False,True,False,False,0,1.5,Completed
P001991,2026-02-04,AC0036,ACH,SGD,68533.22,False,False,False,False,0,1.5,Completed
P002122,2026-02-04,AC0038,ACH,USD,45137.53,False,False,False,False,0,1.5,Completed
P002137,2026-02-04,AC0014,Payroll,CAD,99364.88,False,True,False,False,0,1.5,Completed
P002171,2026-02-04,AC0034,Local transfer,USD,32579.32,False,False,False,False,0,1.5,Completed
P002465,2026-02-04,AC0034,ACH,USD,29079.83,False,False,False,False,0,1.5,Completed
P002557,2026-02-04,AC0055,Local transfer,USD,2945.34,False,True,False,False,0,1.5,Completed
P002576,2026-02-04,AC0012,Internal transfer,USD,18368.94,False,False,False,False,0,1.5,Completed
P002698,2026-02-04,AC0003,Wire,USD,12104.44,False,True,False,False,0,19.5,Completed
P002890,2026-02-04,AC0050,ACH,HKD,2015.48,False,True,False,False,0,1.5,Completed
P003357,2026-02-04,AC0001,Tax,USD,43806.72,False,True,False,False,0,1.5,Completed
P003420,2026-02-04,AC0050,Wire,HKD,8613.08,False,True,False,False,0,19.5,Completed
P003485,2026-02-04,AC0010,Internal transfer,USD,3899.35,False,False,False,False,0,1.5,Completed
P003552,2026-02-04,AC0040,ACH,AUD,27739.81,False,False,False,False,0,1.5,Completed
P003657,2026-02-04,AC0048,Local transfer,INR,8465.1,False,False,False,False,0,1.5,Completed
P003880,2026-02-04,AC0028,Local transfer,EUR,35712.79,False,True,False,False,0,1.5,Completed
P003920,2026-02-04,AC0005,ACH,USD,16556.39,False,False,False,False,0,1.5,Completed
P004169,2026-02-04,AC0030,Local transfer,USD,40383.71,False,False,False,False,0,1.5,Completed
P004359,2026-02-04,AC0021,Wire,EUR,1332.21,False,True,False,False,0,19.5,Completed
P004409,2026-02-04,AC0025,ACH,EUR,44219.35,False,False,False,False,0,1.5,Completed
P004696,2026-02-04,AC0044,Wire,KRW,9270.8,False,True,False,True,0,19.5,Completed
P004851,2026-02-04,AC0021,Wire,EUR,6193.28,True,True,False,False,0,43.5,Completed
P004920,2026-02-04,AC0034,Internal transfer,USD,64225.86,False,True,False,False,0,1.5,Completed
P004960,2026-02-04,AC0036,ACH,SGD,122262.95,False,True,False,False,0,1.5,Completed
P005007,2026-02-04,AC0039,Local transfer,AUD,1166.54,False,True,False,False,0,1.5,Completed
P005213,2026-02-04,AC0053,ACH,USD,37995.13,False,False,False,False,0,1.5,Completed
P005280,2026-02-04,AC0038,Tax,USD,7838.72,False,True,False,False,0,1.5,Completed
P005519,2026-02-04,AC0014,Local transfer,CAD,47371.88,False,False,False,False,0,1.5,Completed
P005760,2026-02-04,AC0025,ACH,EUR,9050.25,False,False,False,False,0,1.5,Completed
P006098,2026-02-04,AC0032,ACH,EUR,8096.1,False,False,False,False,0,1.5,Completed
P006105,2026-02-04,AC0028,Local transfer,EUR,4181.52,False,False,False,False,0,1.5,Completed
P006448,2026-02-04,AC0040,ACH,AUD,2432.85,False,True,False,False,0,1.5,Completed
P006484,2026-02-04,AC0034,Wire,USD,11632.65,True,False,False,False,0,43.5,Completed
P006937,2026-02-04,AC0012,Payroll,USD,3348.56,False,True,False,False,0,1.5,Completed
P007312,2026-02-04,AC0053,ACH,USD,103872.66,False,False,False,False,0,1.5,Completed
P007391,2026-02-04,AC0025,Internal transfer,EUR,2004.91,False,False,False,False,0,1.5,Completed
P000394,2026-02-05,AC0010,ACH,USD,24710.65,False,False,False,False,0,1.5,Completed
P000411,2026-02-05,AC0047,Wire,INR,15598.08,True,True,False,False,0,43.5,Completed
P000515,2026-02-05,AC0025,Local transfer,EUR,1281.58,False,True,False,False,0,1.5,Completed
P000670,2026-02-05,AC0017,Tax,GBP,122828.32,False,False,False,False,0,1.5,Completed
P000782,2026-02-05,AC0021,Local transfer,EUR,18637.34,False,True,False,False,0,1.5,Completed
P000969,2026-02-05,AC0003,Local transfer,USD,3745.27,False,False,False,False,0,1.5,Completed
P000994,2026-02-05,AC0053,Local transfer,USD,4511.25,False,False,False,False,0,1.5,Completed
P001021,2026-02-05,AC0014,ACH,CAD,11969.19,False,False,False,False,0,1.5,Completed
P001108,2026-02-05,AC0052,Local transfer,HKD,9888.26,False,False,False,False,0,1.5,Completed
P001140,2026-02-05,AC0034,Tax,USD,14316.67,False,False,False,False,0,1.5,Completed
P001170,2026-02-05,AC0005,Internal transfer,USD,52591.13,False,False,False,False,0,1.5,Completed
P001283,2026-02-05,AC0014,ACH,CAD,3773.85,False,False,False,False,0,1.5,Completed
P001348,2026-02-05,AC0053,ACH,USD,2983.8,False,False,False,False,0,1.5,Completed
P001390,2026-02-05,AC0017,ACH,GBP,47278.21,False,True,False,False,0,1.5,Completed
P001449,2026-02-05,AC0053,Local transfer,USD,4013.93,False,False,False,False,0,1.5,Completed
P001492,2026-02-05,AC0053,Wire,USD,33804.33,True,False,False,False,0,43.5,Completed
P001792,2026-02-05,AC0036,Internal transfer,SGD,48444.72,False,True,False,True,0,1.5,Completed
P001887,2026-02-05,AC0044,Tax,KRW,42188.47,False,False,False,False,0,1.5,Completed
P001976,2026-02-05,AC0005,Wire,USD,15666.8,False,False,False,False,0,19.5,Completed
P002011,2026-02-05,AC0005,Local transfer,USD,12690.49,False,False,False,False,0,1.5,Completed
P002086,2026-02-05,AC0021,Local transfer,EUR,5456.86,False,True,False,False,0,1.5,Completed
P002206,2026-02-05,AC0038,Payroll,USD,150068.98,False,False,False,False,0,1.5,Completed
P002365,2026-02-05,AC0014,Local transfer,CAD,15012.52,False,False,False,False,0,1.5,Completed
P002486,2026-02-05,AC0017,Local transfer,GBP,37881.98,False,False,False,False,0,1.5,Completed
P002509,2026-02-05,AC0006,Tax,USD,98784.61,False,False,False,False,0,1.5,Completed
P002815,2026-02-05,AC0034,Payroll,USD,998319.64,False,True,False,False,0,1.5,Completed
P003133,2026-02-05,AC0053,ACH,USD,10832.13,False,False,False,False,0,1.5,Completed
P003222,2026-02-05,AC0013,Payroll,USD,2664.0,False,True,False,False,0,1.5,Completed
P003333,2026-02-05,AC0017,Tax,GBP,171365.65,False,False,False,False,0,1.5,Completed
P003412,2026-02-05,AC0031,Wire,USD,4859.58,False,True,False,False,0,19.5,Completed
P003549,2026-02-05,AC0050,Payroll,HKD,13491.4,False,False,False,False,0,1.5,Completed
P003554,2026-02-05,AC0019,Local transfer,GBP,30934.77,False,False,False,False,0,1.5,Completed
P003863,2026-02-05,AC0031,ACH,USD,1089.51,False,True,False,False,0,1.5,Completed
P003941,2026-02-05,AC0033,Payroll,EUR,3174.01,False,True,True,False,35,16.5,Repaired
P003976,2026-02-05,AC0023,Payroll,EUR,76195.25,False,False,False,False,0,1.5,Completed
P004219,2026-02-05,AC0044,Local transfer,KRW,79879.67,False,False,False,False,0,1.5,Completed
P004318,2026-02-05,AC0041,Tax,JPY,644831.84,False,False,False,False,0,1.5,Completed
P004413,2026-02-05,AC0038,ACH,USD,7757.37,False,True,True,False,22,16.5,Repaired
P004507,2026-02-05,AC0053,Local transfer,USD,12118.59,False,False,False,False,0,1.5,Completed
P004579,2026-02-05,AC0021,Local transfer,EUR,11126.9,False,False,False,False,0,1.5,Completed
P004724,2026-02-05,AC0041,Wire,JPY,67323.04,True,True,False,False,0,43.5,Completed
P004842,2026-02-05,AC0044,Internal transfer,KRW,58372.49,False,False,False,False,0,1.5,Completed
P004873,2026-02-05,AC0021,Local transfer,EUR,7645.21,False,True,True,False,20,16.5,Repaired
P004925,2026-02-05,AC0017,Payroll,GBP,50640.5,False,True,False,False,0,1.5,Completed
P004976,2026-02-05,AC0003,Wire,USD,17662.56,True,False,False,True,0,43.5,Completed
P005152,2026-02-05,AC0038,Wire,USD,2717.64,True,True,False,False,0,43.5,Completed
P005200,2026-02-05,AC0050,Tax,HKD,6154.01,False,False,False,False,0,1.5,Completed
P005263,2026-02-05,AC0053,Wire,USD,998.9,True,False,False,False,0,43.5,Completed
P005404,2026-02-05,AC0028,ACH,EUR,28197.04,False,False,False,False,0,1.5,Completed
P005472,2026-02-05,AC0052,Payroll,HKD,215210.24,False,False,False,False,0,1.5,Completed
P005518,2026-02-05,AC0041,Wire,JPY,42507.19,False,False,False,False,0,19.5,Completed
P005538,2026-02-05,AC0007,ACH,USD,24342.58,False,False,False,False,0,1.5,Completed
P005539,2026-02-05,AC0025,Local transfer,EUR,3916.09,False,False,False,False,0,1.5,Completed
P005714,2026-02-05,AC0036,Local transfer,SGD,2461.24,False,False,False,False,0,1.5,Completed
P005863,2026-02-05,AC0019,ACH,GBP,70842.09,False,False,False,False,0,1.5,Completed
P005995,2026-02-05,AC0043,Local transfer,JPY,3522.63,False,False,False,False,0,1.5,Completed
P006681,2026-02-05,AC0001,Wire,USD,17683.92,True,False,False,False,0,43.5,Completed
P006687,2026-02-05,AC0028,Local transfer,EUR,17947.99,False,False,False,False,0,1.5,Completed
P006712,2026-02-05,AC0033,Local transfer,EUR,51628.48,False,True,False,False,0,1.5,Completed
P006810,2026-02-05,AC0001,Internal transfer,USD,25444.77,False,True,False,False,0,1.5,Completed
P007216,2026-02-05,AC0029,Wire,EUR,7823.01,False,False,False,False,0,19.5,Completed
P007225,2026-02-05,AC0031,Local transfer,USD,9347.75,False,True,False,False,0,1.5,Completed
P007238,2026-02-05,AC0044,Internal transfer,KRW,5985.89,False,False,False,False,0,1.5,Completed
P007256,2026-02-05,AC0027,Local transfer,EUR,1999.73,False,False,False,False,0,1.5,Completed
P007259,2026-02-05,AC0041,ACH,JPY,16453.9,False,False,False,False,0,1.5,Completed
P007313,2026-02-05,AC0010,Wire,USD,1606.56,False,True,False,False,0,19.5,Completed
P007430,2026-02-05,AC0031,Payroll,USD,203259.15,False,False,False,False,0,1.5,Completed
P007564,2026-02-05,AC0002,ACH,USD,3932.94,False,False,False,False,0,1.5,Completed
P000083,2026-02-06,AC0054,ACH,USD,9340.83,False,False,False,False,0,1.5,Completed
P000137,2026-02-06,AC0038,Payroll,USD,8412.3,False,False,False,False,0,1.5,Completed
P000361,2026-02-06,AC0003,Payroll,USD,91223.21,False,False,False,False,0,1.5,Completed
P000568,2026-02-06,AC0044,Local transfer,KRW,6386.75,False,False,False,False,0,1.5,Completed
P000621,2026-02-06,AC0021,Local transfer,EUR,33740.0,False,False,False,False,0,1.5,Completed
P000630,2026-02-06,AC0035,Internal transfer,SGD,1164.52,False,False,False,False,0,1.5,Completed
P000667,2026-02-06,AC0035,Internal transfer,SGD,8230.64,False,True,False,False,0,1.5,Completed
P000687,2026-02-06,AC0025,Local transfer,EUR,10098.18,False,True,False,False,0,1.5,Completed
P000856,2026-02-06,AC0035,Internal transfer,SGD,1119.35,False,False,False,False,0,1.5,Completed
P001158,2026-02-06,AC0029,ACH,EUR,37154.55,False,True,False,False,0,1.5,Completed
P001218,2026-02-06,AC0053,Local transfer,USD,37456.44,False,False,False,False,0,1.5,Completed
P001263,2026-02-06,AC0050,ACH,HKD,4516.01,False,False,False,False,0,1.5,Completed
P001310,2026-02-06,AC0018,ACH,GBP,52662.54,False,False,False,False,0,1.5,Completed
P001357,2026-02-06,AC0030,Payroll,USD,63915.45,False,False,False,False,0,1.5,Pending
P001443,2026-02-06,AC0012,Local transfer,USD,11524.63,False,True,False,False,0,1.5,Completed
P001544,2026-02-06,AC0031,Wire,USD,806.64,False,True,False,False,0,19.5,Completed
P001570,2026-02-06,AC0034,Tax,USD,4790.48,False,False,False,False,0,1.5,Completed
P001607,2026-02-06,AC0038,Local transfer,USD,19580.38,False,False,False,False,0,1.5,Completed
P001753,2026-02-06,AC0012,Payroll,USD,2161.27,False,False,True,False,23,16.5,Repaired
P001809,2026-02-06,AC0047,Wire,INR,22233.95,False,False,False,False,0,19.5,Completed
P001832,2026-02-06,AC0047,Internal transfer,INR,10358.55,False,True,False,True,0,1.5,Completed
P001937,2026-02-06,AC0016,Local transfer,CAD,12259.41,False,False,False,False,0,1.5,Completed
P002024,2026-02-06,AC0001,Local transfer,USD,12853.76,False,True,False,False,0,1.5,Completed
P002109,2026-02-06,AC0053,Local transfer,USD,8249.67,False,True,True,False,20,16.5,Repaired
P002151,2026-02-06,AC0038,Wire,USD,8708.03,False,True,False,False,0,19.5,Completed
P002162,2026-02-06,AC0034,ACH,USD,13798.59,False,False,False,False,0,1.5,Completed
P002210,2026-02-06,AC0010,Internal transfer,USD,4519.88,False,True,False,False,0,1.5,Completed
P002297,2026-02-06,AC0007,Tax,USD,34553.66,False,False,False,False,0,1.5,Completed
P002653,2026-02-06,AC0047,Wire,INR,148892.12,True,True,False,False,0,43.5,Completed
P002903,2026-02-06,AC0019,Local transfer,GBP,10707.13,False,True,False,False,0,1.5,Completed
P002930,2026-02-06,AC0047,ACH,INR,5883.42,False,False,False,False,0,1.5,Completed
P003317,2026-02-06,AC0010,Local transfer,USD,21695.98,False,False,False,False,0,1.5,Completed
P003334,2026-02-06,AC0049,Tax,USD,36745.24,False,False,False,False,0,1.5,Completed
P003460,2026-02-06,AC0017,Local transfer,GBP,48604.21,False,True,False,False,0,1.5,Completed
P003592,2026-02-06,AC0001,Local transfer,USD,1600.49,False,False,False,False,0,1.5,Completed
P003836,2026-02-06,AC0019,Local transfer,GBP,77281.17,False,False,False,False,0,1.5,Completed
P003862,2026-02-06,AC0052,Wire,HKD,31963.0,False,False,False,False,0,19.5,Completed
P003966,2026-02-06,AC0019,Local transfer,GBP,15063.43,False,False,False,False,0,1.5,Completed
P004120,2026-02-06,AC0047,Local transfer,INR,30155.54,False,False,False,False,0,1.5,Completed
P004365,2026-02-06,AC0005,Payroll,USD,143591.47,False,False,False,False,0,1.5,Completed
P004531,2026-02-06,AC0021,Wire,EUR,4389.79,True,False,False,False,0,43.5,Completed
P004577,2026-02-06,AC0005,Payroll,USD,71535.74,False,False,False,False,0,1.5,Completed
P004609,2026-02-06,AC0010,Local transfer,USD,5406.95,False,False,False,False,0,1.5,Completed
P004624,2026-02-06,AC0031,Payroll,USD,25196.39,False,False,False,False,0,1.5,Completed
P005025,2026-02-06,AC0038,Local transfer,USD,2057.03,False,True,False,False,0,1.5,Completed
P005495,2026-02-06,AC0022,Local transfer,EUR,45638.56,False,False,False,False,0,1.5,Completed
P005556,2026-02-06,AC0034,Internal transfer,USD,39673.6,False,True,True,False,55,16.5,Repaired
P005756,2026-02-06,AC0013,Payroll,USD,134062.83,False,False,False,False,0,1.5,Completed
P006125,2026-02-06,AC0053,Wire,USD,10335.24,True,False,False,False,0,43.5,Completed
P006199,2026-02-06,AC0047,ACH,INR,2354.69,False,False,False,False,0,1.5,Completed
P006343,2026-02-06,AC0044,Local transfer,KRW,10937.47,False,False,False,False,0,1.5,Completed
P006735,2026-02-06,AC0023,Wire,EUR,688314.95,True,True,False,False,0,43.5,Completed
P007015,2026-02-06,AC0021,Local transfer,EUR,22766.24,False,False,False,False,0,1.5,Completed
P007246,2026-02-06,AC0028,ACH,EUR,6443.12,False,False,False,False,0,1.5,Completed
P007254,2026-02-06,AC0005,Wire,USD,30521.17,True,True,False,False,0,43.5,Completed
P007346,2026-02-06,AC0021,Internal transfer,EUR,694.22,False,False,False,False,0,1.5,Completed
P007431,2026-02-06,AC0006,Wire,USD,10626.36,True,False,False,False,0,43.5,Completed
P007474,2026-02-06,AC0048,Tax,INR,106440.65,False,True,False,False,0,1.5,Completed
P000529,2026-02-09,AC0053,Wire,USD,19364.44,False,False,False,False,0,19.5,Completed
P000616,2026-02-09,AC0021,ACH,EUR,18157.51,False,False,False,False,0,1.5,Completed
P000665,2026-02-09,AC0047,Payroll,INR,89023.58,False,False,False,False,0,1.5,Completed
P000714,2026-02-09,AC0031,Wire,USD,6824.81,False,False,False,False,0,19.5,Completed
P000730,2026-02-09,AC0014,Local transfer,CAD,9633.36,False,False,False,False,0,1.5,Completed
P000767,2026-02-09,AC0022,ACH,EUR,38881.15,False,False,False,False,0,1.5,Completed
P000942,2026-02-09,AC0031,Payroll,USD,29737.24,False,False,False,False,0,1.5,Completed
P000947,2026-02-09,AC0001,Local transfer,USD,17748.23,False,False,True,False,55,16.5,Repaired
P001182,2026-02-09,AC0031,Local transfer,USD,4442.53,False,True,False,False,0,1.5,Completed
P001204,2026-02-09,AC0050,Payroll,HKD,47562.38,False,False,False,False,0,1.5,Completed
P001260,2026-02-09,AC0042,Local transfer,USD,11052.23,False,False,False,False,0,1.5,Completed
P001354,2026-02-09,AC0038,Internal transfer,USD,6503.03,False,False,False,False,0,1.5,Completed
P001363,2026-02-09,AC0050,Local transfer,HKD,7156.59,False,False,False,False,0,1.5,Completed
P001369,2026-02-09,AC0005,Local transfer,USD,46521.46,False,False,False,False,0,1.5,Completed
P002337,2026-02-09,AC0001,Local transfer,USD,710.48,False,True,False,False,0,1.5,Completed
P002510,2026-02-09,AC0044,Payroll,KRW,80669.92,False,False,False,False,0,1.5,Completed
P002535,2026-02-09,AC0034,ACH,USD,10245.6,False,True,False,False,0,1.5,Completed
P002641,2026-02-09,AC0053,Wire,USD,2999.85,True,False,False,False,0,43.5,Completed
P002715,2026-02-09,AC0005,Wire,USD,41107.35,True,False,False,True,0,43.5,Completed
P003050,2026-02-09,AC0014,Wire,CAD,69349.64,True,False,False,False,0,43.5,Completed
P003690,2026-02-09,AC0049,Local transfer,USD,6551.17,False,False,False,False,0,1.5,Completed
P003756,2026-02-09,AC0041,Wire,JPY,3613.6,False,False,False,False,0,19.5,Completed
P003763,2026-02-09,AC0047,Tax,INR,47611.89,False,True,False,True,0,1.5,Completed
P004160,2026-02-09,AC0025,Local transfer,EUR,52841.74,False,True,False,False,0,1.5,Completed
P004189,2026-02-09,AC0049,Local transfer,USD,300866.5,False,False,False,True,0,1.5,Completed
P004235,2026-02-09,AC0027,Tax,EUR,44906.89,False,False,False,False,0,1.5,Completed
P005487,2026-02-09,AC0001,Local transfer,USD,44206.58,False,True,False,True,0,1.5,Completed
P005676,2026-02-09,AC0028,Tax,EUR,54296.07,False,False,False,False,0,1.5,Completed
P005692,2026-02-09,AC0053,Tax,USD,53217.28,False,False,False,False,0,1.5,Completed
P005812,2026-02-09,AC0033,ACH,EUR,8060.0,False,False,False,False,0,1.5,Completed
P006138,2026-02-09,AC0025,Tax,EUR,33134.95,False,False,False,False,0,1.5,Completed
P006384,2026-02-09,AC0027,Payroll,EUR,17515.1,False,False,False,True,0,1.5,Completed
P006413,2026-02-09,AC0029,Local transfer,EUR,2364.23,False,False,False,False,0,1.5,Completed
P006474,2026-02-09,AC0003,Wire,USD,8035.09,True,False,False,False,0,43.5,Completed
P006480,2026-02-09,AC0044,ACH,KRW,29226.84,False,False,False,False,0,1.5,Completed
P007007,2026-02-09,AC0053,ACH,USD,19126.65,False,False,False,False,0,1.5,Completed
P007173,2026-02-09,AC0040,Local transfer,AUD,45034.26,False,False,False,False,0,1.5,Completed
P007180,2026-02-09,AC0047,Local transfer,INR,2734.07,False,False,False,False,0,1.5,Completed
P007329,2026-02-09,AC0050,ACH,HKD,16948.28,False,True,False,False,0,1.5,Completed
P007375,2026-02-09,AC0034,Wire,USD,76733.0,True,True,False,False,0,43.5,Completed
P007428,2026-02-09,AC0041,Tax,JPY,42272.14,False,True,False,False,0,1.5,Completed
P007457,2026-02-09,AC0043,Wire,JPY,20540.56,False,True,False,False,0,19.5,Completed
P000054,2026-02-10,AC0001,ACH,USD,18318.74,False,False,False,False,0,1.5,Completed
P000136,2026-02-10,AC0044,ACH,KRW,1284.8,False,False,False,False,0,1.5,Completed
P000346,2026-02-10,AC0034,Payroll,USD,4066.14,False,False,False,False,0,1.5,Completed
P000447,2026-02-10,AC0034,Local transfer,USD,15215.91,False,True,True,False,65,16.5,Repaired
P000501,2026-02-10,AC0048,Wire,INR,15101.91,True,True,False,False,0,43.5,Completed
P000587,2026-02-10,AC0053,Local transfer,USD,16569.36,False,False,False,False,0,1.5,Completed
P001138,2026-02-10,AC0031,Internal transfer,USD,6545.7,False,False,False,False,0,1.5,Completed
P001144,2026-02-10,AC0017,ACH,GBP,1324.26,False,False,False,False,0,1.5,Completed
P001154,2026-02-10,AC0041,Local transfer,JPY,3497.57,False,False,False,False,0,1.5,Completed
P001217,2026-02-10,AC0018,Internal transfer,GBP,134676.87,False,True,False,False,0,1.5,Completed
P001243,2026-02-10,AC0044,ACH,KRW,28087.02,False,False,False,False,0,1.5,Completed
P001258,2026-02-10,AC0046,Local transfer,KRW,13811.76,False,False,False,False,0,1.5,Completed
P001296,2026-02-10,AC0038,Local transfer,USD,18011.68,False,False,False,False,0,1.5,Completed
P001425,2026-02-10,AC0031,Local transfer,USD,19691.45,False,True,False,False,0,1.5,Completed
P001565,2026-02-10,AC0050,ACH,HKD,8693.34,False,False,False,False,0,1.5,Completed
P001648,2026-02-10,AC0032,Local transfer,EUR,55261.07,False,False,False,False,0,1.5,Completed
P001866,2026-02-10,AC0017,ACH,GBP,5866.12,False,False,False,False,0,1.5,Completed
P001920,2026-02-10,AC0044,Local transfer,KRW,12331.22,False,True,False,False,0,1.5,Completed
P001955,2026-02-10,AC0014,Local transfer,CAD,3860.57,False,True,False,False,0,1.5,Completed
P002150,2026-02-10,AC0021,Wire,EUR,6284.69,False,False,False,False,0,19.5,Completed
P002255,2026-02-10,AC0017,Local transfer,GBP,32899.61,False,True,False,False,0,1.5,Completed
P002409,2026-02-10,AC0042,Wire,USD,6603.4,True,True,False,False,0,43.5,Completed
P002471,2026-02-10,AC0049,Local transfer,USD,16122.64,False,False,False,False,0,1.5,Completed
P002472,2026-02-10,AC0021,ACH,EUR,5559.6,False,True,True,False,40,16.5,Repaired
P002688,2026-02-10,AC0031,Internal transfer,USD,98303.17,False,True,False,False,0,1.5,Completed
P002780,2026-02-10,AC0051,Local transfer,HKD,7819.15,False,False,False,False,0,1.5,Completed
P002788,2026-02-10,AC0050,Wire,HKD,11929.16,False,False,False,False,0,19.5,Completed
P002795,2026-02-10,AC0033,ACH,EUR,1697.18,False,True,False,False,0,1.5,Completed
P002813,2026-02-10,AC0051,Local transfer,HKD,11217.39,False,True,False,False,0,1.5,Completed
P002951,2026-02-10,AC0005,Payroll,USD,23016.19,False,False,False,False,0,1.5,Completed
P003029,2026-02-10,AC0001,ACH,USD,8036.65,False,True,False,False,0,1.5,Completed
P003262,2026-02-10,AC0049,Wire,USD,4021.41,False,False,False,False,0,19.5,Completed
P003443,2026-02-10,AC0041,Wire,JPY,2111.7,True,True,False,False,0,43.5,Completed
P003522,2026-02-10,AC0046,ACH,KRW,11918.14,False,False,False,False,0,1.5,Completed
P003746,2026-02-10,AC0005,ACH,USD,7420.75,False,False,False,False,0,1.5,Completed
P003837,2026-02-10,AC0012,Local transfer,USD,5327.19,False,False,False,True,0,1.5,Completed
P004051,2026-02-10,AC0018,Wire,GBP,39356.7,True,True,True,False,24,58.5,Repaired
P004098,2026-02-10,AC0050,ACH,HKD,12644.65,False,False,False,False,0,1.5,Completed
P004144,2026-02-10,AC0025,Local transfer,EUR,28878.33,False,False,False,False,0,1.5,Completed
P004210,2026-02-10,AC0002,Local transfer,USD,2169.27,False,True,False,False,0,1.5,Completed
P004800,2026-02-10,AC0044,Local transfer,KRW,912.42,False,False,False,False,0,1.5,Completed
P004829,2026-02-10,AC0014,Local transfer,CAD,10324.84,False,False,False,False,0,1.5,Completed
P004882,2026-02-10,AC0036,Local transfer,SGD,15307.59,False,False,False,False,0,1.5,Completed
P004952,2026-02-10,AC0001,Payroll,USD,81058.06,False,False,False,False,0,1.5,Completed
P005031,2026-02-10,AC0038,Local transfer,USD,2005.43,False,False,False,False,0,1.5,Completed
P005102,2026-02-10,AC0035,Local transfer,SGD,63030.93,False,False,False,False,0,1.5,Completed
P005198,2026-02-10,AC0013,Local transfer,USD,120082.6,False,True,False,False,0,1.5,Completed
P005201,2026-02-10,AC0025,Wire,EUR,18589.43,True,True,False,False,0,43.5,Completed
P005208,2026-02-10,AC0017,Wire,GBP,29003.31,True,False,False,False,0,43.5,Completed
P005365,2026-02-10,AC0041,ACH,JPY,1480.71,False,True,True,False,22,16.5,Repaired
P005436,2026-02-10,AC0002,Internal transfer,USD,27068.32,False,True,False,True,0,1.5,Completed
P005454,2026-02-10,AC0014,Local transfer,CAD,9478.29,False,False,False,False,0,1.5,Completed
P005514,2026-02-10,AC0014,Wire,CAD,7493.5,False,False,False,False,0,19.5,Completed
P005529,2026-02-10,AC0051,ACH,HKD,5748.18,False,False,False,True,0,1.5,Completed
P005541,2026-02-10,AC0034,Local transfer,USD,3841.63,False,True,False,True,0,1.5,Completed
P005639,2026-02-10,AC0041,ACH,JPY,5145.45,False,False,False,False,0,1.5,Completed
P006011,2026-02-10,AC0010,Local transfer,USD,1308.11,False,False,False,False,0,1.5,Completed
P006026,2026-02-10,AC0010,Local transfer,USD,30484.2,False,False,False,False,0,1.5,Completed
P006081,2026-02-10,AC0026,Wire,USD,2669.19,False,True,False,False,0,19.5,Completed
P006159,2026-02-10,AC0043,Internal transfer,JPY,2983.92,False,False,False,False,0,1.5,Completed
P006245,2026-02-10,AC0035,Internal transfer,SGD,564.56,False,False,False,False,0,1.5,Completed
P006273,2026-02-10,AC0014,Payroll,CAD,13492.74,False,False,False,False,0,1.5,Completed
P006641,2026-02-10,AC0046,ACH,KRW,1716.25,False,False,False,False,0,1.5,Completed
P006691,2026-02-10,AC0010,ACH,USD,16522.34,False,False,False,False,0,1.5,Completed
P006805,2026-02-10,AC0001,ACH,USD,3859.52,False,False,False,False,0,1.5,Completed
P006850,2026-02-10,AC0034,Local transfer,USD,63011.52,False,False,False,False,0,1.5,Completed
P006873,2026-02-10,AC0025,ACH,EUR,13046.01,False,False,False,False,0,1.5,Completed
P006952,2026-02-10,AC0008,ACH,USD,4731.41,False,False,False,False,0,1.5,Pending
P006960,2026-02-10,AC0031,Local transfer,USD,1170.06,False,False,False,True,0,1.5,Completed
P007106,2026-02-10,AC0025,Local transfer,EUR,3976.24,False,False,False,False,0,1.5,Completed
P007186,2026-02-10,AC0044,Local transfer,KRW,9955.15,False,False,False,False,0,1.5,Completed
P007302,2026-02-10,AC0020,ACH,GBP,104384.57,False,False,False,False,0,1.5,Completed
P007415,2026-02-10,AC0049,ACH,USD,76757.75,False,True,False,False,0,1.5,Completed
P007593,2026-02-10,AC0050,ACH,HKD,4579.57,False,False,False,False,0,1.5,Completed
P000158,2026-02-11,AC0039,Tax,AUD,50569.07,False,False,False,False,0,1.5,Completed
P000164,2026-02-11,AC0001,Local transfer,USD,3844.49,False,False,False,False,0,1.5,Completed
P000196,2026-02-11,AC0001,ACH,USD,753.77,False,False,False,False,0,1.5,Completed
P000467,2026-02-11,AC0012,Tax,USD,15938.72,False,False,False,False,0,1.5,Completed
P000845,2026-02-11,AC0048,Local transfer,INR,2807.22,False,True,False,False,0,1.5,Completed
P000935,2026-02-11,AC0041,Local transfer,JPY,16202.36,False,True,False,False,0,1.5,Completed
P001163,2026-02-11,AC0005,ACH,USD,1054.65,False,True,False,False,0,1.5,Completed
P001247,2026-02-11,AC0005,Internal transfer,USD,6877.14,False,False,False,False,0,1.5,Completed
P001385,2026-02-11,AC0005,ACH,USD,9442.55,False,False,False,False,0,1.5,Completed
P001447,2026-02-11,AC0041,Local transfer,JPY,8035.68,False,False,True,False,25,16.5,Repaired
P001555,2026-02-11,AC0052,Payroll,HKD,129930.02,False,True,False,False,0,1.5,Completed
P001643,2026-02-11,AC0033,ACH,EUR,18741.2,False,False,False,False,0,1.5,Completed
P001783,2026-02-11,AC0047,Payroll,INR,10458.78,False,True,False,False,0,1.5,Completed
P001787,2026-02-11,AC0014,ACH,CAD,8652.72,False,False,False,False,0,1.5,Completed
P001975,2026-02-11,AC0053,Internal transfer,USD,42067.42,False,False,False,False,0,1.5,Completed
P002007,2026-02-11,AC0038,Local transfer,USD,1685.66,False,False,False,False,0,1.5,Completed
P002303,2026-02-11,AC0047,Local transfer,INR,50196.37,False,False,False,False,0,1.5,Completed
P002539,2026-02-11,AC0055,Payroll,USD,85657.29,False,False,False,False,0,1.5,Completed
P002565,2026-02-11,AC0043,ACH,JPY,1370.04,False,False,False,False,0,1.5,Completed
P002645,2026-02-11,AC0034,ACH,USD,7455.53,False,True,False,False,0,1.5,Completed
P002806,2026-02-11,AC0050,Local transfer,HKD,947.92,False,False,False,False,0,1.5,Completed
P002823,2026-02-11,AC0033,Local transfer,EUR,849.18,False,False,False,False,0,1.5,Completed
P002998,2026-02-11,AC0038,Tax,USD,420176.14,False,False,False,False,0,1.5,Completed
P003070,2026-02-11,AC0021,Local transfer,EUR,18678.04,False,True,False,False,0,1.5,Completed
P003286,2026-02-11,AC0003,Wire,USD,2613.35,False,False,False,False,0,19.5,Completed
P003389,2026-02-11,AC0031,Local transfer,USD,81813.21,False,True,False,False,0,1.5,Completed
P003445,2026-02-11,AC0028,Local transfer,EUR,9899.18,False,True,False,False,0,1.5,Completed
P003591,2026-02-11,AC0052,Local transfer,HKD,15742.85,False,False,False,False,0,1.5,Completed
P003721,2026-02-11,AC0010,Internal transfer,USD,15707.12,False,False,False,False,0,1.5,Completed
P003908,2026-02-11,AC0050,ACH,HKD,3160.77,False,False,False,False,0,1.5,Completed
P003916,2026-02-11,AC0047,ACH,INR,3904.51,False,True,False,False,0,1.5,Completed
P003929,2026-02-11,AC0021,Payroll,EUR,126063.85,False,False,False,False,0,1.5,Completed
P003955,2026-02-11,AC0007,Payroll,USD,9220.2,False,False,False,False,0,1.5,Completed
P003984,2026-02-11,AC0019,Wire,GBP,3179.08,False,True,False,False,0,19.5,Completed
P004061,2026-02-11,AC0028,Wire,EUR,40229.75,False,False,False,False,0,19.5,Completed
P004079,2026-02-11,AC0010,Local transfer,USD,12620.77,False,False,False,False,0,1.5,Completed
P004136,2026-02-11,AC0027,Wire,EUR,2709.75,True,False,False,False,0,43.5,Completed
P004329,2026-02-11,AC0032,Wire,EUR,5445.67,True,False,False,False,0,43.5,Completed
P004420,2026-02-11,AC0029,Payroll,EUR,26252.43,False,False,False,False,0,1.5,Completed
P004461,2026-02-11,AC0033,Local transfer,EUR,6153.24,False,False,False,False,0,1.5,Completed
P004571,2026-02-11,AC0031,ACH,USD,8407.73,False,True,False,False,0,1.5,Completed
P004676,2026-02-11,AC0021,Wire,EUR,6640.3,True,False,False,False,0,43.5,Completed
P004751,2026-02-11,AC0047,Local transfer,INR,36853.22,False,False,False,False,0,1.5,Completed
P004888,2026-02-11,AC0038,Wire,USD,22102.29,False,True,False,False,0,19.5,Completed
P004931,2026-02-11,AC0044,Local transfer,KRW,5941.75,False,False,False,False,0,1.5,Completed
P004936,2026-02-11,AC0005,ACH,USD,4510.6,False,False,False,False,0,1.5,Completed
P005012,2026-02-11,AC0005,Wire,USD,5747.29,True,False,False,False,0,43.5,Completed
P005164,2026-02-11,AC0047,Wire,INR,369.98,False,True,False,False,0,19.5,Completed
P005393,2026-02-11,AC0001,Payroll,USD,43928.44,False,False,False,False,0,1.5,Completed
P005441,2026-02-11,AC0003,Tax,USD,22813.29,False,False,False,False,0,1.5,Completed
P005466,2026-02-11,AC0047,ACH,INR,9773.77,False,False,False,False,0,1.5,Completed
P005566,2026-02-11,AC0028,Local transfer,EUR,4637.98,False,False,False,False,0,1.5,Completed
P005595,2026-02-11,AC0044,Local transfer,KRW,24213.23,False,True,True,False,16,16.5,Repaired
P005611,2026-02-11,AC0041,Local transfer,JPY,11232.67,False,False,False,False,0,1.5,Completed
P006133,2026-02-11,AC0031,ACH,USD,152397.92,False,True,True,False,21,16.5,Repaired
P006281,2026-02-11,AC0007,Local transfer,USD,44468.67,False,False,False,False,0,1.5,Completed
P006320,2026-02-11,AC0025,Local transfer,EUR,55169.63,False,False,False,False,0,1.5,Completed
P006340,2026-02-11,AC0021,ACH,EUR,4899.03,False,True,False,False,0,1.5,Completed
P006368,2026-02-11,AC0016,Local transfer,CAD,10870.32,False,True,True,False,42,16.5,Rejected
P006620,2026-02-11,AC0010,ACH,USD,22096.6,False,False,False,False,0,1.5,Completed
P006828,2026-02-11,AC0040,Local transfer,AUD,5611.7,False,False,False,False,0,1.5,Completed
P007068,2026-02-11,AC0021,ACH,EUR,16365.2,False,True,False,False,0,1.5,Completed
P007169,2026-02-11,AC0044,Internal transfer,KRW,25765.9,False,False,False,False,0,1.5,Completed
P007195,2026-02-11,AC0035,Payroll,SGD,24788.76,False,False,False,False,0,1.5,Completed
P007284,2026-02-11,AC0050,Payroll,HKD,31585.72,False,False,False,False,0,1.5,Completed
P007384,2026-02-11,AC0034,Wire,USD,4965.18,True,False,False,False,0,43.5,Completed
P000265,2026-02-12,AC0044,ACH,KRW,10474.88,False,True,False,True,0,1.5,Completed
P000272,2026-02-12,AC0001,Local transfer,USD,459.46,False,True,False,True,0,1.5,Completed
P000348,2026-02-12,AC0021,Tax,EUR,407940.99,False,False,False,False,0,1.5,Completed
P000470,2026-02-12,AC0041,ACH,JPY,876247.45,False,False,False,False,0,1.5,Completed
P000543,2026-02-12,AC0044,Internal transfer,KRW,1847.53,False,False,False,False,0,1.5,Completed
P000660,2026-02-12,AC0051,Internal transfer,HKD,17725.11,False,False,False,False,0,1.5,Completed
P000702,2026-02-12,AC0038,Local transfer,USD,10432.24,False,False,False,False,0,1.5,Completed
P000907,2026-02-12,AC0051,ACH,HKD,134381.17,False,False,False,False,0,1.5,Completed
P001055,2026-02-12,AC0025,Tax,EUR,17144.8,False,False,False,False,0,1.5,Completed
P001358,2026-02-12,AC0028,Local transfer,EUR,104025.17,False,False,False,False,0,1.5,Completed
P001362,2026-02-12,AC0053,Payroll,USD,37296.61,False,True,False,False,0,1.5,Completed
P001440,2026-02-12,AC0034,Payroll,USD,792405.83,False,False,False,False,0,1.5,Completed
P001502,2026-02-12,AC0028,ACH,EUR,20879.52,False,True,False,False,0,1.5,Completed
P001579,2026-02-12,AC0046,Internal transfer,KRW,19881.25,False,True,False,False,0,1.5,Completed
P001705,2026-02-12,AC0040,Local transfer,AUD,18082.71,False,False,False,False,0,1.5,Completed
P001954,2026-02-12,AC0038,Local transfer,USD,215771.8,False,False,False,False,0,1.5,Completed
P001968,2026-02-12,AC0014,ACH,CAD,15006.94,False,False,False,False,0,1.5,Completed
P001983,2026-02-12,AC0025,Local transfer,EUR,5399.86,False,True,False,False,0,1.5,Completed
P002087,2026-02-12,AC0053,Wire,USD,33186.0,True,False,False,False,0,43.5,Completed
P002455,2026-02-12,AC0021,Wire,EUR,3183.93,True,False,False,True,0,43.5,Completed
P002478,2026-02-12,AC0034,ACH,USD,20960.0,False,True,False,False,0,1.5,Completed
P002515,2026-02-12,AC0005,Wire,USD,10982.18,True,True,False,True,0,43.5,Completed
P002712,2026-02-12,AC0010,Wire,USD,7244.56,True,False,False,False,0,43.5,Completed
P003157,2026-02-12,AC0036,Wire,SGD,2720.35,False,False,True,False,32,34.5,Repaired
P003208,2026-02-12,AC0040,Local transfer,AUD,10555.88,False,True,False,False,0,1.5,Completed
P003361,2026-02-12,AC0053,Local transfer,USD,9657.51,False,False,False,False,0,1.5,Completed
P003408,2026-02-12,AC0035,ACH,SGD,15248.81,False,False,False,False,0,1.5,Completed
P003576,2026-02-12,AC0014,Local transfer,CAD,116720.66,False,True,False,False,0,1.5,Completed
P003585,2026-02-12,AC0038,Tax,USD,172108.49,False,False,False,False,0,1.5,Completed
P003672,2026-02-12,AC0025,ACH,EUR,5373.35,False,False,False,False,0,1.5,Completed
P003808,2026-02-12,AC0031,Payroll,USD,37046.41,False,False,False,False,0,1.5,Completed
P003917,2026-02-12,AC0047,Local transfer,INR,19543.06,False,True,False,True,0,1.5,Completed
P004133,2026-02-12,AC0019,Wire,GBP,58765.73,False,False,False,False,0,19.5,Completed
P004310,2026-02-12,AC0053,ACH,USD,12163.16,False,False,False,False,0,1.5,Completed
P004414,2026-02-12,AC0011,ACH,USD,6833.93,False,False,False,False,0,1.5,Completed
P004836,2026-02-12,AC0030,Internal transfer,USD,6784.47,False,False,False,False,0,1.5,Completed
P004973,2026-02-12,AC0050,Internal transfer,HKD,21963.19,False,True,False,False,0,1.5,Completed
P005056,2026-02-12,AC0021,Wire,EUR,7405.52,True,True,False,False,0,43.5,Completed
P005215,2026-02-12,AC0014,ACH,CAD,2131.14,False,False,False,False,0,1.5,Completed
P005548,2026-02-12,AC0044,Payroll,KRW,4885.47,False,True,False,False,0,1.5,Completed
P005602,2026-02-12,AC0010,Local transfer,USD,28351.71,False,True,False,False,0,1.5,Completed
P005629,2026-02-12,AC0031,Local transfer,USD,5683.59,False,False,False,False,0,1.5,Completed
P005777,2026-02-12,AC0017,ACH,GBP,38311.51,False,False,False,False,0,1.5,Completed
P005869,2026-02-12,AC0043,Wire,JPY,2497.2,True,False,False,False,0,43.5,Completed
P005883,2026-02-12,AC0030,Local transfer,USD,5925.75,False,False,False,False,0,1.5,Completed
P005947,2026-02-12,AC0025,ACH,EUR,12144.43,False,True,False,False,0,1.5,Completed
P006113,2026-02-12,AC0021,Local transfer,EUR,34962.87,False,False,False,False,0,1.5,Completed
P006160,2026-02-12,AC0014,Local transfer,CAD,16017.76,False,False,False,False,0,1.5,Completed
P006196,2026-02-12,AC0019,Payroll,GBP,46149.36,False,False,False,False,0,1.5,Completed
P006228,2026-02-12,AC0017,ACH,GBP,20174.12,False,False,False,False,0,1.5,Completed
P006362,2026-02-12,AC0001,Local transfer,USD,12506.33,False,False,False,False,0,1.5,Completed
P006442,2026-02-12,AC0012,ACH,USD,48939.91,False,False,False,False,0,1.5,Completed
P006611,2026-02-12,AC0044,Wire,KRW,27214.74,True,False,False,False,0,43.5,Completed
P006684,2026-02-12,AC0047,Local transfer,INR,5960.29,False,True,False,False,0,1.5,Completed
P006772,2026-02-12,AC0038,Local transfer,USD,22014.54,False,False,False,False,0,1.5,Completed
P006838,2026-02-12,AC0047,ACH,INR,64020.53,False,False,False,False,0,1.5,Completed
P006842,2026-02-12,AC0039,Wire,AUD,14481.15,True,True,True,False,24,58.5,Repaired
P006846,2026-02-12,AC0005,Wire,USD,15418.74,False,False,False,False,0,19.5,Completed
P006909,2026-02-12,AC0050,ACH,HKD,2757.42,False,False,False,False,0,1.5,Completed
P007126,2026-02-12,AC0034,Local transfer,USD,6617.12,False,False,True,True,16,16.5,Rejected
P007255,2026-02-12,AC0034,Internal transfer,USD,10817.55,False,True,False,False,0,1.5,Completed
P007307,2026-02-12,AC0014,ACH,CAD,80712.76,False,False,False,False,0,1.5,Completed
P007386,2026-02-12,AC0047,ACH,INR,19664.3,False,False,False,False,0,1.5,Completed
P007600,2026-02-12,AC0050,Tax,HKD,44825.87,False,False,False,False,0,1.5,Completed
P000016,2026-02-13,AC0046,Local transfer,KRW,18540.47,False,True,False,False,0,1.5,Completed
P000146,2026-02-13,AC0001,Local transfer,USD,22906.64,False,False,False,False,0,1.5,Completed
P000239,2026-02-13,AC0010,ACH,USD,9200.49,False,True,False,False,0,1.5,Completed
P000302,2026-02-13,AC0041,Wire,JPY,20190.77,True,False,False,False,0,43.5,Completed
P000488,2026-02-13,AC0011,Internal transfer,USD,9353.86,False,False,False,True,0,1.5,Completed
P000498,2026-02-13,AC0047,ACH,INR,9243.91,False,True,False,False,0,1.5,Completed
P000576,2026-02-13,AC0047,Local transfer,INR,9691.11,False,False,False,False,0,1.5,Completed
P000711,2026-02-13,AC0014,Local transfer,CAD,5748.03,False,False,False,False,0,1.5,Completed
P000950,2026-02-13,AC0017,Internal transfer,GBP,89997.25,False,False,False,False,0,1.5,Completed
P001195,2026-02-13,AC0003,Local transfer,USD,15121.27,False,False,False,False,0,1.5,Completed
P001410,2026-02-13,AC0038,Tax,USD,52798.23,False,False,False,False,0,1.5,Completed
P001433,2026-02-13,AC0038,Tax,USD,53893.78,False,False,False,False,0,1.5,Completed
P001578,2026-02-13,AC0031,Wire,USD,9717.59,True,False,False,False,0,43.5,Completed
P001644,2026-02-13,AC0044,Local transfer,KRW,16147.59,False,True,False,False,0,1.5,Completed
P001746,2026-02-13,AC0010,ACH,USD,21861.59,False,False,False,False,0,1.5,Completed
P001755,2026-02-13,AC0005,ACH,USD,7459.19,False,False,False,False,0,1.5,Completed
P001890,2026-02-13,AC0038,Wire,USD,10102.07,False,True,True,False,15,34.5,Repaired
P001996,2026-02-13,AC0034,Local transfer,USD,38664.08,False,True,False,False,0,1.5,Completed
P002240,2026-02-13,AC0012,Payroll,USD,46292.92,False,False,False,False,0,1.5,Completed
P002279,2026-02-13,AC0028,Local transfer,EUR,11745.34,False,False,False,False,0,1.5,Completed
P002296,2026-02-13,AC0021,Local transfer,EUR,3597.21,False,True,False,False,0,1.5,Completed
P002346,2026-02-13,AC0044,ACH,KRW,34323.34,False,False,False,False,0,1.5,Completed
P002402,2026-02-13,AC0038,Internal transfer,USD,10654.23,False,False,False,False,0,1.5,Completed
P002452,2026-02-13,AC0028,Local transfer,EUR,8015.94,False,False,True,False,44,16.5,Rejected
P002611,2026-02-13,AC0017,ACH,GBP,8689.14,False,False,False,False,0,1.5,Completed
P002728,2026-02-13,AC0014,Local transfer,CAD,17111.76,False,False,False,False,0,1.5,Completed
P002784,2026-02-13,AC0053,Local transfer,USD,29140.86,False,False,False,False,0,1.5,Completed
P002933,2026-02-13,AC0025,ACH,EUR,5910.81,False,False,False,False,0,1.5,Completed
P002993,2026-02-13,AC0036,Wire,SGD,11504.94,True,False,False,False,0,43.5,Completed
P002999,2026-02-13,AC0031,Local transfer,USD,21008.5,False,False,False,False,0,1.5,Completed
P003007,2026-02-13,AC0041,Tax,JPY,7771.35,False,False,False,False,0,1.5,Completed
P003099,2026-02-13,AC0055,Local transfer,USD,4584.64,False,True,False,False,0,1.5,Completed
P003189,2026-02-13,AC0038,Local transfer,USD,1520.64,False,True,True,False,68,16.5,Repaired
P003362,2026-02-13,AC0027,Wire,EUR,6212.79,True,True,False,False,0,43.5,Completed
P003456,2026-02-13,AC0053,Wire,USD,4865.36,False,False,False,False,0,19.5,Completed
P003601,2026-02-13,AC0031,Local transfer,USD,24460.67,False,True,False,True,0,1.5,Completed
P003826,2026-02-13,AC0010,Payroll,USD,77423.59,False,True,False,False,0,1.5,Completed
P003886,2026-02-13,AC0005,ACH,USD,11527.81,False,False,False,False,0,1.5,Completed
P004174,2026-02-13,AC0044,Wire,KRW,35130.41,True,True,True,False,74,58.5,Repaired
P004207,2026-02-13,AC0028,ACH,EUR,24455.63,False,False,False,False,0,1.5,Completed
P004271,2026-02-13,AC0010,Payroll,USD,19951.42,False,True,True,False,74,16.5,Repaired
P004694,2026-02-13,AC0031,ACH,USD,41885.06,False,True,False,False,0,1.5,Completed
P005148,2026-02-13,AC0053,ACH,USD,4507.91,False,False,False,False,0,1.5,Completed
P005245,2026-02-13,AC0021,Wire,EUR,7169.0,True,False,False,False,0,43.5,Completed
P005259,2026-02-13,AC0049,Local transfer,USD,119568.33,False,True,False,True,0,1.5,Completed
P005338,2026-02-13,AC0001,Internal transfer,USD,4083.4,False,True,False,False,0,1.5,Completed
P005559,2026-02-13,AC0043,Local transfer,JPY,6432.47,False,False,False,False,0,1.5,Completed
P005707,2026-02-13,AC0044,Local transfer,KRW,24277.51,False,False,False,False,0,1.5,Completed
P005715,2026-02-13,AC0034,Local transfer,USD,36753.48,False,True,False,False,0,1.5,Completed
P005822,2026-02-13,AC0043,Local transfer,JPY,29846.41,False,False,False,False,0,1.5,Completed
P006157,2026-02-13,AC0005,Wire,USD,27790.64,True,False,False,False,0,43.5,Completed
P006190,2026-02-13,AC0031,Local transfer,USD,32664.75,False,False,False,False,0,1.5,Completed
P006698,2026-02-13,AC0041,ACH,JPY,7596.67,False,False,False,False,0,1.5,Completed
P006700,2026-02-13,AC0041,Local transfer,JPY,1895.02,False,False,False,False,0,1.5,Completed
P006779,2026-02-13,AC0055,Local transfer,USD,172804.09,False,False,False,False,0,1.5,Completed
P006864,2026-02-13,AC0044,Local transfer,KRW,12469.89,False,True,False,False,0,1.5,Completed
P006964,2026-02-13,AC0007,Payroll,USD,223795.82,False,False,False,False,0,1.5,Completed
P007198,2026-02-13,AC0044,Tax,KRW,209189.41,False,False,False,False,0,1.5,Completed
P007239,2026-02-13,AC0041,Local transfer,JPY,27239.25,False,False,False,False,0,1.5,Completed
P007305,2026-02-13,AC0031,ACH,USD,3432.86,False,True,False,False,0,1.5,Completed
P007381,2026-02-13,AC0038,Tax,USD,14267.41,False,True,True,False,48,16.5,Repaired
P007427,2026-02-13,AC0001,Internal transfer,USD,30400.74,False,False,False,False,0,1.5,Completed
P007496,2026-02-13,AC0023,Internal transfer,EUR,410977.31,False,False,False,False,0,1.5,Completed
P007588,2026-02-13,AC0010,Local transfer,USD,46358.1,False,False,False,False,0,1.5,Completed
P000007,2026-02-16,AC0028,ACH,EUR,24584.75,False,False,False,False,0,1.5,Completed
P000176,2026-02-16,AC0031,Local transfer,USD,23984.11,False,True,False,False,0,1.5,Completed
P000294,2026-02-16,AC0053,ACH,USD,15967.22,False,False,False,False,0,1.5,Completed
P000298,2026-02-16,AC0026,Local transfer,USD,24961.36,False,False,False,False,0,1.5,Completed
P000659,2026-02-16,AC0038,Wire,USD,3545.54,False,False,False,False,0,19.5,Completed
P000705,2026-02-16,AC0014,ACH,CAD,2505.52,False,False,False,False,0,1.5,Completed
P000887,2026-02-16,AC0055,Internal transfer,USD,48206.77,False,False,False,False,0,1.5,Completed
P000889,2026-02-16,AC0016,Wire,CAD,21532.49,False,False,False,False,0,19.5,Completed
P001056,2026-02-16,AC0041,Local transfer,JPY,1556.52,False,False,False,False,0,1.5,Completed
P001113,2026-02-16,AC0035,Payroll,SGD,88239.61,False,False,False,False,0,1.5,Completed
P001219,2026-02-16,AC0051,Local transfer,HKD,6792.4,False,False,False,False,0,1.5,Completed
P001916,2026-02-16,AC0033,Payroll,EUR,72597.79,False,False,False,False,0,1.5,Completed
P001917,2026-02-16,AC0027,Tax,EUR,16254.33,False,False,False,False,0,1.5,Completed
P002000,2026-02-16,AC0031,Payroll,USD,92604.98,False,True,False,False,0,1.5,Completed
P002013,2026-02-16,AC0017,Local transfer,GBP,14456.17,False,False,False,False,0,1.5,Completed
P002125,2026-02-16,AC0055,ACH,USD,11458.87,False,False,False,False,0,1.5,Completed
P002146,2026-02-16,AC0031,Local transfer,USD,27897.36,False,False,False,False,0,1.5,Completed
P002165,2026-02-16,AC0033,ACH,EUR,29115.11,False,True,False,False,0,1.5,Completed
P002166,2026-02-16,AC0007,Payroll,USD,50043.71,False,False,False,False,0,1.5,Completed
P002357,2026-02-16,AC0017,Wire,GBP,1927.74,False,True,False,False,0,19.5,Completed
P002479,2026-02-16,AC0025,ACH,EUR,6711.32,False,True,False,False,0,1.5,Completed
P002595,2026-02-16,AC0029,Wire,EUR,13392.25,True,False,False,False,0,43.5,Completed
P002657,2026-02-16,AC0034,Local transfer,USD,5287.62,False,False,False,False,0,1.5,Completed
P002662,2026-02-16,AC0031,ACH,USD,2606.61,False,False,False,False,0,1.5,Pending
P002717,2026-02-16,AC0016,Payroll,CAD,140733.26,False,False,False,False,0,1.5,Completed
P003291,2026-02-16,AC0005,Wire,USD,14396.7,False,False,False,False,0,19.5,Completed
P003449,2026-02-16,AC0031,Internal transfer,USD,21113.23,False,True,False,False,0,1.5,Completed
P003466,2026-02-16,AC0044,Internal transfer,KRW,74912.99,False,False,False,False,0,1.5,Completed
P003670,2026-02-16,AC0038,ACH,USD,63887.54,False,False,False,False,0,1.5,Completed
P003676,2026-02-16,AC0039,ACH,AUD,12080.02,False,False,False,False,0,1.5,Completed
P003747,2026-02-16,AC0021,ACH,EUR,4033.38,False,False,False,False,0,1.5,Completed
P003919,2026-02-16,AC0044,Wire,KRW,3108.78,True,True,False,False,0,43.5,Completed
P004027,2026-02-16,AC0005,ACH,USD,6067.24,False,False,False,False,0,1.5,Completed
P004350,2026-02-16,AC0017,Tax,GBP,16525.78,False,True,False,False,0,1.5,Completed
P004361,2026-02-16,AC0053,Payroll,USD,11986.79,False,True,False,False,0,1.5,Completed
P004422,2026-02-16,AC0003,Local transfer,USD,22699.95,False,False,False,False,0,1.5,Completed
P004481,2026-02-16,AC0014,Payroll,CAD,103034.02,False,False,False,False,0,1.5,Completed
P004485,2026-02-16,AC0001,Local transfer,USD,93923.18,False,False,False,False,0,1.5,Completed
P004606,2026-02-16,AC0044,ACH,KRW,69514.1,False,False,True,False,54,16.5,Repaired
P004615,2026-02-16,AC0034,Local transfer,USD,5051.66,False,True,False,False,0,1.5,Completed
P004680,2026-02-16,AC0031,Local transfer,USD,10753.35,False,False,False,False,0,1.5,Completed
P004772,2026-02-16,AC0038,Wire,USD,13640.51,True,True,False,False,0,43.5,Completed
P004803,2026-02-16,AC0005,Tax,USD,48340.45,False,False,False,False,0,1.5,Completed
P004944,2026-02-16,AC0052,Local transfer,HKD,13254.04,False,False,False,False,0,1.5,Completed
P005088,2026-02-16,AC0044,Wire,KRW,98252.81,False,False,False,False,0,19.5,Completed
P005092,2026-02-16,AC0047,Wire,INR,1931.37,True,False,False,False,0,43.5,Completed
P005107,2026-02-16,AC0044,ACH,KRW,2059.54,False,False,False,False,0,1.5,Completed
P005264,2026-02-16,AC0031,ACH,USD,8595.03,False,True,False,False,0,1.5,Completed
P005416,2026-02-16,AC0036,Wire,SGD,1419.62,True,False,False,False,0,43.5,Completed
P005499,2026-02-16,AC0034,ACH,USD,7767.97,False,False,False,False,0,1.5,Completed
P005830,2026-02-16,AC0014,Local transfer,CAD,41641.68,False,False,False,False,0,1.5,Completed
P005909,2026-02-16,AC0031,Payroll,USD,20588.97,False,False,False,False,0,1.5,Completed
P005926,2026-02-16,AC0031,ACH,USD,7344.37,False,True,False,False,0,1.5,Completed
P005983,2026-02-16,AC0050,Tax,HKD,20603.8,False,True,False,False,0,1.5,Completed
P006008,2026-02-16,AC0028,ACH,EUR,6605.24,False,True,False,False,0,1.5,Completed
P006018,2026-02-16,AC0001,Tax,USD,43032.53,False,True,False,False,0,1.5,Completed
P006212,2026-02-16,AC0003,ACH,USD,110285.85,False,True,False,False,0,1.5,Completed
P006486,2026-02-16,AC0014,Wire,CAD,4951.87,False,False,False,False,0,19.5,Completed
P006686,2026-02-16,AC0005,ACH,USD,16938.59,False,True,False,False,0,1.5,Completed
P006833,2026-02-16,AC0049,Local transfer,USD,11906.59,False,True,False,False,0,1.5,Completed
P006889,2026-02-16,AC0050,Wire,HKD,4578.67,True,False,False,False,0,43.5,Completed
P006978,2026-02-16,AC0047,Local transfer,INR,51349.75,False,True,False,False,0,1.5,Completed
P007094,2026-02-16,AC0050,ACH,HKD,13130.33,False,True,False,False,0,1.5,Completed
P007229,2026-02-16,AC0010,ACH,USD,5724.88,False,True,False,True,0,1.5,Completed
P007353,2026-02-16,AC0031,Tax,USD,137720.61,False,True,False,False,0,1.5,Completed
P007464,2026-02-16,AC0023,Wire,EUR,28484.31,False,False,False,False,0,19.5,Completed
P000410,2026-02-17,AC0021,Local transfer,EUR,35470.9,False,False,False,False,0,1.5,Completed
P000483,2026-02-17,AC0020,Tax,GBP,5826.55,False,False,False,False,0,1.5,Completed
P000535,2026-02-17,AC0032,Internal transfer,EUR,46470.07,False,False,False,False,0,1.5,Completed
P000825,2026-02-17,AC0014,Internal transfer,CAD,2415.17,False,False,False,False,0,1.5,Completed
P000951,2026-02-17,AC0031,ACH,USD,88382.49,False,True,True,False,13,16.5,Repaired
P000982,2026-02-17,AC0034,Local transfer,USD,71574.0,False,False,False,False,0,1.5,Completed
P001179,2026-02-17,AC0017,Local transfer,GBP,11987.69,False,True,False,False,0,1.5,Completed
P001253,2026-02-17,AC0021,Local transfer,EUR,8422.04,False,False,False,False,0,1.5,Completed
P001367,2026-02-17,AC0010,Wire,USD,1772.61,False,False,False,False,0,19.5,Completed
P001507,2026-02-17,AC0034,Tax,USD,11789.99,False,False,False,False,0,1.5,Completed
P001609,2026-02-17,AC0005,Payroll,USD,52656.15,False,False,False,False,0,1.5,Completed
P001635,2026-02-17,AC0017,ACH,GBP,22647.17,False,True,False,False,0,1.5,Completed
P001842,2026-02-17,AC0010,Local transfer,USD,20295.2,False,False,False,False,0,1.5,Completed
P001943,2026-02-17,AC0025,Local transfer,EUR,4828.27,False,True,False,False,0,1.5,Completed
P002083,2026-02-17,AC0005,Wire,USD,3100.42,False,True,False,False,0,19.5,Completed
P002319,2026-02-17,AC0014,Wire,CAD,10702.83,False,False,False,False,0,19.5,Completed
P002446,2026-02-17,AC0041,Wire,JPY,19116.66,True,False,False,False,0,43.5,Completed
P002707,2026-02-17,AC0050,Local transfer,HKD,6455.45,False,False,False,False,0,1.5,Completed
P002775,2026-02-17,AC0012,Local transfer,USD,3713.35,False,False,False,False,0,1.5,Completed
P002787,2026-02-17,AC0031,Payroll,USD,49387.04,False,False,False,False,0,1.5,Completed
P003197,2026-02-17,AC0010,Wire,USD,7254.86,True,True,False,False,0,43.5,Completed
P003250,2026-02-17,AC0047,ACH,INR,19826.34,False,True,False,False,0,1.5,Completed
P003451,2026-02-17,AC0016,Payroll,CAD,48974.21,False,True,False,False,0,1.5,Completed
P003541,2026-02-17,AC0041,ACH,JPY,4169.34,False,False,False,False,0,1.5,Completed
P003745,2026-02-17,AC0040,Wire,AUD,2298.47,True,False,False,False,0,43.5,Completed
P003854,2026-02-17,AC0032,ACH,EUR,8759.77,False,False,False,False,0,1.5,Completed
P004073,2026-02-17,AC0041,Local transfer,JPY,8333.95,False,False,False,False,0,1.5,Completed
P004128,2026-02-17,AC0041,Wire,JPY,18008.44,True,True,True,False,66,58.5,Repaired
P004367,2026-02-17,AC0025,Local transfer,EUR,5435.33,False,False,False,False,0,1.5,Completed
P004416,2026-02-17,AC0019,Wire,GBP,6821.92,False,True,False,False,0,19.5,Completed
P004495,2026-02-17,AC0010,Internal transfer,USD,2353.69,False,False,False,False,0,1.5,Completed
P004532,2026-02-17,AC0003,Tax,USD,136911.34,False,False,False,False,0,1.5,Completed
P004572,2026-02-17,AC0047,Local transfer,INR,64033.0,False,True,False,False,0,1.5,Completed
P004739,2026-02-17,AC0029,ACH,EUR,871.06,False,False,False,False,0,1.5,Completed
P004993,2026-02-17,AC0028,ACH,EUR,1677.9,False,False,False,True,0,1.5,Completed
P005076,2026-02-17,AC0050,Internal transfer,HKD,8213.24,False,False,False,False,0,1.5,Completed
P005239,2026-02-17,AC0005,ACH,USD,32879.92,False,False,False,False,0,1.5,Completed
P005310,2026-02-17,AC0014,Wire,CAD,3596.01,True,False,False,False,0,43.5,Completed
P005423,2026-02-17,AC0040,ACH,AUD,48992.31,False,True,False,False,0,1.5,Completed
P005471,2026-02-17,AC0038,Local transfer,USD,134131.55,False,False,False,False,0,1.5,Completed
P005889,2026-02-17,AC0025,ACH,EUR,14386.5,False,False,False,False,0,1.5,Completed
P005948,2026-02-17,AC0031,Wire,USD,30969.57,False,False,False,False,0,19.5,Completed
P006165,2026-02-17,AC0017,Wire,GBP,9391.17,True,True,True,False,34,58.5,Repaired
P006235,2026-02-17,AC0025,Payroll,EUR,660489.13,False,True,True,False,36,16.5,Repaired
P006765,2026-02-17,AC0012,Wire,USD,218384.59,False,False,True,False,62,34.5,Repaired
P007089,2026-02-17,AC0025,ACH,EUR,21103.93,False,True,False,False,0,1.5,Completed
P007132,2026-02-17,AC0021,Wire,EUR,71208.39,False,False,False,False,0,19.5,Completed
P007374,2026-02-17,AC0044,Payroll,KRW,20335.56,False,False,False,False,0,1.5,Completed
P007389,2026-02-17,AC0014,Internal transfer,CAD,6988.18,False,False,False,False,0,1.5,Completed
P007538,2026-02-17,AC0041,Local transfer,JPY,4346.64,False,True,False,True,0,1.5,Completed
P007591,2026-02-17,AC0010,Internal transfer,USD,100806.96,False,True,True,True,27,16.5,Repaired
P000072,2026-02-18,AC0053,ACH,USD,20931.84,False,False,False,False,0,1.5,Completed
P000148,2026-02-18,AC0034,Tax,USD,36993.73,False,False,False,False,0,1.5,Completed
P000349,2026-02-18,AC0053,Tax,USD,178130.37,False,False,False,False,0,1.5,Completed
P000396,2026-02-18,AC0047,ACH,INR,2665.24,False,True,False,False,0,1.5,Completed
P000399,2026-02-18,AC0010,Local transfer,USD,1566.92,False,True,False,False,0,1.5,Completed
P000554,2026-02-18,AC0028,Tax,EUR,13084.52,False,False,False,False,0,1.5,Completed
P000606,2026-02-18,AC0001,Local transfer,USD,1996.61,False,True,False,False,0,1.5,Completed
P000857,2026-02-18,AC0052,ACH,HKD,83583.79,False,False,False,False,0,1.5,Completed
P000873,2026-02-18,AC0005,Local transfer,USD,9704.28,False,False,False,False,0,1.5,Completed
P001150,2026-02-18,AC0028,Local transfer,EUR,9227.92,False,False,False,False,0,1.5,Completed
P001231,2026-02-18,AC0028,Local transfer,EUR,2756.13,False,False,False,False,0,1.5,Completed
P001603,2026-02-18,AC0005,Wire,USD,29533.0,False,False,False,False,0,19.5,Completed
P001620,2026-02-18,AC0014,ACH,CAD,17870.61,False,False,False,False,0,1.5,Completed
P001796,2026-02-18,AC0031,Local transfer,USD,4170.51,False,False,False,True,0,1.5,Completed
P002084,2026-02-18,AC0005,Wire,USD,14465.53,True,False,True,False,19,58.5,Repaired
P002423,2026-02-18,AC0053,Local transfer,USD,27559.53,False,True,True,False,46,16.5,Repaired
P002573,2026-02-18,AC0005,Local transfer,USD,2362.08,False,False,False,False,0,1.5,Completed
P002583,2026-02-18,AC0034,Wire,USD,33879.93,False,False,False,False,0,19.5,Completed
P002654,2026-02-18,AC0044,Wire,KRW,16274.62,False,False,False,False,0,19.5,Completed
P002680,2026-02-18,AC0046,Local transfer,KRW,15751.27,False,False,False,False,0,1.5,Completed
P003065,2026-02-18,AC0044,Wire,KRW,8661.16,True,True,False,False,0,43.5,Completed
P003454,2026-02-18,AC0053,Tax,USD,458319.47,False,False,False,False,0,1.5,Completed
P003488,2026-02-18,AC0055,Local transfer,USD,4322.61,False,False,True,False,60,16.5,Repaired
P003495,2026-02-18,AC0010,Wire,USD,14116.96,True,False,False,False,0,43.5,Completed
P003509,2026-02-18,AC0038,Local transfer,USD,15633.61,False,False,False,False,0,1.5,Completed
P003743,2026-02-18,AC0040,Payroll,AUD,51611.94,False,False,False,False,0,1.5,Completed
P004147,2026-02-18,AC0053,Wire,USD,22530.67,False,False,False,False,0,19.5,Completed
P004337,2026-02-18,AC0038,Internal transfer,USD,15893.3,False,False,False,False,0,1.5,Completed
P004524,2026-02-18,AC0054,Wire,USD,26501.97,True,False,False,False,0,43.5,Completed
P004809,2026-02-18,AC0044,Wire,KRW,6872.15,False,False,False,False,0,19.5,Completed
P005093,2026-02-18,AC0049,Payroll,USD,474804.74,False,True,False,False,0,1.5,Completed
P005115,2026-02-18,AC0033,Local transfer,EUR,1128.12,False,False,False,False,0,1.5,Completed
P005149,2026-02-18,AC0041,Internal transfer,JPY,48134.41,False,False,False,False,0,1.5,Completed
P005573,2026-02-18,AC0005,Local transfer,USD,26042.86,False,False,False,False,0,1.5,Completed
P005903,2026-02-18,AC0038,Wire,USD,14852.37,True,True,False,False,0,43.5,Completed
P006036,2026-02-18,AC0041,Internal transfer,JPY,8513.02,False,False,False,True,0,1.5,Completed
P006314,2026-02-18,AC0001,Internal transfer,USD,2983.18,False,True,False,False,0,1.5,Completed
P006439,2026-02-18,AC0018,Payroll,GBP,93110.31,False,True,False,False,0,1.5,Completed
P006795,2026-02-18,AC0047,Wire,INR,108915.81,True,True,False,False,0,43.5,Completed
P006800,2026-02-18,AC0034,Local transfer,USD,4678.35,False,True,False,False,0,1.5,Completed
P006894,2026-02-18,AC0034,ACH,USD,12029.37,False,False,False,False,0,1.5,Completed
P006949,2026-02-18,AC0034,Wire,USD,19215.75,True,True,False,True,0,43.5,Completed
P007344,2026-02-18,AC0016,Internal transfer,CAD,24955.05,False,False,False,False,0,1.5,Completed
P007345,2026-02-18,AC0053,Wire,USD,2349.87,True,True,False,False,0,43.5,Completed
P007356,2026-02-18,AC0053,ACH,USD,19231.15,False,False,False,False,0,1.5,Completed
P007572,2026-02-18,AC0050,Internal transfer,HKD,9234.06,False,False,False,False,0,1.5,Completed
P007574,2026-02-18,AC0010,Local transfer,USD,40114.22,False,False,False,False,0,1.5,Completed
P007584,2026-02-18,AC0025,ACH,EUR,9281.25,False,True,False,False,0,1.5,Completed
P000028,2026-02-19,AC0010,Tax,USD,8617.54,False,True,True,False,55,16.5,Repaired
P000188,2026-02-19,AC0053,Tax,USD,72808.42,False,False,False,False,0,1.5,Completed
P000221,2026-02-19,AC0015,Local transfer,CAD,9364.71,False,True,False,False,0,1.5,Completed
P000250,2026-02-19,AC0038,ACH,USD,4468.04,False,False,False,False,0,1.5,Completed
P000261,2026-02-19,AC0050,Payroll,HKD,40516.1,False,True,False,False,0,1.5,Completed
P000762,2026-02-19,AC0050,ACH,HKD,6154.88,False,True,False,False,0,1.5,Completed
P000932,2026-02-19,AC0047,Wire,INR,1641.55,True,False,False,False,0,43.5,Completed
P001030,2026-02-19,AC0044,Payroll,KRW,45322.07,False,False,False,False,0,1.5,Completed
P001130,2026-02-19,AC0007,Payroll,USD,84636.97,False,False,False,True,0,1.5,Completed
P001292,2026-02-19,AC0044,Internal transfer,KRW,7411.67,False,False,False,False,0,1.5,Completed
P001539,2026-02-19,AC0005,ACH,USD,20082.22,False,False,False,False,0,1.5,Completed
P001677,2026-02-19,AC0028,Local transfer,EUR,42137.79,False,False,False,False,0,1.5,Completed
P001977,2026-02-19,AC0006,Local transfer,USD,3414.63,False,False,False,False,0,1.5,Completed
P002006,2026-02-19,AC0049,ACH,USD,10765.49,False,False,False,False,0,1.5,Completed
P002036,2026-02-19,AC0017,Local transfer,GBP,7113.59,False,True,False,False,0,1.5,Completed
P002071,2026-02-19,AC0001,Internal transfer,USD,39598.11,False,True,False,True,0,1.5,Pending
P002230,2026-02-19,AC0053,Local transfer,USD,13035.87,False,True,False,False,0,1.5,Completed
P002329,2026-02-19,AC0025,Local transfer,EUR,18110.27,False,True,False,False,0,1.5,Completed
P002575,2026-02-19,AC0048,Local transfer,INR,40521.2,False,True,True,False,44,16.5,Repaired
P002916,2026-02-19,AC0044,ACH,KRW,2424.3,False,True,False,False,0,1.5,Completed
P003061,2026-02-19,AC0053,ACH,USD,80519.79,False,True,False,False,0,1.5,Completed
P003103,2026-02-19,AC0044,Local transfer,KRW,13391.22,False,False,False,False,0,1.5,Completed
P003263,2026-02-19,AC0017,Payroll,GBP,81702.1,False,False,False,False,0,1.5,Completed
P003324,2026-02-19,AC0001,Local transfer,USD,1866.16,False,False,False,False,0,1.5,Completed
P003355,2026-02-19,AC0021,Local transfer,EUR,45415.5,False,False,False,False,0,1.5,Completed
P003478,2026-02-19,AC0034,Tax,USD,46762.14,False,True,False,False,0,1.5,Completed
P003510,2026-02-19,AC0019,Wire,GBP,1012.62,True,True,False,True,0,43.5,Completed
P003655,2026-02-19,AC0050,ACH,HKD,73018.32,False,True,False,False,0,1.5,Completed
P003744,2026-02-19,AC0007,Wire,USD,17515.65,False,False,False,False,0,19.5,Completed
P003885,2026-02-19,AC0050,Local transfer,HKD,11496.12,False,False,False,False,0,1.5,Completed
P003996,2026-02-19,AC0038,Local transfer,USD,6836.05,False,False,False,False,0,1.5,Completed
P004180,2026-02-19,AC0050,Wire,HKD,17588.91,True,True,False,False,0,43.5,Completed
P004194,2026-02-19,AC0039,ACH,AUD,30367.0,False,False,False,False,0,1.5,Completed
P004450,2026-02-19,AC0031,Tax,USD,11217.65,False,False,False,False,0,1.5,Completed
P004499,2026-02-19,AC0031,Tax,USD,127237.04,False,False,False,False,0,1.5,Completed
P004528,2026-02-19,AC0025,Tax,EUR,38045.66,False,True,True,True,28,16.5,Repaired
P004551,2026-02-19,AC0025,Tax,EUR,144977.76,False,True,False,False,0,1.5,Completed
P004656,2026-02-19,AC0017,Tax,GBP,29538.34,False,False,True,False,59,16.5,Repaired
P004878,2026-02-19,AC0038,Local transfer,USD,3688.36,False,False,False,False,0,1.5,Completed
P004975,2026-02-19,AC0034,ACH,USD,5237.97,False,False,False,False,0,1.5,Completed
P005059,2026-02-19,AC0018,Local transfer,GBP,553.14,False,False,False,False,0,1.5,Completed
P005399,2026-02-19,AC0014,ACH,CAD,41445.39,False,True,False,False,0,1.5,Completed
P005624,2026-02-19,AC0042,Payroll,USD,10661.22,False,False,False,False,0,1.5,Completed
P005702,2026-02-19,AC0017,Local transfer,GBP,23055.34,False,False,False,False,0,1.5,Completed
P005741,2026-02-19,AC0040,Local transfer,AUD,18231.98,False,True,False,False,0,1.5,Completed
P005941,2026-02-19,AC0034,Payroll,USD,17335.8,False,False,False,False,0,1.5,Completed
P006143,2026-02-19,AC0050,ACH,HKD,49918.02,False,True,True,False,26,16.5,Repaired
P006222,2026-02-19,AC0014,Internal transfer,CAD,74874.22,False,False,False,False,0,1.5,Completed
P006379,2026-02-19,AC0001,Payroll,USD,67787.82,False,False,False,False,0,1.5,Completed
P006412,2026-02-19,AC0030,Payroll,USD,124540.03,False,False,False,True,0,1.5,Completed
P006417,2026-02-19,AC0027,Local transfer,EUR,32312.23,False,True,False,False,0,1.5,Completed
P006432,2026-02-19,AC0028,ACH,EUR,11671.01,False,False,False,False,0,1.5,Completed
P006513,2026-02-19,AC0038,Local transfer,USD,11727.13,False,False,False,False,0,1.5,Completed
P006599,2026-02-19,AC0028,Wire,EUR,51173.25,False,False,False,False,0,19.5,Completed
P006643,2026-02-19,AC0007,Wire,USD,36697.95,True,False,False,True,0,43.5,Completed
P006655,2026-02-19,AC0027,Payroll,EUR,188867.56,False,False,False,False,0,1.5,Completed
P006807,2026-02-19,AC0039,Local transfer,AUD,60912.88,False,False,False,False,0,1.5,Completed
P007230,2026-02-19,AC0050,Local transfer,HKD,7385.69,False,True,False,False,0,1.5,Completed
P007432,2026-02-19,AC0046,ACH,KRW,2109.24,False,False,False,False,0,1.5,Completed
P000005,2026-02-20,AC0027,ACH,EUR,11543.7,False,False,False,False,0,1.5,Completed
P000037,2026-02-20,AC0041,Tax,JPY,748741.73,False,False,False,False,0,1.5,Completed
P000087,2026-02-20,AC0025,Wire,EUR,47924.73,False,False,False,False,0,19.5,Completed
P000226,2026-02-20,AC0046,ACH,KRW,2462.77,False,False,False,False,0,1.5,Completed
P000400,2026-02-20,AC0028,Wire,EUR,3830.46,True,False,False,False,0,43.5,Completed
P000461,2026-02-20,AC0025,ACH,EUR,5852.07,False,True,False,True,0,1.5,Completed
P000598,2026-02-20,AC0041,Local transfer,JPY,7275.78,False,False,False,False,0,1.5,Completed
P000895,2026-02-20,AC0038,Wire,USD,16292.19,False,True,False,False,0,19.5,Completed
P001018,2026-02-20,AC0010,Local transfer,USD,27875.08,False,True,False,False,0,1.5,Completed
P001027,2026-02-20,AC0013,Local transfer,USD,21042.14,False,False,False,False,0,1.5,Completed
P001071,2026-02-20,AC0053,Local transfer,USD,5109.77,False,False,False,False,0,1.5,Completed
P001105,2026-02-20,AC0053,Tax,USD,4075.42,False,False,False,False,0,1.5,Completed
P001169,2026-02-20,AC0012,Wire,USD,150779.13,False,False,False,False,0,19.5,Completed
P001308,2026-02-20,AC0010,Local transfer,USD,11233.65,False,True,False,True,0,1.5,Completed
P001395,2026-02-20,AC0051,Local transfer,HKD,4594.26,False,False,False,False,0,1.5,Completed
P001551,2026-02-20,AC0027,Local transfer,EUR,15404.18,False,False,False,False,0,1.5,Completed
P001554,2026-02-20,AC0017,Internal transfer,GBP,22048.86,False,True,False,False,0,1.5,Completed
P001758,2026-02-20,AC0036,Local transfer,SGD,11975.87,False,True,False,False,0,1.5,Completed
P001944,2026-02-20,AC0031,Tax,USD,97509.73,False,True,True,False,15,16.5,Repaired
P001985,2026-02-20,AC0050,Tax,HKD,47593.65,False,False,False,False,0,1.5,Completed
P002022,2026-02-20,AC0048,Local transfer,INR,53659.32,False,False,False,False,0,1.5,Completed
P002361,2026-02-20,AC0028,Wire,EUR,24350.89,True,False,False,False,0,43.5,Completed
P002635,2026-02-20,AC0021,Wire,EUR,3883.08,True,True,False,False,0,43.5,Completed
P002638,2026-02-20,AC0031,Local transfer,USD,5315.06,False,True,False,False,0,1.5,Completed
P002710,2026-02-20,AC0038,Payroll,USD,78184.13,False,False,False,False,0,1.5,Completed
P002864,2026-02-20,AC0025,Local transfer,EUR,29816.81,False,False,False,False,0,1.5,Completed
P002868,2026-02-20,AC0041,Local transfer,JPY,11856.88,False,False,False,False,0,1.5,Completed
P002904,2026-02-20,AC0038,Local transfer,USD,14740.18,False,True,False,False,0,1.5,Completed
P002971,2026-02-20,AC0010,ACH,USD,7035.83,False,False,False,False,0,1.5,Completed
P003121,2026-02-20,AC0053,Local transfer,USD,5656.29,False,False,False,False,0,1.5,Completed
P003193,2026-02-20,AC0010,Local transfer,USD,10582.76,False,True,False,False,0,1.5,Completed
P003397,2026-02-20,AC0034,Wire,USD,6830.14,True,True,True,False,46,58.5,Repaired
P003968,2026-02-20,AC0017,Local transfer,GBP,17114.23,False,False,False,False,0,1.5,Completed
P004228,2026-02-20,AC0055,Local transfer,USD,8580.43,False,False,False,False,0,1.5,Completed
P004441,2026-02-20,AC0005,Local transfer,USD,7711.76,False,False,False,False,0,1.5,Completed
P004458,2026-02-20,AC0028,Internal transfer,EUR,2352.17,False,False,False,False,0,1.5,Completed
P004473,2026-02-20,AC0018,ACH,GBP,11240.77,False,False,False,False,0,1.5,Completed
P004540,2026-02-20,AC0017,Wire,GBP,61923.87,False,False,False,False,0,19.5,Completed
P004687,2026-02-20,AC0005,Wire,USD,17984.71,False,True,False,False,0,19.5,Completed
P004811,2026-02-20,AC0032,Local transfer,EUR,19642.57,False,False,False,False,0,1.5,Completed
P005049,2026-02-20,AC0025,Wire,EUR,8748.66,False,True,False,False,0,19.5,Completed
P005823,2026-02-20,AC0005,Local transfer,USD,11841.0,False,False,False,False,0,1.5,Completed
P005845,2026-02-20,AC0014,Wire,CAD,7427.31,True,False,False,False,0,43.5,Completed
P005986,2026-02-20,AC0038,Local transfer,USD,29391.63,False,False,False,False,0,1.5,Completed
P006144,2026-02-20,AC0041,Payroll,JPY,105048.77,False,False,False,False,0,1.5,Completed
P006374,2026-02-20,AC0034,Tax,USD,37622.34,False,True,False,False,0,1.5,Completed
P006427,2026-02-20,AC0010,ACH,USD,18892.01,False,True,False,False,0,1.5,Completed
P006550,2026-02-20,AC0054,ACH,USD,20181.44,False,False,False,False,0,1.5,Completed
P007403,2026-02-20,AC0034,Payroll,USD,36641.92,False,False,False,False,0,1.5,Completed
P000110,2026-02-23,AC0031,Payroll,USD,35950.94,False,False,False,False,0,1.5,Completed
P000154,2026-02-23,AC0030,Wire,USD,53526.01,True,True,False,False,0,43.5,Completed
P000273,2026-02-23,AC0014,ACH,CAD,5331.97,False,True,False,False,0,1.5,Completed
P000575,2026-02-23,AC0028,Wire,EUR,18692.52,False,False,False,False,0,19.5,Completed
P000642,2026-02-23,AC0025,Local transfer,EUR,677.38,False,True,False,False,0,1.5,Completed
P000647,2026-02-23,AC0002,Internal transfer,USD,22566.66,False,False,False,False,0,1.5,Completed
P000738,2026-02-23,AC0001,Local transfer,USD,33870.39,False,True,False,False,0,1.5,Completed
P000847,2026-02-23,AC0021,ACH,EUR,6970.84,False,False,False,False,0,1.5,Completed
P000892,2026-02-23,AC0049,ACH,USD,53026.91,False,False,True,False,18,16.5,Repaired
P000899,2026-02-23,AC0025,Local transfer,EUR,81444.06,False,False,False,False,0,1.5,Completed
P001035,2026-02-23,AC0021,Internal transfer,EUR,19315.22,False,False,False,False,0,1.5,Completed
P001049,2026-02-23,AC0052,Wire,HKD,7138.37,True,True,False,False,0,43.5,Completed
P001411,2026-02-23,AC0043,ACH,JPY,15772.32,False,False,False,False,0,1.5,Completed
P001497,2026-02-23,AC0021,Wire,EUR,8697.91,True,True,False,False,0,43.5,Completed
P001925,2026-02-23,AC0053,Wire,USD,39625.71,True,False,False,False,0,43.5,Completed
P002050,2026-02-23,AC0030,ACH,USD,58456.87,False,False,False,False,0,1.5,Completed
P002147,2026-02-23,AC0033,Local transfer,EUR,5409.77,False,True,False,False,0,1.5,Completed
P002182,2026-02-23,AC0028,Local transfer,EUR,7455.1,False,True,False,False,0,1.5,Completed
P002407,2026-02-23,AC0005,Wire,USD,2568.38,False,False,False,False,0,19.5,Completed
P002570,2026-02-23,AC0017,Internal transfer,GBP,1348.92,False,False,False,False,0,1.5,Completed
P002648,2026-02-23,AC0017,Wire,GBP,1705.25,False,False,False,False,0,19.5,Completed
P002734,2026-02-23,AC0038,Internal transfer,USD,15301.89,False,False,False,False,0,1.5,Completed
P002848,2026-02-23,AC0045,ACH,KRW,60218.97,False,True,True,False,31,16.5,Repaired
P003403,2026-02-23,AC0001,Local transfer,USD,10865.76,False,False,False,False,0,1.5,Completed
P003474,2026-02-23,AC0041,Local transfer,JPY,10295.08,False,False,False,False,0,1.5,Completed
P003912,2026-02-23,AC0034,Wire,USD,27292.07,True,False,False,False,0,43.5,Completed
P003934,2026-02-23,AC0047,Local transfer,INR,72586.29,False,True,False,True,0,1.5,Completed
P003957,2026-02-23,AC0025,Wire,EUR,3238.86,False,False,False,False,0,19.5,Completed
P004003,2026-02-23,AC0010,Wire,USD,7178.32,False,False,False,False,0,19.5,Completed
P004115,2026-02-23,AC0041,Wire,JPY,22632.02,True,True,False,False,0,43.5,Completed
P004328,2026-02-23,AC0018,Internal transfer,GBP,4625.06,False,True,False,True,0,1.5,Completed
P004389,2026-02-23,AC0050,Internal transfer,HKD,9492.13,False,True,False,False,0,1.5,Completed
P004408,2026-02-23,AC0011,Local transfer,USD,26717.21,False,False,False,False,0,1.5,Completed
P004514,2026-02-23,AC0049,ACH,USD,7175.91,False,False,False,False,0,1.5,Completed
P004723,2026-02-23,AC0005,Local transfer,USD,27511.7,False,False,False,False,0,1.5,Completed
P004794,2026-02-23,AC0031,ACH,USD,38673.58,False,True,True,False,24,16.5,Repaired
P004820,2026-02-23,AC0050,Payroll,HKD,41805.98,False,False,False,False,0,1.5,Completed
P004898,2026-02-23,AC0031,Internal transfer,USD,6750.28,False,True,False,False,0,1.5,Completed
P004941,2026-02-23,AC0001,Local transfer,USD,20075.84,False,False,False,False,0,1.5,Completed
P004969,2026-02-23,AC0019,ACH,GBP,23640.79,False,False,False,False,0,1.5,Completed
P005083,2026-02-23,AC0025,Payroll,EUR,22418.23,False,False,False,False,0,1.5,Completed
P005302,2026-02-23,AC0005,Local transfer,USD,15776.57,False,True,False,False,0,1.5,Completed
P005447,2026-02-23,AC0020,Wire,GBP,10076.99,True,False,False,False,0,43.5,Completed
P005452,2026-02-23,AC0001,Local transfer,USD,3604.08,False,False,False,False,0,1.5,Completed
P005734,2026-02-23,AC0053,Local transfer,USD,1464.97,False,False,False,False,0,1.5,Completed
P005874,2026-02-23,AC0044,Wire,KRW,4263.67,True,False,False,False,0,43.5,Completed
P006002,2026-02-23,AC0031,ACH,USD,78933.89,False,True,False,False,0,1.5,Completed
P006184,2026-02-23,AC0042,Wire,USD,73184.33,False,False,False,False,0,19.5,Completed
P006187,2026-02-23,AC0031,Local transfer,USD,1822.01,False,False,False,False,0,1.5,Completed
P006232,2026-02-23,AC0023,Payroll,EUR,54787.58,False,False,False,False,0,1.5,Completed
P006291,2026-02-23,AC0021,Local transfer,EUR,35073.43,False,False,False,False,0,1.5,Completed
P006859,2026-02-23,AC0001,Internal transfer,USD,2325.95,False,False,False,False,0,1.5,Completed
P006948,2026-02-23,AC0044,Wire,KRW,2199.95,True,False,False,False,0,43.5,Completed
P007066,2026-02-23,AC0005,Wire,USD,23850.63,True,False,False,False,0,43.5,Completed
P007138,2026-02-23,AC0047,Internal transfer,INR,26151.89,False,True,False,False,0,1.5,Completed
P007376,2026-02-23,AC0014,Local transfer,CAD,14977.78,False,True,True,False,13,16.5,Repaired
P007404,2026-02-23,AC0022,Local transfer,EUR,7601.6,False,True,False,False,0,1.5,Completed
P007509,2026-02-23,AC0041,ACH,JPY,16155.91,False,False,False,False,0,1.5,Completed
P007577,2026-02-23,AC0046,Local transfer,KRW,2904.11,False,True,False,False,0,1.5,Completed
P000029,2026-02-24,AC0002,Local transfer,USD,23915.65,False,True,False,False,0,1.5,Completed
P000175,2026-02-24,AC0054,ACH,USD,761.54,False,False,False,False,0,1.5,Completed
P000233,2026-02-24,AC0044,ACH,KRW,299439.62,False,False,False,False,0,1.5,Completed
P000284,2026-02-24,AC0051,ACH,HKD,37191.53,False,False,False,False,0,1.5,Completed
P000746,2026-02-24,AC0025,Local transfer,EUR,29054.39,False,False,False,False,0,1.5,Completed
P000916,2026-02-24,AC0048,Local transfer,INR,13182.9,False,False,False,False,0,1.5,Completed
P001104,2026-02-24,AC0017,ACH,GBP,20691.0,False,True,False,False,0,1.5,Completed
P001149,2026-02-24,AC0005,Wire,USD,9893.24,True,False,False,False,0,43.5,Completed
P001397,2026-02-24,AC0028,Local transfer,EUR,6568.96,False,False,False,False,0,1.5,Completed
P001524,2026-02-24,AC0047,ACH,INR,1367.57,False,False,False,False,0,1.5,Completed
P001563,2026-02-24,AC0005,Local transfer,USD,24366.54,False,False,False,False,0,1.5,Completed
P001638,2026-02-24,AC0014,Local transfer,CAD,3712.17,False,False,False,False,0,1.5,Completed
P001673,2026-02-24,AC0050,Local transfer,HKD,25730.64,False,False,False,False,0,1.5,Completed
P001799,2026-02-24,AC0019,Local transfer,GBP,3040.82,False,False,False,False,0,1.5,Completed
P001903,2026-02-24,AC0031,Local transfer,USD,7053.17,False,True,False,False,0,1.5,Completed
P001981,2026-02-24,AC0031,ACH,USD,61083.34,False,True,True,True,30,16.5,Repaired
P002138,2026-02-24,AC0001,Local transfer,USD,36397.06,False,False,False,False,0,1.5,Completed
P002244,2026-02-24,AC0001,ACH,USD,6132.74,False,False,False,False,0,1.5,Completed
P002489,2026-02-24,AC0049,Wire,USD,54948.21,False,True,False,True,0,19.5,Completed
P002608,2026-02-24,AC0039,Wire,AUD,5038.44,True,False,False,True,0,43.5,Completed
P003277,2026-02-24,AC0025,Wire,EUR,1589.54,True,True,False,False,0,43.5,Completed
P003282,2026-02-24,AC0050,ACH,HKD,55792.71,False,False,False,False,0,1.5,Completed
P003288,2026-02-24,AC0031,Local transfer,USD,4947.32,False,False,False,False,0,1.5,Completed
P003315,2026-02-24,AC0027,ACH,EUR,23322.03,False,False,False,False,0,1.5,Completed
P003378,2026-02-24,AC0021,Internal transfer,EUR,8079.64,False,False,False,False,0,1.5,Completed
P003425,2026-02-24,AC0021,ACH,EUR,14784.98,False,True,False,False,0,1.5,Completed
P003496,2026-02-24,AC0025,Local transfer,EUR,8364.51,False,False,False,False,0,1.5,Completed
P003617,2026-02-24,AC0053,Local transfer,USD,13499.47,False,True,False,False,0,1.5,Completed
P003791,2026-02-24,AC0001,Internal transfer,USD,7289.86,False,True,False,False,0,1.5,Completed
P003832,2026-02-24,AC0030,Local transfer,USD,16205.34,False,False,False,False,0,1.5,Completed
P003860,2026-02-24,AC0021,Payroll,EUR,8444.12,False,False,False,False,0,1.5,Completed
P003864,2026-02-24,AC0050,ACH,HKD,6442.86,False,False,False,False,0,1.5,Completed
P003918,2026-02-24,AC0017,Tax,GBP,155620.14,False,False,False,False,0,1.5,Completed
P004041,2026-02-24,AC0001,Local transfer,USD,3338.42,False,False,False,False,0,1.5,Completed
P004250,2026-02-24,AC0050,Wire,HKD,5617.42,True,False,False,False,0,43.5,Completed
P004403,2026-02-24,AC0034,ACH,USD,4143.48,False,True,False,False,0,1.5,Completed
P004444,2026-02-24,AC0026,Payroll,USD,67047.24,False,False,False,False,0,1.5,Completed
P004482,2026-02-24,AC0044,ACH,KRW,7396.4,False,False,False,False,0,1.5,Completed
P004504,2026-02-24,AC0018,Wire,GBP,5484.04,True,True,False,False,0,43.5,Completed
P004646,2026-02-24,AC0038,Wire,USD,1403.19,True,False,True,False,32,58.5,Repaired
P004681,2026-02-24,AC0010,Wire,USD,43617.87,True,True,False,False,0,43.5,Completed
P004887,2026-02-24,AC0005,Local transfer,USD,15802.87,False,False,False,False,0,1.5,Completed
P005206,2026-02-24,AC0017,ACH,GBP,66392.51,False,False,False,False,0,1.5,Completed
P005293,2026-02-24,AC0025,Internal transfer,EUR,2494.38,False,True,False,False,0,1.5,Completed
P005493,2026-02-24,AC0031,ACH,USD,9264.3,False,False,False,False,0,1.5,Completed
P005542,2026-02-24,AC0035,Tax,SGD,14193.46,False,False,False,False,0,1.5,Completed
P005615,2026-02-24,AC0054,Local transfer,USD,3442.47,False,False,False,False,0,1.5,Completed
P006028,2026-02-24,AC0017,Wire,GBP,1879.06,True,True,False,False,0,43.5,Completed
P006107,2026-02-24,AC0038,Local transfer,USD,36652.14,False,False,False,False,0,1.5,Completed
P006323,2026-02-24,AC0053,Local transfer,USD,3545.74,False,False,False,False,0,1.5,Completed
P006505,2026-02-24,AC0041,ACH,JPY,5137.91,False,False,True,False,48,16.5,Repaired
P006604,2026-02-24,AC0015,Internal transfer,CAD,747.8,False,True,False,False,0,1.5,Completed
P006693,2026-02-24,AC0051,Local transfer,HKD,29022.45,False,False,False,False,0,1.5,Completed
P006913,2026-02-24,AC0044,ACH,KRW,39347.9,False,False,False,False,0,1.5,Completed
P007212,2026-02-24,AC0031,Wire,USD,12315.89,False,False,False,False,0,19.5,Completed
P000200,2026-02-25,AC0050,ACH,HKD,13443.47,False,False,False,False,0,1.5,Completed
P000218,2026-02-25,AC0047,ACH,INR,36014.02,False,False,False,False,0,1.5,Completed
P000542,2026-02-25,AC0041,Internal transfer,JPY,39275.21,False,True,False,False,0,1.5,Completed
P000552,2026-02-25,AC0001,Payroll,USD,187511.22,False,True,False,False,0,1.5,Completed
P000680,2026-02-25,AC0012,ACH,USD,5962.05,False,True,False,False,0,1.5,Completed
P000686,2026-02-25,AC0010,ACH,USD,84436.79,False,True,False,False,0,1.5,Completed
P000725,2026-02-25,AC0033,Local transfer,EUR,3386.48,False,True,False,False,0,1.5,Completed
P000754,2026-02-25,AC0028,ACH,EUR,7357.18,False,True,False,False,0,1.5,Completed
P001157,2026-02-25,AC0053,Internal transfer,USD,1746.18,False,False,False,False,0,1.5,Completed
P001167,2026-02-25,AC0014,Local transfer,CAD,4892.57,False,True,False,False,0,1.5,Completed
P001226,2026-02-25,AC0001,ACH,USD,69738.07,False,False,False,False,0,1.5,Completed
P001261,2026-02-25,AC0003,Payroll,USD,131352.64,False,True,False,False,0,1.5,Completed
P001266,2026-02-25,AC0005,Local transfer,USD,15732.5,False,False,False,False,0,1.5,Completed
P001340,2026-02-25,AC0017,Payroll,GBP,69393.87,False,True,False,False,0,1.5,Completed
P001371,2026-02-25,AC0017,Wire,GBP,31379.28,True,True,False,False,0,43.5,Completed
P001419,2026-02-25,AC0038,Payroll,USD,15908.6,False,False,False,False,0,1.5,Completed
P001435,2026-02-25,AC0012,ACH,USD,3748.03,False,False,False,False,0,1.5,Completed
P001743,2026-02-25,AC0048,Tax,INR,30767.96,False,True,False,False,0,1.5,Completed
P001749,2026-02-25,AC0017,Local transfer,GBP,6179.53,False,True,False,False,0,1.5,Completed
P001929,2026-02-25,AC0041,Local transfer,JPY,22576.91,False,False,False,False,0,1.5,Completed
P002028,2026-02-25,AC0017,Wire,GBP,22443.23,True,False,False,False,0,43.5,Completed
P002744,2026-02-25,AC0003,Local transfer,USD,1452.85,False,True,False,False,0,1.5,Completed
P002776,2026-02-25,AC0014,Wire,CAD,2628.31,True,True,False,True,0,43.5,Completed
P002844,2026-02-25,AC0022,Payroll,EUR,50139.71,False,True,False,True,0,1.5,Completed
P002853,2026-02-25,AC0041,ACH,JPY,6864.19,False,True,False,False,0,1.5,Completed
P002960,2026-02-25,AC0030,Local transfer,USD,639346.89,False,False,False,False,0,1.5,Completed
P003072,2026-02-25,AC0047,Local transfer,INR,3014.38,False,False,False,False,0,1.5,Completed
P003147,2026-02-25,AC0034,ACH,USD,5056.16,False,False,False,False,0,1.5,Completed
P003164,2026-02-25,AC0001,Wire,USD,7416.39,False,True,False,False,0,19.5,Completed
P003230,2026-02-25,AC0034,Local transfer,USD,15098.47,False,False,False,False,0,1.5,Completed
P003625,2026-02-25,AC0005,ACH,USD,7092.8,False,False,False,False,0,1.5,Completed
P003671,2026-02-25,AC0034,Local transfer,USD,4106.51,False,True,True,False,46,16.5,Repaired
P003788,2026-02-25,AC0035,Wire,SGD,912.38,False,True,False,True,0,19.5,Completed
P003943,2026-02-25,AC0030,Local transfer,USD,12497.45,False,False,False,False,0,1.5,Completed
P004080,2026-02-25,AC0052,Local transfer,HKD,19509.57,False,False,False,False,0,1.5,Completed
P004083,2026-02-25,AC0038,Payroll,USD,196151.02,False,True,False,False,0,1.5,Completed
P004192,2026-02-25,AC0053,Wire,USD,12005.92,True,True,False,False,0,43.5,Completed
P004256,2026-02-25,AC0053,Internal transfer,USD,3493.87,False,False,False,True,0,1.5,Completed
P004415,2026-02-25,AC0044,Internal transfer,KRW,32683.3,False,False,False,False,0,1.5,Completed
P004448,2026-02-25,AC0021,Wire,EUR,3118.93,True,True,False,False,0,43.5,Completed
P004538,2026-02-25,AC0019,Payroll,GBP,29102.04,False,False,False,False,0,1.5,Completed
P004588,2026-02-25,AC0053,Internal transfer,USD,4511.66,False,False,False,False,0,1.5,Completed
P004594,2026-02-25,AC0038,ACH,USD,14192.31,False,True,False,False,0,1.5,Completed
P004629,2026-02-25,AC0047,Wire,INR,1585.07,True,True,False,True,0,43.5,Completed
P004713,2026-02-25,AC0023,Local transfer,EUR,1257.62,False,True,False,False,0,1.5,Completed
P004883,2026-02-25,AC0038,Local transfer,USD,14642.15,False,True,False,False,0,1.5,Completed
P005019,2026-02-25,AC0053,Local transfer,USD,20246.6,False,False,False,False,0,1.5,Completed
P005055,2026-02-25,AC0008,Tax,USD,27348.54,False,True,False,False,0,1.5,Completed
P005068,2026-02-25,AC0041,ACH,JPY,6937.3,False,False,False,False,0,1.5,Completed
P005185,2026-02-25,AC0038,ACH,USD,18205.23,False,False,False,False,0,1.5,Completed
P005237,2026-02-25,AC0038,ACH,USD,28359.22,False,False,False,False,0,1.5,Completed
P005327,2026-02-25,AC0044,ACH,KRW,6846.84,False,False,False,False,0,1.5,Completed
P005850,2026-02-25,AC0010,ACH,USD,983.22,False,False,False,False,0,1.5,Completed
P005893,2026-02-25,AC0028,Wire,EUR,5787.1,True,False,False,False,0,43.5,Completed
P006016,2026-02-25,AC0053,Payroll,USD,18159.31,False,True,False,False,0,1.5,Completed
P006030,2026-02-25,AC0046,Wire,KRW,9271.06,False,True,False,False,0,19.5,Completed
P006052,2026-02-25,AC0008,Payroll,USD,231907.46,False,False,False,True,0,1.5,Completed
P006394,2026-02-25,AC0014,Internal transfer,CAD,16983.71,False,True,False,True,0,1.5,Completed
P006424,2026-02-25,AC0036,Wire,SGD,14571.23,False,True,False,False,0,19.5,Completed
P006559,2026-02-25,AC0041,Internal transfer,JPY,3991.26,False,False,False,False,0,1.5,Completed
P006598,2026-02-25,AC0031,Local transfer,USD,21834.96,False,False,False,False,0,1.5,Completed
P006650,2026-02-25,AC0050,Wire,HKD,7875.4,True,False,False,False,0,43.5,Completed
P006782,2026-02-25,AC0044,Local transfer,KRW,8214.23,False,False,False,False,0,1.5,Completed
P007446,2026-02-25,AC0025,Local transfer,EUR,18243.24,False,False,False,False,0,1.5,Completed
P007456,2026-02-25,AC0052,Local transfer,HKD,5134.88,False,False,False,False,0,1.5,Completed
P000255,2026-02-26,AC0050,ACH,HKD,34644.5,False,False,False,False,0,1.5,Completed
P000494,2026-02-26,AC0053,ACH,USD,25735.07,False,False,False,False,0,1.5,Completed
P000868,2026-02-26,AC0021,Local transfer,EUR,6826.7,False,True,False,False,0,1.5,Completed
P001070,2026-02-26,AC0050,ACH,HKD,14769.26,False,False,False,False,0,1.5,Completed
P001074,2026-02-26,AC0041,Wire,JPY,6257.58,True,True,False,False,0,43.5,Completed
P001078,2026-02-26,AC0038,ACH,USD,15706.12,False,False,False,False,0,1.5,Completed
P001099,2026-02-26,AC0054,Local transfer,USD,2997.52,False,False,False,False,0,1.5,Completed
P001174,2026-02-26,AC0012,Local transfer,USD,4954.1,False,False,False,False,0,1.5,Completed
P001271,2026-02-26,AC0038,ACH,USD,1210.77,False,False,False,False,0,1.5,Completed
P001519,2026-02-26,AC0025,Tax,EUR,73210.57,False,True,False,False,0,1.5,Completed
P001549,2026-02-26,AC0021,Internal transfer,EUR,25726.11,False,True,False,False,0,1.5,Completed
P001636,2026-02-26,AC0001,ACH,USD,39126.94,False,False,False,False,0,1.5,Completed
P001797,2026-02-26,AC0046,Local transfer,KRW,73840.85,False,True,True,False,51,16.5,Repaired
P001908,2026-02-26,AC0001,Wire,USD,2669.39,True,False,False,False,0,43.5,Completed
P001926,2026-02-26,AC0038,ACH,USD,6335.07,False,False,False,False,0,1.5,Completed
P002148,2026-02-26,AC0021,ACH,EUR,6137.33,False,False,False,False,0,1.5,Completed
P002154,2026-02-26,AC0017,Local transfer,GBP,110438.17,False,False,False,False,0,1.5,Completed
P002261,2026-02-26,AC0025,Internal transfer,EUR,3515.68,False,False,False,False,0,1.5,Completed
P002511,2026-02-26,AC0012,Payroll,USD,67465.44,False,False,False,False,0,1.5,Completed
P002543,2026-02-26,AC0017,Local transfer,GBP,67340.98,False,False,False,False,0,1.5,Completed
P002548,2026-02-26,AC0006,Local transfer,USD,3786.65,False,False,False,False,0,1.5,Completed
P002625,2026-02-26,AC0001,Tax,USD,7672.0,False,False,False,False,0,1.5,Completed
P002839,2026-02-26,AC0053,ACH,USD,7743.93,False,False,False,False,0,1.5,Completed
P003013,2026-02-26,AC0041,Internal transfer,JPY,52032.68,False,False,False,False,0,1.5,Completed
P003044,2026-02-26,AC0028,Local transfer,EUR,5137.77,False,True,True,False,30,16.5,Repaired
P003231,2026-02-26,AC0047,Tax,INR,23251.28,False,False,False,False,0,1.5,Completed
P003252,2026-02-26,AC0005,Internal transfer,USD,11502.23,False,True,False,True,0,1.5,Completed
P003331,2026-02-26,AC0028,ACH,EUR,84150.88,False,True,True,False,15,16.5,Repaired
P003504,2026-02-26,AC0044,ACH,KRW,5605.17,False,False,False,False,0,1.5,Completed
P003627,2026-02-26,AC0041,ACH,JPY,6443.4,False,False,False,False,0,1.5,Completed
P003682,2026-02-26,AC0003,Internal transfer,USD,78061.26,False,True,True,False,74,16.5,Repaired
P003709,2026-02-26,AC0028,Internal transfer,EUR,36011.36,False,False,False,False,0,1.5,Completed
P003730,2026-02-26,AC0016,Payroll,CAD,52417.63,False,True,False,False,0,1.5,Completed
P004156,2026-02-26,AC0016,Local transfer,CAD,11088.61,False,False,False,False,0,1.5,Completed
P004185,2026-02-26,AC0017,Tax,GBP,368586.54,False,False,False,False,0,1.5,Completed
P004237,2026-02-26,AC0041,Local transfer,JPY,32268.3,False,False,False,False,0,1.5,Completed
P004651,2026-02-26,AC0050,ACH,HKD,1137.37,False,False,False,False,0,1.5,Completed
P005004,2026-02-26,AC0047,Payroll,INR,25081.78,False,False,False,False,0,1.5,Completed
P005645,2026-02-26,AC0005,Wire,USD,3739.62,True,False,False,False,0,43.5,Completed
P005680,2026-02-26,AC0038,Local transfer,USD,2581.63,False,False,False,False,0,1.5,Completed
P005738,2026-02-26,AC0014,ACH,CAD,8396.44,False,False,False,False,0,1.5,Completed
P005757,2026-02-26,AC0012,Tax,USD,39191.72,False,False,False,False,0,1.5,Completed
P005844,2026-02-26,AC0025,ACH,EUR,40481.18,False,True,True,False,49,16.5,Repaired
P006012,2026-02-26,AC0044,Local transfer,KRW,3438.56,False,False,False,False,0,1.5,Completed
P006122,2026-02-26,AC0014,ACH,CAD,25467.46,False,False,False,False,0,1.5,Completed
P006409,2026-02-26,AC0012,Payroll,USD,265126.32,False,False,False,False,0,1.5,Completed
P006468,2026-02-26,AC0027,ACH,EUR,7527.83,False,False,False,False,0,1.5,Completed
P006476,2026-02-26,AC0038,Payroll,USD,46866.86,False,True,True,False,32,16.5,Repaired
P006574,2026-02-26,AC0054,Local transfer,USD,3537.66,False,False,False,False,0,1.5,Completed
P006707,2026-02-26,AC0053,Internal transfer,USD,32206.2,False,False,False,False,0,1.5,Completed
P006714,2026-02-26,AC0006,ACH,USD,699249.8,False,False,False,False,0,1.5,Completed
P006804,2026-02-26,AC0025,Wire,EUR,17485.12,True,True,False,False,0,43.5,Completed
P007063,2026-02-26,AC0050,Payroll,HKD,14498.31,False,False,False,False,0,1.5,Completed
P007166,2026-02-26,AC0042,Local transfer,USD,285027.59,False,False,False,False,0,1.5,Completed
P007228,2026-02-26,AC0036,Payroll,SGD,212451.95,False,False,False,False,0,1.5,Completed
P007273,2026-02-26,AC0041,ACH,JPY,14124.43,False,False,False,False,0,1.5,Completed
P007590,2026-02-26,AC0016,Local transfer,CAD,27026.13,False,False,False,False,0,1.5,Completed
P000219,2026-02-27,AC0049,Local transfer,USD,26486.33,False,True,False,False,0,1.5,Completed
P000270,2026-02-27,AC0050,ACH,HKD,24402.29,False,False,False,False,0,1.5,Completed
P000441,2026-02-27,AC0005,Wire,USD,542.73,True,True,False,False,0,43.5,Completed
P000672,2026-02-27,AC0012,Payroll,USD,11478.36,False,False,False,False,0,1.5,Completed
P000886,2026-02-27,AC0031,Local transfer,USD,5774.96,False,False,False,False,0,1.5,Completed
P001412,2026-02-27,AC0031,Wire,USD,9840.16,False,True,False,False,0,19.5,Completed
P001473,2026-02-27,AC0053,Wire,USD,18113.19,False,True,False,False,0,19.5,Completed
P001482,2026-02-27,AC0039,ACH,AUD,114647.68,False,False,False,False,0,1.5,Completed
P001506,2026-02-27,AC0041,ACH,JPY,4518.38,False,False,False,False,0,1.5,Completed
P001713,2026-02-27,AC0014,Wire,CAD,11673.6,True,False,False,False,0,43.5,Completed
P001844,2026-02-27,AC0053,Wire,USD,2960.07,True,False,False,False,0,43.5,Completed
P002164,2026-02-27,AC0010,Wire,USD,11434.4,False,True,False,False,0,19.5,Completed
P002401,2026-02-27,AC0010,Local transfer,USD,6303.08,False,True,False,False,0,1.5,Completed
P002458,2026-02-27,AC0023,Wire,EUR,4040.84,False,False,False,False,0,19.5,Completed
P002758,2026-02-27,AC0039,Local transfer,AUD,2265.3,False,False,False,False,0,1.5,Completed
P002803,2026-02-27,AC0053,Tax,USD,142978.06,False,False,False,False,0,1.5,Completed
P002842,2026-02-27,AC0014,Local transfer,CAD,81894.31,False,False,False,False,0,1.5,Completed
P002902,2026-02-27,AC0014,ACH,CAD,18722.5,False,False,False,False,0,1.5,Completed
P003125,2026-02-27,AC0016,Local transfer,CAD,17256.83,False,False,False,False,0,1.5,Completed
P003200,2026-02-27,AC0031,Local transfer,USD,96280.65,False,False,False,False,0,1.5,Completed
P003439,2026-02-27,AC0044,Local transfer,KRW,12724.59,False,False,True,False,56,16.5,Repaired
P003523,2026-02-27,AC0031,Internal transfer,USD,6346.22,False,True,False,False,0,1.5,Completed
P003877,2026-02-27,AC0014,Wire,CAD,5614.85,True,False,False,False,0,43.5,Completed
P004038,2026-02-27,AC0043,Local transfer,JPY,2066.38,False,False,False,False,0,1.5,Completed
P004084,2026-02-27,AC0034,Internal transfer,USD,13968.91,False,True,False,False,0,1.5,Completed
P004102,2026-02-27,AC0036,Local transfer,SGD,11386.84,False,False,False,False,0,1.5,Completed
P004464,2026-02-27,AC0005,Local transfer,USD,37733.79,False,True,True,False,20,16.5,Repaired
P004638,2026-02-27,AC0005,Wire,USD,3902.52,True,False,True,False,31,58.5,Repaired
P004942,2026-02-27,AC0051,Tax,HKD,122003.3,False,False,False,False,0,1.5,Completed
P004994,2026-02-27,AC0027,Payroll,EUR,37829.5,False,False,False,False,0,1.5,Completed
P005048,2026-02-27,AC0053,Tax,USD,28227.4,False,False,False,False,0,1.5,Completed
P005394,2026-02-27,AC0031,Payroll,USD,160455.72,False,False,False,False,0,1.5,Completed
P005451,2026-02-27,AC0047,Wire,INR,136075.65,True,False,False,False,0,43.5,Completed
P005476,2026-02-27,AC0006,Wire,USD,3964.53,False,False,False,False,0,19.5,Completed
P005497,2026-02-27,AC0032,Internal transfer,EUR,2734.2,False,False,False,False,0,1.5,Completed
P005646,2026-02-27,AC0044,Wire,KRW,12481.24,False,False,False,False,0,19.5,Completed
P005835,2026-02-27,AC0046,Payroll,KRW,182606.48,False,False,False,False,0,1.5,Completed
P005936,2026-02-27,AC0014,Local transfer,CAD,3435.39,False,False,False,False,0,1.5,Completed
P006010,2026-02-27,AC0046,Payroll,KRW,53849.55,False,True,False,False,0,1.5,Completed
P006083,2026-02-27,AC0051,Local transfer,HKD,13816.96,False,False,False,False,0,1.5,Completed
P006349,2026-02-27,AC0011,ACH,USD,15819.85,False,False,False,False,0,1.5,Completed
P006408,2026-02-27,AC0044,Internal transfer,KRW,16040.91,False,False,False,False,0,1.5,Completed
P006546,2026-02-27,AC0010,Wire,USD,3697.84,True,False,False,False,0,43.5,Completed
P006566,2026-02-27,AC0044,Local transfer,KRW,24899.25,False,False,False,False,0,1.5,Completed
P006736,2026-02-27,AC0017,ACH,GBP,4210.1,False,False,False,False,0,1.5,Completed
P006785,2026-02-27,AC0010,ACH,USD,9339.78,False,True,False,False,0,1.5,Completed
P006858,2026-02-27,AC0027,Payroll,EUR,67104.09,False,False,False,True,0,1.5,Completed
P006899,2026-02-27,AC0010,Payroll,USD,153795.15,False,False,False,False,0,1.5,Completed
P006951,2026-02-27,AC0028,Payroll,EUR,18824.18,False,False,False,False,0,1.5,Completed
P007099,2026-02-27,AC0010,Wire,USD,3346.41,True,False,False,False,0,43.5,Completed
P007296,2026-02-27,AC0043,Local transfer,JPY,1575.25,False,False,False,False,0,1.5,Completed
P007349,2026-02-27,AC0025,Internal transfer,EUR,3973.05,False,False,False,False,0,1.5,Completed
P007556,2026-02-27,AC0038,Payroll,USD,7518.64,False,False,False,False,0,1.5,Completed
P007573,2026-02-27,AC0034,Local transfer,USD,73300.81,False,False,False,False,0,1.5,Completed
P000183,2026-03-02,AC0034,ACH,USD,52664.85,False,True,False,False,0,1.5,Completed
P000260,2026-03-02,AC0041,Local transfer,JPY,7744.08,False,True,False,False,0,1.5,Completed
P000826,2026-03-02,AC0050,Local transfer,HKD,24435.45,False,True,False,False,0,1.5,Completed
P000906,2026-03-02,AC0050,Wire,HKD,3896.76,False,False,False,False,0,19.5,Completed
P001166,2026-03-02,AC0041,Local transfer,JPY,35394.26,False,False,False,False,0,1.5,Completed
P001234,2026-03-02,AC0016,ACH,CAD,10191.7,False,False,False,False,0,1.5,Completed
P001316,2026-03-02,AC0052,ACH,HKD,37812.77,False,False,False,False,0,1.5,Completed
P001402,2026-03-02,AC0052,Local transfer,HKD,9363.08,False,False,False,False,0,1.5,Completed
P001408,2026-03-02,AC0055,Local transfer,USD,16866.64,False,False,False,False,0,1.5,Completed
P001582,2026-03-02,AC0038,Local transfer,USD,8461.07,False,False,False,False,0,1.5,Completed
P001686,2026-03-02,AC0005,Local transfer,USD,68515.75,False,False,False,False,0,1.5,Completed
P001731,2026-03-02,AC0025,Local transfer,EUR,10947.84,False,False,False,False,0,1.5,Completed
P001741,2026-03-02,AC0005,ACH,USD,4392.62,False,False,False,False,0,1.5,Completed
P001763,2026-03-02,AC0041,Wire,JPY,65529.45,True,False,False,False,0,43.5,Completed
P002030,2026-03-02,AC0010,ACH,USD,15290.72,False,False,False,False,0,1.5,Completed
P002168,2026-03-02,AC0010,Local transfer,USD,17426.2,False,False,False,False,0,1.5,Completed
P002368,2026-03-02,AC0053,Payroll,USD,79618.47,False,False,False,False,0,1.5,Completed
P002427,2026-03-02,AC0044,Tax,KRW,21175.53,False,False,True,False,18,16.5,Repaired
P002447,2026-03-02,AC0053,Payroll,USD,8400.64,False,False,False,False,0,1.5,Completed
P002464,2026-03-02,AC0025,Payroll,EUR,25856.12,False,True,False,True,0,1.5,Completed
P002495,2026-03-02,AC0028,Wire,EUR,6947.16,True,True,False,False,0,43.5,Completed
P002849,2026-03-02,AC0041,ACH,JPY,8643.16,False,False,False,False,0,1.5,Completed
P003073,2026-03-02,AC0053,Wire,USD,7612.64,True,True,False,False,0,43.5,Completed
P003078,2026-03-02,AC0031,ACH,USD,3125.8,False,False,False,False,0,1.5,Completed
P003101,2026-03-02,AC0025,Internal transfer,EUR,19372.96,False,False,False,False,0,1.5,Completed
P003116,2026-03-02,AC0026,Payroll,USD,284242.0,False,False,False,False,0,1.5,Completed
P003242,2026-03-02,AC0031,Payroll,USD,108090.24,False,True,False,False,0,1.5,Completed
P003298,2026-03-02,AC0014,Wire,CAD,6077.09,False,False,False,False,0,19.5,Completed
P003551,2026-03-02,AC0012,Wire,USD,51895.02,False,False,False,True,0,19.5,Completed
P003600,2026-03-02,AC0053,Wire,USD,5159.18,False,False,False,False,0,19.5,Completed
P003985,2026-03-02,AC0010,Local transfer,USD,22471.87,False,True,False,False,0,1.5,Completed
P004113,2026-03-02,AC0052,Internal transfer,HKD,85386.05,False,False,False,False,0,1.5,Completed
P004351,2026-03-02,AC0050,Wire,HKD,7373.57,True,True,False,False,0,43.5,Completed
P004369,2026-03-02,AC0023,Local transfer,EUR,2382.04,False,False,False,False,0,1.5,Completed
P004393,2026-03-02,AC0048,ACH,INR,103495.9,False,False,False,False,0,1.5,Completed
P004527,2026-03-02,AC0017,Internal transfer,GBP,5561.35,False,False,False,False,0,1.5,Completed
P004741,2026-03-02,AC0027,Local transfer,EUR,34492.59,False,False,False,False,0,1.5,Completed
P004856,2026-03-02,AC0028,ACH,EUR,13950.0,False,True,True,True,69,16.5,Repaired
P004884,2026-03-02,AC0001,ACH,USD,8907.16,False,False,False,False,0,1.5,Completed
P005027,2026-03-02,AC0025,Internal transfer,EUR,20814.78,False,True,True,False,33,16.5,Repaired
P005434,2026-03-02,AC0028,Local transfer,EUR,7513.38,False,False,False,False,0,1.5,Completed
P005437,2026-03-02,AC0015,Wire,CAD,7521.61,True,True,False,False,0,43.5,Completed
P005684,2026-03-02,AC0041,Local transfer,JPY,44073.91,False,False,False,False,0,1.5,Completed
P005698,2026-03-02,AC0034,Local transfer,USD,12460.96,False,True,False,False,0,1.5,Completed
P005839,2026-03-02,AC0031,ACH,USD,3355.66,False,False,False,False,0,1.5,Completed
P006120,2026-03-02,AC0001,Wire,USD,46734.87,False,True,False,False,0,19.5,Completed
P006564,2026-03-02,AC0041,Local transfer,JPY,96283.7,False,False,False,False,0,1.5,Completed
P006716,2026-03-02,AC0044,Payroll,KRW,24532.2,False,False,False,False,0,1.5,Completed
P007008,2026-03-02,AC0019,ACH,GBP,96184.94,False,False,False,False,0,1.5,Completed
P007057,2026-03-02,AC0041,Tax,JPY,32278.91,False,False,False,False,0,1.5,Completed
P000080,2026-03-03,AC0005,Wire,USD,6683.8,True,True,False,False,0,43.5,Completed
P000081,2026-03-03,AC0042,Local transfer,USD,28598.47,False,False,False,False,0,1.5,Completed
P000340,2026-03-03,AC0052,ACH,HKD,5484.89,False,True,False,False,0,1.5,Completed
P000427,2026-03-03,AC0053,Payroll,USD,24345.22,False,False,False,False,0,1.5,Completed
P000468,2026-03-03,AC0053,Local transfer,USD,17067.69,False,True,False,False,0,1.5,Completed
P000637,2026-03-03,AC0034,Local transfer,USD,38401.23,False,True,False,False,0,1.5,Completed
P000875,2026-03-03,AC0038,Local transfer,USD,5645.11,False,False,False,False,0,1.5,Completed
P000987,2026-03-03,AC0028,Payroll,EUR,42705.32,False,False,False,False,0,1.5,Completed
P001135,2026-03-03,AC0014,Payroll,CAD,77177.59,False,False,False,False,0,1.5,Completed
P001265,2026-03-03,AC0053,Wire,USD,22312.33,False,False,False,False,0,19.5,Completed
P001322,2026-03-03,AC0047,ACH,INR,4471.67,False,False,False,False,0,1.5,Completed
P001513,2026-03-03,AC0017,Wire,GBP,6078.25,True,True,False,False,0,43.5,Completed
P001556,2026-03-03,AC0034,Wire,USD,50927.4,True,True,False,True,0,43.5,Completed
P001621,2026-03-03,AC0025,Local transfer,EUR,169242.93,False,True,False,False,0,1.5,Completed
P001804,2026-03-03,AC0055,Local transfer,USD,11115.32,False,True,False,False,0,1.5,Completed
P001922,2026-03-03,AC0050,Local transfer,HKD,6975.15,False,False,False,False,0,1.5,Completed
P002058,2026-03-03,AC0005,Local transfer,USD,18956.71,False,False,False,False,0,1.5,Completed
P002133,2026-03-03,AC0044,Local transfer,KRW,2572.2,False,False,False,False,0,1.5,Completed
P002540,2026-03-03,AC0031,ACH,USD,7542.69,False,False,False,False,0,1.5,Completed
P002600,2026-03-03,AC0031,Payroll,USD,12817.83,False,False,False,False,0,1.5,Completed
P002682,2026-03-03,AC0017,Payroll,GBP,8512.32,False,True,True,False,46,16.5,Repaired
P002735,2026-03-03,AC0003,Wire,USD,2269.78,True,True,False,False,0,43.5,Completed
P002804,2026-03-03,AC0008,Payroll,USD,18600.11,False,False,False,False,0,1.5,Completed
P003108,2026-03-03,AC0021,Internal transfer,EUR,18132.26,False,False,False,False,0,1.5,Completed
P003112,2026-03-03,AC0038,Wire,USD,11163.27,True,True,False,False,0,43.5,Completed
P003158,2026-03-03,AC0011,Wire,USD,20100.09,False,False,False,False,0,19.5,Completed
P003352,2026-03-03,AC0014,ACH,CAD,24700.1,False,False,False,False,0,1.5,Completed
P003377,2026-03-03,AC0005,Local transfer,USD,10381.16,False,False,False,False,0,1.5,Completed
P003430,2026-03-03,AC0047,Wire,INR,8837.35,False,True,False,False,0,19.5,Completed
P003619,2026-03-03,AC0014,Wire,CAD,2304.07,True,False,True,False,63,58.5,Repaired
P003758,2026-03-03,AC0027,Wire,EUR,2866.22,True,False,False,False,0,43.5,Completed
P003774,2026-03-03,AC0025,Local transfer,EUR,8402.1,False,False,False,False,0,1.5,Completed
P003776,2026-03-03,AC0005,Local transfer,USD,2096.6,False,False,False,False,0,1.5,Completed
P003794,2026-03-03,AC0021,Internal transfer,EUR,11883.73,False,False,False,False,0,1.5,Completed
P004072,2026-03-03,AC0038,Local transfer,USD,1514.22,False,False,False,False,0,1.5,Completed
P004124,2026-03-03,AC0001,ACH,USD,3792.17,False,False,True,True,53,16.5,Repaired
P004179,2026-03-03,AC0047,Local transfer,INR,1269.35,False,True,False,False,0,1.5,Completed
P004480,2026-03-03,AC0028,ACH,EUR,14226.75,False,False,False,False,0,1.5,Completed
P004632,2026-03-03,AC0012,ACH,USD,4663.94,False,False,False,False,0,1.5,Completed
P004990,2026-03-03,AC0026,Local transfer,USD,48680.3,False,False,False,False,0,1.5,Completed
P004995,2026-03-03,AC0025,ACH,EUR,4368.06,False,False,False,False,0,1.5,Completed
P005074,2026-03-03,AC0025,Payroll,EUR,22974.89,False,False,False,False,0,1.5,Completed
P005199,2026-03-03,AC0008,Internal transfer,USD,16377.4,False,False,False,False,0,1.5,Completed
P005470,2026-03-03,AC0041,Internal transfer,JPY,17878.49,False,False,False,False,0,1.5,Completed
P005524,2026-03-03,AC0017,Local transfer,GBP,9920.37,False,False,False,False,0,1.5,Completed
P005848,2026-03-03,AC0050,Wire,HKD,59355.73,False,True,False,True,0,19.5,Completed
P005879,2026-03-03,AC0041,Tax,JPY,105787.6,False,False,False,False,0,1.5,Completed
P006163,2026-03-03,AC0045,Local transfer,KRW,10599.6,False,False,False,False,0,1.5,Completed
P006445,2026-03-03,AC0025,ACH,EUR,11943.04,False,False,False,False,0,1.5,Completed
P006648,2026-03-03,AC0010,ACH,USD,5998.06,False,False,False,False,0,1.5,Completed
P007018,2026-03-03,AC0005,Wire,USD,4044.34,True,False,False,False,0,43.5,Completed
P007024,2026-03-03,AC0005,Wire,USD,8774.2,True,False,False,True,0,43.5,Completed
P007033,2026-03-03,AC0021,Wire,EUR,6227.28,False,False,False,True,0,19.5,Completed
P007098,2026-03-03,AC0045,Wire,KRW,3937.65,False,False,False,False,0,19.5,Completed
P007101,2026-03-03,AC0050,Payroll,HKD,60512.66,False,False,False,False,0,1.5,Completed
P007233,2026-03-03,AC0053,Tax,USD,29747.3,False,True,False,False,0,1.5,Completed
P007287,2026-03-03,AC0014,Wire,CAD,140677.8,False,False,False,False,0,19.5,Completed
P007292,2026-03-03,AC0055,Local transfer,USD,27985.42,False,False,True,False,53,16.5,Rejected
P007401,2026-03-03,AC0055,Local transfer,USD,3551.07,False,False,False,False,0,1.5,Completed
P007476,2026-03-03,AC0028,Internal transfer,EUR,149.44,False,True,False,False,0,1.5,Completed
P007479,2026-03-03,AC0025,Wire,EUR,8618.22,False,False,False,False,0,19.5,Completed
P000132,2026-03-04,AC0046,Wire,KRW,18565.3,False,False,False,False,0,19.5,Completed
P000144,2026-03-04,AC0041,Payroll,JPY,20442.57,False,False,False,False,0,1.5,Completed
P000390,2026-03-04,AC0047,Wire,INR,8228.36,True,False,False,False,0,43.5,Completed
P000563,2026-03-04,AC0050,Payroll,HKD,13536.2,False,False,False,False,0,1.5,Completed
P000619,2026-03-04,AC0050,Payroll,HKD,723229.08,False,True,False,False,0,1.5,Completed
P000628,2026-03-04,AC0010,Wire,USD,11829.55,True,True,True,True,64,58.5,Repaired
P000713,2026-03-04,AC0052,Wire,HKD,5062.0,True,False,False,False,0,43.5,Completed
P000758,2026-03-04,AC0002,Local transfer,USD,21090.25,False,False,False,False,0,1.5,Completed
P000770,2026-03-04,AC0021,Wire,EUR,2675.34,True,False,False,False,0,43.5,Completed
P000776,2026-03-04,AC0044,Wire,KRW,12762.26,False,True,True,False,31,34.5,Repaired
P000807,2026-03-04,AC0005,Wire,USD,28168.68,True,True,True,False,64,58.5,Rejected
P000993,2026-03-04,AC0002,Internal transfer,USD,20750.22,False,False,False,False,0,1.5,Completed
P001054,2026-03-04,AC0031,Payroll,USD,116367.28,False,True,False,False,0,1.5,Completed
P001173,2026-03-04,AC0044,Wire,KRW,15183.72,False,False,False,False,0,19.5,Completed
P001190,2026-03-04,AC0038,Wire,USD,11931.4,False,False,False,False,0,19.5,Completed
P001414,2026-03-04,AC0018,Wire,GBP,64251.66,False,False,False,False,0,19.5,Completed
P001499,2026-03-04,AC0041,Local transfer,JPY,1180.23,False,False,False,False,0,1.5,Completed
P001669,2026-03-04,AC0044,Wire,KRW,39604.38,False,True,False,False,0,19.5,Completed
P001693,2026-03-04,AC0026,Tax,USD,26686.34,False,False,False,False,0,1.5,Completed
P001702,2026-03-04,AC0044,Tax,KRW,103690.97,False,False,False,False,0,1.5,Completed
P001720,2026-03-04,AC0021,Payroll,EUR,48240.04,False,False,False,False,0,1.5,Completed
P001808,2026-03-04,AC0014,Internal transfer,CAD,5072.06,False,False,True,True,38,16.5,Repaired
P001876,2026-03-04,AC0054,Local transfer,USD,183050.96,False,False,False,False,0,1.5,Pending
P001974,2026-03-04,AC0034,Local transfer,USD,12386.66,False,True,False,False,0,1.5,Completed
P002076,2026-03-04,AC0042,Wire,USD,17342.55,True,False,False,True,0,43.5,Completed
P002107,2026-03-04,AC0034,Local transfer,USD,52643.27,False,True,False,False,0,1.5,Completed
P002110,2026-03-04,AC0010,ACH,USD,628.69,False,False,False,False,0,1.5,Completed
P002153,2026-03-04,AC0016,Payroll,CAD,44267.43,False,False,False,False,0,1.5,Completed
P002350,2026-03-04,AC0041,ACH,JPY,79073.48,False,True,False,True,0,1.5,Completed
P002477,2026-03-04,AC0021,Wire,EUR,6231.82,False,True,False,False,0,19.5,Completed
P002512,2026-03-04,AC0045,Wire,KRW,4904.76,True,False,False,False,0,43.5,Completed
P002518,2026-03-04,AC0053,ACH,USD,6724.36,False,False,False,False,0,1.5,Completed
P002664,2026-03-04,AC0050,Wire,HKD,119899.12,False,False,False,False,0,19.5,Completed
P002691,2026-03-04,AC0031,ACH,USD,16224.35,False,False,False,False,0,1.5,Completed
P002837,2026-03-04,AC0044,Wire,KRW,90232.87,True,True,False,False,0,43.5,Completed
P003163,2026-03-04,AC0047,Internal transfer,INR,10310.36,False,True,False,False,0,1.5,Completed
P003399,2026-03-04,AC0034,Local transfer,USD,9829.28,False,True,False,False,0,1.5,Completed
P003944,2026-03-04,AC0044,Payroll,KRW,50711.8,False,False,False,False,0,1.5,Completed
P004002,2026-03-04,AC0035,ACH,SGD,4068.23,False,False,False,False,0,1.5,Completed
P004005,2026-03-04,AC0010,Wire,USD,5339.27,True,False,False,False,0,43.5,Completed
P004075,2026-03-04,AC0017,Payroll,GBP,194692.63,False,False,False,False,0,1.5,Completed
P004255,2026-03-04,AC0027,ACH,EUR,1661.48,False,True,False,False,0,1.5,Completed
P004277,2026-03-04,AC0001,Local transfer,USD,1291.3,False,False,False,False,0,1.5,Completed
P004516,2026-03-04,AC0050,ACH,HKD,36606.73,False,True,False,False,0,1.5,Completed
P004614,2026-03-04,AC0012,ACH,USD,19382.75,False,False,False,False,0,1.5,Completed
P004659,2026-03-04,AC0017,Internal transfer,GBP,12472.97,False,True,True,True,26,16.5,Repaired
P004660,2026-03-04,AC0022,ACH,EUR,165819.64,False,False,False,False,0,1.5,Completed
P004900,2026-03-04,AC0053,Wire,USD,11062.25,False,False,False,False,0,19.5,Completed
P005018,2026-03-04,AC0044,Wire,KRW,72042.43,True,False,True,True,13,58.5,Repaired
P005064,2026-03-04,AC0039,ACH,AUD,2924.32,False,True,False,False,0,1.5,Completed
P005249,2026-03-04,AC0047,ACH,INR,21964.35,False,False,False,False,0,1.5,Completed
P005256,2026-03-04,AC0038,Local transfer,USD,53413.02,False,True,True,False,64,16.5,Repaired
P005304,2026-03-04,AC0010,Wire,USD,26310.06,False,False,False,False,0,19.5,Completed
P005343,2026-03-04,AC0052,Local transfer,HKD,52930.22,False,False,False,False,0,1.5,Completed
P005453,2026-03-04,AC0038,ACH,USD,5177.78,False,False,False,False,0,1.5,Completed
P005460,2026-03-04,AC0016,Local transfer,CAD,12909.86,False,False,True,False,73,16.5,Repaired
P005527,2026-03-04,AC0047,Payroll,INR,39323.15,False,False,False,False,0,1.5,Completed
P005694,2026-03-04,AC0050,Local transfer,HKD,40848.71,False,False,False,False,0,1.5,Completed
P005915,2026-03-04,AC0035,Wire,SGD,9144.25,True,True,False,False,0,43.5,Completed
P005951,2026-03-04,AC0052,Wire,HKD,679.9,True,False,False,False,0,43.5,Completed
P006009,2026-03-04,AC0053,ACH,USD,4827.31,False,False,False,False,0,1.5,Completed
P006389,2026-03-04,AC0025,Local transfer,EUR,4461.72,False,True,False,False,0,1.5,Completed
P006451,2026-03-04,AC0030,Payroll,USD,90974.91,False,False,True,False,30,16.5,Repaired
P006640,2026-03-04,AC0001,Local transfer,USD,29442.93,False,False,False,False,0,1.5,Completed
P006819,2026-03-04,AC0041,Local transfer,JPY,7909.85,False,True,False,False,0,1.5,Completed
P006820,2026-03-04,AC0034,ACH,USD,21447.99,False,True,False,False,0,1.5,Completed
P006961,2026-03-04,AC0013,Internal transfer,USD,428.45,False,True,False,False,0,1.5,Completed
P007361,2026-03-04,AC0014,Wire,CAD,49425.19,True,False,False,False,0,43.5,Completed
P007472,2026-03-04,AC0046,Wire,KRW,4325.42,True,True,False,False,0,43.5,Completed
P000033,2026-03-05,AC0038,Internal transfer,USD,21158.54,False,True,False,False,0,1.5,Completed
P000039,2026-03-05,AC0003,ACH,USD,6022.14,False,True,False,False,0,1.5,Completed
P000065,2026-03-05,AC0025,Wire,EUR,9259.69,True,True,False,False,0,43.5,Completed
P000126,2026-03-05,AC0005,Internal transfer,USD,6720.69,False,True,False,False,0,1.5,Completed
P000215,2026-03-05,AC0007,Local transfer,USD,18192.64,False,True,False,False,0,1.5,Completed
P000830,2026-03-05,AC0034,Wire,USD,6430.73,False,False,False,False,0,19.5,Completed
P000902,2026-03-05,AC0025,Local transfer,EUR,10456.68,False,True,False,True,0,1.5,Completed
P000978,2026-03-05,AC0053,ACH,USD,8251.34,False,False,False,False,0,1.5,Completed
P001156,2026-03-05,AC0036,Local transfer,SGD,6120.74,False,True,False,False,0,1.5,Completed
P001314,2026-03-05,AC0021,Wire,EUR,185997.92,False,False,False,True,0,19.5,Completed
P001444,2026-03-05,AC0021,Local transfer,EUR,17847.64,False,False,False,False,0,1.5,Completed
P001615,2026-03-05,AC0027,ACH,EUR,60685.88,False,False,False,False,0,1.5,Completed
P001661,2026-03-05,AC0025,Local transfer,EUR,2022.69,False,False,False,False,0,1.5,Completed
P001733,2026-03-05,AC0017,ACH,GBP,3848.18,False,True,False,True,0,1.5,Completed
P002188,2026-03-05,AC0005,ACH,USD,2558.68,False,False,False,False,0,1.5,Completed
P002207,2026-03-05,AC0044,Wire,KRW,22848.79,True,True,False,False,0,43.5,Completed
P002239,2026-03-05,AC0040,Internal transfer,AUD,14175.45,False,False,False,False,0,1.5,Completed
P002260,2026-03-05,AC0007,Wire,USD,114578.04,True,True,False,False,0,43.5,Completed
P002373,2026-03-05,AC0017,ACH,GBP,5380.93,False,True,True,True,27,16.5,Repaired
P002386,2026-03-05,AC0021,Tax,EUR,126960.28,False,False,False,False,0,1.5,Completed
P002833,2026-03-05,AC0038,ACH,USD,2562.47,False,False,False,False,0,1.5,Completed
P002859,2026-03-05,AC0047,Payroll,INR,12228.09,False,False,False,False,0,1.5,Completed
P003095,2026-03-05,AC0017,ACH,GBP,6766.63,False,True,False,False,0,1.5,Completed
P003106,2026-03-05,AC0025,ACH,EUR,1069.88,False,True,False,False,0,1.5,Completed
P003167,2026-03-05,AC0031,ACH,USD,22822.54,False,False,False,False,0,1.5,Completed
P003314,2026-03-05,AC0017,Wire,GBP,39848.78,False,False,False,False,0,19.5,Completed
P003839,2026-03-05,AC0031,Local transfer,USD,82416.44,False,False,False,False,0,1.5,Completed
P003870,2026-03-05,AC0050,Internal transfer,HKD,2587.89,False,False,False,False,0,1.5,Completed
P003897,2026-03-05,AC0005,Local transfer,USD,20809.21,False,True,True,False,64,16.5,Repaired
P004170,2026-03-05,AC0017,ACH,GBP,4553.4,False,True,True,False,30,16.5,Repaired
P004213,2026-03-05,AC0017,Wire,GBP,7351.46,True,True,True,False,63,58.5,Repaired
P004265,2026-03-05,AC0038,ACH,USD,33831.45,False,True,False,False,0,1.5,Completed
P004377,2026-03-05,AC0038,ACH,USD,10606.64,False,True,False,False,0,1.5,Completed
P004513,2026-03-05,AC0038,Local transfer,USD,12211.65,False,False,False,False,0,1.5,Completed
P004556,2026-03-05,AC0044,ACH,KRW,13430.51,False,True,False,False,0,1.5,Completed
P004557,2026-03-05,AC0044,ACH,KRW,4935.45,False,False,True,False,13,16.5,Repaired
P004563,2026-03-05,AC0028,Local transfer,EUR,8320.9,False,False,False,False,0,1.5,Completed
P004744,2026-03-05,AC0003,Internal transfer,USD,5464.96,False,False,False,False,0,1.5,Completed
P004835,2026-03-05,AC0028,Local transfer,EUR,41030.05,False,False,False,False,0,1.5,Completed
P005258,2026-03-05,AC0029,ACH,EUR,28075.64,False,False,False,False,0,1.5,Completed
P005325,2026-03-05,AC0005,Local transfer,USD,30313.26,False,False,False,False,0,1.5,Completed
P005326,2026-03-05,AC0036,Local transfer,SGD,23798.46,False,False,False,False,0,1.5,Completed
P005563,2026-03-05,AC0025,Local transfer,EUR,146945.91,False,False,False,False,0,1.5,Completed
P005599,2026-03-05,AC0050,Local transfer,HKD,5665.87,False,True,False,False,0,1.5,Completed
P005612,2026-03-05,AC0047,Tax,INR,25427.3,False,True,False,False,0,1.5,Completed
P005653,2026-03-05,AC0025,Tax,EUR,97160.11,False,True,False,False,0,1.5,Completed
P005724,2026-03-05,AC0010,ACH,USD,6105.24,False,False,False,False,0,1.5,Completed
P005827,2026-03-05,AC0025,Local transfer,EUR,18579.06,False,False,False,False,0,1.5,Completed
P005921,2026-03-05,AC0014,Local transfer,CAD,19939.76,False,False,False,False,0,1.5,Completed
P005982,2026-03-05,AC0045,ACH,KRW,2033.64,False,True,True,False,17,16.5,Repaired
P006003,2026-03-05,AC0044,ACH,KRW,33082.48,False,False,False,False,0,1.5,Completed
P006049,2026-03-05,AC0028,Payroll,EUR,43421.83,False,True,False,False,0,1.5,Completed
P006463,2026-03-05,AC0044,ACH,KRW,30899.93,False,True,False,False,0,1.5,Completed
P006575,2026-03-05,AC0005,Local transfer,USD,6246.32,False,False,False,False,0,1.5,Completed
P006585,2026-03-05,AC0050,Wire,HKD,5336.82,False,False,False,False,0,19.5,Completed
P006644,2026-03-05,AC0050,ACH,HKD,31907.49,False,False,False,False,0,1.5,Completed
P006676,2026-03-05,AC0038,Local transfer,USD,34194.85,False,False,False,False,0,1.5,Completed
P006767,2026-03-05,AC0049,Internal transfer,USD,6250.7,False,False,False,False,0,1.5,Completed
P006874,2026-03-05,AC0050,Internal transfer,HKD,1403.75,False,True,False,False,0,1.5,Completed
P007088,2026-03-05,AC0040,Wire,AUD,3758.69,False,True,False,False,0,19.5,Completed
P007151,2026-03-05,AC0053,ACH,USD,29641.91,False,True,False,False,0,1.5,Completed
P007219,2026-03-05,AC0014,Local transfer,CAD,8918.9,False,False,False,False,0,1.5,Completed
P007274,2026-03-05,AC0021,ACH,EUR,10668.87,False,True,False,False,0,1.5,Completed
P000011,2026-03-06,AC0038,Tax,USD,44261.79,False,False,False,False,0,1.5,Completed
P000471,2026-03-06,AC0005,Payroll,USD,10068.75,False,False,False,False,0,1.5,Completed
P000732,2026-03-06,AC0049,Local transfer,USD,23048.04,False,False,False,False,0,1.5,Completed
P000844,2026-03-06,AC0050,ACH,HKD,19430.7,False,False,False,False,0,1.5,Completed
P000846,2026-03-06,AC0021,Wire,EUR,7263.19,False,False,False,False,0,19.5,Completed
P000991,2026-03-06,AC0049,Local transfer,USD,15057.14,False,False,False,False,0,1.5,Completed
P001004,2026-03-06,AC0026,Wire,USD,21927.21,True,False,False,False,0,43.5,Completed
P001181,2026-03-06,AC0012,ACH,USD,3132.9,False,False,False,False,0,1.5,Completed
P001282,2026-03-06,AC0020,Local transfer,GBP,2930.7,False,False,False,False,0,1.5,Completed
P001300,2026-03-06,AC0034,Wire,USD,6808.1,True,False,False,False,0,43.5,Completed
P001692,2026-03-06,AC0017,Local transfer,GBP,157502.45,False,False,False,False,0,1.5,Completed
P001736,2026-03-06,AC0033,ACH,EUR,13542.12,False,True,False,False,0,1.5,Completed
P001754,2026-03-06,AC0034,Local transfer,USD,1948.67,False,True,False,False,0,1.5,Completed
P001857,2026-03-06,AC0028,Internal transfer,EUR,224316.14,False,False,False,False,0,1.5,Completed
P001904,2026-03-06,AC0010,ACH,USD,6150.43,False,True,False,False,0,1.5,Completed
P001979,2026-03-06,AC0029,Wire,EUR,21952.48,True,False,False,False,0,43.5,Completed
P001999,2026-03-06,AC0044,Local transfer,KRW,8095.04,False,False,False,False,0,1.5,Completed
P002029,2026-03-06,AC0017,Payroll,GBP,33785.77,False,True,False,False,0,1.5,Completed
P002059,2026-03-06,AC0025,Tax,EUR,105607.61,False,False,False,False,0,1.5,Completed
P002204,2026-03-06,AC0005,ACH,USD,5700.16,False,False,False,False,0,1.5,Completed
P002258,2026-03-06,AC0034,Wire,USD,34031.27,True,False,False,False,0,43.5,Completed
P002283,2026-03-06,AC0025,Local transfer,EUR,4186.55,False,False,False,False,0,1.5,Completed
P002448,2026-03-06,AC0003,Local transfer,USD,5652.64,False,False,False,False,0,1.5,Completed
P002606,2026-03-06,AC0049,Local transfer,USD,27458.74,False,False,True,False,45,16.5,Repaired
P002825,2026-03-06,AC0028,ACH,EUR,27977.14,False,False,False,False,0,1.5,Completed
P002905,2026-03-06,AC0017,Payroll,GBP,112777.62,False,False,False,False,0,1.5,Completed
P002908,2026-03-06,AC0027,ACH,EUR,5532.0,False,False,False,False,0,1.5,Completed
P002926,2026-03-06,AC0016,Wire,CAD,1327.91,False,True,False,False,0,19.5,Completed
P003185,2026-03-06,AC0038,ACH,USD,27369.28,False,True,False,True,0,1.5,Completed
P003266,2026-03-06,AC0042,Wire,USD,6323.3,True,False,False,False,0,43.5,Completed
P003294,2026-03-06,AC0021,Local transfer,EUR,3062.14,False,False,False,False,0,1.5,Completed
P003505,2026-03-06,AC0001,Payroll,USD,11826.12,False,True,False,False,0,1.5,Completed
P003800,2026-03-06,AC0053,Local transfer,USD,4268.42,False,False,False,False,0,1.5,Completed
P003856,2026-03-06,AC0005,ACH,USD,19409.4,False,True,False,False,0,1.5,Completed
P003904,2026-03-06,AC0013,Wire,USD,39334.46,False,False,False,False,0,19.5,Completed
P003986,2026-03-06,AC0025,Local transfer,EUR,7454.05,False,False,False,False,0,1.5,Completed
P003992,2026-03-06,AC0028,ACH,EUR,92259.27,False,False,False,False,0,1.5,Completed
P004019,2026-03-06,AC0003,Wire,USD,20135.06,False,False,False,True,0,19.5,Completed
P004143,2026-03-06,AC0006,Tax,USD,9451.91,False,True,False,False,0,1.5,Completed
P004269,2026-03-06,AC0049,Wire,USD,14183.42,False,True,False,True,0,19.5,Completed
P004382,2026-03-06,AC0044,Internal transfer,KRW,15808.75,False,False,False,False,0,1.5,Completed
P004487,2026-03-06,AC0016,ACH,CAD,8242.14,False,False,False,False,0,1.5,Completed
P004678,2026-03-06,AC0050,Local transfer,HKD,5582.09,False,False,False,False,0,1.5,Completed
P004840,2026-03-06,AC0028,Payroll,EUR,8998.92,False,False,False,False,0,1.5,Completed
P005238,2026-03-06,AC0031,Local transfer,USD,4595.45,False,True,False,False,0,1.5,Pending
P005240,2026-03-06,AC0041,Payroll,JPY,56071.54,False,False,False,False,0,1.5,Completed
P005765,2026-03-06,AC0010,Local transfer,USD,23097.44,False,True,False,True,0,1.5,Completed
P005795,2026-03-06,AC0038,Local transfer,USD,10400.88,False,False,False,False,0,1.5,Completed
P005803,2026-03-06,AC0017,Local transfer,GBP,3572.33,False,False,False,False,0,1.5,Completed
P005853,2026-03-06,AC0015,Local transfer,CAD,12137.11,False,False,False,False,0,1.5,Completed
P006240,2026-03-06,AC0034,Internal transfer,USD,56261.36,False,False,False,False,0,1.5,Completed
P006293,2026-03-06,AC0030,Local transfer,USD,3796.44,False,False,False,False,0,1.5,Completed
P006321,2026-03-06,AC0010,Wire,USD,9217.87,True,False,False,False,0,43.5,Completed
P006391,2026-03-06,AC0014,Local transfer,CAD,6086.05,False,False,False,False,0,1.5,Completed
P006490,2026-03-06,AC0006,Internal transfer,USD,4278.42,False,True,False,False,0,1.5,Completed
P006493,2026-03-06,AC0038,ACH,USD,9698.85,False,False,False,False,0,1.5,Completed
P006571,2026-03-06,AC0005,Local transfer,USD,7041.67,False,True,False,False,0,1.5,Completed
P006719,2026-03-06,AC0014,Wire,CAD,29653.53,False,False,False,False,0,19.5,Completed
P006746,2026-03-06,AC0038,Local transfer,USD,2910.78,False,False,False,False,0,1.5,Completed
P006938,2026-03-06,AC0019,Local transfer,GBP,4734.3,False,True,False,False,0,1.5,Completed
P006972,2026-03-06,AC0017,Local transfer,GBP,7247.37,False,False,False,False,0,1.5,Completed
P007331,2026-03-06,AC0028,ACH,EUR,14613.05,False,False,False,False,0,1.5,Completed
P007351,2026-03-06,AC0031,Tax,USD,274024.05,False,True,False,False,0,1.5,Completed
P007433,2026-03-06,AC0025,ACH,EUR,18105.1,False,True,False,False,0,1.5,Completed
P007503,2026-03-06,AC0053,Tax,USD,22155.56,False,True,False,False,0,1.5,Completed
P000084,2026-03-09,AC0021,Internal transfer,EUR,3720.91,False,True,True,False,61,16.5,Repaired
P000274,2026-03-09,AC0025,Internal transfer,EUR,29536.89,False,True,False,False,0,1.5,Completed
P000366,2026-03-09,AC0012,Local transfer,USD,10492.65,False,False,False,False,0,1.5,Completed
P000595,2026-03-09,AC0007,Local transfer,USD,110470.02,False,True,False,False,0,1.5,Completed
P001624,2026-03-09,AC0044,Local transfer,KRW,46252.58,False,False,False,False,0,1.5,Completed
P001771,2026-03-09,AC0043,Local transfer,JPY,5562.05,False,True,False,False,0,1.5,Completed
P001845,2026-03-09,AC0014,ACH,CAD,21211.04,False,False,False,False,0,1.5,Completed
P001863,2026-03-09,AC0027,Payroll,EUR,7872.37,False,False,False,False,0,1.5,Completed
P002042,2026-03-09,AC0005,Internal transfer,USD,6655.25,False,False,False,False,0,1.5,Completed
P002117,2026-03-09,AC0042,Local transfer,USD,93181.76,False,False,False,False,0,1.5,Completed
P002287,2026-03-09,AC0025,Wire,EUR,47334.38,True,True,True,False,53,58.5,Repaired
P002320,2026-03-09,AC0044,Payroll,KRW,59500.35,False,False,False,False,0,1.5,Completed
P002473,2026-03-09,AC0044,Internal transfer,KRW,3019.91,False,False,False,False,0,1.5,Completed
P002507,2026-03-09,AC0053,Local transfer,USD,294.43,False,False,False,False,0,1.5,Completed
P002529,2026-03-09,AC0010,ACH,USD,10147.23,False,False,False,False,0,1.5,Completed
P002612,2026-03-09,AC0017,ACH,GBP,9574.5,False,False,False,False,0,1.5,Completed
P003062,2026-03-09,AC0023,Local transfer,EUR,9210.39,False,True,True,False,65,16.5,Repaired
P003391,2026-03-09,AC0031,Internal transfer,USD,6904.81,False,False,False,False,0,1.5,Completed
P003428,2026-03-09,AC0033,ACH,EUR,1854.61,False,False,False,False,0,1.5,Completed
P003680,2026-03-09,AC0044,Wire,KRW,6352.69,True,False,False,False,0,43.5,Completed
P003872,2026-03-09,AC0045,ACH,KRW,2797.11,False,False,False,False,0,1.5,Completed
P003887,2026-03-09,AC0047,Local transfer,INR,8896.91,False,True,False,False,0,1.5,Completed
P003891,2026-03-09,AC0043,Payroll,JPY,13731.93,False,True,False,False,0,1.5,Completed
P003936,2026-03-09,AC0001,Wire,USD,3062.93,True,True,False,True,0,43.5,Completed
P004064,2026-03-09,AC0025,ACH,EUR,2180.58,False,False,False,False,0,1.5,Completed
P004142,2026-03-09,AC0017,ACH,GBP,8689.23,False,False,False,False,0,1.5,Completed
P004187,2026-03-09,AC0001,ACH,USD,44739.61,False,False,False,False,0,1.5,Completed
P004214,2026-03-09,AC0050,Local transfer,HKD,26541.14,False,False,False,False,0,1.5,Completed
P004221,2026-03-09,AC0043,Local transfer,JPY,6013.43,False,False,False,False,0,1.5,Completed
P004315,2026-03-09,AC0053,Payroll,USD,24579.2,False,False,False,False,0,1.5,Completed
P004336,2026-03-09,AC0010,ACH,USD,17376.1,False,False,False,False,0,1.5,Completed
P004432,2026-03-09,AC0025,ACH,EUR,6839.27,False,False,False,False,0,1.5,Completed
P004619,2026-03-09,AC0003,ACH,USD,49224.05,False,False,False,False,0,1.5,Completed
P004706,2026-03-09,AC0021,Payroll,EUR,84589.03,False,True,False,False,0,1.5,Completed
P004726,2026-03-09,AC0048,Local transfer,INR,239770.44,False,True,False,False,0,1.5,Completed
P004896,2026-03-09,AC0047,ACH,INR,9327.85,False,False,False,False,0,1.5,Completed
P005155,2026-03-09,AC0052,ACH,HKD,8187.08,False,False,False,False,0,1.5,Completed
P005672,2026-03-09,AC0028,ACH,EUR,6077.36,False,False,False,False,0,1.5,Completed
P005866,2026-03-09,AC0012,Payroll,USD,29273.1,False,False,False,False,0,1.5,Completed
P005970,2026-03-09,AC0016,Tax,CAD,27970.14,False,True,False,False,0,1.5,Completed
P006086,2026-03-09,AC0031,Wire,USD,12409.38,False,False,False,False,0,19.5,Completed
P006137,2026-03-09,AC0028,Wire,EUR,5027.57,True,False,False,False,0,43.5,Completed
P006168,2026-03-09,AC0005,Local transfer,USD,9340.23,False,False,False,False,0,1.5,Completed
P006313,2026-03-09,AC0054,Local transfer,USD,16876.98,False,False,False,False,0,1.5,Completed
P006438,2026-03-09,AC0027,Payroll,EUR,92233.35,False,False,False,False,0,1.5,Completed
P006596,2026-03-09,AC0041,Local transfer,JPY,844.68,False,False,False,False,0,1.5,Completed
P006635,2026-03-09,AC0028,Local transfer,EUR,6743.1,False,False,False,False,0,1.5,Completed
P006887,2026-03-09,AC0014,Local transfer,CAD,10315.91,False,False,False,False,0,1.5,Completed
P006943,2026-03-09,AC0028,Wire,EUR,32206.42,True,False,False,False,0,43.5,Completed
P007200,2026-03-09,AC0047,Wire,INR,9945.09,True,False,False,False,0,43.5,Completed
P007244,2026-03-09,AC0002,Wire,USD,82253.17,False,True,False,False,0,19.5,Completed
P007299,2026-03-09,AC0017,Local transfer,GBP,62243.1,False,False,False,False,0,1.5,Completed
P007408,2026-03-09,AC0031,Local transfer,USD,2652.6,False,False,False,False,0,1.5,Completed
P007466,2026-03-09,AC0044,ACH,KRW,43731.53,False,False,False,False,0,1.5,Completed
P007483,2026-03-09,AC0016,Wire,CAD,12966.73,False,True,False,False,0,19.5,Completed
P007518,2026-03-09,AC0014,Local transfer,CAD,7560.0,False,False,False,False,0,1.5,Completed
P007569,2026-03-09,AC0027,Internal transfer,EUR,26606.97,False,False,False,False,0,1.5,Completed
P000161,2026-03-10,AC0018,Tax,GBP,30118.21,False,False,False,False,0,1.5,Completed
P000241,2026-03-10,AC0007,Wire,USD,13742.84,True,False,False,False,0,43.5,Completed
P000257,2026-03-10,AC0049,ACH,USD,10640.79,False,False,False,False,0,1.5,Completed
P000407,2026-03-10,AC0028,Tax,EUR,89698.95,False,False,False,False,0,1.5,Completed
P000408,2026-03-10,AC0038,ACH,USD,6108.91,False,False,False,False,0,1.5,Completed
P000609,2026-03-10,AC0044,Payroll,KRW,90467.98,False,False,False,False,0,1.5,Completed
P000832,2026-03-10,AC0014,ACH,CAD,4149.55,False,False,False,False,0,1.5,Completed
P001146,2026-03-10,AC0046,ACH,KRW,30938.82,False,False,False,False,0,1.5,Completed
P001309,2026-03-10,AC0050,Internal transfer,HKD,57620.52,False,False,False,False,0,1.5,Completed
P001323,2026-03-10,AC0014,Local transfer,CAD,20431.44,False,False,False,False,0,1.5,Completed
P001495,2026-03-10,AC0030,Local transfer,USD,47713.26,False,False,False,False,0,1.5,Completed
P001892,2026-03-10,AC0038,Local transfer,USD,17798.98,False,True,False,False,0,1.5,Completed
P002617,2026-03-10,AC0005,ACH,USD,10402.45,False,True,False,False,0,1.5,Completed
P002789,2026-03-10,AC0023,ACH,EUR,29002.16,False,False,False,False,0,1.5,Completed
P003003,2026-03-10,AC0038,Payroll,USD,22194.96,False,True,False,False,0,1.5,Completed
P003028,2026-03-10,AC0016,Local transfer,CAD,10085.51,False,True,False,False,0,1.5,Completed
P003055,2026-03-10,AC0038,Internal transfer,USD,6330.65,False,False,False,True,0,1.5,Completed
P003280,2026-03-10,AC0016,Local transfer,CAD,5768.38,False,False,False,False,0,1.5,Completed
P003287,2026-03-10,AC0044,Local transfer,KRW,22455.76,False,False,False,False,0,1.5,Completed
P003308,2026-03-10,AC0028,Wire,EUR,74676.31,False,False,False,False,0,19.5,Completed
P003319,2026-03-10,AC0050,Wire,HKD,2261.49,False,False,False,False,0,19.5,Completed
P003418,2026-03-10,AC0001,ACH,USD,15544.15,False,False,False,False,0,1.5,Completed
P003611,2026-03-10,AC0026,Internal transfer,USD,11684.44,False,False,False,False,0,1.5,Completed
P003712,2026-03-10,AC0001,Payroll,USD,92480.4,False,True,False,False,0,1.5,Completed
P003935,2026-03-10,AC0025,Wire,EUR,16499.53,True,True,False,False,0,43.5,Completed
P004050,2026-03-10,AC0053,Tax,USD,97836.65,False,False,True,False,34,16.5,Repaired
P004108,2026-03-10,AC0030,ACH,USD,33106.29,False,False,False,False,0,1.5,Completed
P004188,2026-03-10,AC0053,Local transfer,USD,12794.0,False,False,False,False,0,1.5,Completed
P004222,2026-03-10,AC0011,ACH,USD,5212.47,False,False,False,False,0,1.5,Completed
P004366,2026-03-10,AC0036,Internal transfer,SGD,15964.47,False,False,False,False,0,1.5,Completed
P004518,2026-03-10,AC0025,Local transfer,EUR,1646.52,False,False,False,False,0,1.5,Completed
P004770,2026-03-10,AC0053,Wire,USD,6996.04,True,False,True,True,56,58.5,Repaired
P004771,2026-03-10,AC0017,Internal transfer,GBP,14101.16,False,True,False,False,0,1.5,Completed
P004949,2026-03-10,AC0036,ACH,SGD,96511.23,False,False,False,False,0,1.5,Completed
P005028,2026-03-10,AC0041,ACH,JPY,1676.05,False,False,False,False,0,1.5,Completed
P005127,2026-03-10,AC0031,Local transfer,USD,35721.29,False,True,False,False,0,1.5,Completed
P005167,2026-03-10,AC0025,Local transfer,EUR,3070.38,False,True,False,False,0,1.5,Completed
P005172,2026-03-10,AC0017,Wire,GBP,1332.82,True,True,False,False,0,43.5,Completed
P005191,2026-03-10,AC0010,Wire,USD,7459.13,True,True,False,False,0,43.5,Completed
P005271,2026-03-10,AC0014,Local transfer,CAD,2329.58,False,True,False,False,0,1.5,Completed
P005346,2026-03-10,AC0010,Local transfer,USD,2009.3,False,False,False,False,0,1.5,Completed
P005414,2026-03-10,AC0049,ACH,USD,21109.91,False,False,False,False,0,1.5,Completed
P005464,2026-03-10,AC0012,Local transfer,USD,1791.23,False,False,False,False,0,1.5,Completed
P005690,2026-03-10,AC0014,ACH,CAD,147849.98,False,False,False,False,0,1.5,Completed
P005821,2026-03-10,AC0041,Local transfer,JPY,3340.05,False,False,False,False,0,1.5,Completed
P005854,2026-03-10,AC0043,Local transfer,JPY,8280.01,False,True,False,False,0,1.5,Completed
P005992,2026-03-10,AC0044,Wire,KRW,9033.0,True,False,True,False,50,58.5,Repaired
P006084,2026-03-10,AC0010,Local transfer,USD,19956.38,False,False,False,False,0,1.5,Completed
P006457,2026-03-10,AC0053,Local transfer,USD,7966.88,False,False,False,False,0,1.5,Completed
P006488,2026-03-10,AC0002,ACH,USD,2595.99,False,True,False,False,0,1.5,Completed
P006499,2026-03-10,AC0028,Local transfer,EUR,2054.86,False,False,False,False,0,1.5,Completed
P006568,2026-03-10,AC0005,Wire,USD,10408.8,False,False,False,True,0,19.5,Completed
P006697,2026-03-10,AC0040,Local transfer,AUD,19682.7,False,False,False,False,0,1.5,Completed
P006954,2026-03-10,AC0045,Local transfer,KRW,18302.83,False,False,False,False,0,1.5,Completed
P007058,2026-03-10,AC0050,Local transfer,HKD,40273.09,False,False,False,False,0,1.5,Completed
P007104,2026-03-10,AC0017,Local transfer,GBP,10306.44,False,False,False,True,0,1.5,Completed
P007275,2026-03-10,AC0017,Payroll,GBP,49913.64,False,False,False,False,0,1.5,Completed
P007285,2026-03-10,AC0021,Payroll,EUR,38783.8,False,False,False,False,0,1.5,Completed
P007291,2026-03-10,AC0014,Wire,CAD,4551.17,False,False,False,False,0,19.5,Completed
P007308,2026-03-10,AC0028,Local transfer,EUR,11795.94,False,False,False,False,0,1.5,Completed
P000204,2026-03-11,AC0031,Tax,USD,88067.34,False,True,False,False,0,1.5,Completed
P000328,2026-03-11,AC0019,Tax,GBP,114084.44,False,False,False,False,0,1.5,Completed
P000395,2026-03-11,AC0026,Local transfer,USD,9302.92,False,False,False,False,0,1.5,Completed
P000436,2026-03-11,AC0050,Local transfer,HKD,42653.36,False,True,False,False,0,1.5,Completed
P000491,2026-03-11,AC0014,ACH,CAD,15285.57,False,False,False,True,0,1.5,Completed
P000514,2026-03-11,AC0038,Wire,USD,2089.78,True,False,False,False,0,43.5,Completed
P000693,2026-03-11,AC0038,Wire,USD,168643.16,True,False,False,False,0,43.5,Completed
P000728,2026-03-11,AC0028,Payroll,EUR,130000.51,False,False,False,False,0,1.5,Completed
P000736,2026-03-11,AC0010,Tax,USD,79863.2,False,False,False,False,0,1.5,Completed
P000796,2026-03-11,AC0002,Payroll,USD,51436.73,False,True,False,False,0,1.5,Completed
P000802,2026-03-11,AC0034,Internal transfer,USD,19049.61,False,False,False,False,0,1.5,Completed
P001184,2026-03-11,AC0005,ACH,USD,7975.34,False,False,False,False,0,1.5,Completed
P001186,2026-03-11,AC0028,ACH,EUR,7093.3,False,False,False,False,0,1.5,Completed
P001229,2026-03-11,AC0045,Wire,KRW,25210.13,False,False,False,False,0,19.5,Completed
P001381,2026-03-11,AC0038,Wire,USD,12384.48,True,False,False,False,0,43.5,Completed
P001881,2026-03-11,AC0019,ACH,GBP,4153.66,False,False,False,False,0,1.5,Completed
P002128,2026-03-11,AC0016,Wire,CAD,3959.9,True,False,False,True,0,43.5,Completed
P002604,2026-03-11,AC0045,Payroll,KRW,70419.64,False,False,False,False,0,1.5,Completed
P002677,2026-03-11,AC0026,Payroll,USD,372769.47,False,False,False,False,0,1.5,Completed
P002725,2026-03-11,AC0025,Local transfer,EUR,2169.09,False,True,False,False,0,1.5,Completed
P002739,2026-03-11,AC0017,ACH,GBP,5272.7,False,False,False,False,0,1.5,Completed
P002749,2026-03-11,AC0025,Local transfer,EUR,16754.82,False,False,False,False,0,1.5,Completed
P002988,2026-03-11,AC0044,Local transfer,KRW,138329.73,False,False,False,False,0,1.5,Completed
P003127,2026-03-11,AC0001,Tax,USD,44984.15,False,True,False,False,0,1.5,Completed
P003152,2026-03-11,AC0010,Local transfer,USD,12767.61,False,False,False,False,0,1.5,Completed
P003221,2026-03-11,AC0010,Local transfer,USD,11688.62,False,True,False,False,0,1.5,Completed
P003255,2026-03-11,AC0010,Payroll,USD,54716.7,False,False,False,False,0,1.5,Completed
P003332,2026-03-11,AC0038,Local transfer,USD,49774.36,False,False,False,False,0,1.5,Completed
P003447,2026-03-11,AC0043,Local transfer,JPY,105353.5,False,False,False,False,0,1.5,Completed
P003483,2026-03-11,AC0038,Wire,USD,13239.45,False,False,False,False,0,19.5,Completed
P003596,2026-03-11,AC0017,Payroll,GBP,5988.49,False,True,False,False,0,1.5,Completed
P003610,2026-03-11,AC0031,ACH,USD,11401.36,False,False,False,False,0,1.5,Completed
P003678,2026-03-11,AC0041,Local transfer,JPY,31620.66,False,True,False,False,0,1.5,Completed
P003893,2026-03-11,AC0041,Wire,JPY,4211.26,True,True,False,False,0,43.5,Completed
P003903,2026-03-11,AC0031,Internal transfer,USD,7224.53,False,False,False,False,0,1.5,Completed
P003990,2026-03-11,AC0038,Wire,USD,13819.61,True,False,False,False,0,43.5,Completed
P004008,2026-03-11,AC0034,Local transfer,USD,4450.92,False,True,False,True,0,1.5,Completed
P004048,2026-03-11,AC0049,Wire,USD,2961.23,True,True,False,False,0,43.5,Completed
P004057,2026-03-11,AC0047,Payroll,INR,112795.01,False,False,False,False,0,1.5,Completed
P004186,2026-03-11,AC0047,Local transfer,INR,2132.12,False,False,False,False,0,1.5,Completed
P004258,2026-03-11,AC0027,Local transfer,EUR,16631.78,False,True,True,False,53,16.5,Repaired
P004260,2026-03-11,AC0025,Wire,EUR,1430.28,False,True,False,False,0,19.5,Completed
P004346,2026-03-11,AC0028,Wire,EUR,13094.33,True,False,True,False,63,58.5,Repaired
P004391,2026-03-11,AC0034,Local transfer,USD,19244.89,False,False,False,False,0,1.5,Completed
P004428,2026-03-11,AC0014,Wire,CAD,19158.35,True,False,False,True,0,43.5,Completed
P004454,2026-03-11,AC0016,Wire,CAD,9144.51,True,True,False,False,0,43.5,Completed
P004599,2026-03-11,AC0001,ACH,USD,156875.59,False,True,False,False,0,1.5,Completed
P004652,2026-03-11,AC0014,Local transfer,CAD,21895.86,False,False,False,False,0,1.5,Completed
P004782,2026-03-11,AC0014,Local transfer,CAD,41269.04,False,False,False,False,0,1.5,Completed
P005080,2026-03-11,AC0039,Wire,AUD,1173.89,True,True,False,False,0,43.5,Completed
P005486,2026-03-11,AC0053,Local transfer,USD,7731.64,False,False,False,False,0,1.5,Completed
P005681,2026-03-11,AC0005,Wire,USD,10866.34,False,False,False,True,0,19.5,Completed
P005770,2026-03-11,AC0001,Local transfer,USD,7384.01,False,False,False,False,0,1.5,Completed
P005942,2026-03-11,AC0017,Local transfer,GBP,2712.43,False,True,True,False,21,16.5,Repaired
P005969,2026-03-11,AC0017,Payroll,GBP,55260.51,False,False,False,True,0,1.5,Completed
P006076,2026-03-11,AC0014,Local transfer,CAD,12923.71,False,False,False,False,0,1.5,Completed
P006128,2026-03-11,AC0021,Wire,EUR,134471.69,False,False,False,False,0,19.5,Completed
P006183,2026-03-11,AC0005,Tax,USD,393949.54,False,False,False,False,0,1.5,Completed
P006423,2026-03-11,AC0017,Internal transfer,GBP,25082.22,False,True,False,False,0,1.5,Completed
P006520,2026-03-11,AC0050,Payroll,HKD,3781.32,False,False,False,False,0,1.5,Completed
P006534,2026-03-11,AC0053,Local transfer,USD,2023.65,False,False,False,False,0,1.5,Completed
P006626,2026-03-11,AC0041,Wire,JPY,53283.29,True,True,True,False,72,58.5,Repaired
P006722,2026-03-11,AC0038,Local transfer,USD,6326.58,False,False,False,False,0,1.5,Completed
P006865,2026-03-11,AC0001,Wire,USD,5008.64,False,False,False,False,0,19.5,Completed
P007189,2026-03-11,AC0034,Wire,USD,6439.43,True,True,False,False,0,43.5,Completed
P007320,2026-03-11,AC0047,Wire,INR,3556.86,False,True,True,False,46,34.5,Repaired
P007477,2026-03-11,AC0047,ACH,INR,9780.46,False,True,False,False,0,1.5,Completed
P000020,2026-03-12,AC0032,ACH,EUR,51267.96,False,False,False,False,0,1.5,Completed
P000247,2026-03-12,AC0010,Wire,USD,6315.44,False,False,False,False,0,19.5,Completed
P000249,2026-03-12,AC0027,Local transfer,EUR,333321.18,False,False,False,False,0,1.5,Completed
P000516,2026-03-12,AC0049,Local transfer,USD,408.54,False,False,False,False,0,1.5,Completed
P000567,2026-03-12,AC0005,ACH,USD,15896.13,False,True,False,False,0,1.5,Completed
P000721,2026-03-12,AC0031,Payroll,USD,83120.04,False,True,False,False,0,1.5,Completed
P000968,2026-03-12,AC0053,ACH,USD,18460.37,False,False,False,False,0,1.5,Completed
P001129,2026-03-12,AC0031,Local transfer,USD,7113.33,False,False,False,False,0,1.5,Completed
P001536,2026-03-12,AC0055,Payroll,USD,6034.61,False,False,False,False,0,1.5,Completed
P001709,2026-03-12,AC0010,Local transfer,USD,39186.16,False,False,False,False,0,1.5,Completed
P001726,2026-03-12,AC0017,Internal transfer,GBP,22093.22,False,False,False,False,0,1.5,Completed
P001810,2026-03-12,AC0052,Wire,HKD,1202.96,False,False,False,True,0,19.5,Completed
P001928,2026-03-12,AC0044,Local transfer,KRW,13239.74,False,False,False,False,0,1.5,Completed
P002039,2026-03-12,AC0034,Wire,USD,29942.03,True,True,True,False,43,58.5,Repaired
P002158,2026-03-12,AC0031,ACH,USD,124525.08,False,False,False,False,0,1.5,Completed
P002179,2026-03-12,AC0045,Tax,KRW,117534.56,False,False,False,False,0,1.5,Completed
P002248,2026-03-12,AC0026,Wire,USD,84715.91,True,False,False,False,0,43.5,Completed
P002308,2026-03-12,AC0050,Local transfer,HKD,4264.44,False,True,False,False,0,1.5,Completed
P002345,2026-03-12,AC0014,Payroll,CAD,172815.49,False,False,False,False,0,1.5,Completed
P002369,2026-03-12,AC0014,Payroll,CAD,11057.28,False,False,False,False,0,1.5,Completed
P002567,2026-03-12,AC0014,ACH,CAD,21638.91,False,False,False,False,0,1.5,Completed
P002697,2026-03-12,AC0010,Local transfer,USD,5864.5,False,False,False,False,0,1.5,Completed
P002846,2026-03-12,AC0041,Payroll,JPY,6340.69,False,False,False,False,0,1.5,Completed
P003014,2026-03-12,AC0001,ACH,USD,85053.02,False,True,False,False,0,1.5,Completed
P003086,2026-03-12,AC0031,Local transfer,USD,9304.35,False,False,False,False,0,1.5,Completed
P003497,2026-03-12,AC0054,Internal transfer,USD,45854.39,False,False,False,False,0,1.5,Completed
P003533,2026-03-12,AC0021,Local transfer,EUR,48499.17,False,False,False,False,0,1.5,Completed
P003579,2026-03-12,AC0038,ACH,USD,299804.14,False,False,False,False,0,1.5,Completed
P003664,2026-03-12,AC0003,Wire,USD,12092.23,True,False,False,False,0,43.5,Completed
P003713,2026-03-12,AC0010,Local transfer,USD,23786.02,False,False,False,False,0,1.5,Completed
P003961,2026-03-12,AC0050,ACH,HKD,35898.82,False,False,False,False,0,1.5,Completed
P004009,2026-03-12,AC0036,Local transfer,SGD,3418.64,False,False,False,False,0,1.5,Completed
P004193,2026-03-12,AC0001,Local transfer,USD,19954.28,False,False,False,False,0,1.5,Completed
P004244,2026-03-12,AC0055,Local transfer,USD,3640.37,False,False,False,False,0,1.5,Completed
P004357,2026-03-12,AC0042,Local transfer,USD,3521.43,False,True,False,False,0,1.5,Completed
P004410,2026-03-12,AC0017,Internal transfer,GBP,9707.48,False,True,False,False,0,1.5,Completed
P004463,2026-03-12,AC0038,ACH,USD,4044.99,False,False,False,False,0,1.5,Completed
P004486,2026-03-12,AC0050,Local transfer,HKD,4518.57,False,True,False,False,0,1.5,Completed
P004490,2026-03-12,AC0033,Wire,EUR,9120.52,True,False,True,False,20,58.5,Repaired
P004661,2026-03-12,AC0001,Local transfer,USD,99979.57,False,True,False,True,0,1.5,Completed
P004667,2026-03-12,AC0021,ACH,EUR,45021.94,False,False,False,False,0,1.5,Completed
P004692,2026-03-12,AC0030,Wire,USD,6585.01,False,False,False,False,0,19.5,Completed
P004699,2026-03-12,AC0053,Tax,USD,16913.02,False,False,False,False,0,1.5,Completed
P004719,2026-03-12,AC0050,Tax,HKD,118807.44,False,True,False,True,0,1.5,Completed
P004847,2026-03-12,AC0005,Local transfer,USD,128864.7,False,True,False,False,0,1.5,Completed
P004918,2026-03-12,AC0028,Local transfer,EUR,4620.83,False,False,False,False,0,1.5,Completed
P004965,2026-03-12,AC0031,Local transfer,USD,22185.87,False,False,False,False,0,1.5,Completed
P004996,2026-03-12,AC0047,Payroll,INR,45156.77,False,False,False,False,0,1.5,Completed
P005113,2026-03-12,AC0044,Local transfer,KRW,10628.82,False,True,False,False,0,1.5,Completed
P005440,2026-03-12,AC0041,Payroll,JPY,17240.83,False,False,False,False,0,1.5,Completed
P005506,2026-03-12,AC0010,Tax,USD,11827.46,False,False,False,False,0,1.5,Completed
P005583,2026-03-12,AC0023,ACH,EUR,13461.77,False,False,False,False,0,1.5,Completed
P005960,2026-03-12,AC0010,ACH,USD,368836.57,False,False,False,False,0,1.5,Completed
P006171,2026-03-12,AC0021,Internal transfer,EUR,1006.47,False,False,False,False,0,1.5,Completed
P006247,2026-03-12,AC0051,Internal transfer,HKD,4521.88,False,False,False,False,0,1.5,Completed
P006540,2026-03-12,AC0017,Local transfer,GBP,63458.04,False,False,False,False,0,1.5,Completed
P006577,2026-03-12,AC0021,ACH,EUR,1786.79,False,False,False,False,0,1.5,Completed
P006592,2026-03-12,AC0053,Local transfer,USD,2575.86,False,False,True,True,57,16.5,Rejected
P006595,2026-03-12,AC0053,Payroll,USD,10161.8,False,False,False,False,0,1.5,Completed
P006618,2026-03-12,AC0014,ACH,CAD,5200.92,False,False,True,False,69,16.5,Repaired
P007075,2026-03-12,AC0010,ACH,USD,11411.9,False,True,False,False,0,1.5,Completed
P007407,2026-03-12,AC0020,ACH,GBP,3480.84,False,False,False,False,0,1.5,Completed
P007434,2026-03-12,AC0005,Internal transfer,USD,4157.06,False,False,False,False,0,1.5,Completed
P000134,2026-03-13,AC0006,Local transfer,USD,8804.73,False,False,False,False,0,1.5,Completed
P000160,2026-03-13,AC0001,Internal transfer,USD,5410.99,False,True,False,False,0,1.5,Completed
P000206,2026-03-13,AC0005,Local transfer,USD,9905.57,False,False,False,False,0,1.5,Completed
P000275,2026-03-13,AC0005,Payroll,USD,52847.21,False,False,False,False,0,1.5,Completed
P000463,2026-03-13,AC0044,Local transfer,KRW,7012.63,False,False,False,False,0,1.5,Completed
P000604,2026-03-13,AC0017,ACH,GBP,6925.76,False,False,False,False,0,1.5,Completed
P000848,2026-03-13,AC0053,ACH,USD,10026.41,False,True,False,True,0,1.5,Completed
P000956,2026-03-13,AC0038,Wire,USD,6478.47,False,False,False,False,0,19.5,Completed
P001042,2026-03-13,AC0031,Internal transfer,USD,10355.54,False,False,False,False,0,1.5,Completed
P001046,2026-03-13,AC0039,Wire,AUD,21184.45,True,False,False,False,0,43.5,Completed
P001171,2026-03-13,AC0046,Internal transfer,KRW,5277.16,False,True,False,False,0,1.5,Completed
P001767,2026-03-13,AC0025,Local transfer,EUR,42495.69,False,False,False,False,0,1.5,Completed
P002183,2026-03-13,AC0034,Wire,USD,3398.21,False,True,True,False,46,34.5,Repaired
P002198,2026-03-13,AC0014,Payroll,CAD,81710.24,False,False,False,False,0,1.5,Completed
P002203,2026-03-13,AC0053,Local transfer,USD,16606.42,False,False,False,False,0,1.5,Completed
P002222,2026-03-13,AC0005,Wire,USD,1271.53,True,False,True,False,67,58.5,Repaired
P002412,2026-03-13,AC0034,Local transfer,USD,19854.71,False,True,False,False,0,1.5,Completed
P002454,2026-03-13,AC0028,Local transfer,EUR,5049.87,False,False,False,False,0,1.5,Completed
P002460,2026-03-13,AC0014,Payroll,CAD,192215.12,False,False,True,False,36,16.5,Repaired
P002519,2026-03-13,AC0034,ACH,USD,8996.4,False,True,True,False,51,16.5,Repaired
P002699,2026-03-13,AC0021,Local transfer,EUR,12258.42,False,False,False,False,0,1.5,Completed
P002786,2026-03-13,AC0038,Local transfer,USD,14219.45,False,False,False,False,0,1.5,Completed
P002917,2026-03-13,AC0047,ACH,INR,12782.8,False,True,False,False,0,1.5,Completed
P002931,2026-03-13,AC0021,Local transfer,EUR,915.39,False,True,False,False,0,1.5,Completed
P002942,2026-03-13,AC0044,ACH,KRW,17507.77,False,False,False,False,0,1.5,Completed
P002955,2026-03-13,AC0005,ACH,USD,49214.23,False,True,False,False,0,1.5,Completed
P003053,2026-03-13,AC0044,Payroll,KRW,73664.3,False,False,False,False,0,1.5,Completed
P003122,2026-03-13,AC0031,Tax,USD,81133.53,False,False,False,False,0,1.5,Completed
P003281,2026-03-13,AC0017,Local transfer,GBP,11518.52,False,False,False,False,0,1.5,Completed
P003506,2026-03-13,AC0025,Payroll,EUR,243424.84,False,True,False,False,0,1.5,Completed
P003711,2026-03-13,AC0053,Payroll,USD,96632.0,False,True,False,False,0,1.5,Completed
P003972,2026-03-13,AC0031,Local transfer,USD,11133.41,False,False,False,False,0,1.5,Completed
P003981,2026-03-13,AC0034,Internal transfer,USD,8894.94,False,False,False,False,0,1.5,Completed
P004335,2026-03-13,AC0041,Local transfer,JPY,7769.49,False,False,False,False,0,1.5,Completed
P004387,2026-03-13,AC0053,Internal transfer,USD,32181.01,False,False,False,False,0,1.5,Completed
P004730,2026-03-13,AC0017,ACH,GBP,1259.08,False,True,False,False,0,1.5,Completed
P004834,2026-03-13,AC0041,Local transfer,JPY,3766.74,False,False,False,False,0,1.5,Completed
P004857,2026-03-13,AC0047,Wire,INR,16181.02,False,False,False,False,0,19.5,Completed
P005079,2026-03-13,AC0038,Payroll,USD,158621.27,False,False,False,False,0,1.5,Completed
P005233,2026-03-13,AC0028,Internal transfer,EUR,3797.8,False,False,False,False,0,1.5,Completed
P005687,2026-03-13,AC0038,ACH,USD,14052.69,False,False,False,False,0,1.5,Completed
P005742,2026-03-13,AC0017,Wire,GBP,36292.39,True,False,False,False,0,43.5,Completed
P005778,2026-03-13,AC0025,Wire,EUR,9569.68,True,True,False,False,0,43.5,Completed
P005809,2026-03-13,AC0017,Local transfer,GBP,13430.49,False,False,False,False,0,1.5,Completed
P005810,2026-03-13,AC0028,Tax,EUR,35902.37,False,True,False,False,0,1.5,Completed
P006123,2026-03-13,AC0040,Wire,AUD,75366.34,False,True,False,False,0,19.5,Completed
P006296,2026-03-13,AC0047,ACH,INR,19502.48,False,True,False,False,0,1.5,Completed
P006528,2026-03-13,AC0043,Internal transfer,JPY,61610.43,False,True,False,False,0,1.5,Completed
P006690,2026-03-13,AC0044,Local transfer,KRW,7149.1,False,False,False,False,0,1.5,Completed
P006847,2026-03-13,AC0005,ACH,USD,3390.94,False,False,False,False,0,1.5,Completed
P007065,2026-03-13,AC0047,Local transfer,INR,23708.47,False,False,False,False,0,1.5,Completed
P007135,2026-03-13,AC0014,Wire,CAD,26669.08,True,False,False,False,0,43.5,Completed
P007158,2026-03-13,AC0041,Payroll,JPY,55333.29,False,False,False,False,0,1.5,Completed
P007444,2026-03-13,AC0001,ACH,USD,1349.18,False,True,False,False,0,1.5,Completed
P000114,2026-03-16,AC0045,Payroll,KRW,43950.92,False,True,True,False,34,16.5,Repaired
P000578,2026-03-16,AC0028,Payroll,EUR,76402.68,False,False,False,False,0,1.5,Completed
P000710,2026-03-16,AC0031,Local transfer,USD,1865.95,False,True,False,False,0,1.5,Completed
P000771,2026-03-16,AC0021,ACH,EUR,40417.04,False,False,False,False,0,1.5,Completed
P000777,2026-03-16,AC0046,ACH,KRW,3511.26,False,False,False,False,0,1.5,Completed
P000818,2026-03-16,AC0005,ACH,USD,48694.42,False,False,False,False,0,1.5,Completed
P000972,2026-03-16,AC0014,Local transfer,CAD,729.53,False,False,False,False,0,1.5,Completed
P001089,2026-03-16,AC0001,Wire,USD,34806.83,False,False,True,False,44,34.5,Repaired
P001557,2026-03-16,AC0020,Local transfer,GBP,18284.08,False,True,False,False,0,1.5,Completed
P001577,2026-03-16,AC0044,Wire,KRW,13150.07,False,False,False,False,0,19.5,Completed
P001849,2026-03-16,AC0050,Tax,HKD,836818.71,False,True,False,False,0,1.5,Completed
P001910,2026-03-16,AC0006,Local transfer,USD,2103.6,False,False,False,False,0,1.5,Completed
P001980,2026-03-16,AC0001,ACH,USD,22233.56,False,True,False,True,0,1.5,Completed
P002095,2026-03-16,AC0025,Wire,EUR,18854.2,True,False,False,False,0,43.5,Completed
P002181,2026-03-16,AC0001,Internal transfer,USD,15331.74,False,False,False,False,0,1.5,Completed
P002481,2026-03-16,AC0029,ACH,EUR,5751.33,False,False,False,False,0,1.5,Completed
P002544,2026-03-16,AC0025,Tax,EUR,217219.42,False,False,False,False,0,1.5,Completed
P002760,2026-03-16,AC0010,Local transfer,USD,9312.12,False,False,False,False,0,1.5,Completed
P002800,2026-03-16,AC0001,ACH,USD,9098.37,False,False,False,False,0,1.5,Completed
P002810,2026-03-16,AC0014,Local transfer,CAD,7935.11,False,True,False,False,0,1.5,Completed
P003153,2026-03-16,AC0044,Wire,KRW,25656.58,False,False,False,False,0,19.5,Completed
P003244,2026-03-16,AC0048,Local transfer,INR,110818.02,False,True,False,False,0,1.5,Completed
P003336,2026-03-16,AC0007,Wire,USD,16715.92,False,False,False,False,0,19.5,Completed
P003354,2026-03-16,AC0050,ACH,HKD,11073.97,False,True,False,False,0,1.5,Completed
P003465,2026-03-16,AC0023,Local transfer,EUR,16013.11,False,False,False,False,0,1.5,Completed
P003539,2026-03-16,AC0017,ACH,GBP,9096.81,False,True,False,False,0,1.5,Completed
P003543,2026-03-16,AC0041,Internal transfer,JPY,12460.41,False,False,False,False,0,1.5,Completed
P003598,2026-03-16,AC0021,Internal transfer,EUR,806.68,False,False,False,False,0,1.5,Completed
P003629,2026-03-16,AC0001,ACH,USD,28683.51,False,False,False,False,0,1.5,Completed
P003665,2026-03-16,AC0031,Local transfer,USD,5075.51,False,False,False,False,0,1.5,Completed
P004100,2026-03-16,AC0001,Local transfer,USD,23161.49,False,False,False,False,0,1.5,Completed
P004476,2026-03-16,AC0044,Payroll,KRW,123014.29,False,False,True,False,63,16.5,Repaired
P004501,2026-03-16,AC0005,Wire,USD,8067.36,False,False,False,False,0,19.5,Completed
P004530,2026-03-16,AC0012,Payroll,USD,38328.42,False,False,False,False,0,1.5,Completed
P004537,2026-03-16,AC0012,Local transfer,USD,11866.39,False,False,False,False,0,1.5,Completed
P004779,2026-03-16,AC0028,Local transfer,EUR,54001.7,False,False,False,False,0,1.5,Completed
P004974,2026-03-16,AC0053,Local transfer,USD,10693.67,False,False,False,False,0,1.5,Completed
P005006,2026-03-16,AC0041,Local transfer,JPY,1046.89,False,False,False,False,0,1.5,Completed
P005037,2026-03-16,AC0034,Payroll,USD,91389.14,False,False,False,False,0,1.5,Completed
P005116,2026-03-16,AC0034,ACH,USD,15212.3,False,True,True,False,45,16.5,Repaired
P005289,2026-03-16,AC0025,ACH,EUR,5869.84,False,False,False,False,0,1.5,Completed
P005382,2026-03-16,AC0025,Wire,EUR,25128.67,False,False,False,False,0,19.5,Completed
P005689,2026-03-16,AC0021,Local transfer,EUR,3190.9,False,False,False,False,0,1.5,Completed
P005899,2026-03-16,AC0028,ACH,EUR,8473.7,False,True,True,False,43,16.5,Rejected
P005902,2026-03-16,AC0044,ACH,KRW,1451.27,False,True,False,False,0,1.5,Completed
P005912,2026-03-16,AC0036,Local transfer,SGD,34461.0,False,False,False,False,0,1.5,Completed
P006041,2026-03-16,AC0001,Local transfer,USD,50210.52,False,False,False,False,0,1.5,Completed
P006106,2026-03-16,AC0044,Wire,KRW,321828.76,True,True,False,True,0,43.5,Completed
P006446,2026-03-16,AC0030,Tax,USD,25276.47,False,False,False,False,0,1.5,Completed
P006506,2026-03-16,AC0031,Local transfer,USD,18699.1,False,True,False,False,0,1.5,Completed
P006542,2026-03-16,AC0012,ACH,USD,2694.57,False,False,False,False,0,1.5,Completed
P006630,2026-03-16,AC0014,Payroll,CAD,72289.43,False,False,False,False,0,1.5,Completed
P006877,2026-03-16,AC0021,Wire,EUR,2571.35,False,True,False,False,0,19.5,Completed
P007013,2026-03-16,AC0020,ACH,GBP,13759.92,False,False,False,False,0,1.5,Completed
P007030,2026-03-16,AC0047,Local transfer,INR,1019.81,False,True,False,False,0,1.5,Completed
P007226,2026-03-16,AC0053,Local transfer,USD,26700.32,False,False,False,False,0,1.5,Completed
P007227,2026-03-16,AC0050,Local transfer,HKD,9965.8,False,True,False,False,0,1.5,Completed
P007288,2026-03-16,AC0017,Local transfer,GBP,12198.29,False,False,False,False,0,1.5,Completed
P007387,2026-03-16,AC0038,ACH,USD,5399.86,False,False,False,False,0,1.5,Completed
P007452,2026-03-16,AC0038,Local transfer,USD,46067.67,False,False,False,False,0,1.5,Completed
P000040,2026-03-17,AC0005,Internal transfer,USD,7177.42,False,False,True,False,45,16.5,Repaired
P000131,2026-03-17,AC0050,ACH,HKD,32757.79,False,True,False,False,0,1.5,Completed
P000217,2026-03-17,AC0041,Local transfer,JPY,65965.99,False,False,False,False,0,1.5,Completed
P000324,2026-03-17,AC0005,Internal transfer,USD,1952.5,False,False,False,False,0,1.5,Completed
P000374,2026-03-17,AC0010,Local transfer,USD,32765.64,False,False,False,False,0,1.5,Completed
P000444,2026-03-17,AC0010,Wire,USD,8301.94,True,True,False,False,0,43.5,Completed
P000551,2026-03-17,AC0014,Wire,CAD,12446.09,False,False,False,False,0,19.5,Completed
P000601,2026-03-17,AC0007,Local transfer,USD,17473.27,False,False,False,False,0,1.5,Completed
P000855,2026-03-17,AC0005,Wire,USD,14365.78,False,False,False,False,0,19.5,Completed
P001059,2026-03-17,AC0050,Wire,HKD,15122.23,False,False,False,False,0,19.5,Completed
P001360,2026-03-17,AC0021,ACH,EUR,64998.88,False,True,False,False,0,1.5,Completed
P001389,2026-03-17,AC0036,Wire,SGD,75453.44,False,False,False,False,0,19.5,Completed
P001825,2026-03-17,AC0041,Internal transfer,JPY,21233.76,False,False,False,False,0,1.5,Completed
P001873,2026-03-17,AC0050,Local transfer,HKD,769.51,False,True,True,False,37,16.5,Repaired
P001958,2026-03-17,AC0052,Payroll,HKD,29701.09,False,False,False,False,0,1.5,Completed
P002025,2026-03-17,AC0001,Local transfer,USD,11560.42,False,True,False,False,0,1.5,Completed
P002127,2026-03-17,AC0025,ACH,EUR,5135.94,False,True,False,False,0,1.5,Completed
P002238,2026-03-17,AC0031,Internal transfer,USD,17953.61,False,False,False,False,0,1.5,Completed
P002497,2026-03-17,AC0021,ACH,EUR,7526.07,False,False,False,False,0,1.5,Completed
P002594,2026-03-17,AC0021,ACH,EUR,9466.4,False,True,False,False,0,1.5,Completed
P002746,2026-03-17,AC0031,ACH,USD,2134.87,False,False,False,False,0,1.5,Completed
P002793,2026-03-17,AC0052,Local transfer,HKD,9097.04,False,False,False,False,0,1.5,Completed
P003074,2026-03-17,AC0012,ACH,USD,7275.21,False,False,False,False,0,1.5,Completed
P003313,2026-03-17,AC0053,Local transfer,USD,3705.48,False,False,False,False,0,1.5,Completed
P003634,2026-03-17,AC0020,Local transfer,GBP,10568.55,False,False,False,False,0,1.5,Completed
P003852,2026-03-17,AC0033,Local transfer,EUR,15481.33,False,True,False,False,0,1.5,Completed
P003924,2026-03-17,AC0041,Wire,JPY,2393.25,False,False,False,False,0,19.5,Completed
P004063,2026-03-17,AC0001,Local transfer,USD,18948.57,False,True,False,False,0,1.5,Completed
P004066,2026-03-17,AC0001,Local transfer,USD,3420.37,False,True,False,False,0,1.5,Completed
P004137,2026-03-17,AC0046,Wire,KRW,44963.67,True,False,False,False,0,43.5,Completed
P004202,2026-03-17,AC0050,Local transfer,HKD,30614.33,False,True,False,False,0,1.5,Completed
P004288,2026-03-17,AC0025,Internal transfer,EUR,17862.27,False,False,False,False,0,1.5,Completed
P004332,2026-03-17,AC0021,Wire,EUR,37511.76,True,False,False,False,0,43.5,Completed
P004562,2026-03-17,AC0012,Local transfer,USD,3383.14,False,False,False,False,0,1.5,Completed
P004566,2026-03-17,AC0017,ACH,GBP,25028.04,False,True,False,False,0,1.5,Completed
P004897,2026-03-17,AC0014,Tax,CAD,20147.88,False,False,False,False,0,1.5,Completed
P004906,2026-03-17,AC0053,Tax,USD,38014.58,False,False,False,False,0,1.5,Completed
P005153,2026-03-17,AC0047,ACH,INR,10076.2,False,True,False,False,0,1.5,Completed
P005251,2026-03-17,AC0031,Local transfer,USD,8245.15,False,False,False,False,0,1.5,Completed
P005352,2026-03-17,AC0034,Local transfer,USD,11358.84,False,True,False,False,0,1.5,Completed
P005356,2026-03-17,AC0047,Local transfer,INR,15583.04,False,False,False,False,0,1.5,Completed
P005459,2026-03-17,AC0025,Internal transfer,EUR,10661.74,False,False,False,False,0,1.5,Completed
P005567,2026-03-17,AC0044,Wire,KRW,221427.87,True,False,False,False,0,43.5,Completed
P005867,2026-03-17,AC0047,Local transfer,INR,4283.18,False,False,False,False,0,1.5,Completed
P006068,2026-03-17,AC0047,ACH,INR,5740.34,False,False,False,False,0,1.5,Completed
P006124,2026-03-17,AC0049,ACH,USD,2516.03,False,False,True,False,71,16.5,Rejected
P006140,2026-03-17,AC0041,Local transfer,JPY,4207.35,False,False,False,False,0,1.5,Completed
P006205,2026-03-17,AC0047,Internal transfer,INR,3119.3,False,False,False,False,0,1.5,Completed
P006210,2026-03-17,AC0021,Wire,EUR,15874.4,True,False,True,False,55,58.5,Repaired
P006615,2026-03-17,AC0012,Local transfer,USD,2523.71,False,False,False,False,0,1.5,Completed
P006685,2026-03-17,AC0048,ACH,INR,137165.5,False,False,False,False,0,1.5,Completed
P006734,2026-03-17,AC0023,Local transfer,EUR,5394.21,False,False,False,False,0,1.5,Completed
P006897,2026-03-17,AC0038,ACH,USD,8413.61,False,False,False,False,0,1.5,Completed
P006995,2026-03-17,AC0017,Local transfer,GBP,8212.41,False,False,False,False,0,1.5,Completed
P007179,2026-03-17,AC0028,Local transfer,EUR,4535.07,False,True,False,False,0,1.5,Completed
P007194,2026-03-17,AC0034,Local transfer,USD,3193.55,False,False,False,False,0,1.5,Completed
P007426,2026-03-17,AC0005,Internal transfer,USD,12141.25,False,False,False,False,0,1.5,Completed
P007468,2026-03-17,AC0023,Local transfer,EUR,22331.55,False,False,False,False,0,1.5,Completed
P000230,2026-03-18,AC0021,Local transfer,EUR,29888.54,False,True,True,False,70,16.5,Repaired
P000380,2026-03-18,AC0041,ACH,JPY,13963.87,False,True,False,False,0,1.5,Completed
P000640,2026-03-18,AC0018,Local transfer,GBP,12377.42,False,False,False,False,0,1.5,Completed
P000644,2026-03-18,AC0053,Local transfer,USD,12261.32,False,False,True,False,31,16.5,Repaired
P000773,2026-03-18,AC0044,ACH,KRW,1361.78,False,False,False,False,0,1.5,Completed
P000894,2026-03-18,AC0043,Internal transfer,JPY,6041.06,False,False,False,False,0,1.5,Completed
P000934,2026-03-18,AC0023,Internal transfer,EUR,61710.56,False,False,False,False,0,1.5,Completed
P001259,2026-03-18,AC0001,ACH,USD,15332.97,False,False,False,False,0,1.5,Completed
P001288,2026-03-18,AC0012,Wire,USD,4854.29,True,False,False,False,0,43.5,Completed
P001317,2026-03-18,AC0041,Local transfer,JPY,21760.78,False,False,False,False,0,1.5,Completed
P001696,2026-03-18,AC0010,ACH,USD,23182.31,False,True,False,False,0,1.5,Completed
P001716,2026-03-18,AC0001,ACH,USD,15973.68,False,False,False,False,0,1.5,Completed
P001898,2026-03-18,AC0017,Local transfer,GBP,8783.85,False,False,False,False,0,1.5,Completed
P001961,2026-03-18,AC0028,ACH,EUR,20306.9,False,False,False,True,0,1.5,Completed
P002026,2026-03-18,AC0021,Local transfer,EUR,29076.8,False,True,False,False,0,1.5,Completed
P002281,2026-03-18,AC0007,Local transfer,USD,48270.16,False,False,False,False,0,1.5,Completed
P002615,2026-03-18,AC0044,Wire,KRW,30606.89,True,False,False,False,0,43.5,Completed
P002652,2026-03-18,AC0005,Wire,USD,56278.49,False,False,False,False,0,19.5,Completed
P002705,2026-03-18,AC0041,ACH,JPY,7380.58,False,False,False,False,0,1.5,Completed
P002732,2026-03-18,AC0021,Payroll,EUR,19643.71,False,False,False,False,0,1.5,Completed
P002967,2026-03-18,AC0045,Wire,KRW,773.97,True,True,False,False,0,43.5,Completed
P003058,2026-03-18,AC0033,ACH,EUR,14861.01,False,True,False,False,0,1.5,Completed
P003136,2026-03-18,AC0045,Wire,KRW,29015.82,True,True,False,False,0,43.5,Completed
P003247,2026-03-18,AC0034,Internal transfer,USD,12426.88,False,False,False,False,0,1.5,Completed
P003312,2026-03-18,AC0044,Payroll,KRW,51296.08,False,False,False,False,0,1.5,Completed
P003387,2026-03-18,AC0021,Local transfer,EUR,8561.75,False,False,False,False,0,1.5,Completed
P003411,2026-03-18,AC0006,Wire,USD,2638.15,True,False,False,False,0,43.5,Completed
P003932,2026-03-18,AC0005,Internal transfer,USD,10473.82,False,False,False,False,0,1.5,Completed
P004058,2026-03-18,AC0025,Tax,EUR,64054.55,False,False,False,False,0,1.5,Completed
P004105,2026-03-18,AC0041,Tax,JPY,125883.93,False,True,False,True,0,1.5,Completed
P004272,2026-03-18,AC0025,Local transfer,EUR,11231.99,False,True,False,False,0,1.5,Completed
P004374,2026-03-18,AC0021,ACH,EUR,2077.03,False,True,False,False,0,1.5,Completed
P004637,2026-03-18,AC0010,ACH,USD,2712.62,False,True,False,False,0,1.5,Completed
P004846,2026-03-18,AC0025,ACH,EUR,71062.42,False,True,False,False,0,1.5,Completed
P005474,2026-03-18,AC0031,Local transfer,USD,3153.11,False,True,False,False,0,1.5,Completed
P005543,2026-03-18,AC0017,Wire,GBP,12652.12,True,True,False,False,0,43.5,Completed
P005605,2026-03-18,AC0028,Wire,EUR,3051.16,False,False,False,False,0,19.5,Completed
P005913,2026-03-18,AC0043,ACH,JPY,30420.39,False,False,False,False,0,1.5,Completed
P006103,2026-03-18,AC0041,Local transfer,JPY,24889.42,False,True,False,False,0,1.5,Completed
P006194,2026-03-18,AC0001,Local transfer,USD,34835.14,False,True,False,False,0,1.5,Completed
P006241,2026-03-18,AC0014,ACH,CAD,15421.82,False,False,False,False,0,1.5,Completed
P006288,2026-03-18,AC0028,ACH,EUR,37414.54,False,False,False,False,0,1.5,Completed
P006444,2026-03-18,AC0029,Tax,EUR,45617.39,False,False,False,False,0,1.5,Completed
P006471,2026-03-18,AC0038,ACH,USD,29134.88,False,False,False,False,0,1.5,Completed
P006570,2026-03-18,AC0021,Wire,EUR,128350.68,True,False,False,False,0,43.5,Completed
P006578,2026-03-18,AC0014,Wire,CAD,11481.08,True,True,False,False,0,43.5,Completed
P006597,2026-03-18,AC0050,Wire,HKD,12007.12,False,True,False,False,0,19.5,Completed
P006763,2026-03-18,AC0021,Payroll,EUR,10116.01,False,True,False,True,0,1.5,Completed
P006896,2026-03-18,AC0038,Local transfer,USD,14914.19,False,False,False,False,0,1.5,Completed
P007034,2026-03-18,AC0050,Payroll,HKD,539062.0,False,False,False,False,0,1.5,Completed
P007272,2026-03-18,AC0022,Payroll,EUR,117335.27,False,True,False,False,0,1.5,Completed
P007316,2026-03-18,AC0028,Local transfer,EUR,35334.19,False,False,False,False,0,1.5,Completed
P007318,2026-03-18,AC0053,Wire,USD,12632.17,True,False,False,False,0,43.5,Completed
P007424,2026-03-18,AC0021,Payroll,EUR,15109.88,False,False,False,False,0,1.5,Completed
P000177,2026-03-19,AC0021,Payroll,EUR,15807.91,False,False,False,False,0,1.5,Completed
P000185,2026-03-19,AC0052,Local transfer,HKD,25613.37,False,False,False,False,0,1.5,Completed
P000198,2026-03-19,AC0021,Wire,EUR,35993.91,True,True,False,False,0,43.5,Completed
P000371,2026-03-19,AC0005,Local transfer,USD,4527.49,False,False,False,False,0,1.5,Completed
P000540,2026-03-19,AC0034,ACH,USD,5459.18,False,False,False,True,0,1.5,Completed
P000592,2026-03-19,AC0040,Local transfer,AUD,80141.52,False,True,False,False,0,1.5,Completed
P000860,2026-03-19,AC0050,Payroll,HKD,51688.74,False,True,False,False,0,1.5,Completed
P000880,2026-03-19,AC0010,ACH,USD,15497.17,False,True,True,False,23,16.5,Rejected
P000986,2026-03-19,AC0017,Wire,GBP,19081.28,False,True,False,False,0,19.5,Completed
P001142,2026-03-19,AC0025,Tax,EUR,17068.27,False,True,False,False,0,1.5,Completed
P001175,2026-03-19,AC0005,Payroll,USD,8892.93,False,False,False,False,0,1.5,Completed
P001304,2026-03-19,AC0025,Wire,EUR,5408.41,False,False,False,False,0,19.5,Completed
P001338,2026-03-19,AC0017,Local transfer,GBP,41501.22,False,False,False,False,0,1.5,Completed
P001365,2026-03-19,AC0050,ACH,HKD,3860.84,False,True,False,False,0,1.5,Completed
P001424,2026-03-19,AC0011,Local transfer,USD,5546.74,False,False,False,False,0,1.5,Completed
P001523,2026-03-19,AC0047,Local transfer,INR,7967.05,False,False,False,False,0,1.5,Completed
P001558,2026-03-19,AC0043,Internal transfer,JPY,20094.26,False,True,False,False,0,1.5,Completed
P001785,2026-03-19,AC0010,Local transfer,USD,14863.39,False,False,False,False,0,1.5,Completed
P001816,2026-03-19,AC0034,ACH,USD,3633.61,False,True,False,False,0,1.5,Completed
P001966,2026-03-19,AC0014,Local transfer,CAD,12451.63,False,False,False,False,0,1.5,Completed
P002073,2026-03-19,AC0035,ACH,SGD,3571.24,False,False,False,False,0,1.5,Completed
P002360,2026-03-19,AC0006,Payroll,USD,50259.56,False,False,False,False,0,1.5,Completed
P002382,2026-03-19,AC0041,Local transfer,JPY,2186.2,False,False,False,False,0,1.5,Completed
P002879,2026-03-19,AC0034,Wire,USD,96749.1,True,False,False,False,0,43.5,Completed
P002911,2026-03-19,AC0041,Local transfer,JPY,31574.06,False,False,False,False,0,1.5,Completed
P003017,2026-03-19,AC0053,Internal transfer,USD,20521.05,False,True,False,False,0,1.5,Completed
P003345,2026-03-19,AC0026,ACH,USD,32166.1,False,False,False,False,0,1.5,Completed
P003413,2026-03-19,AC0055,ACH,USD,54681.61,False,False,False,False,0,1.5,Completed
P003492,2026-03-19,AC0005,Payroll,USD,316652.05,False,False,False,False,0,1.5,Completed
P003529,2026-03-19,AC0005,Local transfer,USD,16101.09,False,False,False,False,0,1.5,Completed
P003720,2026-03-19,AC0005,Local transfer,USD,52765.56,False,False,False,False,0,1.5,Completed
P003793,2026-03-19,AC0041,Payroll,JPY,50164.06,False,False,False,False,0,1.5,Completed
P003909,2026-03-19,AC0031,Local transfer,USD,2572.35,False,False,False,False,0,1.5,Completed
P004104,2026-03-19,AC0050,Payroll,HKD,139229.45,False,True,False,False,0,1.5,Completed
P004266,2026-03-19,AC0021,Local transfer,EUR,9257.14,False,False,False,False,0,1.5,Completed
P004419,2026-03-19,AC0025,Payroll,EUR,14470.74,False,True,True,False,32,16.5,Repaired
P004600,2026-03-19,AC0034,Wire,USD,4371.65,True,True,False,False,0,43.5,Completed
P004603,2026-03-19,AC0025,Wire,EUR,3311.19,True,True,False,False,0,43.5,Completed
P004946,2026-03-19,AC0017,ACH,GBP,6240.57,False,False,False,True,0,1.5,Completed
P005128,2026-03-19,AC0038,ACH,USD,7464.77,False,False,False,False,0,1.5,Completed
P005334,2026-03-19,AC0050,Wire,HKD,41366.99,True,False,False,False,0,43.5,Completed
P005479,2026-03-19,AC0010,Payroll,USD,111549.86,False,False,False,False,0,1.5,Completed
P005664,2026-03-19,AC0030,Wire,USD,628.99,True,False,False,False,0,43.5,Completed
P005817,2026-03-19,AC0017,Tax,GBP,13169.13,False,True,False,False,0,1.5,Completed
P005828,2026-03-19,AC0005,Local transfer,USD,14281.49,False,False,True,False,45,16.5,Rejected
P005956,2026-03-19,AC0044,Local transfer,KRW,33416.69,False,True,False,False,0,1.5,Completed
P006045,2026-03-19,AC0034,Local transfer,USD,14636.88,False,True,True,False,25,16.5,Repaired
P006079,2026-03-19,AC0030,Wire,USD,4001.44,False,False,False,False,0,19.5,Completed
P006259,2026-03-19,AC0053,Payroll,USD,75201.02,False,False,False,False,0,1.5,Completed
P006601,2026-03-19,AC0010,ACH,USD,308.46,False,True,False,False,0,1.5,Completed
P006672,2026-03-19,AC0034,Local transfer,USD,921.42,False,True,False,False,0,1.5,Completed
P006813,2026-03-19,AC0051,Local transfer,HKD,17325.18,False,False,False,True,0,1.5,Completed
P006945,2026-03-19,AC0010,ACH,USD,8048.76,False,True,False,True,0,1.5,Completed
P007311,2026-03-19,AC0053,Internal transfer,USD,4064.68,False,False,False,False,0,1.5,Completed
P007341,2026-03-19,AC0010,Wire,USD,1287.65,True,False,False,False,0,43.5,Completed
P007510,2026-03-19,AC0052,ACH,HKD,1540.82,False,True,False,False,0,1.5,Completed
P000073,2026-03-20,AC0038,Internal transfer,USD,8990.96,False,False,False,False,0,1.5,Completed
P000267,2026-03-20,AC0031,Local transfer,USD,2407.05,False,False,False,False,0,1.5,Completed
P000398,2026-03-20,AC0050,Local transfer,HKD,8115.3,False,True,False,False,0,1.5,Completed
P000443,2026-03-20,AC0005,Local transfer,USD,7414.13,False,True,False,False,0,1.5,Completed
P000641,2026-03-20,AC0042,Wire,USD,13566.58,True,False,False,False,0,43.5,Completed
P001180,2026-03-20,AC0047,Local transfer,INR,3222.39,False,True,False,False,0,1.5,Completed
P001391,2026-03-20,AC0028,Local transfer,EUR,45787.37,False,False,False,False,0,1.5,Completed
P001406,2026-03-20,AC0041,Internal transfer,JPY,20766.18,False,False,False,False,0,1.5,Completed
P001428,2026-03-20,AC0031,Local transfer,USD,16657.15,False,False,False,False,0,1.5,Completed
P001600,2026-03-20,AC0047,Internal transfer,INR,11257.09,False,False,False,False,0,1.5,Completed
P001652,2026-03-20,AC0044,Internal transfer,KRW,10448.67,False,True,False,False,0,1.5,Completed
P001653,2026-03-20,AC0021,Wire,EUR,5631.9,False,True,False,False,0,19.5,Completed
P001715,2026-03-20,AC0047,Local transfer,INR,7416.36,False,True,False,False,0,1.5,Completed
P001718,2026-03-20,AC0025,Local transfer,EUR,11363.28,False,True,False,False,0,1.5,Completed
P002056,2026-03-20,AC0035,Wire,SGD,7369.44,True,False,False,False,0,43.5,Completed
P002063,2026-03-20,AC0041,Wire,JPY,10303.77,True,True,False,False,0,43.5,Completed
P002080,2026-03-20,AC0041,Local transfer,JPY,17542.1,False,False,False,False,0,1.5,Completed
P002213,2026-03-20,AC0028,Wire,EUR,24573.22,True,False,False,False,0,43.5,Completed
P002437,2026-03-20,AC0044,Tax,KRW,58522.11,False,True,False,True,0,1.5,Completed
P002587,2026-03-20,AC0047,Wire,INR,5300.17,True,True,False,False,0,43.5,Completed
P002896,2026-03-20,AC0028,Local transfer,EUR,5281.03,False,False,False,False,0,1.5,Completed
P003126,2026-03-20,AC0017,Payroll,GBP,7392.93,False,True,False,False,0,1.5,Completed
P003156,2026-03-20,AC0010,Local transfer,USD,3208.81,False,False,False,False,0,1.5,Completed
P003289,2026-03-20,AC0019,ACH,GBP,1909.15,False,False,False,False,0,1.5,Completed
P003477,2026-03-20,AC0010,Wire,USD,8264.12,False,False,False,False,0,19.5,Completed
P003865,2026-03-20,AC0010,Local transfer,USD,8620.89,False,False,False,False,0,1.5,Completed
P003871,2026-03-20,AC0025,Payroll,EUR,63277.28,False,False,False,False,0,1.5,Completed
P003894,2026-03-20,AC0025,Wire,EUR,4585.22,True,False,False,True,0,43.5,Completed
P003899,2026-03-20,AC0038,Wire,USD,13650.77,False,False,False,False,0,19.5,Completed
P003956,2026-03-20,AC0050,Wire,HKD,10927.58,False,True,False,False,0,19.5,Completed
P003963,2026-03-20,AC0038,Wire,USD,12420.53,True,False,False,False,0,43.5,Completed
P004068,2026-03-20,AC0021,Local transfer,EUR,11492.04,False,False,False,False,0,1.5,Completed
P004666,2026-03-20,AC0028,ACH,EUR,2851.58,False,False,False,False,0,1.5,Completed
P004828,2026-03-20,AC0034,Tax,USD,79762.87,False,True,False,False,0,1.5,Completed
P004910,2026-03-20,AC0029,Wire,EUR,2078.13,True,True,False,False,0,43.5,Completed
P004953,2026-03-20,AC0053,Wire,USD,45139.73,True,False,False,False,0,43.5,Completed
P005024,2026-03-20,AC0010,ACH,USD,3811.18,False,False,False,False,0,1.5,Completed
P005047,2026-03-20,AC0021,Local transfer,EUR,22755.77,False,False,False,False,0,1.5,Completed
P005085,2026-03-20,AC0049,Local transfer,USD,100212.65,False,False,False,False,0,1.5,Completed
P005134,2026-03-20,AC0025,Payroll,EUR,14967.54,False,False,False,False,0,1.5,Completed
P005235,2026-03-20,AC0050,Local transfer,HKD,121121.96,False,True,False,True,0,1.5,Completed
P005241,2026-03-20,AC0044,ACH,KRW,28372.77,False,True,False,False,0,1.5,Completed
P005865,2026-03-20,AC0038,ACH,USD,4922.04,False,True,True,False,47,16.5,Repaired
P005918,2026-03-20,AC0010,Internal transfer,USD,14095.77,False,True,False,False,0,1.5,Completed
P006441,2026-03-20,AC0017,ACH,GBP,912623.94,False,False,True,False,14,16.5,Rejected
P006447,2026-03-20,AC0014,ACH,CAD,8008.04,False,False,False,False,0,1.5,Completed
P006591,2026-03-20,AC0005,Internal transfer,USD,31007.44,False,False,False,False,0,1.5,Completed
P006612,2026-03-20,AC0021,Local transfer,EUR,21231.63,False,True,False,False,0,1.5,Completed
P006801,2026-03-20,AC0007,Wire,USD,4147.01,False,False,True,False,15,34.5,Repaired
P006925,2026-03-20,AC0025,Wire,EUR,4566.51,True,True,False,False,0,43.5,Completed
P007005,2026-03-20,AC0047,ACH,INR,8322.2,False,True,False,False,0,1.5,Completed
P007082,2026-03-20,AC0001,Internal transfer,USD,5121.58,False,False,False,False,0,1.5,Completed
P007322,2026-03-20,AC0010,ACH,USD,22378.97,False,True,True,False,69,16.5,Repaired
P007422,2026-03-20,AC0015,Local transfer,CAD,25548.91,False,True,False,False,0,1.5,Completed
P000213,2026-03-23,AC0003,Wire,USD,30811.74,False,False,False,False,0,19.5,Completed
P000246,2026-03-23,AC0021,Local transfer,EUR,4344.17,False,True,False,True,0,1.5,Completed
P000297,2026-03-23,AC0025,Payroll,EUR,112443.27,False,True,False,False,0,1.5,Completed
P000528,2026-03-23,AC0031,Wire,USD,1888.77,True,False,False,False,0,43.5,Completed
P000611,2026-03-23,AC0042,ACH,USD,2891.99,False,False,False,False,0,1.5,Completed
P000643,2026-03-23,AC0025,Payroll,EUR,39515.58,False,False,False,False,0,1.5,Completed
P001148,2026-03-23,AC0027,ACH,EUR,94824.59,False,False,False,False,0,1.5,Completed
P001299,2026-03-23,AC0021,Payroll,EUR,312432.44,False,True,False,False,0,1.5,Completed
P001329,2026-03-23,AC0039,ACH,AUD,218932.02,False,False,False,False,0,1.5,Completed
P001417,2026-03-23,AC0001,ACH,USD,26670.77,False,True,False,False,0,1.5,Completed
P001548,2026-03-23,AC0016,Local transfer,CAD,125832.49,False,True,False,False,0,1.5,Completed
P001559,2026-03-23,AC0014,Wire,CAD,10337.62,False,True,False,False,0,19.5,Completed
P001717,2026-03-23,AC0026,Local transfer,USD,4566.78,False,True,False,False,0,1.5,Completed
P001798,2026-03-23,AC0044,Local transfer,KRW,17846.6,False,False,False,False,0,1.5,Completed
P001840,2026-03-23,AC0050,Wire,HKD,1169.08,False,True,False,False,0,19.5,Completed
P001896,2026-03-23,AC0014,Internal transfer,CAD,16211.51,False,False,False,False,0,1.5,Completed
P002229,2026-03-23,AC0050,Wire,HKD,6965.14,False,False,False,False,0,19.5,Completed
P002364,2026-03-23,AC0021,ACH,EUR,7022.7,False,True,False,True,0,1.5,Completed
P002601,2026-03-23,AC0016,Payroll,CAD,6644.52,False,False,False,False,0,1.5,Completed
P002651,2026-03-23,AC0017,Local transfer,GBP,21758.77,False,True,False,False,0,1.5,Completed
P002686,2026-03-23,AC0041,Payroll,JPY,21628.82,False,False,False,False,0,1.5,Completed
P002764,2026-03-23,AC0034,Internal transfer,USD,11921.01,False,False,False,False,0,1.5,Completed
P002994,2026-03-23,AC0023,Local transfer,EUR,836.99,False,False,True,False,30,16.5,Repaired
P003083,2026-03-23,AC0052,Payroll,HKD,12884.97,False,False,False,False,0,1.5,Completed
P003381,2026-03-23,AC0052,Payroll,HKD,41872.35,False,True,False,True,0,1.5,Completed
P003446,2026-03-23,AC0017,ACH,GBP,6736.88,False,False,False,False,0,1.5,Completed
P003470,2026-03-23,AC0001,ACH,USD,61497.99,False,True,True,False,12,16.5,Repaired
P003567,2026-03-23,AC0044,Tax,KRW,219163.93,False,False,False,False,0,1.5,Completed
P003606,2026-03-23,AC0030,ACH,USD,1149.21,False,False,False,False,0,1.5,Completed
P003841,2026-03-23,AC0038,Tax,USD,241729.77,False,False,False,False,0,1.5,Completed
P003971,2026-03-23,AC0010,Internal transfer,USD,34384.02,False,True,False,False,0,1.5,Completed
P003998,2026-03-23,AC0010,Local transfer,USD,14871.67,False,True,False,False,0,1.5,Completed
P004090,2026-03-23,AC0038,Wire,USD,21185.64,True,True,False,False,0,43.5,Completed
P004276,2026-03-23,AC0033,Local transfer,EUR,5278.43,False,False,False,False,0,1.5,Completed
P004526,2026-03-23,AC0051,Local transfer,HKD,3899.35,False,False,False,False,0,1.5,Completed
P004628,2026-03-23,AC0053,ACH,USD,10560.31,False,False,False,False,0,1.5,Completed
P004916,2026-03-23,AC0041,Internal transfer,JPY,26909.7,False,False,False,True,0,1.5,Completed
P005020,2026-03-23,AC0003,ACH,USD,15598.34,False,False,False,False,0,1.5,Completed
P005106,2026-03-23,AC0038,Wire,USD,14509.54,True,False,False,False,0,43.5,Completed
P005119,2026-03-23,AC0047,Wire,INR,1221509.54,True,False,False,False,0,43.5,Completed
P005171,2026-03-23,AC0014,ACH,CAD,6923.38,False,False,False,False,0,1.5,Completed
P005205,2026-03-23,AC0043,ACH,JPY,25988.97,False,False,False,False,0,1.5,Completed
P005247,2026-03-23,AC0051,ACH,HKD,8742.73,False,False,False,False,0,1.5,Completed
P005307,2026-03-23,AC0015,Local transfer,CAD,15243.69,False,False,False,False,0,1.5,Completed
P005355,2026-03-23,AC0041,ACH,JPY,10206.68,False,True,False,False,0,1.5,Completed
P005378,2026-03-23,AC0050,Local transfer,HKD,5764.17,False,True,False,False,0,1.5,Completed
P005387,2026-03-23,AC0005,Wire,USD,320831.93,True,False,False,False,0,43.5,Completed
P005517,2026-03-23,AC0048,Tax,INR,36906.85,False,True,False,False,0,1.5,Completed
P005987,2026-03-23,AC0001,Wire,USD,50171.65,False,False,False,True,0,19.5,Completed
P005999,2026-03-23,AC0041,Local transfer,JPY,36106.76,False,True,False,False,0,1.5,Completed
P006066,2026-03-23,AC0005,Wire,USD,4561.02,False,True,True,False,21,34.5,Repaired
P006148,2026-03-23,AC0017,Internal transfer,GBP,27764.51,False,False,False,False,0,1.5,Completed
P006275,2026-03-23,AC0021,Payroll,EUR,20785.37,False,False,False,False,0,1.5,Completed
P006375,2026-03-23,AC0021,Wire,EUR,17875.18,False,True,False,False,0,19.5,Completed
P006404,2026-03-23,AC0010,Local transfer,USD,22972.01,False,False,False,False,0,1.5,Completed
P006455,2026-03-23,AC0011,Local transfer,USD,5592.39,False,False,False,False,0,1.5,Completed
P006740,2026-03-23,AC0038,ACH,USD,339.15,False,False,False,False,0,1.5,Completed
P006747,2026-03-23,AC0017,Local transfer,GBP,21480.07,False,False,False,False,0,1.5,Completed
P006907,2026-03-23,AC0039,Internal transfer,AUD,31360.89,False,False,False,False,0,1.5,Completed
P006916,2026-03-23,AC0025,ACH,EUR,3097.65,False,False,False,False,0,1.5,Completed
P006942,2026-03-23,AC0047,Local transfer,INR,29939.91,False,False,False,False,0,1.5,Completed
P006988,2026-03-23,AC0028,Local transfer,EUR,5272.63,False,False,True,False,70,16.5,Repaired
P006994,2026-03-23,AC0053,Wire,USD,3966.62,True,False,False,False,0,43.5,Completed
P007032,2026-03-23,AC0008,Local transfer,USD,8503.39,False,False,False,False,0,1.5,Completed
P007050,2026-03-23,AC0053,Wire,USD,13329.17,False,False,False,False,0,19.5,Completed
P007092,2026-03-23,AC0040,Wire,AUD,7587.74,True,False,False,False,0,43.5,Completed
P007215,2026-03-23,AC0049,Wire,USD,1141.09,True,True,False,False,0,43.5,Completed
P007223,2026-03-23,AC0017,Local transfer,GBP,16408.1,False,False,False,False,0,1.5,Completed
P007301,2026-03-23,AC0012,Local transfer,USD,11858.85,False,False,False,False,0,1.5,Completed
P007382,2026-03-23,AC0044,Payroll,KRW,17579.37,False,False,False,False,0,1.5,Completed
P007568,2026-03-23,AC0023,ACH,EUR,3178.39,False,False,False,False,0,1.5,Completed
P007594,2026-03-23,AC0014,ACH,CAD,9523.07,False,False,False,False,0,1.5,Completed
P000168,2026-03-24,AC0038,Payroll,USD,51529.79,False,False,False,False,0,1.5,Completed
P000548,2026-03-24,AC0035,Internal transfer,SGD,8877.69,False,True,False,False,0,1.5,Completed
P000620,2026-03-24,AC0038,ACH,USD,9723.04,False,True,False,False,0,1.5,Completed
P000696,2026-03-24,AC0047,Wire,INR,3930.52,True,True,False,False,0,43.5,Completed
P000821,2026-03-24,AC0021,Local transfer,EUR,10931.16,False,False,False,False,0,1.5,Completed
P000974,2026-03-24,AC0017,ACH,GBP,47131.28,False,False,False,False,0,1.5,Completed
P001095,2026-03-24,AC0017,Local transfer,GBP,19066.41,False,True,False,False,0,1.5,Completed
P001489,2026-03-24,AC0032,Wire,EUR,1389.43,True,False,False,True,0,43.5,Completed
P001503,2026-03-24,AC0005,ACH,USD,9142.53,False,False,False,False,0,1.5,Completed
P001761,2026-03-24,AC0044,Local transfer,KRW,33543.58,False,False,False,False,0,1.5,Completed
P001899,2026-03-24,AC0031,Local transfer,USD,496.62,False,True,True,False,29,16.5,Repaired
P001915,2026-03-24,AC0047,Payroll,INR,124934.17,False,True,False,False,0,1.5,Completed
P002476,2026-03-24,AC0026,Payroll,USD,79709.64,False,True,False,False,0,1.5,Completed
P002663,2026-03-24,AC0041,Wire,JPY,33575.12,False,False,False,False,0,19.5,Completed
P002683,2026-03-24,AC0010,Local transfer,USD,5729.03,False,False,False,False,0,1.5,Completed
P003379,2026-03-24,AC0034,ACH,USD,3696.44,False,True,False,False,0,1.5,Completed
P003471,2026-03-24,AC0038,Wire,USD,2101.28,False,False,False,False,0,19.5,Completed
P003575,2026-03-24,AC0039,ACH,AUD,8764.39,False,False,False,False,0,1.5,Completed
P003602,2026-03-24,AC0038,Local transfer,USD,2679.81,False,False,False,False,0,1.5,Completed
P003764,2026-03-24,AC0016,Local transfer,CAD,20019.13,False,False,False,False,0,1.5,Completed
P003817,2026-03-24,AC0001,Local transfer,USD,1146.19,False,True,False,False,0,1.5,Completed
P003958,2026-03-24,AC0014,Local transfer,CAD,34212.22,False,False,False,False,0,1.5,Completed
P004028,2026-03-24,AC0034,Internal transfer,USD,1868.45,False,False,False,False,0,1.5,Completed
P004150,2026-03-24,AC0005,ACH,USD,4667.83,False,False,False,False,0,1.5,Completed
P004705,2026-03-24,AC0025,Wire,EUR,10932.92,True,True,False,False,0,43.5,Completed
P004863,2026-03-24,AC0052,Local transfer,HKD,66200.1,False,False,False,False,0,1.5,Completed
P004905,2026-03-24,AC0003,Wire,USD,7039.11,False,False,False,False,0,19.5,Completed
P005193,2026-03-24,AC0025,Wire,EUR,891.45,True,True,False,False,0,43.5,Completed
P005214,2026-03-24,AC0028,Payroll,EUR,175291.49,False,False,False,False,0,1.5,Completed
P005401,2026-03-24,AC0002,Wire,USD,4944.4,True,True,False,True,0,43.5,Completed
P005468,2026-03-24,AC0053,Wire,USD,9105.81,True,True,False,False,0,43.5,Completed
P005674,2026-03-24,AC0050,ACH,HKD,38891.51,False,False,False,False,0,1.5,Completed
P005725,2026-03-24,AC0031,ACH,USD,1427.22,False,True,False,False,0,1.5,Completed
P005730,2026-03-24,AC0028,ACH,EUR,6389.25,False,False,False,True,0,1.5,Completed
P005771,2026-03-24,AC0043,ACH,JPY,10923.21,False,False,False,False,0,1.5,Completed
P005832,2026-03-24,AC0021,Local transfer,EUR,32066.55,False,True,True,False,56,16.5,Repaired
P005955,2026-03-24,AC0031,Payroll,USD,92800.9,False,False,False,False,0,1.5,Completed
P006035,2026-03-24,AC0050,ACH,HKD,6930.46,False,True,False,False,0,1.5,Completed
P006050,2026-03-24,AC0001,Wire,USD,5134.28,False,False,False,False,0,19.5,Completed
P006225,2026-03-24,AC0049,ACH,USD,2186.45,False,False,False,False,0,1.5,Completed
P006727,2026-03-24,AC0005,ACH,USD,5304.95,False,True,False,False,0,1.5,Completed
P006912,2026-03-24,AC0020,Internal transfer,GBP,34910.37,False,False,False,False,0,1.5,Completed
P007095,2026-03-24,AC0047,ACH,INR,24479.69,False,False,False,False,0,1.5,Completed
P007211,2026-03-24,AC0038,Wire,USD,20044.1,False,False,False,False,0,19.5,Completed
P007221,2026-03-24,AC0034,ACH,USD,47238.53,False,False,False,False,0,1.5,Completed
P007258,2026-03-24,AC0001,Local transfer,USD,4855.08,False,False,False,False,0,1.5,Completed
P007289,2026-03-24,AC0014,Local transfer,CAD,6369.35,False,False,False,False,0,1.5,Completed
P007337,2026-03-24,AC0017,Tax,GBP,7978.04,False,True,False,False,0,1.5,Completed
P007441,2026-03-24,AC0031,Wire,USD,20340.6,False,True,False,False,0,19.5,Completed
P007453,2026-03-24,AC0028,ACH,EUR,10244.89,False,True,False,False,0,1.5,Completed
P000135,2026-03-25,AC0044,ACH,KRW,15572.12,False,False,False,False,0,1.5,Completed
P000152,2026-03-25,AC0053,Local transfer,USD,42456.92,False,False,False,False,0,1.5,Completed
P000512,2026-03-25,AC0051,Local transfer,HKD,11264.66,False,False,False,False,0,1.5,Completed
P000584,2026-03-25,AC0050,Wire,HKD,8399.34,True,True,False,False,0,43.5,Completed
P000692,2026-03-25,AC0006,Local transfer,USD,19680.16,False,False,False,False,0,1.5,Completed
P000764,2026-03-25,AC0022,Payroll,EUR,260131.72,False,True,False,False,0,1.5,Completed
P000780,2026-03-25,AC0013,Local transfer,USD,18576.53,False,False,False,False,0,1.5,Completed
P000843,2026-03-25,AC0043,Wire,JPY,18218.8,False,False,False,False,0,19.5,Completed
P001023,2026-03-25,AC0014,Local transfer,CAD,3030.0,False,False,False,False,0,1.5,Completed
P001038,2026-03-25,AC0031,ACH,USD,3768.5,False,False,False,False,0,1.5,Completed
P001080,2026-03-25,AC0010,Wire,USD,50415.54,True,False,False,False,0,43.5,Completed
P001137,2026-03-25,AC0050,Local transfer,HKD,4447.81,False,False,False,False,0,1.5,Completed
P001220,2026-03-25,AC0014,ACH,CAD,76343.79,False,True,False,False,0,1.5,Completed
P001291,2026-03-25,AC0050,Wire,HKD,12104.17,True,False,False,False,0,43.5,Completed
P001332,2026-03-25,AC0053,Wire,USD,4824.65,False,False,False,False,0,19.5,Completed
P001605,2026-03-25,AC0038,Internal transfer,USD,39751.27,False,False,False,False,0,1.5,Completed
P001704,2026-03-25,AC0050,Wire,HKD,8331.23,False,True,False,False,0,19.5,Completed
P001846,2026-03-25,AC0034,ACH,USD,1199.66,False,False,False,False,0,1.5,Completed
P002332,2026-03-25,AC0053,Payroll,USD,143150.23,False,False,False,False,0,1.5,Completed
P002352,2026-03-25,AC0021,Internal transfer,EUR,10137.02,False,False,False,False,0,1.5,Completed
P002569,2026-03-25,AC0034,Wire,USD,18653.91,False,True,False,True,0,19.5,Completed
P002627,2026-03-25,AC0050,Local transfer,HKD,96592.06,False,False,False,False,0,1.5,Completed
P002799,2026-03-25,AC0028,Wire,EUR,6666.25,True,False,False,False,0,43.5,Completed
P002977,2026-03-25,AC0017,Local transfer,GBP,20726.19,False,False,False,False,0,1.5,Completed
P003500,2026-03-25,AC0054,Local transfer,USD,18033.62,False,False,False,False,0,1.5,Completed
P003502,2026-03-25,AC0014,ACH,CAD,12598.99,False,False,False,False,0,1.5,Completed
P003573,2026-03-25,AC0031,Tax,USD,20063.18,False,False,False,False,0,1.5,Completed
P003626,2026-03-25,AC0047,Local transfer,INR,25841.45,False,False,False,False,0,1.5,Completed
P003806,2026-03-25,AC0050,ACH,HKD,9524.67,False,False,False,False,0,1.5,Completed
P003816,2026-03-25,AC0017,Internal transfer,GBP,6608.36,False,False,False,False,0,1.5,Completed
P003900,2026-03-25,AC0050,ACH,HKD,15202.99,False,True,False,False,0,1.5,Completed
P003994,2026-03-25,AC0034,Local transfer,USD,16737.09,False,True,True,False,18,16.5,Repaired
P004020,2026-03-25,AC0038,Internal transfer,USD,50227.74,False,False,False,False,0,1.5,Completed
P004274,2026-03-25,AC0014,Local transfer,CAD,17116.21,False,True,False,False,0,1.5,Completed
P004306,2026-03-25,AC0044,ACH,KRW,31349.7,False,False,False,False,0,1.5,Completed
P004358,2026-03-25,AC0021,ACH,EUR,29460.59,False,False,False,False,0,1.5,Completed
P004421,2026-03-25,AC0014,Wire,CAD,13636.6,True,False,False,False,0,43.5,Completed
P004434,2026-03-25,AC0041,Payroll,JPY,32729.65,False,False,False,False,0,1.5,Completed
P004525,2026-03-25,AC0017,ACH,GBP,2147.69,False,False,False,False,0,1.5,Completed
P004607,2026-03-25,AC0044,Local transfer,KRW,10966.23,False,False,True,False,22,16.5,Repaired
P004729,2026-03-25,AC0030,Tax,USD,183221.74,False,False,False,False,0,1.5,Completed
P004832,2026-03-25,AC0017,Wire,GBP,13557.58,True,True,False,False,0,43.5,Completed
P004999,2026-03-25,AC0038,Local transfer,USD,3930.41,False,False,False,False,0,1.5,Completed
P005010,2026-03-25,AC0047,Tax,INR,145878.21,False,False,False,False,0,1.5,Completed
P005091,2026-03-25,AC0042,Local transfer,USD,6096.4,False,False,False,False,0,1.5,Completed
P005281,2026-03-25,AC0040,ACH,AUD,2424.78,False,True,False,False,0,1.5,Completed
P005283,2026-03-25,AC0049,Tax,USD,48803.77,False,False,False,False,0,1.5,Completed
P005398,2026-03-25,AC0010,ACH,USD,6217.18,False,False,False,False,0,1.5,Completed
P005450,2026-03-25,AC0038,Local transfer,USD,4247.85,False,False,False,False,0,1.5,Completed
P005537,2026-03-25,AC0007,Internal transfer,USD,68875.82,False,False,False,False,0,1.5,Completed
P005665,2026-03-25,AC0050,Local transfer,HKD,10122.86,False,False,False,False,0,1.5,Completed
P005759,2026-03-25,AC0047,Local transfer,INR,3076.97,False,False,False,False,0,1.5,Completed
P005878,2026-03-25,AC0048,Internal transfer,INR,8797.02,False,True,False,False,0,1.5,Completed
P005930,2026-03-25,AC0038,Local transfer,USD,43271.33,False,False,False,False,0,1.5,Completed
P006031,2026-03-25,AC0048,Wire,INR,24270.88,True,False,False,False,0,43.5,Completed
P006090,2026-03-25,AC0010,Local transfer,USD,32374.89,False,False,False,False,0,1.5,Completed
P006186,2026-03-25,AC0027,ACH,EUR,59179.29,False,False,False,False,0,1.5,Completed
P006224,2026-03-25,AC0021,Local transfer,EUR,3465.41,False,True,False,False,0,1.5,Completed
P006290,2026-03-25,AC0027,Local transfer,EUR,754.89,False,False,False,False,0,1.5,Completed
P006642,2026-03-25,AC0036,Wire,SGD,8024.37,False,True,False,False,0,19.5,Completed
P006669,2026-03-25,AC0049,Wire,USD,8084.72,True,False,False,False,0,43.5,Completed
P006705,2026-03-25,AC0047,Wire,INR,12530.71,False,True,False,False,0,19.5,Completed
P006745,2026-03-25,AC0022,Local transfer,EUR,23564.88,False,False,False,False,0,1.5,Completed
P006914,2026-03-25,AC0025,Wire,EUR,6735.36,True,True,False,False,0,43.5,Completed
P006993,2026-03-25,AC0017,Internal transfer,GBP,12505.83,False,True,True,False,61,16.5,Repaired
P007077,2026-03-25,AC0049,Local transfer,USD,8467.7,False,False,False,False,0,1.5,Completed
P007153,2026-03-25,AC0028,ACH,EUR,5494.15,False,True,True,False,52,16.5,Repaired
P007202,2026-03-25,AC0034,Local transfer,USD,89836.26,False,True,False,False,0,1.5,Completed
P007327,2026-03-25,AC0010,Local transfer,USD,254771.21,False,False,False,False,0,1.5,Completed
P007548,2026-03-25,AC0001,Local transfer,USD,9828.08,False,True,False,False,0,1.5,Completed
P000002,2026-03-26,AC0001,ACH,USD,187268.6,False,True,True,False,46,16.5,Repaired
P000013,2026-03-26,AC0030,Local transfer,USD,124448.33,False,True,False,False,0,1.5,Completed
P000147,2026-03-26,AC0010,Local transfer,USD,27840.96,False,False,False,False,0,1.5,Completed
P000276,2026-03-26,AC0001,ACH,USD,23194.2,False,True,False,False,0,1.5,Completed
P000281,2026-03-26,AC0001,Local transfer,USD,3182.23,False,False,False,False,0,1.5,Completed
P000412,2026-03-26,AC0005,ACH,USD,9342.79,False,False,False,False,0,1.5,Completed
P000565,2026-03-26,AC0014,Local transfer,CAD,815.64,False,False,False,False,0,1.5,Completed
P000793,2026-03-26,AC0050,Payroll,HKD,79046.35,False,False,False,False,0,1.5,Completed
P000927,2026-03-26,AC0031,ACH,USD,1192.02,False,True,False,False,0,1.5,Completed
P001115,2026-03-26,AC0016,Local transfer,CAD,22964.69,False,True,False,False,0,1.5,Completed
P001143,2026-03-26,AC0045,ACH,KRW,26314.0,False,False,False,False,0,1.5,Completed
P001203,2026-03-26,AC0007,Internal transfer,USD,76627.92,False,False,False,False,0,1.5,Completed
P001303,2026-03-26,AC0041,Tax,JPY,108223.0,False,False,False,False,0,1.5,Completed
P001336,2026-03-26,AC0017,Internal transfer,GBP,6904.28,False,True,False,False,0,1.5,Completed
P001346,2026-03-26,AC0028,ACH,EUR,4651.96,False,True,False,False,0,1.5,Completed
P001451,2026-03-26,AC0030,Local transfer,USD,24735.19,False,False,False,False,0,1.5,Completed
P001651,2026-03-26,AC0031,Internal transfer,USD,35195.56,False,False,False,False,0,1.5,Completed
P001728,2026-03-26,AC0054,Local transfer,USD,11879.74,False,False,False,False,0,1.5,Completed
P001812,2026-03-26,AC0053,Local transfer,USD,6068.57,False,False,False,False,0,1.5,Completed
P001882,2026-03-26,AC0028,ACH,EUR,20432.92,False,False,False,False,0,1.5,Completed
P002105,2026-03-26,AC0053,ACH,USD,19167.03,False,False,False,False,0,1.5,Completed
P002217,2026-03-26,AC0050,Wire,HKD,65445.53,False,False,False,False,0,19.5,Completed
P002265,2026-03-26,AC0005,Local transfer,USD,11879.4,False,False,False,False,0,1.5,Completed
P002383,2026-03-26,AC0038,Payroll,USD,244568.5,False,False,False,False,0,1.5,Completed
P002421,2026-03-26,AC0005,Payroll,USD,31092.38,False,False,False,False,0,1.5,Completed
P002528,2026-03-26,AC0035,Internal transfer,SGD,23011.95,False,False,False,False,0,1.5,Completed
P002561,2026-03-26,AC0035,Local transfer,SGD,3688.09,False,False,False,False,0,1.5,Completed
P002661,2026-03-26,AC0001,Wire,USD,5192.28,True,False,False,False,0,43.5,Completed
P002667,2026-03-26,AC0043,Payroll,JPY,7705.73,False,False,False,False,0,1.5,Completed
P002807,2026-03-26,AC0014,Internal transfer,CAD,9610.65,False,False,False,False,0,1.5,Completed
P003019,2026-03-26,AC0021,ACH,EUR,5729.98,False,False,False,False,0,1.5,Completed
P003063,2026-03-26,AC0036,Local transfer,SGD,74125.11,False,False,False,True,0,1.5,Completed
P003284,2026-03-26,AC0053,ACH,USD,31744.31,False,False,False,False,0,1.5,Completed
P003310,2026-03-26,AC0041,Local transfer,JPY,3962.34,False,False,False,False,0,1.5,Completed
P003386,2026-03-26,AC0034,ACH,USD,1750.18,False,False,False,False,0,1.5,Completed
P003511,2026-03-26,AC0041,Payroll,JPY,108114.36,False,False,False,False,0,1.5,Completed
P003649,2026-03-26,AC0050,ACH,HKD,3602.12,False,False,False,False,0,1.5,Completed
P003914,2026-03-26,AC0001,ACH,USD,3848.47,False,False,False,False,0,1.5,Completed
P004157,2026-03-26,AC0044,Local transfer,KRW,9821.47,False,False,False,False,0,1.5,Completed
P004232,2026-03-26,AC0017,Local transfer,GBP,33547.93,False,False,False,False,0,1.5,Completed
P004289,2026-03-26,AC0022,Local transfer,EUR,11732.08,False,True,False,False,0,1.5,Completed
P004401,2026-03-26,AC0044,Local transfer,KRW,1180.01,False,False,False,False,0,1.5,Completed
P004515,2026-03-26,AC0028,ACH,EUR,8496.05,False,False,False,False,0,1.5,Completed
P004616,2026-03-26,AC0020,Wire,GBP,6029.32,True,True,False,False,0,43.5,Completed
P004658,2026-03-26,AC0012,Payroll,USD,16490.36,False,False,True,False,55,16.5,Repaired
P004748,2026-03-26,AC0025,ACH,EUR,10422.96,False,False,False,False,0,1.5,Completed
P005108,2026-03-26,AC0017,Internal transfer,GBP,29705.52,False,False,False,False,0,1.5,Completed
P005303,2026-03-26,AC0052,Wire,HKD,3780.86,True,False,False,False,0,43.5,Completed
P005315,2026-03-26,AC0006,ACH,USD,13881.38,False,True,False,False,0,1.5,Completed
P005793,2026-03-26,AC0050,ACH,HKD,24636.51,False,True,True,False,25,16.5,Repaired
P006231,2026-03-26,AC0041,Wire,JPY,22377.92,True,True,False,False,0,43.5,Completed
P006826,2026-03-26,AC0017,Local transfer,GBP,21385.58,False,False,False,False,0,1.5,Completed
P006941,2026-03-26,AC0038,Internal transfer,USD,26585.15,False,False,False,False,0,1.5,Completed
P007440,2026-03-26,AC0031,Local transfer,USD,52162.33,False,True,False,False,0,1.5,Completed
P000019,2026-03-27,AC0021,Local transfer,EUR,2519.76,False,True,False,False,0,1.5,Completed
P000035,2026-03-27,AC0025,Local transfer,EUR,10414.29,False,False,False,False,0,1.5,Completed
P000121,2026-03-27,AC0017,Local transfer,GBP,5929.67,False,False,False,False,0,1.5,Completed
P000809,2026-03-27,AC0050,Internal transfer,HKD,911.62,False,False,False,False,0,1.5,Completed
P000819,2026-03-27,AC0031,Internal transfer,USD,12716.3,False,True,False,False,0,1.5,Completed
P000959,2026-03-27,AC0041,ACH,JPY,9854.85,False,False,False,False,0,1.5,Completed
P000966,2026-03-27,AC0013,Local transfer,USD,12397.18,False,False,False,False,0,1.5,Completed
P000979,2026-03-27,AC0050,Local transfer,HKD,5933.06,False,False,False,False,0,1.5,Completed
P001061,2026-03-27,AC0025,Internal transfer,EUR,11651.62,False,False,False,False,0,1.5,Completed
P001096,2026-03-27,AC0010,ACH,USD,2083.82,False,True,False,False,0,1.5,Completed
P001244,2026-03-27,AC0041,Local transfer,JPY,3306.7,False,False,False,False,0,1.5,Completed
P001342,2026-03-27,AC0025,Wire,EUR,54874.6,True,True,False,False,0,43.5,Completed
P001529,2026-03-27,AC0031,ACH,USD,5153.51,False,True,False,False,0,1.5,Completed
P001614,2026-03-27,AC0017,Local transfer,GBP,25205.73,False,True,True,False,67,16.5,Repaired
P001629,2026-03-27,AC0010,Internal transfer,USD,4158.58,False,True,False,False,0,1.5,Completed
P001707,2026-03-27,AC0025,Payroll,EUR,32569.46,False,True,False,False,0,1.5,Completed
P001854,2026-03-27,AC0044,Local transfer,KRW,6422.04,False,False,False,False,0,1.5,Completed
P001936,2026-03-27,AC0041,Local transfer,JPY,9002.22,False,False,False,False,0,1.5,Completed
P002064,2026-03-27,AC0034,ACH,USD,11668.51,False,False,False,False,0,1.5,Completed
P002096,2026-03-27,AC0053,ACH,USD,95170.71,False,False,False,False,0,1.5,Completed
P002249,2026-03-27,AC0028,ACH,EUR,6639.96,False,False,False,False,0,1.5,Completed
P002267,2026-03-27,AC0035,Local transfer,SGD,4025.37,False,False,False,False,0,1.5,Completed
P002414,2026-03-27,AC0017,Local transfer,GBP,16220.06,False,False,False,False,0,1.5,Completed
P002599,2026-03-27,AC0011,Local transfer,USD,455522.75,False,False,False,False,0,1.5,Completed
P002801,2026-03-27,AC0017,ACH,GBP,65427.1,False,False,False,False,0,1.5,Completed
P002816,2026-03-27,AC0018,Wire,GBP,12442.74,True,False,False,False,0,43.5,Completed
P002885,2026-03-27,AC0025,ACH,EUR,3952.63,False,False,False,False,0,1.5,Completed
P003038,2026-03-27,AC0053,ACH,USD,5016.71,False,False,False,False,0,1.5,Completed
P003066,2026-03-27,AC0031,Local transfer,USD,62664.73,False,True,False,False,0,1.5,Completed
P003191,2026-03-27,AC0050,ACH,HKD,10200.65,False,False,False,False,0,1.5,Completed
P003409,2026-03-27,AC0014,Local transfer,CAD,45370.23,False,False,False,False,0,1.5,Completed
P003586,2026-03-27,AC0017,ACH,GBP,16330.17,False,False,False,False,0,1.5,Completed
P003811,2026-03-27,AC0047,Internal transfer,INR,4801.92,False,False,False,False,0,1.5,Completed
P003828,2026-03-27,AC0014,Local transfer,CAD,2790.64,False,False,False,False,0,1.5,Completed
P004001,2026-03-27,AC0051,Wire,HKD,43294.43,True,False,False,False,0,43.5,Completed
P004148,2026-03-27,AC0053,ACH,USD,54353.9,False,False,True,False,28,16.5,Repaired
P004164,2026-03-27,AC0038,Local transfer,USD,76812.38,False,False,False,False,0,1.5,Completed
P004176,2026-03-27,AC0028,ACH,EUR,1375.21,False,False,False,False,0,1.5,Completed
P004182,2026-03-27,AC0034,Local transfer,USD,11432.73,False,False,False,False,0,1.5,Completed
P004184,2026-03-27,AC0007,Internal transfer,USD,4274.35,False,False,False,False,0,1.5,Completed
P004238,2026-03-27,AC0038,Wire,USD,23796.57,False,False,False,False,0,19.5,Completed
P004300,2026-03-27,AC0034,Local transfer,USD,16481.86,False,True,False,False,0,1.5,Completed
P004368,2026-03-27,AC0021,ACH,EUR,10237.45,False,False,False,False,0,1.5,Completed
P004662,2026-03-27,AC0010,Local transfer,USD,8492.87,False,True,True,False,49,16.5,Repaired
P004665,2026-03-27,AC0047,Local transfer,INR,3202.48,False,True,True,False,59,16.5,Repaired
P004799,2026-03-27,AC0047,Local transfer,INR,5663.58,False,False,False,False,0,1.5,Completed
P004823,2026-03-27,AC0025,Payroll,EUR,50680.21,False,True,False,False,0,1.5,Completed
P004870,2026-03-27,AC0001,Local transfer,USD,14529.69,False,False,False,False,0,1.5,Completed
P005217,2026-03-27,AC0052,Local transfer,HKD,1486.89,False,False,False,False,0,1.5,Completed
P005366,2026-03-27,AC0047,Wire,INR,110337.6,False,False,False,False,0,19.5,Completed
P005562,2026-03-27,AC0039,ACH,AUD,30938.34,False,False,False,False,0,1.5,Completed
P005588,2026-03-27,AC0045,ACH,KRW,10975.93,False,False,False,False,0,1.5,Completed
P005613,2026-03-27,AC0028,Wire,EUR,6785.48,False,False,False,False,0,19.5,Completed
P005849,2026-03-27,AC0012,Local transfer,USD,3162.95,False,False,False,False,0,1.5,Completed
P006462,2026-03-27,AC0038,Payroll,USD,16235.9,False,False,False,False,0,1.5,Completed
P006465,2026-03-27,AC0047,Internal transfer,INR,27448.15,False,False,False,False,0,1.5,Completed
P006660,2026-03-27,AC0016,Local transfer,CAD,71709.6,False,False,False,False,0,1.5,Completed
P006911,2026-03-27,AC0041,Local transfer,JPY,7517.62,False,False,False,False,0,1.5,Completed
P006991,2026-03-27,AC0025,Wire,EUR,4434.46,False,True,False,True,0,19.5,Completed
P007046,2026-03-27,AC0041,Payroll,JPY,25447.17,False,False,False,False,0,1.5,Completed
P007086,2026-03-27,AC0014,Local transfer,CAD,2566.0,False,False,False,False,0,1.5,Completed
P007251,2026-03-27,AC0014,ACH,CAD,33290.56,False,False,False,False,0,1.5,Completed
P007276,2026-03-27,AC0012,Tax,USD,57934.84,False,False,False,False,0,1.5,Completed
P007505,2026-03-27,AC0001,Local transfer,USD,4237.41,False,False,False,False,0,1.5,Completed
P000085,2026-03-30,AC0005,Payroll,USD,142468.75,False,False,False,False,0,1.5,Completed
P000228,2026-03-30,AC0002,ACH,USD,7049.12,False,False,False,False,0,1.5,Completed
P000342,2026-03-30,AC0043,Local transfer,JPY,18646.9,False,False,False,True,0,1.5,Completed
P000527,2026-03-30,AC0042,ACH,USD,3239.02,False,False,True,False,40,16.5,Repaired
P000591,2026-03-30,AC0010,Payroll,USD,16967.66,False,False,False,False,0,1.5,Completed
P000679,2026-03-30,AC0038,Local transfer,USD,29126.92,False,True,False,False,0,1.5,Completed
P000755,2026-03-30,AC0053,ACH,USD,44228.76,False,False,False,False,0,1.5,Completed
P000975,2026-03-30,AC0019,ACH,GBP,5952.65,False,False,False,False,0,1.5,Completed
P001052,2026-03-30,AC0053,Wire,USD,638.6,True,True,False,False,0,43.5,Completed
P001090,2026-03-30,AC0010,Local transfer,USD,35182.99,False,True,False,False,0,1.5,Completed
P001136,2026-03-30,AC0047,ACH,INR,1346.45,False,False,False,False,0,1.5,Completed
P001155,2026-03-30,AC0014,Local transfer,CAD,8003.77,False,False,False,False,0,1.5,Completed
P001375,2026-03-30,AC0001,ACH,USD,94225.18,False,True,False,False,0,1.5,Completed
P001486,2026-03-30,AC0010,Internal transfer,USD,7142.35,False,False,False,False,0,1.5,Completed
P001656,2026-03-30,AC0051,Wire,HKD,4974.41,False,True,False,False,0,19.5,Completed
P001764,2026-03-30,AC0031,Wire,USD,6061.41,True,False,True,False,13,58.5,Repaired
P002197,2026-03-30,AC0050,Wire,HKD,11831.24,True,True,False,False,0,43.5,Completed
P002355,2026-03-30,AC0001,ACH,USD,6954.32,False,True,False,False,0,1.5,Completed
P002433,2026-03-30,AC0017,Local transfer,GBP,9836.77,False,False,False,False,0,1.5,Completed
P002451,2026-03-30,AC0027,Wire,EUR,11805.6,False,False,False,False,0,19.5,Completed
P002498,2026-03-30,AC0017,Tax,GBP,67603.32,False,True,False,False,0,1.5,Completed
P002812,2026-03-30,AC0040,ACH,AUD,6568.58,False,False,False,False,0,1.5,Completed
P002880,2026-03-30,AC0034,Local transfer,USD,3519.06,False,False,False,False,0,1.5,Completed
P003134,2026-03-30,AC0050,Wire,HKD,7528.14,True,False,False,False,0,43.5,Completed
P003181,2026-03-30,AC0038,Payroll,USD,86366.87,False,False,False,False,0,1.5,Completed
P003338,2026-03-30,AC0025,ACH,EUR,27643.64,False,True,True,True,55,16.5,Repaired
P003343,2026-03-30,AC0001,Local transfer,USD,39953.3,False,True,False,False,0,1.5,Completed
P003369,2026-03-30,AC0034,Tax,USD,22414.55,False,False,False,False,0,1.5,Completed
P003438,2026-03-30,AC0010,ACH,USD,14969.55,False,False,False,False,0,1.5,Completed
P003633,2026-03-30,AC0001,Wire,USD,26941.09,False,True,False,False,0,19.5,Completed
P003638,2026-03-30,AC0014,Local transfer,CAD,35107.67,False,True,False,False,0,1.5,Completed
P003640,2026-03-30,AC0007,Wire,USD,18827.38,True,True,False,False,0,43.5,Completed
P003857,2026-03-30,AC0036,Wire,SGD,3307.09,True,False,False,False,0,43.5,Completed
P003890,2026-03-30,AC0034,Internal transfer,USD,10356.51,False,True,False,False,0,1.5,Completed
P003973,2026-03-30,AC0005,ACH,USD,64715.18,False,False,False,False,0,1.5,Completed
P004034,2026-03-30,AC0028,Local transfer,EUR,3314.99,False,False,False,False,0,1.5,Completed
P004211,2026-03-30,AC0036,Wire,SGD,6695.07,True,False,False,False,0,43.5,Completed
P004216,2026-03-30,AC0001,Local transfer,USD,8904.78,False,False,False,False,0,1.5,Completed
P004331,2026-03-30,AC0027,ACH,EUR,3029.09,False,False,False,False,0,1.5,Completed
P004593,2026-03-30,AC0053,Wire,USD,16550.24,False,False,False,False,0,19.5,Completed
P004919,2026-03-30,AC0047,Local transfer,INR,9337.03,False,True,False,False,0,1.5,Completed
P005077,2026-03-30,AC0034,Wire,USD,6423.7,True,False,False,False,0,43.5,Completed
P005222,2026-03-30,AC0010,Local transfer,USD,14057.89,False,False,False,False,0,1.5,Completed
P005253,2026-03-30,AC0034,ACH,USD,27743.82,False,False,False,False,0,1.5,Completed
P005467,2026-03-30,AC0031,Wire,USD,35871.9,True,True,False,False,0,43.5,Completed
P005579,2026-03-30,AC0030,Tax,USD,42515.13,False,False,False,False,0,1.5,Completed
P005758,2026-03-30,AC0025,Payroll,EUR,74133.13,False,False,False,False,0,1.5,Completed
P005876,2026-03-30,AC0002,Payroll,USD,53854.15,False,True,False,False,0,1.5,Completed
P005945,2026-03-30,AC0044,Wire,KRW,37124.68,False,False,False,False,0,19.5,Completed
P006459,2026-03-30,AC0028,Local transfer,EUR,50796.33,False,True,True,True,40,16.5,Repaired
P006822,2026-03-30,AC0031,Payroll,USD,24538.74,False,False,False,False,0,1.5,Completed
P006957,2026-03-30,AC0041,Tax,JPY,152359.64,False,False,False,False,0,1.5,Completed
P007061,2026-03-30,AC0010,ACH,USD,14519.36,False,False,False,False,0,1.5,Completed
P007136,2026-03-30,AC0001,Wire,USD,25563.96,False,False,False,False,0,19.5,Completed
P007359,2026-03-30,AC0001,Local transfer,USD,53203.64,False,False,False,False,0,1.5,Completed
P007421,2026-03-30,AC0014,ACH,CAD,95365.5,False,False,False,False,0,1.5,Completed
P007488,2026-03-30,AC0028,ACH,EUR,19261.0,False,False,False,False,0,1.5,Completed
P007516,2026-03-30,AC0005,Tax,USD,32070.48,False,True,False,False,0,1.5,Completed
P007528,2026-03-30,AC0047,Wire,INR,8604.13,False,False,False,False,0,19.5,Completed
P000181,2026-03-31,AC0052,ACH,HKD,13789.35,False,False,False,False,0,1.5,Completed
P000386,2026-03-31,AC0029,Wire,EUR,26226.77,False,False,False,False,0,19.5,Completed
P000632,2026-03-31,AC0017,Wire,GBP,35172.04,True,False,False,False,0,43.5,Completed
P000633,2026-03-31,AC0025,Payroll,EUR,50902.63,False,False,False,False,0,1.5,Completed
P000663,2026-03-31,AC0023,Local transfer,EUR,9981.67,False,False,False,False,0,1.5,Completed
P000801,2026-03-31,AC0001,ACH,USD,6560.57,False,False,False,False,0,1.5,Completed
P000849,2026-03-31,AC0017,Wire,GBP,18850.01,True,False,False,False,0,43.5,Completed
P000989,2026-03-31,AC0053,Local transfer,USD,1017.07,False,False,False,False,0,1.5,Completed
P001033,2026-03-31,AC0034,ACH,USD,9021.75,False,False,False,False,0,1.5,Completed
P001147,2026-03-31,AC0025,Wire,EUR,18765.05,True,True,False,False,0,43.5,Completed
P001279,2026-03-31,AC0021,Payroll,EUR,54161.62,False,True,False,False,0,1.5,Completed
P001335,2026-03-31,AC0017,Wire,GBP,11651.81,True,False,False,False,0,43.5,Completed
P001432,2026-03-31,AC0025,Wire,EUR,28499.75,True,True,False,False,0,43.5,Completed
P001583,2026-03-31,AC0008,Payroll,USD,48183.34,False,False,False,False,0,1.5,Completed
P001679,2026-03-31,AC0038,ACH,USD,25902.6,False,False,False,False,0,1.5,Completed
P001777,2026-03-31,AC0055,ACH,USD,7085.72,False,True,False,False,0,1.5,Completed
P001855,2026-03-31,AC0052,Wire,HKD,14739.21,True,True,False,False,0,43.5,Completed
P001872,2026-03-31,AC0031,ACH,USD,24238.62,False,False,False,False,0,1.5,Completed
P001992,2026-03-31,AC0025,ACH,EUR,12295.76,False,True,False,False,0,1.5,Completed
P002391,2026-03-31,AC0010,Local transfer,USD,7810.21,False,True,False,False,0,1.5,Completed
P002494,2026-03-31,AC0017,Local transfer,GBP,7927.35,False,False,False,False,0,1.5,Completed
P002566,2026-03-31,AC0033,Local transfer,EUR,37585.56,False,False,False,False,0,1.5,Completed
P002597,2026-03-31,AC0032,Local transfer,EUR,30672.82,False,False,False,False,0,1.5,Completed
P002832,2026-03-31,AC0017,Wire,GBP,34320.04,True,False,False,False,0,43.5,Completed
P003398,2026-03-31,AC0049,Wire,USD,22621.55,False,False,False,False,0,19.5,Completed
P003639,2026-03-31,AC0025,Internal transfer,EUR,3829.22,False,False,False,False,0,1.5,Completed
P003770,2026-03-31,AC0041,Local transfer,JPY,9390.59,False,False,False,False,0,1.5,Completed
P003827,2026-03-31,AC0017,Local transfer,GBP,4032.11,False,True,False,False,0,1.5,Completed
P003949,2026-03-31,AC0050,Payroll,HKD,15691.12,False,True,True,False,39,16.5,Repaired
P003970,2026-03-31,AC0034,Local transfer,USD,41315.29,False,True,False,False,0,1.5,Completed
P004196,2026-03-31,AC0041,ACH,JPY,4684.55,False,False,False,False,0,1.5,Completed
P004296,2026-03-31,AC0050,ACH,HKD,13636.41,False,False,False,False,0,1.5,Completed
P004394,2026-03-31,AC0034,Local transfer,USD,17727.75,False,False,False,False,0,1.5,Completed
P004529,2026-03-31,AC0050,ACH,HKD,37379.88,False,True,False,False,0,1.5,Completed
P004568,2026-03-31,AC0001,Payroll,USD,26323.59,False,True,False,False,0,1.5,Completed
P004597,2026-03-31,AC0049,ACH,USD,12154.38,False,False,False,False,0,1.5,Completed
P004775,2026-03-31,AC0043,Wire,JPY,4518.28,False,False,False,False,0,19.5,Completed
P004945,2026-03-31,AC0031,ACH,USD,53278.01,False,False,False,False,0,1.5,Completed
P005254,2026-03-31,AC0030,Local transfer,USD,10928.49,False,True,False,True,0,1.5,Completed
P005363,2026-03-31,AC0001,Local transfer,USD,1595.91,False,False,False,False,0,1.5,Completed
P005364,2026-03-31,AC0002,Payroll,USD,101289.03,False,True,False,False,0,1.5,Completed
P005381,2026-03-31,AC0050,Tax,HKD,130723.28,False,False,False,False,0,1.5,Completed
P005549,2026-03-31,AC0010,ACH,USD,317265.08,False,False,False,False,0,1.5,Completed
P005954,2026-03-31,AC0010,Local transfer,USD,3355.48,False,False,False,False,0,1.5,Completed
P006127,2026-03-31,AC0039,ACH,AUD,9240.05,False,False,False,False,0,1.5,Completed
P006695,2026-03-31,AC0023,ACH,EUR,6471.77,False,False,False,False,0,1.5,Completed
P006956,2026-03-31,AC0041,Tax,JPY,72742.6,False,False,False,False,0,1.5,Completed
P006999,2026-03-31,AC0017,Payroll,GBP,47514.0,False,False,False,False,0,1.5,Completed
P007204,2026-03-31,AC0041,ACH,JPY,6744.34,False,False,False,False,0,1.5,Completed
P007261,2026-03-31,AC0018,Local transfer,GBP,14598.19,False,True,False,False,0,1.5,Completed
P007570,2026-03-31,AC0017,Local transfer,GBP,36476.09,False,False,False,False,0,1.5,Completed
P000088,2026-04-01,AC0044,Wire,KRW,6303.17,True,True,False,False,0,43.5,Completed
P000169,2026-04-01,AC0019,Local transfer,GBP,9212.49,False,False,False,False,0,1.5,Completed
P000259,2026-04-01,AC0023,Payroll,EUR,75039.4,False,False,False,False,0,1.5,Completed
P000415,2026-04-01,AC0034,Wire,USD,13244.92,False,False,False,False,0,19.5,Completed
P001349,2026-04-01,AC0031,Local transfer,USD,5340.46,False,False,False,False,0,1.5,Completed
P001393,2026-04-01,AC0027,ACH,EUR,3915.68,False,False,False,False,0,1.5,Completed
P001478,2026-04-01,AC0025,Payroll,EUR,20317.07,False,False,False,False,0,1.5,Completed
P001616,2026-04-01,AC0022,Internal transfer,EUR,5644.19,False,False,False,False,0,1.5,Completed
P001701,2026-04-01,AC0010,Local transfer,USD,36942.45,False,False,False,False,0,1.5,Completed
P001951,2026-04-01,AC0052,Local transfer,HKD,78595.57,False,False,False,False,0,1.5,Completed
P002044,2026-04-01,AC0005,Internal transfer,USD,40627.78,False,False,False,False,0,1.5,Completed
P002216,2026-04-01,AC0006,Local transfer,USD,3718.98,False,False,False,False,0,1.5,Completed
P002245,2026-04-01,AC0031,ACH,USD,31078.54,False,False,False,False,0,1.5,Completed
P002631,2026-04-01,AC0017,ACH,GBP,4457.47,False,False,False,False,0,1.5,Completed
P002693,2026-04-01,AC0047,Payroll,INR,27231.24,False,False,False,False,0,1.5,Completed
P002774,2026-04-01,AC0017,Local transfer,GBP,47606.51,False,True,True,False,72,16.5,Repaired
P002821,2026-04-01,AC0025,Local transfer,EUR,2869.82,False,False,False,False,0,1.5,Completed
P002980,2026-04-01,AC0042,Wire,USD,9926.85,True,False,False,False,0,43.5,Completed
P003009,2026-04-01,AC0015,Tax,CAD,8869.43,False,True,False,False,0,1.5,Completed
P003166,2026-04-01,AC0005,Wire,USD,30211.26,False,False,False,False,0,19.5,Completed
P003217,2026-04-01,AC0001,ACH,USD,7232.1,False,False,False,False,0,1.5,Completed
P003228,2026-04-01,AC0030,Local transfer,USD,11928.61,False,False,False,False,0,1.5,Completed
P003341,2026-04-01,AC0023,Local transfer,EUR,32535.19,False,False,False,False,0,1.5,Completed
P003427,2026-04-01,AC0047,ACH,INR,17365.27,False,False,False,False,0,1.5,Completed
P003429,2026-04-01,AC0012,Local transfer,USD,16126.72,False,False,False,False,0,1.5,Completed
P003565,2026-04-01,AC0034,ACH,USD,2151.59,False,False,False,False,0,1.5,Completed
P003648,2026-04-01,AC0021,Wire,EUR,4339.45,True,True,False,False,0,43.5,Completed
P003656,2026-04-01,AC0031,Local transfer,USD,14720.04,False,False,False,False,0,1.5,Completed
P003719,2026-04-01,AC0005,ACH,USD,10175.0,False,False,False,False,0,1.5,Completed
P003765,2026-04-01,AC0045,Local transfer,KRW,48451.7,False,True,False,False,0,1.5,Completed
P003889,2026-04-01,AC0017,ACH,GBP,28069.29,False,False,False,False,0,1.5,Completed
P004011,2026-04-01,AC0038,Local transfer,USD,16380.66,False,False,False,False,0,1.5,Completed
P004078,2026-04-01,AC0010,ACH,USD,52976.52,False,False,False,False,0,1.5,Completed
P004378,2026-04-01,AC0017,ACH,GBP,6966.7,False,True,False,False,0,1.5,Completed
P004384,2026-04-01,AC0010,Local transfer,USD,30184.7,False,False,False,False,0,1.5,Completed
P004738,2026-04-01,AC0023,Wire,EUR,1385.11,True,False,False,False,0,43.5,Completed
P004752,2026-04-01,AC0046,Wire,KRW,19535.8,True,True,False,False,0,43.5,Completed
P004858,2026-04-01,AC0005,Local transfer,USD,8551.38,False,True,True,True,44,16.5,Repaired
P004871,2026-04-01,AC0019,ACH,GBP,2058.11,False,False,True,False,25,16.5,Repaired
P004877,2026-04-01,AC0033,Local transfer,EUR,20083.83,False,False,False,False,0,1.5,Completed
P004983,2026-04-01,AC0044,Local transfer,KRW,10168.77,False,False,False,False,0,1.5,Completed
P005023,2026-04-01,AC0031,Local transfer,USD,10022.68,False,True,False,False,0,1.5,Completed
P005379,2026-04-01,AC0044,Local transfer,KRW,39556.8,False,False,False,False,0,1.5,Completed
P005427,2026-04-01,AC0031,Local transfer,USD,5029.76,False,True,False,False,0,1.5,Completed
P005435,2026-04-01,AC0001,Local transfer,USD,6500.59,False,True,False,False,0,1.5,Completed
P005465,2026-04-01,AC0014,Local transfer,CAD,64868.42,False,False,False,False,0,1.5,Completed
P005509,2026-04-01,AC0034,Tax,USD,148806.42,False,True,False,False,0,1.5,Completed
P005546,2026-04-01,AC0017,Tax,GBP,156740.09,False,False,False,False,0,1.5,Completed
P005736,2026-04-01,AC0028,ACH,EUR,6401.54,False,False,False,False,0,1.5,Completed
P005880,2026-04-01,AC0050,Local transfer,HKD,21846.7,False,True,False,False,0,1.5,Completed
P006099,2026-04-01,AC0040,Internal transfer,AUD,35724.6,False,False,False,False,0,1.5,Completed
P006366,2026-04-01,AC0045,Tax,KRW,56752.63,False,False,False,False,0,1.5,Completed
P006414,2026-04-01,AC0038,Tax,USD,44604.1,False,False,False,False,0,1.5,Completed
P006495,2026-04-01,AC0041,Internal transfer,JPY,7228.56,False,False,False,False,0,1.5,Completed
P006603,2026-04-01,AC0038,Local transfer,USD,61555.74,False,True,False,False,0,1.5,Completed
P006967,2026-04-01,AC0031,Local transfer,USD,135129.96,False,True,False,False,0,1.5,Completed
P007012,2026-04-01,AC0033,Wire,EUR,68148.67,True,True,False,False,0,43.5,Completed
P007114,2026-04-01,AC0044,Local transfer,KRW,15197.05,False,False,False,False,0,1.5,Completed
P007156,2026-04-01,AC0003,ACH,USD,17807.24,False,False,False,False,0,1.5,Completed
P007161,2026-04-01,AC0028,ACH,EUR,6367.24,False,False,False,False,0,1.5,Completed
P007362,2026-04-01,AC0053,Local transfer,USD,10633.37,False,False,False,False,0,1.5,Completed
P007534,2026-04-01,AC0044,Local transfer,KRW,2263.03,False,False,False,False,0,1.5,Completed
P000071,2026-04-02,AC0010,Tax,USD,2180.9,False,True,True,True,58,16.5,Repaired
P000179,2026-04-02,AC0034,Local transfer,USD,20541.47,False,True,True,False,29,16.5,Repaired
P000253,2026-04-02,AC0049,ACH,USD,104833.14,False,False,False,False,0,1.5,Completed
P000321,2026-04-02,AC0023,Local transfer,EUR,23272.21,False,False,False,False,0,1.5,Completed
P000489,2026-04-02,AC0001,Wire,USD,14177.46,False,False,False,False,0,19.5,Completed
P000650,2026-04-02,AC0050,Local transfer,HKD,149448.55,False,True,False,False,0,1.5,Completed
P000877,2026-04-02,AC0053,Local transfer,USD,15712.63,False,True,True,False,36,16.5,Repaired
P000913,2026-04-02,AC0047,Wire,INR,2010.73,True,False,False,False,0,43.5,Completed
P000925,2026-04-02,AC0005,Local transfer,USD,20169.13,False,True,False,False,0,1.5,Completed
P001111,2026-04-02,AC0010,Local transfer,USD,4493.26,False,False,False,False,0,1.5,Completed
P001122,2026-04-02,AC0038,ACH,USD,2414.48,False,True,True,False,61,16.5,Repaired
P001240,2026-04-02,AC0021,Wire,EUR,57977.31,False,False,False,False,0,19.5,Completed
P001284,2026-04-02,AC0041,Local transfer,JPY,5748.28,False,False,False,False,0,1.5,Completed
P001297,2026-04-02,AC0047,Local transfer,INR,10566.36,False,False,False,False,0,1.5,Completed
P001445,2026-04-02,AC0038,Internal transfer,USD,32006.33,False,False,False,False,0,1.5,Completed
P001458,2026-04-02,AC0055,ACH,USD,13470.07,False,True,False,False,0,1.5,Completed
P001515,2026-04-02,AC0041,Local transfer,JPY,36089.52,False,False,False,False,0,1.5,Completed
P001546,2026-04-02,AC0005,Payroll,USD,2253.48,False,False,False,False,0,1.5,Completed
P001617,2026-04-02,AC0028,Tax,EUR,1013.94,False,True,False,False,0,1.5,Completed
P001681,2026-04-02,AC0028,Local transfer,EUR,2100.54,False,False,False,False,0,1.5,Completed
P001689,2026-04-02,AC0031,Internal transfer,USD,2325.93,False,True,False,True,0,1.5,Completed
P002015,2026-04-02,AC0043,Wire,JPY,8361.54,True,False,False,False,0,43.5,Completed
P002085,2026-04-02,AC0044,Internal transfer,KRW,8711.41,False,True,False,False,0,1.5,Completed
P002143,2026-04-02,AC0003,Wire,USD,49520.39,True,False,False,False,0,43.5,Completed
P002242,2026-04-02,AC0053,ACH,USD,13378.24,False,False,False,False,0,1.5,Completed
P002370,2026-04-02,AC0043,ACH,JPY,4056.99,False,True,False,False,0,1.5,Completed
P002598,2026-04-02,AC0044,Local transfer,KRW,20127.81,False,False,False,False,0,1.5,Completed
P002768,2026-04-02,AC0028,ACH,EUR,3657.42,False,False,False,False,0,1.5,Completed
P002920,2026-04-02,AC0036,ACH,SGD,39187.09,False,True,False,True,0,1.5,Completed
P003043,2026-04-02,AC0019,Internal transfer,GBP,3181.51,False,False,False,False,0,1.5,Completed
P003139,2026-04-02,AC0010,Wire,USD,13156.78,True,True,False,False,0,43.5,Completed
P004111,2026-04-02,AC0045,Internal transfer,KRW,6049.84,False,False,False,False,0,1.5,Completed
P004155,2026-04-02,AC0042,ACH,USD,30151.71,False,False,False,False,0,1.5,Completed
P004327,2026-04-02,AC0038,Local transfer,USD,1479.42,False,True,True,False,25,16.5,Repaired
P004512,2026-04-02,AC0016,Payroll,CAD,30819.14,False,True,False,False,0,1.5,Completed
P004575,2026-04-02,AC0021,Wire,EUR,12755.83,True,True,False,False,0,43.5,Completed
P004602,2026-04-02,AC0044,Wire,KRW,91561.21,True,False,False,True,0,43.5,Completed
P004902,2026-04-02,AC0028,Local transfer,EUR,9219.85,False,False,False,False,0,1.5,Completed
P005041,2026-04-02,AC0043,Local transfer,JPY,32691.65,False,False,False,False,0,1.5,Completed
P005101,2026-04-02,AC0014,Internal transfer,CAD,2318.99,False,False,False,False,0,1.5,Completed
P005291,2026-04-02,AC0047,Local transfer,INR,26325.55,False,False,False,False,0,1.5,Completed
P005332,2026-04-02,AC0018,ACH,GBP,22535.29,False,False,False,False,0,1.5,Completed
P005371,2026-04-02,AC0044,ACH,KRW,19106.33,False,True,False,False,0,1.5,Completed
P005442,2026-04-02,AC0032,Tax,EUR,25633.75,False,False,False,False,0,1.5,Completed
P005551,2026-04-02,AC0025,Local transfer,EUR,98867.05,False,False,False,False,0,1.5,Completed
P005586,2026-04-02,AC0031,ACH,USD,2697.35,False,False,False,False,0,1.5,Completed
P005627,2026-04-02,AC0021,Payroll,EUR,367524.27,False,False,True,False,29,16.5,Repaired
P005636,2026-04-02,AC0012,Local transfer,USD,1725.03,False,False,False,False,0,1.5,Completed
P005733,2026-04-02,AC0038,Local transfer,USD,5380.4,False,False,False,False,0,1.5,Completed
P005932,2026-04-02,AC0050,Wire,HKD,12919.74,True,True,False,False,0,43.5,Completed
P006019,2026-04-02,AC0001,Local transfer,USD,52772.67,False,True,False,False,0,1.5,Completed
P006149,2026-04-02,AC0047,Local transfer,INR,8335.51,False,True,True,False,74,16.5,Repaired
P006192,2026-04-02,AC0028,Local transfer,EUR,30927.98,False,True,False,False,0,1.5,Completed
P006236,2026-04-02,AC0044,Local transfer,KRW,5503.58,False,False,False,False,0,1.5,Completed
P006244,2026-04-02,AC0033,Internal transfer,EUR,23780.71,False,True,False,False,0,1.5,Completed
P006452,2026-04-02,AC0053,Payroll,USD,2999.43,False,False,False,False,0,1.5,Completed
P006636,2026-04-02,AC0035,Local transfer,SGD,17772.93,False,True,False,False,0,1.5,Completed
P006715,2026-04-02,AC0044,Tax,KRW,16121.01,False,False,False,False,0,1.5,Completed
P006737,2026-04-02,AC0044,Local transfer,KRW,35533.69,False,False,False,False,0,1.5,Completed
P006802,2026-04-02,AC0010,Payroll,USD,50075.52,False,False,False,False,0,1.5,Completed
P007240,2026-04-02,AC0053,ACH,USD,17631.93,False,False,False,False,0,1.5,Completed
P007290,2026-04-02,AC0005,Tax,USD,64917.12,False,True,False,False,0,1.5,Completed
P007367,2026-04-02,AC0021,Wire,EUR,26681.56,True,False,True,True,44,58.5,Repaired
P007487,2026-04-02,AC0025,ACH,EUR,19652.69,False,False,True,False,57,16.5,Repaired
P000224,2026-04-03,AC0015,Tax,CAD,31907.31,False,False,False,False,0,1.5,Completed
P000256,2026-04-03,AC0014,ACH,CAD,1765.91,False,False,False,False,0,1.5,Completed
P000300,2026-04-03,AC0027,Tax,EUR,31788.62,False,False,False,False,0,1.5,Completed
P000741,2026-04-03,AC0017,ACH,GBP,36491.98,False,True,False,False,0,1.5,Completed
P000816,2026-04-03,AC0033,Local transfer,EUR,6153.57,False,True,False,False,0,1.5,Completed
P000893,2026-04-03,AC0041,Local transfer,JPY,61507.34,False,False,False,False,0,1.5,Completed
P000958,2026-04-03,AC0031,Local transfer,USD,8643.7,False,False,False,False,0,1.5,Completed
P000965,2026-04-03,AC0025,Payroll,EUR,78222.04,False,False,False,False,0,1.5,Completed
P001107,2026-04-03,AC0017,Tax,GBP,101641.07,False,True,False,True,0,1.5,Completed
P001272,2026-04-03,AC0028,ACH,EUR,11370.46,False,False,False,False,0,1.5,Completed
P001276,2026-04-03,AC0053,Tax,USD,117341.13,False,False,False,False,0,1.5,Pending
P001290,2026-04-03,AC0041,Local transfer,JPY,43173.27,False,False,False,False,0,1.5,Completed
P001500,2026-04-03,AC0043,Wire,JPY,9705.83,True,True,False,False,0,43.5,Completed
P001664,2026-04-03,AC0017,Wire,GBP,4468.5,False,True,False,False,0,19.5,Completed
P001806,2026-04-03,AC0021,ACH,EUR,34753.86,False,True,True,False,65,16.5,Repaired
P001993,2026-04-03,AC0028,Tax,EUR,36102.83,False,False,False,False,0,1.5,Completed
P002112,2026-04-03,AC0028,ACH,EUR,2329.35,False,False,False,False,0,1.5,Completed
P002167,2026-04-03,AC0005,Wire,USD,36804.29,True,True,True,False,38,58.5,Repaired
P002205,2026-04-03,AC0003,Local transfer,USD,15415.7,False,False,False,False,0,1.5,Completed
P002438,2026-04-03,AC0038,Internal transfer,USD,5984.93,False,False,False,False,0,1.5,Completed
P002459,2026-04-03,AC0005,Wire,USD,112803.82,True,False,False,False,0,43.5,Completed
P002484,2026-04-03,AC0028,ACH,EUR,12328.62,False,True,False,False,0,1.5,Completed
P002517,2026-04-03,AC0051,ACH,HKD,18178.89,False,False,False,False,0,1.5,Completed
P002673,2026-04-03,AC0028,Wire,EUR,19135.69,True,False,True,False,52,58.5,Repaired
P002721,2026-04-03,AC0032,Local transfer,EUR,1734.57,False,True,False,False,0,1.5,Completed
P002738,2026-04-03,AC0034,Internal transfer,USD,39114.45,False,True,False,True,0,1.5,Completed
P002753,2026-04-03,AC0055,Local transfer,USD,761.96,False,False,True,False,57,16.5,Repaired
P002882,2026-04-03,AC0039,Tax,AUD,11576.34,False,False,False,False,0,1.5,Completed
P002919,2026-04-03,AC0044,ACH,KRW,20339.64,False,False,False,False,0,1.5,Completed
P003091,2026-04-03,AC0002,Local transfer,USD,6814.33,False,False,False,False,0,1.5,Completed
P003385,2026-04-03,AC0043,ACH,JPY,1012.64,False,False,False,False,0,1.5,Completed
P003395,2026-04-03,AC0027,Local transfer,EUR,1613.51,False,False,False,False,0,1.5,Completed
P003436,2026-04-03,AC0005,ACH,USD,49318.18,False,False,False,False,0,1.5,Completed
P003525,2026-04-03,AC0048,Local transfer,INR,23692.86,False,False,False,False,0,1.5,Completed
P003540,2026-04-03,AC0038,Local transfer,USD,19073.28,False,False,False,False,0,1.5,Completed
P003587,2026-04-03,AC0035,Wire,SGD,26855.88,True,False,False,False,0,43.5,Completed
P003815,2026-04-03,AC0005,Wire,USD,19326.56,False,False,False,False,0,19.5,Completed
P004096,2026-04-03,AC0050,ACH,HKD,8895.27,False,True,False,False,0,1.5,Completed
P004103,2026-04-03,AC0001,ACH,USD,29532.02,False,False,False,False,0,1.5,Completed
P004304,2026-04-03,AC0052,Local transfer,HKD,11984.9,False,False,False,False,0,1.5,Completed
P004319,2026-04-03,AC0044,Payroll,KRW,58097.44,False,True,False,False,0,1.5,Completed
P004356,2026-04-03,AC0012,Local transfer,USD,1818.29,False,False,False,False,0,1.5,Completed
P005073,2026-04-03,AC0012,Local transfer,USD,6978.22,False,False,False,False,0,1.5,Completed
P005081,2026-04-03,AC0025,Internal transfer,EUR,4638.71,False,False,False,False,0,1.5,Completed
P005084,2026-04-03,AC0044,Payroll,KRW,12868.34,False,False,False,False,0,1.5,Completed
P005168,2026-04-03,AC0026,Tax,USD,204649.1,False,False,False,False,0,1.5,Completed
P005796,2026-04-03,AC0033,Local transfer,EUR,4412.7,False,True,False,False,0,1.5,Completed
P005862,2026-04-03,AC0018,Wire,GBP,1360.39,False,False,False,False,0,19.5,Completed
P005884,2026-04-03,AC0021,Local transfer,EUR,14601.1,False,False,False,False,0,1.5,Completed
P005971,2026-04-03,AC0023,ACH,EUR,24113.8,False,False,False,False,0,1.5,Completed
P006359,2026-04-03,AC0018,Wire,GBP,843.34,False,False,False,False,0,19.5,Completed
P006365,2026-04-03,AC0034,Wire,USD,12971.6,False,False,False,False,0,19.5,Completed
P006689,2026-04-03,AC0028,Payroll,EUR,30592.99,False,False,False,False,0,1.5,Completed
P006762,2026-04-03,AC0047,ACH,INR,6528.14,False,True,False,False,0,1.5,Completed
P006832,2026-04-03,AC0018,Payroll,GBP,138192.06,False,False,False,False,0,1.5,Completed
P006981,2026-04-03,AC0030,Wire,USD,2674.77,False,False,False,False,0,19.5,Completed
P007010,2026-04-03,AC0040,ACH,AUD,5195.91,False,False,False,False,0,1.5,Completed
P007497,2026-04-03,AC0034,Wire,USD,38294.12,False,False,False,False,0,19.5,Completed
P000095,2026-04-06,AC0017,ACH,GBP,70742.06,False,True,False,False,0,1.5,Completed
P000205,2026-04-06,AC0005,Local transfer,USD,5001.43,False,False,False,False,0,1.5,Completed
P000243,2026-04-06,AC0010,Local transfer,USD,16941.73,False,False,False,False,0,1.5,Completed
P000368,2026-04-06,AC0041,Local transfer,JPY,11598.0,False,False,False,False,0,1.5,Completed
P000393,2026-04-06,AC0010,Tax,USD,4818.72,False,True,False,False,0,1.5,Completed
P000475,2026-04-06,AC0001,Local transfer,USD,3861.07,False,False,False,False,0,1.5,Completed
P000669,2026-04-06,AC0051,ACH,HKD,4164.87,False,False,False,False,0,1.5,Completed
P000823,2026-04-06,AC0053,ACH,USD,24723.26,False,False,False,False,0,1.5,Completed
P001058,2026-04-06,AC0007,Local transfer,USD,14636.36,False,False,False,False,0,1.5,Completed
P001151,2026-04-06,AC0027,ACH,EUR,2969.62,False,True,False,True,0,1.5,Completed
P001249,2026-04-06,AC0034,Wire,USD,104964.22,True,True,False,True,0,43.5,Completed
P001320,2026-04-06,AC0005,Local transfer,USD,11832.63,False,True,False,False,0,1.5,Completed
P001376,2026-04-06,AC0041,ACH,JPY,5615.83,False,True,False,False,0,1.5,Completed
P001649,2026-04-06,AC0044,ACH,KRW,6677.14,False,False,False,False,0,1.5,Completed
P002060,2026-04-06,AC0038,ACH,USD,22560.4,False,False,False,False,0,1.5,Completed
P002397,2026-04-06,AC0021,Wire,EUR,28773.01,False,True,False,False,0,19.5,Completed
P002408,2026-04-06,AC0047,Local transfer,INR,9540.7,False,False,False,False,0,1.5,Completed
P002505,2026-04-06,AC0038,Local transfer,USD,10462.62,False,False,False,False,0,1.5,Completed
P002637,2026-04-06,AC0023,Wire,EUR,6744.71,True,False,False,False,0,43.5,Completed
P002669,2026-04-06,AC0002,Local transfer,USD,34878.35,False,False,False,False,0,1.5,Completed
P002743,2026-04-06,AC0041,Local transfer,JPY,133905.4,False,True,False,False,0,1.5,Completed
P003144,2026-04-06,AC0016,ACH,CAD,1006.69,False,False,False,False,0,1.5,Completed
P003232,2026-04-06,AC0022,ACH,EUR,163500.52,False,True,False,False,0,1.5,Completed
P003482,2026-04-06,AC0038,ACH,USD,156772.97,False,False,False,False,0,1.5,Completed
P003490,2026-04-06,AC0014,ACH,CAD,10848.85,False,False,False,False,0,1.5,Completed
P003668,2026-04-06,AC0010,Local transfer,USD,2322.98,False,True,False,False,0,1.5,Completed
P003975,2026-04-06,AC0001,Wire,USD,21123.27,False,False,True,False,22,34.5,Rejected
P004087,2026-04-06,AC0007,Local transfer,USD,13402.84,False,False,False,False,0,1.5,Completed
P004510,2026-04-06,AC0017,Tax,GBP,429350.87,False,True,False,False,0,1.5,Pending
P004747,2026-04-06,AC0001,Wire,USD,4159.18,True,True,False,False,0,43.5,Completed
P004869,2026-04-06,AC0050,Local transfer,HKD,9789.01,False,False,False,False,0,1.5,Completed
P004955,2026-04-06,AC0035,Internal transfer,SGD,16528.48,False,False,False,False,0,1.5,Completed
P004981,2026-04-06,AC0021,ACH,EUR,2933.38,False,True,False,False,0,1.5,Completed
P005132,2026-04-06,AC0038,Local transfer,USD,27352.73,False,False,False,False,0,1.5,Completed
P005154,2026-04-06,AC0043,ACH,JPY,8426.49,False,False,True,False,54,16.5,Repaired
P005294,2026-04-06,AC0010,Local transfer,USD,5489.14,False,False,False,False,0,1.5,Completed
P005295,2026-04-06,AC0044,Wire,KRW,1876.17,False,False,False,False,0,19.5,Completed
P005296,2026-04-06,AC0042,ACH,USD,7845.63,False,True,True,False,30,16.5,Repaired
P005422,2026-04-06,AC0046,ACH,KRW,31014.94,False,False,False,False,0,1.5,Completed
P005638,2026-04-06,AC0003,Tax,USD,36250.34,False,False,False,False,0,1.5,Completed
P005740,2026-04-06,AC0042,Payroll,USD,21460.33,False,False,False,False,0,1.5,Completed
P005820,2026-04-06,AC0050,Wire,HKD,98242.25,False,False,False,False,0,19.5,Completed
P005829,2026-04-06,AC0044,ACH,KRW,2270.87,False,False,False,False,0,1.5,Completed
P006261,2026-04-06,AC0017,Internal transfer,GBP,13679.29,False,False,False,False,0,1.5,Completed
P006381,2026-04-06,AC0028,Local transfer,EUR,614.35,False,False,False,False,0,1.5,Completed
P006433,2026-04-06,AC0034,Local transfer,USD,9159.05,False,True,False,True,0,1.5,Completed
P006541,2026-04-06,AC0032,Local transfer,EUR,92153.77,False,False,False,False,0,1.5,Completed
P006560,2026-04-06,AC0040,Payroll,AUD,29112.8,False,False,False,False,0,1.5,Completed
P006590,2026-04-06,AC0014,Local transfer,CAD,5829.14,False,False,False,False,0,1.5,Completed
P006738,2026-04-06,AC0035,Internal transfer,SGD,10384.68,False,False,False,False,0,1.5,Completed
P006845,2026-04-06,AC0050,Payroll,HKD,23129.69,False,False,False,False,0,1.5,Completed
P006852,2026-04-06,AC0014,Wire,CAD,14258.45,True,False,True,True,21,58.5,Repaired
P006870,2026-04-06,AC0001,Local transfer,USD,30392.88,False,True,False,False,0,1.5,Completed
P006940,2026-04-06,AC0014,ACH,CAD,7527.68,False,False,False,False,0,1.5,Completed
P007097,2026-04-06,AC0017,Local transfer,GBP,17633.79,False,True,False,False,0,1.5,Completed
P007128,2026-04-06,AC0014,Wire,CAD,26141.36,False,False,False,False,0,19.5,Completed
P007172,2026-04-06,AC0041,ACH,JPY,13153.42,False,False,False,False,0,1.5,Completed
P007358,2026-04-06,AC0028,ACH,EUR,6271.09,False,True,False,False,0,1.5,Completed
P007383,2026-04-06,AC0021,Local transfer,EUR,2157.09,False,True,False,False,0,1.5,Completed
P007385,2026-04-06,AC0031,Local transfer,USD,13238.39,False,True,False,False,0,1.5,Completed
P007522,2026-04-06,AC0001,Local transfer,USD,25542.69,False,True,False,False,0,1.5,Completed
P000036,2026-04-07,AC0005,Payroll,USD,96502.34,False,False,False,False,0,1.5,Completed
P000089,2026-04-07,AC0001,Local transfer,USD,12433.03,False,True,False,False,0,1.5,Completed
P000525,2026-04-07,AC0018,Local transfer,GBP,8892.02,False,False,False,False,0,1.5,Completed
P000709,2026-04-07,AC0030,ACH,USD,18268.39,False,False,False,False,0,1.5,Completed
P000792,2026-04-07,AC0014,Wire,CAD,29184.42,False,False,False,False,0,19.5,Completed
P000973,2026-04-07,AC0010,Local transfer,USD,26236.38,False,True,False,False,0,1.5,Completed
P001010,2026-04-07,AC0047,Payroll,INR,257559.77,False,False,False,False,0,1.5,Completed
P001160,2026-04-07,AC0031,Local transfer,USD,18136.84,False,False,False,False,0,1.5,Completed
P001285,2026-04-07,AC0053,Local transfer,USD,12739.7,False,True,False,False,0,1.5,Completed
P001484,2026-04-07,AC0031,Local transfer,USD,542006.18,False,False,False,False,0,1.5,Completed
P001789,2026-04-07,AC0019,Wire,GBP,22763.91,True,True,False,False,0,43.5,Completed
P001826,2026-04-07,AC0044,ACH,KRW,3878.3,False,False,False,False,0,1.5,Completed
P002115,2026-04-07,AC0044,Internal transfer,KRW,12549.38,False,False,False,False,0,1.5,Completed
P002157,2026-04-07,AC0047,ACH,INR,58341.46,False,False,False,False,0,1.5,Completed
P002253,2026-04-07,AC0025,Local transfer,EUR,3601.35,False,False,False,False,0,1.5,Completed
P002389,2026-04-07,AC0020,Wire,GBP,6472.81,True,False,False,False,0,43.5,Completed
P002441,2026-04-07,AC0055,Local transfer,USD,22488.58,False,True,False,False,0,1.5,Completed
P002562,2026-04-07,AC0053,Payroll,USD,25161.31,False,False,False,False,0,1.5,Completed
P002639,2026-04-07,AC0041,Local transfer,JPY,9195.35,False,False,False,False,0,1.5,Completed
P002644,2026-04-07,AC0030,Wire,USD,380311.06,True,False,False,False,0,43.5,Completed
P002696,2026-04-07,AC0001,Local transfer,USD,2562.82,False,False,False,False,0,1.5,Completed
P002781,2026-04-07,AC0054,Internal transfer,USD,7794.38,False,False,False,False,0,1.5,Completed
P002862,2026-04-07,AC0021,Wire,EUR,228829.64,True,False,False,False,0,43.5,Completed
P002937,2026-04-07,AC0013,Wire,USD,32831.8,False,False,False,False,0,19.5,Completed
P003096,2026-04-07,AC0019,ACH,GBP,5647.8,False,False,False,False,0,1.5,Completed
P003123,2026-04-07,AC0014,Local transfer,CAD,3225.01,False,False,False,False,0,1.5,Completed
P003516,2026-04-07,AC0001,Local transfer,USD,17498.26,False,False,False,False,0,1.5,Completed
P003553,2026-04-07,AC0025,Local transfer,EUR,32927.22,False,False,False,False,0,1.5,Completed
P003767,2026-04-07,AC0027,Local transfer,EUR,7979.21,False,False,False,False,0,1.5,Completed
P003945,2026-04-07,AC0050,Local transfer,HKD,9183.73,False,True,False,False,0,1.5,Completed
P004052,2026-04-07,AC0042,ACH,USD,18958.7,False,False,False,False,0,1.5,Completed
P004081,2026-04-07,AC0025,Payroll,EUR,300365.26,False,True,False,False,0,1.5,Completed
P004251,2026-04-07,AC0049,Local transfer,USD,60859.29,False,False,False,False,0,1.5,Completed
P004362,2026-04-07,AC0044,Wire,KRW,2636.69,True,True,False,False,0,43.5,Completed
P004639,2026-04-07,AC0041,Internal transfer,JPY,39728.04,False,False,False,False,0,1.5,Completed
P004728,2026-04-07,AC0043,Internal transfer,JPY,2556.5,False,True,False,False,0,1.5,Completed
P004819,2026-04-07,AC0005,ACH,USD,8671.44,False,False,False,False,0,1.5,Completed
P005032,2026-04-07,AC0012,Local transfer,USD,7564.28,False,False,False,False,0,1.5,Completed
P005082,2026-04-07,AC0051,Local transfer,HKD,3245.21,False,True,False,False,0,1.5,Completed
P005351,2026-04-07,AC0021,ACH,EUR,51447.76,False,True,False,False,0,1.5,Completed
P005635,2026-04-07,AC0041,ACH,JPY,32429.62,False,False,False,False,0,1.5,Completed
P005679,2026-04-07,AC0003,ACH,USD,6209.01,False,False,False,False,0,1.5,Completed
P005855,2026-04-07,AC0010,Payroll,USD,13278.02,False,False,False,False,0,1.5,Completed
P005871,2026-04-07,AC0001,Internal transfer,USD,21419.73,False,False,False,False,0,1.5,Completed
P005887,2026-04-07,AC0053,Payroll,USD,980773.77,False,False,False,False,0,1.5,Completed
P005910,2026-04-07,AC0030,Internal transfer,USD,21300.17,False,False,False,False,0,1.5,Completed
P006130,2026-04-07,AC0017,Local transfer,GBP,869.28,False,True,False,True,0,1.5,Completed
P006155,2026-04-07,AC0033,Tax,EUR,111812.42,False,False,False,False,0,1.5,Completed
P006188,2026-04-07,AC0026,Local transfer,USD,27879.73,False,True,False,False,0,1.5,Completed
P006237,2026-04-07,AC0014,ACH,CAD,39059.66,False,False,False,False,0,1.5,Completed
P006327,2026-04-07,AC0016,Local transfer,CAD,8330.58,False,True,False,False,0,1.5,Completed
P006385,2026-04-07,AC0050,ACH,HKD,2546.7,False,True,False,False,0,1.5,Completed
P006527,2026-04-07,AC0043,Wire,JPY,9391.73,False,True,False,False,0,19.5,Completed
P006783,2026-04-07,AC0012,Local transfer,USD,16216.07,False,False,False,False,0,1.5,Completed
P006871,2026-04-07,AC0044,ACH,KRW,8271.55,False,False,False,False,0,1.5,Completed
P006939,2026-04-07,AC0044,ACH,KRW,4789.58,False,True,False,False,0,1.5,Completed
P006984,2026-04-07,AC0020,ACH,GBP,17861.05,False,False,False,False,0,1.5,Completed
P007157,2026-04-07,AC0043,Internal transfer,JPY,5453.96,False,False,False,False,0,1.5,Completed
P007178,2026-04-07,AC0040,Local transfer,AUD,24703.66,False,False,False,False,0,1.5,Completed
P007263,2026-04-07,AC0005,Wire,USD,12007.87,False,False,False,False,0,19.5,Completed
P007277,2026-04-07,AC0010,Wire,USD,60508.79,True,True,False,False,0,43.5,Completed
P007283,2026-04-07,AC0044,Internal transfer,KRW,11518.01,False,True,False,False,0,1.5,Completed
P007409,2026-04-07,AC0010,ACH,USD,14154.13,False,False,False,False,0,1.5,Completed
P007519,2026-04-07,AC0034,Wire,USD,54298.94,False,True,False,False,0,19.5,Completed
P007542,2026-04-07,AC0021,Payroll,EUR,6989.86,False,False,False,False,0,1.5,Completed
P007580,2026-04-07,AC0014,Payroll,CAD,29946.24,False,False,False,True,0,1.5,Completed
P000107,2026-04-08,AC0012,Local transfer,USD,3665.21,False,False,False,False,0,1.5,Completed
P000317,2026-04-08,AC0040,Payroll,AUD,245227.47,False,False,False,False,0,1.5,Completed
P000425,2026-04-08,AC0042,Wire,USD,2192.49,True,False,False,False,0,43.5,Completed
P000432,2026-04-08,AC0028,ACH,EUR,3113.33,False,False,False,False,0,1.5,Completed
P000607,2026-04-08,AC0001,Local transfer,USD,2153.65,False,True,False,False,0,1.5,Completed
P000719,2026-04-08,AC0007,Local transfer,USD,35180.44,False,False,False,False,0,1.5,Completed
P000806,2026-04-08,AC0002,Tax,USD,491090.44,False,False,False,False,0,1.5,Completed
P000852,2026-04-08,AC0028,Internal transfer,EUR,28887.19,False,False,False,False,0,1.5,Completed
P000896,2026-04-08,AC0030,Local transfer,USD,8332.03,False,False,False,False,0,1.5,Completed
P000970,2026-04-08,AC0031,Internal transfer,USD,7667.21,False,False,False,False,0,1.5,Completed
P000990,2026-04-08,AC0038,Wire,USD,71981.45,True,False,False,False,0,43.5,Completed
P001087,2026-04-08,AC0021,ACH,EUR,49648.38,False,False,False,False,0,1.5,Completed
P001241,2026-04-08,AC0038,ACH,USD,34129.34,False,False,False,True,0,1.5,Completed
P001388,2026-04-08,AC0001,Tax,USD,46621.79,False,True,False,False,0,1.5,Completed
P001537,2026-04-08,AC0038,Local transfer,USD,8608.4,False,False,False,False,0,1.5,Completed
P001687,2026-04-08,AC0014,Internal transfer,CAD,10525.9,False,False,False,False,0,1.5,Completed
P001843,2026-04-08,AC0017,Local transfer,GBP,28550.6,False,False,False,False,0,1.5,Completed
P001901,2026-04-08,AC0014,Local transfer,CAD,22296.32,False,True,False,False,0,1.5,Completed
P002010,2026-04-08,AC0025,Local transfer,EUR,48775.82,False,False,False,False,0,1.5,Completed
P002088,2026-04-08,AC0046,ACH,KRW,1162.34,False,True,False,False,0,1.5,Completed
P002553,2026-04-08,AC0005,Wire,USD,16782.64,False,False,False,False,0,19.5,Completed
P002713,2026-04-08,AC0001,Wire,USD,97304.63,False,True,False,False,0,19.5,Completed
P003097,2026-04-08,AC0013,Payroll,USD,96807.91,False,False,False,False,0,1.5,Completed
P003117,2026-04-08,AC0021,Local transfer,EUR,11483.02,False,True,False,False,0,1.5,Completed
P003216,2026-04-08,AC0038,Payroll,USD,31254.58,False,False,False,False,0,1.5,Completed
P003416,2026-04-08,AC0043,Local transfer,JPY,9499.38,False,True,False,False,0,1.5,Completed
P003432,2026-04-08,AC0034,Local transfer,USD,4217.85,False,False,False,False,0,1.5,Completed
P003513,2026-04-08,AC0053,ACH,USD,4704.24,False,False,False,False,0,1.5,Completed
P003803,2026-04-08,AC0014,Local transfer,CAD,167829.86,False,False,False,False,0,1.5,Completed
P003876,2026-04-08,AC0014,Local transfer,CAD,39769.82,False,False,False,False,0,1.5,Completed
P004014,2026-04-08,AC0010,Local transfer,USD,100047.48,False,False,False,False,0,1.5,Completed
P004245,2026-04-08,AC0028,Local transfer,EUR,60844.92,False,False,False,False,0,1.5,Completed
P004294,2026-04-08,AC0017,Local transfer,GBP,5882.77,False,False,False,False,0,1.5,Completed
P004381,2026-04-08,AC0027,Payroll,EUR,127055.63,False,False,False,False,0,1.5,Completed
P004392,2026-04-08,AC0017,Internal transfer,GBP,9783.29,False,True,True,False,68,16.5,Repaired
P004406,2026-04-08,AC0028,Local transfer,EUR,45345.27,False,False,False,False,0,1.5,Completed
P004767,2026-04-08,AC0014,Wire,CAD,27922.59,False,False,False,False,0,19.5,Completed
P004926,2026-04-08,AC0022,Wire,EUR,8028.72,True,False,False,False,0,43.5,Completed
P005008,2026-04-08,AC0050,ACH,HKD,7174.08,False,False,False,False,0,1.5,Completed
P005072,2026-04-08,AC0039,Local transfer,AUD,2085.22,False,False,False,False,0,1.5,Completed
P005202,2026-04-08,AC0021,Local transfer,EUR,28086.92,False,False,False,False,0,1.5,Completed
P005248,2026-04-08,AC0047,Payroll,INR,571462.14,False,False,False,False,0,1.5,Completed
P005288,2026-04-08,AC0025,Local transfer,EUR,27799.45,False,False,False,False,0,1.5,Completed
P005508,2026-04-08,AC0050,Payroll,HKD,22938.03,False,True,False,False,0,1.5,Completed
P005582,2026-04-08,AC0031,Wire,USD,11031.98,True,True,True,False,19,58.5,Repaired
P005675,2026-04-08,AC0025,ACH,EUR,44714.61,False,False,False,False,0,1.5,Completed
P005950,2026-04-08,AC0012,ACH,USD,6176.95,False,False,False,False,0,1.5,Completed
P006057,2026-04-08,AC0017,Internal transfer,GBP,3124.6,False,False,False,False,0,1.5,Completed
P006146,2026-04-08,AC0017,Internal transfer,GBP,27066.39,False,False,False,False,0,1.5,Completed
P006545,2026-04-08,AC0031,Local transfer,USD,72142.2,False,True,False,False,0,1.5,Completed
P006609,2026-04-08,AC0025,Local transfer,EUR,88813.73,False,False,False,False,0,1.5,Completed
P006652,2026-04-08,AC0023,ACH,EUR,25575.03,False,False,False,False,0,1.5,Completed
P006683,2026-04-08,AC0005,ACH,USD,18114.53,False,False,False,False,0,1.5,Completed
P006728,2026-04-08,AC0010,Wire,USD,4462.46,False,True,False,False,0,19.5,Completed
P006777,2026-04-08,AC0016,Local transfer,CAD,1186.33,False,False,False,False,0,1.5,Completed
P006881,2026-04-08,AC0050,ACH,HKD,3580.14,False,False,False,False,0,1.5,Completed
P006968,2026-04-08,AC0001,Local transfer,USD,38094.68,False,False,False,False,0,1.5,Completed
P007118,2026-04-08,AC0019,ACH,GBP,4440.44,False,False,False,False,0,1.5,Completed
P007491,2026-04-08,AC0001,ACH,USD,16159.65,False,False,False,False,0,1.5,Completed
P000058,2026-04-09,AC0050,Payroll,HKD,4165.27,False,True,False,False,0,1.5,Completed
P000789,2026-04-09,AC0017,Local transfer,GBP,1926.3,False,True,False,False,0,1.5,Completed
P000836,2026-04-09,AC0021,ACH,EUR,74065.08,False,True,False,False,0,1.5,Completed
P000911,2026-04-09,AC0017,ACH,GBP,8141.43,False,False,False,False,0,1.5,Completed
P000912,2026-04-09,AC0021,Payroll,EUR,100617.85,False,False,False,False,0,1.5,Completed
P000985,2026-04-09,AC0001,ACH,USD,40632.82,False,False,False,False,0,1.5,Completed
P001268,2026-04-09,AC0053,Wire,USD,14938.44,True,False,True,False,23,58.5,Repaired
P001361,2026-04-09,AC0018,ACH,GBP,5559.28,False,False,False,False,0,1.5,Completed
P001399,2026-04-09,AC0044,Tax,KRW,24521.58,False,False,False,False,0,1.5,Completed
P001739,2026-04-09,AC0028,Local transfer,EUR,10167.71,False,False,False,False,0,1.5,Completed
P002001,2026-04-09,AC0041,Local transfer,JPY,2148.16,False,False,False,True,0,1.5,Completed
P002191,2026-04-09,AC0005,Wire,USD,4935.96,True,False,False,False,0,43.5,Completed
P002416,2026-04-09,AC0033,ACH,EUR,24945.98,False,True,False,False,0,1.5,Completed
P002538,2026-04-09,AC0032,Payroll,EUR,135020.19,False,False,False,False,0,1.5,Completed
P002620,2026-04-09,AC0050,Local transfer,HKD,7475.33,False,True,False,False,0,1.5,Completed
P002706,2026-04-09,AC0014,Local transfer,CAD,2582.26,False,False,False,False,0,1.5,Completed
P002854,2026-04-09,AC0038,ACH,USD,3321.24,False,False,False,False,0,1.5,Completed
P002888,2026-04-09,AC0025,Local transfer,EUR,6213.46,False,False,False,False,0,1.5,Completed
P003032,2026-04-09,AC0010,ACH,USD,23107.04,False,False,False,False,0,1.5,Completed
P003259,2026-04-09,AC0050,Internal transfer,HKD,9986.0,False,True,False,False,0,1.5,Completed
P003278,2026-04-09,AC0025,Wire,EUR,14222.79,True,True,True,False,74,58.5,Rejected
P003479,2026-04-09,AC0040,ACH,AUD,5954.53,False,True,True,False,34,16.5,Repaired
P003620,2026-04-09,AC0022,ACH,EUR,19004.94,False,True,False,False,0,1.5,Completed
P003631,2026-04-09,AC0032,Wire,EUR,3021.4,True,True,False,False,0,43.5,Completed
P003652,2026-04-09,AC0010,Payroll,USD,98182.08,False,False,False,False,0,1.5,Completed
P003753,2026-04-09,AC0025,Wire,EUR,40913.78,True,True,False,False,0,43.5,Completed
P004006,2026-04-09,AC0027,ACH,EUR,7060.04,False,True,False,False,0,1.5,Completed
P004039,2026-04-09,AC0041,Wire,JPY,5106.14,True,False,False,False,0,43.5,Completed
P004293,2026-04-09,AC0005,Local transfer,USD,2511.52,False,False,False,False,0,1.5,Completed
P004313,2026-04-09,AC0031,Internal transfer,USD,24935.07,False,True,False,False,0,1.5,Completed
P004477,2026-04-09,AC0010,Local transfer,USD,19151.3,False,False,False,False,0,1.5,Completed
P004478,2026-04-09,AC0023,Local transfer,EUR,17973.73,False,False,False,False,0,1.5,Completed
P004612,2026-04-09,AC0025,Local transfer,EUR,15101.46,False,False,False,False,0,1.5,Completed
P004937,2026-04-09,AC0047,Payroll,INR,23281.57,False,False,False,False,0,1.5,Completed
P004977,2026-04-09,AC0031,ACH,USD,4548.13,False,False,False,False,0,1.5,Completed
P004984,2026-04-09,AC0036,Local transfer,SGD,21263.56,False,False,False,False,0,1.5,Completed
P005078,2026-04-09,AC0010,Internal transfer,USD,41561.03,False,False,False,False,0,1.5,Completed
P005135,2026-04-09,AC0001,ACH,USD,19858.0,False,False,False,False,0,1.5,Completed
P005270,2026-04-09,AC0041,Internal transfer,JPY,880.03,False,False,False,False,0,1.5,Completed
P005419,2026-04-09,AC0014,Wire,CAD,1845.44,True,True,False,False,0,43.5,Completed
P005432,2026-04-09,AC0031,Payroll,USD,38300.86,False,False,False,False,0,1.5,Completed
P005448,2026-04-09,AC0055,ACH,USD,60620.94,False,False,False,False,0,1.5,Completed
P005513,2026-04-09,AC0028,Payroll,EUR,7783.3,False,False,True,False,23,16.5,Rejected
P005525,2026-04-09,AC0005,ACH,USD,6210.61,False,False,False,False,0,1.5,Completed
P005647,2026-04-09,AC0005,Wire,USD,61941.47,False,False,False,False,0,19.5,Completed
P005705,2026-04-09,AC0041,Local transfer,JPY,13652.79,False,False,True,True,46,16.5,Repaired
P005881,2026-04-09,AC0044,ACH,KRW,13093.92,False,True,False,True,0,1.5,Completed
P005981,2026-04-09,AC0025,Local transfer,EUR,5880.01,False,False,False,False,0,1.5,Completed
P005984,2026-04-09,AC0001,Payroll,USD,30868.41,False,False,False,False,0,1.5,Completed
P006229,2026-04-09,AC0038,ACH,USD,5436.67,False,False,False,False,0,1.5,Completed
P006377,2026-04-09,AC0044,Wire,KRW,13245.39,True,False,False,False,0,43.5,Completed
P006450,2026-04-09,AC0035,Wire,SGD,5307.83,True,False,False,False,0,43.5,Completed
P006498,2026-04-09,AC0031,Tax,USD,176455.3,False,False,False,False,0,1.5,Completed
P006776,2026-04-09,AC0040,Wire,AUD,8093.86,True,False,False,False,0,43.5,Completed
P006910,2026-04-09,AC0038,Wire,USD,14155.74,False,False,False,False,0,19.5,Completed
P007537,2026-04-09,AC0028,Wire,EUR,3904.19,True,False,True,False,50,58.5,Rejected
P000174,2026-04-10,AC0016,ACH,CAD,6370.02,False,True,False,False,0,1.5,Completed
P000326,2026-04-10,AC0005,Payroll,USD,38651.95,False,False,False,False,0,1.5,Completed
P000497,2026-04-10,AC0018,Wire,GBP,18741.0,False,False,False,False,0,19.5,Completed
P001048,2026-04-10,AC0017,Payroll,GBP,599327.08,False,True,False,False,0,1.5,Completed
P001053,2026-04-10,AC0027,Internal transfer,EUR,2188.92,False,True,False,False,0,1.5,Completed
P001847,2026-04-10,AC0012,Wire,USD,26057.48,True,False,False,True,0,43.5,Completed
P001959,2026-04-10,AC0026,Local transfer,USD,74482.05,False,True,False,False,0,1.5,Completed
P002093,2026-04-10,AC0001,ACH,USD,10402.89,False,True,False,True,0,1.5,Completed
P002252,2026-04-10,AC0041,ACH,JPY,4028.32,False,False,False,False,0,1.5,Completed
P002282,2026-04-10,AC0021,Wire,EUR,12666.03,True,True,False,False,0,43.5,Completed
P002288,2026-04-10,AC0055,ACH,USD,12772.81,False,True,False,False,0,1.5,Completed
P002532,2026-04-10,AC0005,Tax,USD,128957.83,False,True,False,False,0,1.5,Completed
P002766,2026-04-10,AC0041,ACH,JPY,46447.23,False,False,False,False,0,1.5,Completed
P002857,2026-04-10,AC0031,ACH,USD,7520.98,False,True,False,False,0,1.5,Completed
P002889,2026-04-10,AC0047,Wire,INR,13961.61,True,True,False,False,0,43.5,Completed
P002929,2026-04-10,AC0022,ACH,EUR,15830.81,False,False,False,False,0,1.5,Completed
P003140,2026-04-10,AC0041,Internal transfer,JPY,6925.21,False,True,False,False,0,1.5,Completed
P003335,2026-04-10,AC0031,ACH,USD,27045.84,False,False,False,False,0,1.5,Completed
P003550,2026-04-10,AC0044,ACH,KRW,6266.27,False,False,False,False,0,1.5,Completed
P003695,2026-04-10,AC0017,Local transfer,GBP,117957.14,False,False,False,False,0,1.5,Completed
P003748,2026-04-10,AC0038,Local transfer,USD,695.18,False,True,False,True,0,1.5,Completed
P003786,2026-04-10,AC0047,Payroll,INR,65421.16,False,True,True,False,15,16.5,Repaired
P003802,2026-04-10,AC0008,ACH,USD,2624.53,False,False,False,False,0,1.5,Completed
P003812,2026-04-10,AC0025,ACH,EUR,13711.56,False,True,False,False,0,1.5,Completed
P004173,2026-04-10,AC0051,Local transfer,HKD,1335.62,False,False,False,False,0,1.5,Completed
P004349,2026-04-10,AC0052,Wire,HKD,68898.31,True,True,False,False,0,43.5,Completed
P004533,2026-04-10,AC0034,ACH,USD,67289.99,False,False,False,False,0,1.5,Completed
P004550,2026-04-10,AC0054,ACH,USD,9778.15,False,False,False,True,0,1.5,Completed
P004589,2026-04-10,AC0021,Local transfer,EUR,28041.58,False,False,False,False,0,1.5,Completed
P004641,2026-04-10,AC0008,ACH,USD,40755.09,False,False,False,False,0,1.5,Completed
P004709,2026-04-10,AC0031,Local transfer,USD,82157.16,False,True,False,False,0,1.5,Completed
P004736,2026-04-10,AC0040,Wire,AUD,7248.57,False,False,False,False,0,19.5,Completed
P004831,2026-04-10,AC0049,Tax,USD,13545.75,False,False,False,False,0,1.5,Completed
P004892,2026-04-10,AC0025,ACH,EUR,43301.22,False,False,False,False,0,1.5,Completed
P005227,2026-04-10,AC0038,ACH,USD,5964.63,False,False,False,False,0,1.5,Completed
P005455,2026-04-10,AC0022,Payroll,EUR,71749.62,False,True,False,False,0,1.5,Completed
P005670,2026-04-10,AC0001,ACH,USD,16155.07,False,False,False,False,0,1.5,Completed
P005762,2026-04-10,AC0028,Local transfer,EUR,2947.97,False,True,False,False,0,1.5,Completed
P005806,2026-04-10,AC0034,ACH,USD,10746.12,False,True,False,False,0,1.5,Completed
P005856,2026-04-10,AC0053,Tax,USD,36554.31,False,False,False,False,0,1.5,Completed
P005872,2026-04-10,AC0010,Payroll,USD,71250.86,False,False,False,False,0,1.5,Completed
P005911,2026-04-10,AC0050,Payroll,HKD,11971.33,False,True,True,True,18,16.5,Repaired
P005978,2026-04-10,AC0050,ACH,HKD,33063.82,False,False,False,False,0,1.5,Completed
P005996,2026-04-10,AC0005,Wire,USD,36744.4,False,False,False,False,0,19.5,Completed
P006024,2026-04-10,AC0049,Wire,USD,6536.78,True,False,False,False,0,43.5,Completed
P006065,2026-04-10,AC0049,Local transfer,USD,24450.94,False,False,False,False,0,1.5,Completed
P006101,2026-04-10,AC0031,Payroll,USD,59611.94,False,False,False,False,0,1.5,Completed
P006166,2026-04-10,AC0005,Tax,USD,41941.11,False,False,False,False,0,1.5,Completed
P006295,2026-04-10,AC0010,Wire,USD,65357.95,True,True,True,False,16,58.5,Repaired
P006352,2026-04-10,AC0044,Wire,KRW,16154.5,True,False,False,False,0,43.5,Completed
P006355,2026-04-10,AC0017,Payroll,GBP,38796.97,False,False,False,False,0,1.5,Completed
P007478,2026-04-10,AC0033,Local transfer,EUR,7293.79,False,False,False,False,0,1.5,Completed
P000476,2026-04-13,AC0055,ACH,USD,18368.9,False,False,False,False,0,1.5,Completed
P000615,2026-04-13,AC0012,Payroll,USD,482020.32,False,False,False,False,0,1.5,Completed
P000622,2026-04-13,AC0021,ACH,EUR,16937.85,False,False,False,False,0,1.5,Completed
P000791,2026-04-13,AC0011,Payroll,USD,30816.78,False,False,False,False,0,1.5,Completed
P000799,2026-04-13,AC0028,Local transfer,EUR,44911.55,False,False,False,False,0,1.5,Completed
P000891,2026-04-13,AC0018,Local transfer,GBP,37076.19,False,True,False,False,0,1.5,Completed
P001016,2026-04-13,AC0010,Tax,USD,19497.47,False,True,True,False,16,16.5,Repaired
P001028,2026-04-13,AC0010,Local transfer,USD,20009.52,False,False,False,False,0,1.5,Completed
P001091,2026-04-13,AC0055,Payroll,USD,42021.41,False,False,False,False,0,1.5,Completed
P001103,2026-04-13,AC0025,Local transfer,EUR,7445.32,False,True,False,False,0,1.5,Completed
P001192,2026-04-13,AC0018,Local transfer,GBP,7963.98,False,True,False,False,0,1.5,Completed
P001766,2026-04-13,AC0038,Payroll,USD,120144.61,False,True,True,False,17,16.5,Repaired
P001784,2026-04-13,AC0039,Local transfer,AUD,13013.98,False,False,False,False,0,1.5,Completed
P001790,2026-04-13,AC0031,Local transfer,USD,19971.22,False,True,False,False,0,1.5,Completed
P002018,2026-04-13,AC0038,Tax,USD,49664.2,False,True,True,False,38,16.5,Repaired
P002169,2026-04-13,AC0006,Payroll,USD,78297.95,False,False,False,False,0,1.5,Completed
P002293,2026-04-13,AC0028,Local transfer,EUR,5604.49,False,False,False,False,0,1.5,Completed
P002525,2026-04-13,AC0025,ACH,EUR,18110.96,False,False,False,False,0,1.5,Completed
P002560,2026-04-13,AC0021,Local transfer,EUR,29991.52,False,False,False,False,0,1.5,Completed
P002655,2026-04-13,AC0021,Payroll,EUR,298039.13,False,False,False,False,0,1.5,Completed
P003104,2026-04-13,AC0014,Wire,CAD,1093.86,True,False,False,True,0,43.5,Completed
P003370,2026-04-13,AC0008,Wire,USD,39455.98,True,True,False,False,0,43.5,Completed
P003548,2026-04-13,AC0017,Payroll,GBP,67978.25,False,False,False,False,0,1.5,Completed
P003618,2026-04-13,AC0011,Wire,USD,10912.91,False,True,False,True,0,19.5,Completed
P003623,2026-04-13,AC0022,Local transfer,EUR,45538.16,False,False,False,False,0,1.5,Completed
P003825,2026-04-13,AC0014,Tax,CAD,81100.1,False,False,False,False,0,1.5,Completed
P003910,2026-04-13,AC0001,Local transfer,USD,58381.83,False,True,False,False,0,1.5,Completed
P003991,2026-04-13,AC0031,ACH,USD,21010.1,False,False,False,True,0,1.5,Completed
P004129,2026-04-13,AC0053,Local transfer,USD,9797.6,False,True,False,False,0,1.5,Completed
P004141,2026-04-13,AC0003,ACH,USD,2834.33,False,True,False,False,0,1.5,Completed
P004270,2026-04-13,AC0032,ACH,EUR,20666.3,False,False,False,False,0,1.5,Completed
P004561,2026-04-13,AC0031,Internal transfer,USD,14965.62,False,False,False,True,0,1.5,Completed
P004867,2026-04-13,AC0016,Payroll,CAD,30669.88,False,False,False,False,0,1.5,Completed
P004924,2026-04-13,AC0053,Local transfer,USD,8045.61,False,True,False,False,0,1.5,Completed
P004958,2026-04-13,AC0010,Wire,USD,121292.01,False,False,False,False,0,19.5,Completed
P005174,2026-04-13,AC0038,Wire,USD,88975.63,True,True,False,False,0,43.5,Completed
P005175,2026-04-13,AC0019,Wire,GBP,39873.84,True,False,False,False,0,43.5,Completed
P005246,2026-04-13,AC0047,ACH,INR,11531.2,False,True,False,False,0,1.5,Completed
P005328,2026-04-13,AC0019,ACH,GBP,16704.86,False,False,False,False,0,1.5,Completed
P005337,2026-04-13,AC0031,Local transfer,USD,21778.32,False,True,False,False,0,1.5,Completed
P005424,2026-04-13,AC0047,Local transfer,INR,11587.59,False,True,False,False,0,1.5,Completed
P005683,2026-04-13,AC0021,Local transfer,EUR,22273.09,False,False,False,False,0,1.5,Completed
P005773,2026-04-13,AC0043,Local transfer,JPY,11472.39,False,True,True,True,53,16.5,Rejected
P005857,2026-04-13,AC0001,Wire,USD,298814.93,True,True,True,False,56,58.5,Repaired
P006078,2026-04-13,AC0021,Local transfer,EUR,2522.25,False,False,False,True,0,1.5,Completed
P006136,2026-04-13,AC0039,Local transfer,AUD,6313.88,False,False,False,False,0,1.5,Completed
P006285,2026-04-13,AC0040,Wire,AUD,8039.06,True,True,False,False,0,43.5,Completed
P006303,2026-04-13,AC0005,ACH,USD,2252.42,False,False,False,False,0,1.5,Completed
P006336,2026-04-13,AC0053,Local transfer,USD,53591.86,False,True,False,False,0,1.5,Completed
P006426,2026-04-13,AC0052,ACH,HKD,2069.17,False,False,False,False,0,1.5,Completed
P006576,2026-04-13,AC0019,Wire,GBP,38547.47,True,False,False,False,0,43.5,Completed
P006904,2026-04-13,AC0023,Local transfer,EUR,15300.73,False,False,False,False,0,1.5,Completed
P006980,2026-04-13,AC0041,Local transfer,JPY,1352.02,False,False,False,False,0,1.5,Completed
P007043,2026-04-13,AC0005,Local transfer,USD,7643.32,False,True,False,False,0,1.5,Completed
P007130,2026-04-13,AC0046,ACH,KRW,10196.05,False,True,False,False,0,1.5,Completed
P007192,2026-04-13,AC0001,Payroll,USD,39125.85,False,False,True,False,40,16.5,Repaired
P007297,2026-04-13,AC0044,ACH,KRW,10981.72,False,False,False,False,0,1.5,Completed
P007489,2026-04-13,AC0021,Local transfer,EUR,70814.32,False,True,False,False,0,1.5,Completed
P000063,2026-04-14,AC0021,ACH,EUR,67588.21,False,False,False,False,0,1.5,Completed
P000100,2026-04-14,AC0040,Wire,AUD,37675.42,True,False,False,True,0,43.5,Completed
P000139,2026-04-14,AC0033,Wire,EUR,2774.9,True,True,True,False,45,58.5,Repaired
P000227,2026-04-14,AC0025,Wire,EUR,5686.32,True,False,False,False,0,43.5,Completed
P000382,2026-04-14,AC0025,Wire,EUR,37337.86,False,True,False,False,0,19.5,Completed
P000454,2026-04-14,AC0041,Payroll,JPY,40437.04,False,False,False,False,0,1.5,Completed
P000492,2026-04-14,AC0007,ACH,USD,9571.19,False,False,False,False,0,1.5,Completed
P000618,2026-04-14,AC0014,ACH,CAD,13449.25,False,False,False,False,0,1.5,Completed
P000954,2026-04-14,AC0047,Local transfer,INR,15074.94,False,False,False,False,0,1.5,Completed
P000967,2026-04-14,AC0005,Wire,USD,7348.9,True,False,False,False,0,43.5,Completed
P001318,2026-04-14,AC0031,ACH,USD,731.31,False,True,False,False,0,1.5,Completed
P001504,2026-04-14,AC0036,Local transfer,SGD,24893.54,False,False,False,False,0,1.5,Completed
P001752,2026-04-14,AC0014,ACH,CAD,2410.71,False,True,True,False,72,16.5,Repaired
P001786,2026-04-14,AC0054,ACH,USD,2528.9,False,False,False,False,0,1.5,Completed
P001946,2026-04-14,AC0011,ACH,USD,3264.48,False,False,False,False,0,1.5,Completed
P002020,2026-04-14,AC0038,Wire,USD,10908.64,True,False,False,False,0,43.5,Completed
P002027,2026-04-14,AC0047,Local transfer,INR,37836.58,False,False,False,False,0,1.5,Completed
P002048,2026-04-14,AC0002,Local transfer,USD,55213.57,False,True,False,False,0,1.5,Completed
P002052,2026-04-14,AC0030,ACH,USD,21873.69,False,False,False,False,0,1.5,Completed
P002285,2026-04-14,AC0044,ACH,KRW,6033.35,False,False,False,False,0,1.5,Completed
P002333,2026-04-14,AC0020,Local transfer,GBP,5897.95,False,True,False,False,0,1.5,Completed
P002395,2026-04-14,AC0033,Payroll,EUR,48259.3,False,True,False,False,0,1.5,Completed
P002426,2026-04-14,AC0046,ACH,KRW,34942.01,False,True,False,False,0,1.5,Completed
P002551,2026-04-14,AC0053,Local transfer,USD,4591.78,False,False,False,False,0,1.5,Completed
P002878,2026-04-14,AC0023,Local transfer,EUR,4247.28,False,False,False,False,0,1.5,Completed
P002886,2026-04-14,AC0053,Local transfer,USD,25244.32,False,False,False,False,0,1.5,Completed
P002914,2026-04-14,AC0034,ACH,USD,1435.49,False,False,False,False,0,1.5,Completed
P002954,2026-04-14,AC0005,Payroll,USD,24450.49,False,False,False,False,0,1.5,Completed
P002989,2026-04-14,AC0031,Local transfer,USD,4644.13,False,False,False,False,0,1.5,Completed
P003128,2026-04-14,AC0020,Wire,GBP,34652.05,False,False,False,False,0,19.5,Completed
P003356,2026-04-14,AC0028,Local transfer,EUR,50576.18,False,False,False,False,0,1.5,Completed
P003515,2026-04-14,AC0010,Wire,USD,7079.11,True,True,True,False,49,58.5,Repaired
P003809,2026-04-14,AC0041,Internal transfer,JPY,3944.82,False,False,False,False,0,1.5,Completed
P003896,2026-04-14,AC0028,Local transfer,EUR,10521.5,False,False,False,False,0,1.5,Completed
P004026,2026-04-14,AC0050,ACH,HKD,23501.79,False,True,True,False,66,16.5,Repaired
P004205,2026-04-14,AC0012,Internal transfer,USD,2102.74,False,False,True,True,33,16.5,Repaired
P004230,2026-04-14,AC0010,ACH,USD,57085.07,False,False,False,False,0,1.5,Completed
P004470,2026-04-14,AC0001,Payroll,USD,3583.15,False,True,False,False,0,1.5,Completed
P004850,2026-04-14,AC0001,Local transfer,USD,2722.12,False,True,False,False,0,1.5,Completed
P004853,2026-04-14,AC0012,ACH,USD,7887.34,False,True,False,False,0,1.5,Completed
P004909,2026-04-14,AC0005,ACH,USD,8614.71,False,False,False,False,0,1.5,Completed
P005016,2026-04-14,AC0016,Local transfer,CAD,9158.69,False,False,False,False,0,1.5,Completed
P005118,2026-04-14,AC0014,Local transfer,CAD,15932.97,False,False,False,False,0,1.5,Completed
P005279,2026-04-14,AC0035,Local transfer,SGD,16533.06,False,True,True,False,62,16.5,Repaired
P005458,2026-04-14,AC0046,Local transfer,KRW,8793.88,False,True,False,False,0,1.5,Completed
P005536,2026-04-14,AC0036,ACH,SGD,3009.93,False,False,False,False,0,1.5,Completed
P005554,2026-04-14,AC0010,Local transfer,USD,10181.61,False,True,False,False,0,1.5,Completed
P005578,2026-04-14,AC0034,Local transfer,USD,14247.55,False,False,False,False,0,1.5,Completed
P005597,2026-04-14,AC0014,Internal transfer,CAD,34102.59,False,True,False,False,0,1.5,Completed
P005728,2026-04-14,AC0045,ACH,KRW,4220.56,False,False,False,False,0,1.5,Completed
P005786,2026-04-14,AC0017,Payroll,GBP,10522.5,False,True,False,False,0,1.5,Completed
P005975,2026-04-14,AC0039,Wire,AUD,31618.81,True,True,True,False,56,58.5,Repaired
P005990,2026-04-14,AC0025,Tax,EUR,13110.83,False,True,False,False,0,1.5,Completed
P006061,2026-04-14,AC0001,ACH,USD,21903.05,False,False,False,False,0,1.5,Completed
P006164,2026-04-14,AC0028,Internal transfer,EUR,4231.76,False,False,False,False,0,1.5,Completed
P006223,2026-04-14,AC0001,ACH,USD,7360.76,False,False,False,False,0,1.5,Completed
P006326,2026-04-14,AC0025,Local transfer,EUR,7800.91,False,False,False,False,0,1.5,Completed
P006353,2026-04-14,AC0001,Local transfer,USD,39898.17,False,False,False,False,0,1.5,Completed
P006376,2026-04-14,AC0034,Local transfer,USD,8978.75,False,True,False,False,0,1.5,Completed
P006517,2026-04-14,AC0053,Tax,USD,12922.76,False,False,False,False,0,1.5,Completed
P006675,2026-04-14,AC0044,Local transfer,KRW,9364.77,False,False,False,False,0,1.5,Completed
P006841,2026-04-14,AC0028,Local transfer,EUR,4137.18,False,False,False,False,0,1.5,Completed
P007054,2026-04-14,AC0016,Payroll,CAD,60614.14,False,True,False,False,0,1.5,Completed
P007134,2026-04-14,AC0028,Wire,EUR,74297.85,False,False,False,False,0,19.5,Completed
P007231,2026-04-14,AC0038,ACH,USD,4978.58,False,False,False,False,0,1.5,Completed
P007536,2026-04-14,AC0018,ACH,GBP,6313.46,False,False,False,False,0,1.5,Completed
P000075,2026-04-15,AC0025,Payroll,EUR,52700.07,False,True,False,False,0,1.5,Completed
P000076,2026-04-15,AC0021,Local transfer,EUR,2888.56,False,False,False,True,0,1.5,Completed
P000141,2026-04-15,AC0044,Payroll,KRW,21583.38,False,False,False,False,0,1.5,Completed
P000171,2026-04-15,AC0050,Wire,HKD,42978.48,False,False,False,False,0,19.5,Completed
P000263,2026-04-15,AC0053,ACH,USD,10469.15,False,False,False,False,0,1.5,Completed
P000377,2026-04-15,AC0040,Local transfer,AUD,11893.23,False,True,False,False,0,1.5,Completed
P000446,2026-04-15,AC0031,Internal transfer,USD,1123.24,False,True,False,False,0,1.5,Completed
P000465,2026-04-15,AC0034,Internal transfer,USD,7288.95,False,True,False,False,0,1.5,Completed
P000545,2026-04-15,AC0041,Wire,JPY,16703.42,False,False,False,False,0,19.5,Completed
P000712,2026-04-15,AC0047,ACH,INR,5622.89,False,True,False,False,0,1.5,Completed
P000720,2026-04-15,AC0010,Local transfer,USD,685.22,False,False,False,False,0,1.5,Completed
P000794,2026-04-15,AC0007,ACH,USD,2703.04,False,False,False,False,0,1.5,Completed
P000808,2026-04-15,AC0044,Local transfer,KRW,20711.69,False,True,False,False,0,1.5,Completed
P001572,2026-04-15,AC0050,ACH,HKD,6101.75,False,True,False,False,0,1.5,Completed
P001727,2026-04-15,AC0034,Wire,USD,16898.26,False,False,False,False,0,19.5,Completed
P001821,2026-04-15,AC0021,ACH,EUR,5256.33,False,False,False,False,0,1.5,Completed
P001875,2026-04-15,AC0014,ACH,CAD,36901.74,False,True,True,True,32,16.5,Repaired
P001878,2026-04-15,AC0034,Local transfer,USD,6099.89,False,False,False,False,0,1.5,Completed
P002135,2026-04-15,AC0047,Payroll,INR,51540.18,False,False,False,False,0,1.5,Completed
P002277,2026-04-15,AC0007,Wire,USD,17152.06,False,False,False,False,0,19.5,Completed
P002506,2026-04-15,AC0031,Local transfer,USD,7304.36,False,False,False,False,0,1.5,Completed
P002558,2026-04-15,AC0050,Local transfer,HKD,9294.27,False,True,False,False,0,1.5,Completed
P003205,2026-04-15,AC0031,Local transfer,USD,125301.55,False,False,False,False,0,1.5,Completed
P003226,2026-04-15,AC0038,Payroll,USD,28304.95,False,False,False,True,0,1.5,Completed
P003330,2026-04-15,AC0038,Payroll,USD,60593.4,False,False,False,False,0,1.5,Completed
P003394,2026-04-15,AC0050,Internal transfer,HKD,8235.44,False,True,False,False,0,1.5,Completed
P003666,2026-04-15,AC0050,Payroll,HKD,22265.51,False,True,False,False,0,1.5,Completed
P003834,2026-04-15,AC0001,Local transfer,USD,43200.31,False,True,False,False,0,1.5,Completed
P003835,2026-04-15,AC0047,Local transfer,INR,6553.03,False,True,False,False,0,1.5,Completed
P003947,2026-04-15,AC0010,Local transfer,USD,24542.2,False,True,False,False,0,1.5,Completed
P004031,2026-04-15,AC0034,Wire,USD,18424.8,False,False,False,False,0,19.5,Completed
P004074,2026-04-15,AC0054,Local transfer,USD,15436.68,False,False,False,False,0,1.5,Completed
P004097,2026-04-15,AC0017,Internal transfer,GBP,5417.42,False,True,False,False,0,1.5,Completed
P004149,2026-04-15,AC0047,Local transfer,INR,990.35,False,False,False,False,0,1.5,Completed
P004203,2026-04-15,AC0017,ACH,GBP,13169.53,False,True,True,False,54,16.5,Repaired
P004348,2026-04-15,AC0001,Local transfer,USD,11048.33,False,False,False,False,0,1.5,Completed
P004376,2026-04-15,AC0005,Tax,USD,90697.3,False,False,False,False,0,1.5,Completed
P004398,2026-04-15,AC0021,Wire,EUR,37488.45,True,False,False,True,0,43.5,Completed
P004671,2026-04-15,AC0017,Tax,GBP,98165.42,False,False,False,False,0,1.5,Completed
P004718,2026-04-15,AC0005,Payroll,USD,21372.78,False,True,False,False,0,1.5,Completed
P004760,2026-04-15,AC0014,ACH,CAD,2450.39,False,False,False,False,0,1.5,Completed
P005065,2026-04-15,AC0044,Local transfer,KRW,12205.77,False,False,False,False,0,1.5,Completed
P005100,2026-04-15,AC0050,Wire,HKD,25523.63,False,False,False,False,0,19.5,Completed
P005158,2026-04-15,AC0052,Tax,HKD,200984.6,False,False,False,False,0,1.5,Completed
P005223,2026-04-15,AC0050,Payroll,HKD,119692.95,False,False,False,False,0,1.5,Completed
P005723,2026-04-15,AC0021,Internal transfer,EUR,23522.44,False,False,False,True,0,1.5,Completed
P005801,2026-04-15,AC0033,Wire,EUR,24879.72,True,False,False,False,0,43.5,Completed
P005818,2026-04-15,AC0031,Wire,USD,15484.57,False,True,False,False,0,19.5,Completed
P005836,2026-04-15,AC0038,Wire,USD,58780.32,True,False,False,False,0,43.5,Completed
P006006,2026-04-15,AC0044,Local transfer,KRW,1187.33,False,True,False,False,0,1.5,Completed
P006331,2026-04-15,AC0038,Internal transfer,USD,23055.45,False,False,False,False,0,1.5,Completed
P006429,2026-04-15,AC0040,Local transfer,AUD,65968.56,False,True,False,False,0,1.5,Completed
P006589,2026-04-15,AC0025,Local transfer,EUR,13968.12,False,False,False,False,0,1.5,Completed
P006928,2026-04-15,AC0051,Payroll,HKD,29582.09,False,False,False,False,0,1.5,Completed
P007073,2026-04-15,AC0036,ACH,SGD,3624.39,False,True,False,True,0,1.5,Completed
P007085,2026-04-15,AC0031,Local transfer,USD,3650.2,False,False,False,False,0,1.5,Completed
P007174,2026-04-15,AC0040,Local transfer,AUD,11047.58,False,False,False,False,0,1.5,Completed
P007295,2026-04-15,AC0003,ACH,USD,8033.07,False,True,False,True,0,1.5,Completed
P007350,2026-04-15,AC0053,Local transfer,USD,6722.89,False,False,False,False,0,1.5,Completed
P007480,2026-04-15,AC0025,ACH,EUR,28137.09,False,False,False,False,0,1.5,Completed
P007553,2026-04-15,AC0016,ACH,CAD,41148.66,False,False,False,False,0,1.5,Completed
P000210,2026-04-16,AC0021,Local transfer,EUR,5446.21,False,True,False,False,0,1.5,Completed
P000351,2026-04-16,AC0010,Local transfer,USD,11689.82,False,False,False,False,0,1.5,Completed
P000352,2026-04-16,AC0034,ACH,USD,79940.53,False,False,False,False,0,1.5,Completed
P000392,2026-04-16,AC0044,Local transfer,KRW,42810.54,False,True,False,False,0,1.5,Completed
P000409,2026-04-16,AC0041,Local transfer,JPY,18248.65,False,False,False,False,0,1.5,Completed
P000420,2026-04-16,AC0021,Local transfer,EUR,8962.75,False,True,False,False,0,1.5,Completed
P000486,2026-04-16,AC0001,Tax,USD,261285.69,False,False,False,False,0,1.5,Completed
P000664,2026-04-16,AC0055,Payroll,USD,15701.91,False,True,False,False,0,1.5,Completed
P000804,2026-04-16,AC0053,Local transfer,USD,19961.33,False,False,False,False,0,1.5,Completed
P000850,2026-04-16,AC0044,Payroll,KRW,55649.39,False,False,False,False,0,1.5,Completed
P000929,2026-04-16,AC0030,Local transfer,USD,2119.85,False,False,False,False,0,1.5,Completed
P000943,2026-04-16,AC0028,Internal transfer,EUR,25791.13,False,True,False,True,0,1.5,Completed
P001097,2026-04-16,AC0038,Payroll,USD,43984.7,False,False,False,False,0,1.5,Completed
P001319,2026-04-16,AC0033,Tax,EUR,14031.52,False,False,False,False,0,1.5,Completed
P001330,2026-04-16,AC0014,Wire,CAD,8566.92,False,False,False,True,0,19.5,Completed
P001441,2026-04-16,AC0030,Local transfer,USD,67246.65,False,True,False,False,0,1.5,Completed
P001595,2026-04-16,AC0049,Internal transfer,USD,35570.37,False,False,False,False,0,1.5,Completed
P001630,2026-04-16,AC0006,ACH,USD,50259.01,False,False,False,False,0,1.5,Completed
P001650,2026-04-16,AC0050,Wire,HKD,46135.28,True,True,False,False,0,43.5,Completed
P001824,2026-04-16,AC0052,Payroll,HKD,50120.5,False,False,False,False,0,1.5,Completed
P002065,2026-04-16,AC0018,ACH,GBP,11738.74,False,True,False,False,0,1.5,Completed
P002231,2026-04-16,AC0050,Local transfer,HKD,8661.06,False,True,False,False,0,1.5,Completed
P002326,2026-04-16,AC0028,Local transfer,EUR,4532.62,False,False,False,False,0,1.5,Completed
P002554,2026-04-16,AC0038,Local transfer,USD,4805.33,False,True,False,False,0,1.5,Completed
P002577,2026-04-16,AC0001,Local transfer,USD,6175.4,False,True,False,False,0,1.5,Completed
P002762,2026-04-16,AC0031,Local transfer,USD,6439.67,False,False,False,False,0,1.5,Completed
P002883,2026-04-16,AC0021,Local transfer,EUR,3309.9,False,False,False,False,0,1.5,Completed
P003270,2026-04-16,AC0053,ACH,USD,4334.34,False,False,False,False,0,1.5,Completed
P003365,2026-04-16,AC0017,ACH,GBP,44906.48,False,False,False,False,0,1.5,Completed
P003415,2026-04-16,AC0047,Wire,INR,13806.26,False,True,False,False,0,19.5,Completed
P003621,2026-04-16,AC0028,Wire,EUR,21682.48,True,True,False,False,0,43.5,Completed
P003999,2026-04-16,AC0010,Internal transfer,USD,2807.34,False,True,False,False,0,1.5,Completed
P004065,2026-04-16,AC0005,Wire,USD,29876.76,False,True,False,False,0,19.5,Completed
P004134,2026-04-16,AC0005,ACH,USD,3341.65,False,False,False,False,0,1.5,Completed
P004475,2026-04-16,AC0053,ACH,USD,51250.97,False,False,False,False,0,1.5,Completed
P004494,2026-04-16,AC0028,Payroll,EUR,32609.47,False,False,False,False,0,1.5,Completed
P004636,2026-04-16,AC0033,Local transfer,EUR,76116.1,False,False,False,False,0,1.5,Completed
P004675,2026-04-16,AC0010,Payroll,USD,117105.44,False,True,False,False,0,1.5,Completed
P004866,2026-04-16,AC0053,ACH,USD,5396.96,False,True,False,False,0,1.5,Completed
P004935,2026-04-16,AC0019,ACH,GBP,6920.6,False,False,True,False,50,16.5,Repaired
P005036,2026-04-16,AC0014,Local transfer,CAD,13727.94,False,False,False,False,0,1.5,Completed
P005406,2026-04-16,AC0017,Local transfer,GBP,41895.09,False,False,False,False,0,1.5,Completed
P005654,2026-04-16,AC0044,Tax,KRW,162647.66,False,False,False,False,0,1.5,Completed
P005737,2026-04-16,AC0044,Internal transfer,KRW,13286.81,False,True,False,True,0,1.5,Completed
P006042,2026-04-16,AC0010,Local transfer,USD,43177.22,False,True,False,True,0,1.5,Completed
P006251,2026-04-16,AC0051,Wire,HKD,38671.32,True,False,False,False,0,43.5,Completed
P006382,2026-04-16,AC0005,Wire,USD,5794.92,False,False,False,False,0,19.5,Completed
P006491,2026-04-16,AC0010,ACH,USD,16331.66,False,False,False,False,0,1.5,Completed
P006548,2026-04-16,AC0036,ACH,SGD,56120.12,False,False,False,False,0,1.5,Completed
P006926,2026-04-16,AC0021,ACH,EUR,6809.71,False,True,False,False,0,1.5,Completed
P007031,2026-04-16,AC0025,Wire,EUR,21565.2,False,True,False,False,0,19.5,Completed
P007084,2026-04-16,AC0021,Local transfer,EUR,9675.99,False,False,False,False,0,1.5,Completed
P007127,2026-04-16,AC0044,Local transfer,KRW,5268.54,False,False,False,False,0,1.5,Completed
P007253,2026-04-16,AC0053,Local transfer,USD,8672.08,False,False,False,False,0,1.5,Completed
P007549,2026-04-16,AC0010,Local transfer,USD,8692.55,False,True,False,False,0,1.5,Completed
P000077,2026-04-17,AC0047,Local transfer,INR,33384.05,False,True,True,False,21,16.5,Repaired
P000079,2026-04-17,AC0005,Wire,USD,17903.52,True,False,False,False,0,43.5,Completed
P000184,2026-04-17,AC0001,ACH,USD,19604.22,False,False,False,False,0,1.5,Completed
P000186,2026-04-17,AC0052,Local transfer,HKD,21547.71,False,True,False,False,0,1.5,Completed
P000258,2026-04-17,AC0036,Wire,SGD,2949.6,True,False,False,False,0,43.5,Completed
P000309,2026-04-17,AC0011,Wire,USD,1516.64,True,True,False,False,0,43.5,Completed
P000338,2026-04-17,AC0005,Local transfer,USD,9450.71,False,False,False,False,0,1.5,Completed
P000357,2026-04-17,AC0044,Local transfer,KRW,12484.01,False,True,True,False,27,16.5,Repaired
P001026,2026-04-17,AC0038,Local transfer,USD,6588.32,False,False,False,False,0,1.5,Completed
P001068,2026-04-17,AC0025,Wire,EUR,47073.41,True,False,False,False,0,43.5,Completed
P001152,2026-04-17,AC0025,Internal transfer,EUR,17337.47,False,False,False,False,0,1.5,Completed
P001235,2026-04-17,AC0018,ACH,GBP,269055.08,False,False,False,False,0,1.5,Completed
P001530,2026-04-17,AC0054,Local transfer,USD,33079.56,False,False,False,False,0,1.5,Completed
P001622,2026-04-17,AC0014,Local transfer,CAD,33864.01,False,True,False,False,0,1.5,Completed
P001800,2026-04-17,AC0048,ACH,INR,5155.75,False,False,False,False,0,1.5,Completed
P002247,2026-04-17,AC0042,Wire,USD,3491.82,False,False,False,False,0,19.5,Completed
P002262,2026-04-17,AC0046,ACH,KRW,3223.25,False,True,True,False,72,16.5,Repaired
P002723,2026-04-17,AC0034,Wire,USD,43556.71,False,True,False,False,0,19.5,Completed
P002824,2026-04-17,AC0014,ACH,CAD,95325.78,False,False,False,False,0,1.5,Completed
P002958,2026-04-17,AC0017,ACH,GBP,19956.93,False,True,True,False,22,16.5,Repaired
P003006,2026-04-17,AC0025,ACH,EUR,615.34,False,True,False,False,0,1.5,Completed
P003233,2026-04-17,AC0018,Local transfer,GBP,15999.69,False,True,False,False,0,1.5,Completed
P003246,2026-04-17,AC0051,Local transfer,HKD,13212.72,False,True,False,False,0,1.5,Completed
P003544,2026-04-17,AC0014,ACH,CAD,1916.04,False,False,False,False,0,1.5,Completed
P003589,2026-04-17,AC0028,Local transfer,EUR,30016.84,False,True,False,False,0,1.5,Completed
P003723,2026-04-17,AC0010,Wire,USD,21723.11,False,True,False,False,0,19.5,Completed
P003813,2026-04-17,AC0036,ACH,SGD,2603.74,False,True,False,False,0,1.5,Completed
P003906,2026-04-17,AC0031,Wire,USD,5087.85,True,False,False,False,0,43.5,Completed
P004107,2026-04-17,AC0005,ACH,USD,4550.65,False,False,False,False,0,1.5,Completed
P004215,2026-04-17,AC0021,Internal transfer,EUR,7546.36,False,False,False,False,0,1.5,Completed
P004268,2026-04-17,AC0050,ACH,HKD,60248.61,False,True,False,False,0,1.5,Completed
P004275,2026-04-17,AC0046,Payroll,KRW,707869.38,False,True,False,True,0,1.5,Completed
P004305,2026-04-17,AC0049,Wire,USD,11107.11,True,False,False,False,0,43.5,Completed
P004322,2026-04-17,AC0025,Wire,EUR,8238.73,True,False,False,False,0,43.5,Completed
P004373,2026-04-17,AC0017,Payroll,GBP,170498.61,False,False,False,False,0,1.5,Completed
P004425,2026-04-17,AC0017,Local transfer,GBP,15787.48,False,True,True,False,12,16.5,Repaired
P004474,2026-04-17,AC0019,Wire,GBP,31943.49,True,False,True,False,12,58.5,Repaired
P004493,2026-04-17,AC0047,Tax,INR,91298.07,False,True,False,False,0,1.5,Completed
P004750,2026-04-17,AC0028,Local transfer,EUR,14302.27,False,False,False,False,0,1.5,Completed
P005111,2026-04-17,AC0001,Local transfer,USD,6054.63,False,False,False,False,0,1.5,Completed
P005188,2026-04-17,AC0032,Payroll,EUR,6112.57,False,True,False,False,0,1.5,Completed
P005431,2026-04-17,AC0014,Local transfer,CAD,8769.78,False,False,False,False,0,1.5,Completed
P005530,2026-04-17,AC0043,Local transfer,JPY,42157.6,False,True,False,False,0,1.5,Completed
P005775,2026-04-17,AC0053,Wire,USD,76461.84,True,True,False,False,0,43.5,Completed
P005780,2026-04-17,AC0003,ACH,USD,5362.17,False,False,False,False,0,1.5,Completed
P006301,2026-04-17,AC0029,Payroll,EUR,9110.18,False,False,False,False,0,1.5,Completed
P006319,2026-04-17,AC0053,Local transfer,USD,22076.86,False,False,False,False,0,1.5,Completed
P006383,2026-04-17,AC0021,Local transfer,EUR,43041.34,False,True,False,True,0,1.5,Completed
P006533,2026-04-17,AC0028,ACH,EUR,7527.36,False,True,False,False,0,1.5,Completed
P006555,2026-04-17,AC0016,Wire,CAD,7904.48,False,True,False,False,0,19.5,Completed
P006623,2026-04-17,AC0005,Local transfer,USD,15193.49,False,False,False,False,0,1.5,Completed
P006682,2026-04-17,AC0052,Local transfer,HKD,10314.2,False,False,False,False,0,1.5,Completed
P007162,2026-04-17,AC0017,Internal transfer,GBP,13895.97,False,True,False,False,0,1.5,Completed
P007278,2026-04-17,AC0001,Wire,USD,10079.53,True,False,False,False,0,43.5,Completed
P007339,2026-04-17,AC0038,Local transfer,USD,37695.74,False,False,False,False,0,1.5,Completed
P007531,2026-04-17,AC0010,Wire,USD,4401.6,True,False,False,False,0,43.5,Completed
P007562,2026-04-17,AC0049,ACH,USD,9429.97,False,False,False,False,0,1.5,Completed
P000291,2026-04-20,AC0034,Local transfer,USD,7096.52,False,False,False,False,0,1.5,Completed
P000292,2026-04-20,AC0021,ACH,EUR,9956.19,False,False,False,False,0,1.5,Completed
P000474,2026-04-20,AC0053,Wire,USD,5339.45,False,False,False,False,0,19.5,Completed
P000550,2026-04-20,AC0001,ACH,USD,7988.16,False,False,False,False,0,1.5,Completed
P000874,2026-04-20,AC0010,Local transfer,USD,26436.88,False,False,False,False,0,1.5,Completed
P000888,2026-04-20,AC0018,Wire,GBP,29658.85,True,True,False,False,0,43.5,Completed
P001034,2026-04-20,AC0045,Wire,KRW,8090.12,True,True,False,True,0,43.5,Completed
P001063,2026-04-20,AC0014,Payroll,CAD,45940.98,False,True,False,False,0,1.5,Completed
P001162,2026-04-20,AC0034,ACH,USD,28998.94,False,False,False,False,0,1.5,Completed
P001454,2026-04-20,AC0044,Local transfer,KRW,12938.99,False,False,False,False,0,1.5,Completed
P001612,2026-04-20,AC0050,Wire,HKD,13846.33,False,False,False,False,0,19.5,Completed
P001666,2026-04-20,AC0050,Local transfer,HKD,2274.77,False,False,False,False,0,1.5,Completed
P002032,2026-04-20,AC0028,Wire,EUR,4584.63,False,False,False,False,0,19.5,Completed
P002144,2026-04-20,AC0017,Local transfer,GBP,1664.13,False,False,False,False,0,1.5,Completed
P002200,2026-04-20,AC0044,Wire,KRW,71990.45,False,False,False,False,0,19.5,Completed
P002331,2026-04-20,AC0050,Payroll,HKD,65224.16,False,False,False,False,0,1.5,Completed
P002483,2026-04-20,AC0001,Payroll,USD,74135.97,False,True,False,False,0,1.5,Completed
P002516,2026-04-20,AC0032,Wire,EUR,6083.68,True,True,False,False,0,43.5,Completed
P002622,2026-04-20,AC0034,ACH,USD,3192.33,False,False,False,False,0,1.5,Completed
P002791,2026-04-20,AC0025,Internal transfer,EUR,10848.11,False,False,False,False,0,1.5,Completed
P002850,2026-04-20,AC0019,Local transfer,GBP,14106.55,False,False,False,False,0,1.5,Completed
P003267,2026-04-20,AC0036,Local transfer,SGD,5530.24,False,True,False,False,0,1.5,Completed
P003463,2026-04-20,AC0022,Tax,EUR,26918.89,False,False,False,False,0,1.5,Completed
P003562,2026-04-20,AC0053,Payroll,USD,85299.74,False,False,False,False,0,1.5,Completed
P003799,2026-04-20,AC0010,ACH,USD,105363.71,False,False,False,False,0,1.5,Completed
P003840,2026-04-20,AC0011,Tax,USD,25959.14,False,False,False,False,0,1.5,Completed
P003895,2026-04-20,AC0038,ACH,USD,5935.44,False,False,False,False,0,1.5,Completed
P004030,2026-04-20,AC0033,ACH,EUR,3467.43,False,False,False,False,0,1.5,Completed
P004035,2026-04-20,AC0047,ACH,INR,7112.09,False,True,False,False,0,1.5,Completed
P004162,2026-04-20,AC0053,ACH,USD,15464.84,False,False,False,False,0,1.5,Completed
P004546,2026-04-20,AC0031,Local transfer,USD,56432.72,False,False,False,False,0,1.5,Completed
P004592,2026-04-20,AC0053,Local transfer,USD,10240.94,False,False,False,False,0,1.5,Completed
P005204,2026-04-20,AC0052,Internal transfer,HKD,34917.41,False,False,False,False,0,1.5,Completed
P005226,2026-04-20,AC0041,Local transfer,JPY,3939.56,False,False,False,False,0,1.5,Completed
P005236,2026-04-20,AC0041,Local transfer,JPY,9434.0,False,False,False,False,0,1.5,Completed
P005282,2026-04-20,AC0014,Local transfer,CAD,4593.14,False,False,True,True,49,16.5,Repaired
P005410,2026-04-20,AC0002,Internal transfer,USD,12571.1,False,False,False,False,0,1.5,Completed
P005710,2026-04-20,AC0050,ACH,HKD,3100.75,False,True,True,False,22,16.5,Repaired
P006056,2026-04-20,AC0025,Local transfer,EUR,13683.3,False,False,False,False,0,1.5,Completed
P006666,2026-04-20,AC0048,Internal transfer,INR,9340.76,False,True,False,False,0,1.5,Completed
P006678,2026-04-20,AC0015,Payroll,CAD,64188.71,False,False,False,False,0,1.5,Completed
P006749,2026-04-20,AC0014,Wire,CAD,17099.52,True,True,False,False,0,43.5,Completed
P006902,2026-04-20,AC0047,Local transfer,INR,24460.09,False,False,False,False,0,1.5,Completed
P006996,2026-04-20,AC0011,Local transfer,USD,25403.89,False,False,False,False,0,1.5,Completed
P007071,2026-04-20,AC0017,ACH,GBP,27227.17,False,True,False,False,0,1.5,Completed
P007365,2026-04-20,AC0007,Local transfer,USD,4416.38,False,True,False,False,0,1.5,Completed
P007366,2026-04-20,AC0050,Local transfer,HKD,17153.06,False,True,False,False,0,1.5,Completed
P000025,2026-04-21,AC0051,Payroll,HKD,204750.34,False,False,False,False,0,1.5,Completed
P000027,2026-04-21,AC0010,Local transfer,USD,50207.09,False,False,False,False,0,1.5,Completed
P000055,2026-04-21,AC0034,ACH,USD,5442.98,False,True,False,False,0,1.5,Completed
P000331,2026-04-21,AC0032,Wire,EUR,11560.15,True,False,True,False,73,58.5,Repaired
P000337,2026-04-21,AC0047,Local transfer,INR,75236.48,False,True,False,False,0,1.5,Completed
P000520,2026-04-21,AC0017,ACH,GBP,8555.57,False,True,True,False,31,16.5,Repaired
P000586,2026-04-21,AC0001,Payroll,USD,53516.66,False,False,False,False,0,1.5,Completed
P000653,2026-04-21,AC0018,Wire,GBP,47170.89,False,False,False,False,0,19.5,Completed
P000654,2026-04-21,AC0031,Local transfer,USD,1451.42,False,False,False,False,0,1.5,Completed
P000671,2026-04-21,AC0015,Payroll,CAD,12857.94,False,False,False,False,0,1.5,Completed
P000675,2026-04-21,AC0025,ACH,EUR,22717.91,False,True,False,False,0,1.5,Completed
P000735,2026-04-21,AC0025,Local transfer,EUR,7326.88,False,False,False,False,0,1.5,Completed
P000740,2026-04-21,AC0050,Wire,HKD,3609.48,True,False,False,True,0,43.5,Completed
P000810,2026-04-21,AC0025,Wire,EUR,3147.71,True,True,False,False,0,43.5,Completed
P000842,2026-04-21,AC0017,Wire,GBP,7735.36,False,False,False,False,0,19.5,Completed
P000900,2026-04-21,AC0010,Payroll,USD,103489.29,False,False,False,False,0,1.5,Completed
P000996,2026-04-21,AC0050,Local transfer,HKD,7309.16,False,False,True,False,47,16.5,Rejected
P001202,2026-04-21,AC0005,ACH,USD,97268.69,False,False,False,False,0,1.5,Completed
P001378,2026-04-21,AC0027,Payroll,EUR,11045.08,False,False,False,False,0,1.5,Completed
P001437,2026-04-21,AC0053,Local transfer,USD,21500.09,False,False,False,False,0,1.5,Completed
P001803,2026-04-21,AC0001,Local transfer,USD,4293.24,False,True,False,False,0,1.5,Completed
P001940,2026-04-21,AC0031,Local transfer,USD,7185.67,False,False,False,False,0,1.5,Completed
P002002,2026-04-21,AC0050,Payroll,HKD,9715.14,False,True,True,False,65,16.5,Repaired
P002038,2026-04-21,AC0038,Wire,USD,2469.73,False,False,False,False,0,19.5,Completed
P002092,2026-04-21,AC0054,Local transfer,USD,8835.86,False,False,False,False,0,1.5,Completed
P002584,2026-04-21,AC0042,ACH,USD,5757.64,False,False,False,False,0,1.5,Completed
P002603,2026-04-21,AC0017,Local transfer,GBP,114167.64,False,True,False,False,0,1.5,Completed
P002626,2026-04-21,AC0044,Local transfer,KRW,15617.08,False,False,False,False,0,1.5,Completed
P002647,2026-04-21,AC0050,Local transfer,HKD,10164.54,False,False,False,False,0,1.5,Completed
P002700,2026-04-21,AC0014,Payroll,CAD,21672.43,False,False,False,False,0,1.5,Completed
P002770,2026-04-21,AC0034,Tax,USD,35086.23,False,False,False,False,0,1.5,Completed
P002851,2026-04-21,AC0034,Local transfer,USD,11484.2,False,True,False,False,0,1.5,Completed
P002861,2026-04-21,AC0044,Wire,KRW,9411.34,True,False,False,False,0,43.5,Completed
P002871,2026-04-21,AC0017,Local transfer,GBP,13148.53,False,False,False,False,0,1.5,Completed
P003162,2026-04-21,AC0053,Payroll,USD,40890.66,False,True,False,False,0,1.5,Completed
P003493,2026-04-21,AC0042,ACH,USD,3868.38,False,True,False,False,0,1.5,Completed
P004016,2026-04-21,AC0053,Wire,USD,9412.41,True,True,False,True,0,43.5,Completed
P004146,2026-04-21,AC0005,ACH,USD,2908.15,False,False,False,False,0,1.5,Completed
P004167,2026-04-21,AC0031,ACH,USD,31230.08,False,True,False,False,0,1.5,Completed
P004197,2026-04-21,AC0031,Wire,USD,7192.78,True,True,True,False,59,58.5,Repaired
P004400,2026-04-21,AC0041,Local transfer,JPY,48589.65,False,False,False,False,0,1.5,Completed
P004517,2026-04-21,AC0005,Local transfer,USD,5427.28,False,False,False,False,0,1.5,Completed
P004580,2026-04-21,AC0021,Wire,EUR,6498.98,False,False,False,False,0,19.5,Completed
P004605,2026-04-21,AC0028,Wire,EUR,7169.51,False,True,False,False,0,19.5,Completed
P004683,2026-04-21,AC0036,ACH,SGD,3314.43,False,False,False,False,0,1.5,Completed
P004933,2026-04-21,AC0041,Wire,JPY,11250.71,False,False,False,False,0,19.5,Completed
P004988,2026-04-21,AC0031,Local transfer,USD,48890.46,False,True,False,False,0,1.5,Completed
P005090,2026-04-21,AC0041,Local transfer,JPY,6137.04,False,False,False,False,0,1.5,Completed
P005105,2026-04-21,AC0034,Wire,USD,9745.85,False,False,False,False,0,19.5,Completed
P005187,2026-04-21,AC0017,ACH,GBP,24320.53,False,False,False,False,0,1.5,Completed
P005373,2026-04-21,AC0028,Local transfer,EUR,27678.66,False,False,False,False,0,1.5,Completed
P005445,2026-04-21,AC0005,Local transfer,USD,69946.27,False,False,False,False,0,1.5,Completed
P005489,2026-04-21,AC0048,Wire,INR,44425.3,False,False,False,False,0,19.5,Completed
P005631,2026-04-21,AC0001,Internal transfer,USD,12739.52,False,True,False,False,0,1.5,Completed
P005940,2026-04-21,AC0030,Tax,USD,1515827.36,False,False,False,False,0,1.5,Completed
P005962,2026-04-21,AC0050,Tax,HKD,112210.52,False,False,False,False,0,1.5,Completed
P006270,2026-04-21,AC0001,ACH,USD,39353.15,False,True,False,False,0,1.5,Completed
P006311,2026-04-21,AC0047,Payroll,INR,38276.71,False,False,False,False,0,1.5,Completed
P006549,2026-04-21,AC0034,Wire,USD,10270.27,True,True,False,False,0,43.5,Completed
P006861,2026-04-21,AC0001,Wire,USD,53238.3,False,False,False,False,0,19.5,Completed
P006880,2026-04-21,AC0050,Payroll,HKD,83259.22,False,False,False,False,0,1.5,Completed
P007188,2026-04-21,AC0046,Tax,KRW,98309.4,False,False,False,False,0,1.5,Completed
P007303,2026-04-21,AC0034,ACH,USD,63156.95,False,False,False,False,0,1.5,Completed
P007332,2026-04-21,AC0001,Tax,USD,13439.88,False,True,False,False,0,1.5,Completed
P000052,2026-04-22,AC0047,Wire,INR,76906.85,True,True,False,False,0,43.5,Completed
P000069,2026-04-22,AC0047,Local transfer,INR,43875.67,False,False,False,False,0,1.5,Completed
P000306,2026-04-22,AC0053,Local transfer,USD,3792.54,False,True,False,True,0,1.5,Completed
P000536,2026-04-22,AC0031,Local transfer,USD,41234.49,False,False,False,False,0,1.5,Completed
P000556,2026-04-22,AC0041,Internal transfer,JPY,67018.31,False,False,False,False,0,1.5,Completed
P000631,2026-04-22,AC0017,Wire,GBP,11110.61,False,True,False,False,0,19.5,Completed
P000863,2026-04-22,AC0014,Local transfer,CAD,37019.69,False,False,False,False,0,1.5,Completed
P000869,2026-04-22,AC0014,Local transfer,CAD,37561.28,False,False,False,False,0,1.5,Completed
P000897,2026-04-22,AC0047,Local transfer,INR,2135.78,False,False,False,False,0,1.5,Completed
P001098,2026-04-22,AC0005,Local transfer,USD,15146.81,False,False,False,False,0,1.5,Completed
P001347,2026-04-22,AC0031,Internal transfer,USD,20101.85,False,True,False,False,0,1.5,Completed
P001540,2026-04-22,AC0055,Payroll,USD,21880.28,False,False,False,False,0,1.5,Completed
P001543,2026-04-22,AC0041,ACH,JPY,6237.42,False,True,False,False,0,1.5,Completed
P001877,2026-04-22,AC0044,Local transfer,KRW,24427.49,False,True,False,False,0,1.5,Completed
P001880,2026-04-22,AC0014,Wire,CAD,2360.5,False,False,True,False,55,34.5,Repaired
P001889,2026-04-22,AC0053,ACH,USD,10639.77,False,False,False,False,0,1.5,Completed
P001895,2026-04-22,AC0018,Local transfer,GBP,846.52,False,True,False,True,0,1.5,Completed
P002376,2026-04-22,AC0038,Wire,USD,8884.36,False,False,False,False,0,19.5,Completed
P002394,2026-04-22,AC0017,Local transfer,GBP,20142.49,False,False,False,False,0,1.5,Completed
P002491,2026-04-22,AC0047,Local transfer,INR,2845.72,False,True,False,False,0,1.5,Completed
P002649,2026-04-22,AC0017,ACH,GBP,44363.58,False,False,False,False,0,1.5,Completed
P002798,2026-04-22,AC0010,Local transfer,USD,83379.4,False,False,False,False,0,1.5,Completed
P002949,2026-04-22,AC0033,ACH,EUR,18652.1,False,False,False,False,0,1.5,Completed
P002975,2026-04-22,AC0017,Wire,GBP,39420.35,True,False,False,False,0,43.5,Completed
P003018,2026-04-22,AC0047,ACH,INR,10273.83,False,False,False,False,0,1.5,Completed
P003034,2026-04-22,AC0025,Local transfer,EUR,27747.59,False,False,False,False,0,1.5,Completed
P003520,2026-04-22,AC0021,ACH,EUR,5750.1,False,False,False,False,0,1.5,Completed
P003546,2026-04-22,AC0025,ACH,EUR,42629.99,False,False,False,False,0,1.5,Completed
P003798,2026-04-22,AC0048,Internal transfer,INR,26127.21,False,True,True,False,52,16.5,Repaired
P003801,2026-04-22,AC0017,Wire,GBP,13701.09,False,True,False,False,0,19.5,Completed
P004243,2026-04-22,AC0031,Local transfer,USD,41561.76,False,True,False,False,0,1.5,Completed
P004311,2026-04-22,AC0045,Wire,KRW,8305.43,False,True,False,False,0,19.5,Completed
P004324,2026-04-22,AC0046,Payroll,KRW,24591.27,False,False,False,False,0,1.5,Completed
P004345,2026-04-22,AC0041,Local transfer,JPY,25584.64,False,False,False,False,0,1.5,Completed
P005063,2026-04-22,AC0041,Local transfer,JPY,2641.56,False,True,True,False,40,16.5,Rejected
P005098,2026-04-22,AC0014,ACH,CAD,8970.83,False,False,False,False,0,1.5,Completed
P005344,2026-04-22,AC0014,Wire,CAD,9733.94,True,False,True,False,55,58.5,Repaired
P005814,2026-04-22,AC0029,ACH,EUR,8325.94,False,False,False,False,0,1.5,Completed
P005961,2026-04-22,AC0028,Wire,EUR,5001.31,True,False,False,False,0,43.5,Completed
P006108,2026-04-22,AC0052,Local transfer,HKD,24336.85,False,True,False,False,0,1.5,Completed
P006248,2026-04-22,AC0001,Local transfer,USD,6473.17,False,False,False,False,0,1.5,Completed
P006554,2026-04-22,AC0023,ACH,EUR,247310.65,False,False,False,False,0,1.5,Completed
P006593,2026-04-22,AC0007,Wire,USD,8682.39,True,True,False,True,0,43.5,Completed
P006729,2026-04-22,AC0036,Internal transfer,SGD,38214.78,False,False,False,False,0,1.5,Completed
P006853,2026-04-22,AC0033,Internal transfer,EUR,3474.6,False,False,False,False,0,1.5,Completed
P006977,2026-04-22,AC0034,ACH,USD,74594.25,False,False,False,False,0,1.5,Completed
P007081,2026-04-22,AC0047,Tax,INR,29990.17,False,False,False,False,0,1.5,Completed
P007108,2026-04-22,AC0051,Local transfer,HKD,12118.45,False,False,False,False,0,1.5,Completed
P007109,2026-04-22,AC0053,Wire,USD,2470.3,False,False,False,False,0,19.5,Completed
P007129,2026-04-22,AC0010,ACH,USD,2321.08,False,True,False,False,0,1.5,Completed
P007521,2026-04-22,AC0034,Local transfer,USD,19611.18,False,False,False,False,0,1.5,Completed
P007530,2026-04-22,AC0017,Payroll,GBP,11306.66,False,True,False,False,0,1.5,Completed
P007561,2026-04-22,AC0010,Internal transfer,USD,5884.45,False,True,False,False,0,1.5,Completed
P000064,2026-04-23,AC0006,Tax,USD,18537.63,False,False,False,False,0,1.5,Completed
P000327,2026-04-23,AC0050,Wire,HKD,5703.98,False,True,False,False,0,19.5,Completed
P000353,2026-04-23,AC0005,Local transfer,USD,11974.53,False,True,True,False,17,16.5,Repaired
P001407,2026-04-23,AC0033,ACH,EUR,9047.58,False,False,False,False,0,1.5,Completed
P001734,2026-04-23,AC0021,Local transfer,EUR,10481.53,False,False,False,False,0,1.5,Completed
P001911,2026-04-23,AC0025,Wire,EUR,17093.89,True,False,False,False,0,43.5,Completed
P002069,2026-04-23,AC0017,Local transfer,GBP,11086.23,False,True,False,False,0,1.5,Completed
P002111,2026-04-23,AC0021,Internal transfer,EUR,2130.48,False,False,False,False,0,1.5,Completed
P002163,2026-04-23,AC0041,ACH,JPY,12629.47,False,True,False,False,0,1.5,Completed
P002195,2026-04-23,AC0047,ACH,INR,8288.3,False,False,False,False,0,1.5,Completed
P002322,2026-04-23,AC0032,Local transfer,EUR,22982.5,False,False,False,False,0,1.5,Completed
P002392,2026-04-23,AC0046,Payroll,KRW,35259.31,False,False,False,False,0,1.5,Completed
P002501,2026-04-23,AC0028,ACH,EUR,10549.51,False,False,False,False,0,1.5,Completed
P002716,2026-04-23,AC0025,Internal transfer,EUR,291425.48,False,False,False,False,0,1.5,Completed
P003068,2026-04-23,AC0023,Payroll,EUR,56714.23,False,True,True,False,16,16.5,Repaired
P003154,2026-04-23,AC0017,Internal transfer,GBP,13701.44,False,True,False,False,0,1.5,Completed
P003160,2026-04-23,AC0025,Payroll,EUR,28247.12,False,True,False,False,0,1.5,Completed
P003183,2026-04-23,AC0017,Local transfer,GBP,17200.09,False,False,False,False,0,1.5,Completed
P003214,2026-04-23,AC0050,ACH,HKD,14073.07,False,True,False,False,0,1.5,Completed
P003450,2026-04-23,AC0001,ACH,USD,8259.24,False,False,False,False,0,1.5,Completed
P003457,2026-04-23,AC0038,Wire,USD,48396.36,True,False,False,False,0,43.5,Completed
P003740,2026-04-23,AC0027,Local transfer,EUR,1550.42,False,False,False,False,0,1.5,Completed
P003820,2026-04-23,AC0028,Local transfer,EUR,7137.2,False,False,False,False,0,1.5,Completed
P003868,2026-04-23,AC0044,Tax,KRW,590606.92,False,False,False,False,0,1.5,Completed
P003875,2026-04-23,AC0035,ACH,SGD,4665.55,False,False,False,False,0,1.5,Completed
P004201,2026-04-23,AC0052,Internal transfer,HKD,18329.06,False,True,False,False,0,1.5,Completed
P004379,2026-04-23,AC0054,Payroll,USD,42000.07,False,True,False,False,0,1.5,Completed
P004427,2026-04-23,AC0005,ACH,USD,2633.8,False,False,False,False,0,1.5,Completed
P004459,2026-04-23,AC0050,ACH,HKD,30007.91,False,True,False,False,0,1.5,Completed
P004677,2026-04-23,AC0017,Wire,GBP,26514.54,True,True,True,False,39,58.5,Rejected
P004684,2026-04-23,AC0010,ACH,USD,14079.35,False,True,False,False,0,1.5,Completed
P004859,2026-04-23,AC0007,ACH,USD,1978.95,False,False,True,False,54,16.5,Repaired
P005095,2026-04-23,AC0015,Local transfer,CAD,23382.77,False,False,False,False,0,1.5,Completed
P005184,2026-04-23,AC0010,Local transfer,USD,14138.04,False,True,False,False,0,1.5,Completed
P005250,2026-04-23,AC0001,ACH,USD,141650.85,False,False,False,False,0,1.5,Completed
P005274,2026-04-23,AC0026,Internal transfer,USD,9463.9,False,False,False,False,0,1.5,Completed
P005287,2026-04-23,AC0053,Local transfer,USD,36061.0,False,False,False,False,0,1.5,Completed
P005425,2026-04-23,AC0044,Payroll,KRW,58310.86,False,False,False,False,0,1.5,Completed
P005482,2026-04-23,AC0021,Wire,EUR,27316.39,True,True,False,False,0,43.5,Completed
P005589,2026-04-23,AC0050,ACH,HKD,39968.63,False,False,False,False,0,1.5,Completed
P005890,2026-04-23,AC0041,ACH,JPY,21553.55,False,True,False,False,0,1.5,Completed
P006005,2026-04-23,AC0053,ACH,USD,20003.5,False,False,False,False,0,1.5,Completed
P006021,2026-04-23,AC0001,Local transfer,USD,92306.37,False,False,False,False,0,1.5,Completed
P006151,2026-04-23,AC0041,Tax,JPY,217527.46,False,False,False,False,0,1.5,Completed
P006152,2026-04-23,AC0005,Local transfer,USD,28201.0,False,True,False,False,0,1.5,Completed
P006711,2026-04-23,AC0005,ACH,USD,13507.42,False,False,True,False,54,16.5,Repaired
P006848,2026-04-23,AC0034,ACH,USD,35549.35,False,False,False,False,0,1.5,Completed
P007076,2026-04-23,AC0031,Wire,USD,2963.15,False,False,True,False,34,34.5,Repaired
P007112,2026-04-23,AC0047,Internal transfer,INR,1235.59,False,True,True,False,69,16.5,Repaired
P007116,2026-04-23,AC0031,Local transfer,USD,18231.39,False,True,False,False,0,1.5,Completed
P007119,2026-04-23,AC0017,Local transfer,GBP,14058.34,False,False,False,False,0,1.5,Completed
P007131,2026-04-23,AC0047,Payroll,INR,99797.76,False,True,False,True,0,1.5,Completed
P007167,2026-04-23,AC0041,Internal transfer,JPY,22091.75,False,False,False,False,0,1.5,Completed
P007268,2026-04-23,AC0040,Wire,AUD,23490.58,True,True,False,False,0,43.5,Completed
P007269,2026-04-23,AC0014,ACH,CAD,2645.57,False,False,False,False,0,1.5,Completed
P007527,2026-04-23,AC0001,Local transfer,USD,27136.94,False,False,False,False,0,1.5,Completed
P007539,2026-04-23,AC0034,ACH,USD,13435.93,False,False,True,False,36,16.5,Repaired
P000026,2026-04-24,AC0049,Local transfer,USD,7635.74,False,False,False,False,0,1.5,Completed
P000053,2026-04-24,AC0023,Local transfer,EUR,50155.36,False,False,False,False,0,1.5,Completed
P000437,2026-04-24,AC0050,ACH,HKD,4546.88,False,True,False,False,0,1.5,Completed
P000557,2026-04-24,AC0042,Tax,USD,104895.75,False,False,False,False,0,1.5,Completed
P000718,2026-04-24,AC0006,ACH,USD,21983.69,False,False,False,False,0,1.5,Completed
P000739,2026-04-24,AC0001,Internal transfer,USD,25715.04,False,True,False,False,0,1.5,Completed
P000786,2026-04-24,AC0022,Payroll,EUR,112310.89,False,False,False,False,0,1.5,Completed
P000827,2026-04-24,AC0034,Wire,USD,5142.05,False,False,False,False,0,19.5,Completed
P000921,2026-04-24,AC0010,Local transfer,USD,897.2,False,False,False,True,0,1.5,Completed
P001178,2026-04-24,AC0033,Payroll,EUR,175964.72,False,False,False,False,0,1.5,Completed
P001280,2026-04-24,AC0010,ACH,USD,29211.75,False,True,False,False,0,1.5,Completed
P001416,2026-04-24,AC0041,ACH,JPY,1700.15,False,False,False,False,0,1.5,Completed
P002017,2026-04-24,AC0010,Internal transfer,USD,11194.68,False,True,False,True,0,1.5,Completed
P002037,2026-04-24,AC0044,ACH,KRW,3583.99,False,False,False,False,0,1.5,Completed
P002126,2026-04-24,AC0032,Local transfer,EUR,4496.6,False,True,False,True,0,1.5,Completed
P002129,2026-04-24,AC0022,Wire,EUR,6575.59,True,True,False,True,0,43.5,Completed
P002161,2026-04-24,AC0014,ACH,CAD,8789.3,False,True,False,False,0,1.5,Completed
P002234,2026-04-24,AC0050,Local transfer,HKD,6942.62,False,False,False,False,0,1.5,Completed
P002474,2026-04-24,AC0038,Payroll,USD,46545.98,False,False,False,False,0,1.5,Completed
P002549,2026-04-24,AC0036,Local transfer,SGD,24213.7,False,False,False,False,0,1.5,Completed
P002619,2026-04-24,AC0021,Payroll,EUR,10740.56,False,False,False,False,0,1.5,Completed
P002737,2026-04-24,AC0055,ACH,USD,151080.95,False,False,False,False,0,1.5,Completed
P002822,2026-04-24,AC0027,Local transfer,EUR,14313.21,False,False,False,False,0,1.5,Completed
P002984,2026-04-24,AC0031,Wire,USD,8553.08,True,False,False,False,0,43.5,Completed
P003211,2026-04-24,AC0010,Local transfer,USD,5377.6,False,True,False,False,0,1.5,Completed
P003329,2026-04-24,AC0039,Payroll,AUD,119987.39,False,False,False,False,0,1.5,Completed
P003557,2026-04-24,AC0016,Local transfer,CAD,8362.09,False,False,False,False,0,1.5,Completed
P003777,2026-04-24,AC0007,Payroll,USD,125785.68,False,False,False,False,0,1.5,Completed
P003902,2026-04-24,AC0038,Local transfer,USD,23805.37,False,False,False,False,0,1.5,Completed
P003923,2026-04-24,AC0014,Wire,CAD,10094.71,False,False,False,False,0,19.5,Completed
P003988,2026-04-24,AC0025,Local transfer,EUR,10635.87,False,False,False,False,0,1.5,Completed
P004411,2026-04-24,AC0005,ACH,USD,11306.8,False,False,False,False,0,1.5,Completed
P004479,2026-04-24,AC0028,Wire,EUR,10207.44,False,False,False,False,0,19.5,Completed
P004757,2026-04-24,AC0053,Payroll,USD,63839.4,False,False,False,False,0,1.5,Completed
P004889,2026-04-24,AC0050,Wire,HKD,9493.51,False,True,False,False,0,19.5,Completed
P005062,2026-04-24,AC0027,ACH,EUR,16802.17,False,False,True,False,49,16.5,Repaired
P005203,2026-04-24,AC0010,Local transfer,USD,4288.93,False,True,False,False,0,1.5,Completed
P005244,2026-04-24,AC0027,Local transfer,EUR,2795.26,False,False,False,False,0,1.5,Completed
P005456,2026-04-24,AC0050,Internal transfer,HKD,5069.01,False,True,False,False,0,1.5,Completed
P005620,2026-04-24,AC0010,ACH,USD,2957.34,False,False,False,False,0,1.5,Completed
P005860,2026-04-24,AC0047,ACH,INR,5281.36,False,True,True,False,39,16.5,Repaired
P005891,2026-04-24,AC0044,Local transfer,KRW,7022.98,False,False,False,False,0,1.5,Completed
P005919,2026-04-24,AC0023,Local transfer,EUR,6620.07,False,False,False,False,0,1.5,Completed
P006067,2026-04-24,AC0047,Local transfer,INR,13549.87,False,False,False,True,0,1.5,Completed
P006167,2026-04-24,AC0023,Tax,EUR,87979.02,False,False,False,False,0,1.5,Completed
P006473,2026-04-24,AC0001,Local transfer,USD,5984.19,False,False,False,False,0,1.5,Completed
P006516,2026-04-24,AC0010,ACH,USD,4873.17,False,True,True,False,41,16.5,Repaired
P006638,2026-04-24,AC0041,Payroll,JPY,92032.96,False,False,False,False,0,1.5,Completed
P006656,2026-04-24,AC0001,Local transfer,USD,57784.32,False,False,False,False,0,1.5,Completed
P006724,2026-04-24,AC0052,Payroll,HKD,47003.81,False,False,False,False,0,1.5,Completed
P006827,2026-04-24,AC0014,ACH,CAD,626.24,False,False,False,False,0,1.5,Completed
P007323,2026-04-24,AC0049,Local transfer,USD,9855.74,False,False,False,False,0,1.5,Completed
P000389,2026-04-27,AC0001,Wire,USD,69078.15,True,False,False,False,0,43.5,Completed
P000439,2026-04-27,AC0043,Payroll,JPY,760839.21,False,True,False,False,0,1.5,Completed
P000445,2026-04-27,AC0045,ACH,KRW,9038.77,False,False,False,False,0,1.5,Completed
P000464,2026-04-27,AC0053,ACH,USD,112873.97,False,True,True,False,15,16.5,Rejected
P000677,2026-04-27,AC0003,ACH,USD,11450.58,False,True,False,False,0,1.5,Completed
P000716,2026-04-27,AC0032,ACH,EUR,48462.24,False,False,False,False,0,1.5,Completed
P000955,2026-04-27,AC0053,Internal transfer,USD,98373.39,False,False,False,False,0,1.5,Completed
P001032,2026-04-27,AC0021,ACH,EUR,32980.76,False,False,False,False,0,1.5,Completed
P001264,2026-04-27,AC0034,Internal transfer,USD,7104.07,False,True,False,False,0,1.5,Completed
P001344,2026-04-27,AC0014,Local transfer,CAD,7671.74,False,True,False,False,0,1.5,Completed
P001469,2026-04-27,AC0005,ACH,USD,10753.43,False,False,False,False,0,1.5,Completed
P001795,2026-04-27,AC0018,Local transfer,GBP,10681.32,False,False,False,False,0,1.5,Completed
P002366,2026-04-27,AC0049,Internal transfer,USD,5250.67,False,False,False,False,0,1.5,Completed
P002589,2026-04-27,AC0034,ACH,USD,4249.57,False,False,False,False,0,1.5,Completed
P002829,2026-04-27,AC0025,Payroll,EUR,52003.81,False,False,False,False,0,1.5,Completed
P003021,2026-04-27,AC0021,Internal transfer,EUR,43961.52,False,True,False,False,0,1.5,Completed
P003143,2026-04-27,AC0053,Local transfer,USD,13459.42,False,True,False,False,0,1.5,Completed
P003344,2026-04-27,AC0023,Local transfer,EUR,4377.05,False,False,False,False,0,1.5,Completed
P003380,2026-04-27,AC0030,Local transfer,USD,15589.89,False,False,False,False,0,1.5,Completed
P003521,2026-04-27,AC0028,Payroll,EUR,67921.95,False,False,False,False,0,1.5,Completed
P003644,2026-04-27,AC0047,ACH,INR,1463.4,False,False,False,False,0,1.5,Completed
P003878,2026-04-27,AC0051,Local transfer,HKD,23580.7,False,False,False,False,0,1.5,Completed
P004088,2026-04-27,AC0014,Payroll,CAD,4742.81,False,False,False,False,0,1.5,Completed
P004139,2026-04-27,AC0041,ACH,JPY,19911.1,False,False,False,False,0,1.5,Completed
P004226,2026-04-27,AC0038,Local transfer,USD,5793.29,False,False,False,False,0,1.5,Completed
P004280,2026-04-27,AC0034,Payroll,USD,56251.03,False,False,False,False,0,1.5,Completed
P004320,2026-04-27,AC0010,Payroll,USD,54957.31,False,True,False,False,0,1.5,Completed
P004330,2026-04-27,AC0018,Local transfer,GBP,4182.26,False,True,False,False,0,1.5,Completed
P004511,2026-04-27,AC0047,ACH,INR,6430.51,False,False,True,False,54,16.5,Repaired
P004519,2026-04-27,AC0012,Local transfer,USD,2047.11,False,False,False,False,0,1.5,Completed
P004547,2026-04-27,AC0012,Wire,USD,10069.61,True,False,True,True,25,58.5,Repaired
P004583,2026-04-27,AC0018,Local transfer,GBP,49367.11,False,False,False,False,0,1.5,Completed
P004647,2026-04-27,AC0048,Local transfer,INR,3625.84,False,True,False,True,0,1.5,Completed
P004790,2026-04-27,AC0038,Local transfer,USD,4903.16,False,False,False,False,0,1.5,Completed
P004830,2026-04-27,AC0047,ACH,INR,31270.86,False,False,False,False,0,1.5,Completed
P004855,2026-04-27,AC0021,Local transfer,EUR,5932.37,False,False,False,False,0,1.5,Completed
P004987,2026-04-27,AC0047,Tax,INR,56642.48,False,False,False,False,0,1.5,Completed
P005124,2026-04-27,AC0038,Wire,USD,7997.5,False,False,False,False,0,19.5,Completed
P005268,2026-04-27,AC0050,Local transfer,HKD,2078.25,False,True,False,False,0,1.5,Completed
P005384,2026-04-27,AC0011,Wire,USD,5089.24,True,False,False,False,0,43.5,Completed
P005560,2026-04-27,AC0005,Local transfer,USD,3282.6,False,False,False,False,0,1.5,Completed
P005663,2026-04-27,AC0021,Local transfer,EUR,35205.31,False,True,False,False,0,1.5,Completed
P005859,2026-04-27,AC0025,ACH,EUR,8931.61,False,False,False,False,0,1.5,Completed
P006606,2026-04-27,AC0019,Tax,GBP,84882.37,False,False,False,False,0,1.5,Completed
P006616,2026-04-27,AC0034,Local transfer,USD,9226.33,False,False,False,False,0,1.5,Completed
P006884,2026-04-27,AC0049,Payroll,USD,30799.87,False,False,False,False,0,1.5,Completed
P006920,2026-04-27,AC0053,ACH,USD,3535.2,False,True,False,False,0,1.5,Completed
P007009,2026-04-27,AC0031,ACH,USD,11283.82,False,False,False,False,0,1.5,Completed
P007023,2026-04-27,AC0041,ACH,JPY,84483.22,False,False,False,False,0,1.5,Completed
P007049,2026-04-27,AC0031,Local transfer,USD,7300.47,False,True,False,False,0,1.5,Completed
P007193,2026-04-27,AC0034,ACH,USD,2594.55,False,False,False,False,0,1.5,Completed
P007333,2026-04-27,AC0053,Wire,USD,9950.68,False,False,False,False,0,19.5,Completed
P007377,2026-04-27,AC0005,ACH,USD,7003.18,False,False,False,False,0,1.5,Completed
P007467,2026-04-27,AC0005,Payroll,USD,30263.74,False,False,False,False,0,1.5,Completed
P000096,2026-04-28,AC0034,ACH,USD,21689.76,False,False,False,False,0,1.5,Completed
P000225,2026-04-28,AC0008,ACH,USD,20547.01,False,True,False,False,0,1.5,Completed
P000293,2026-04-28,AC0014,Payroll,CAD,25756.05,False,False,False,False,0,1.5,Completed
P000555,2026-04-28,AC0052,ACH,HKD,8547.34,False,False,False,False,0,1.5,Completed
P000695,2026-04-28,AC0053,Tax,USD,119052.02,False,False,False,False,0,1.5,Completed
P001000,2026-04-28,AC0034,Wire,USD,18443.77,True,True,False,False,0,43.5,Completed
P001012,2026-04-28,AC0047,Internal transfer,INR,1008.11,False,False,False,False,0,1.5,Completed
P001044,2026-04-28,AC0034,Local transfer,USD,10964.96,False,True,True,True,57,16.5,Repaired
P001257,2026-04-28,AC0050,Wire,HKD,23033.64,True,False,False,True,0,43.5,Completed
P001518,2026-04-28,AC0044,Local transfer,KRW,2068.64,False,False,False,False,0,1.5,Completed
P001552,2026-04-28,AC0052,Local transfer,HKD,14021.65,False,False,False,False,0,1.5,Completed
P001587,2026-04-28,AC0041,Local transfer,JPY,12551.25,False,False,False,False,0,1.5,Completed
P001592,2026-04-28,AC0044,Local transfer,KRW,21770.73,False,False,False,False,0,1.5,Completed
P001602,2026-04-28,AC0027,Wire,EUR,5124.26,True,True,False,True,0,43.5,Completed
P001674,2026-04-28,AC0041,ACH,JPY,7184.18,False,True,True,False,59,16.5,Repaired
P001695,2026-04-28,AC0010,Wire,USD,4225.71,False,False,False,False,0,19.5,Completed
P001848,2026-04-28,AC0006,Local transfer,USD,10068.19,False,True,False,False,0,1.5,Completed
P001971,2026-04-28,AC0005,Tax,USD,32080.64,False,False,False,False,0,1.5,Completed
P002043,2026-04-28,AC0044,ACH,KRW,11828.91,False,False,False,False,0,1.5,Completed
P002189,2026-04-28,AC0031,ACH,USD,9755.42,False,False,False,False,0,1.5,Completed
P002300,2026-04-28,AC0034,Local transfer,USD,11534.86,False,False,False,False,0,1.5,Completed
P002490,2026-04-28,AC0053,Local transfer,USD,6091.05,False,True,False,False,0,1.5,Completed
P002520,2026-04-28,AC0022,Internal transfer,EUR,12571.13,False,True,False,False,0,1.5,Completed
P003012,2026-04-28,AC0014,Local transfer,CAD,12095.83,False,False,False,False,0,1.5,Completed
P003155,2026-04-28,AC0032,ACH,EUR,15393.86,False,False,False,False,0,1.5,Completed
P003296,2026-04-28,AC0030,Local transfer,USD,6875.21,False,False,False,False,0,1.5,Completed
P003392,2026-04-28,AC0041,ACH,JPY,9095.46,False,False,False,False,0,1.5,Completed
P003566,2026-04-28,AC0041,ACH,JPY,20055.79,False,False,False,False,0,1.5,Completed
P003714,2026-04-28,AC0038,Payroll,USD,46577.6,False,False,False,False,0,1.5,Completed
P003760,2026-04-28,AC0025,Local transfer,EUR,26347.44,False,False,False,False,0,1.5,Completed
P004209,2026-04-28,AC0047,Wire,INR,21088.0,False,False,False,False,0,19.5,Completed
P004254,2026-04-28,AC0014,Wire,CAD,2694.38,True,True,False,False,0,43.5,Completed
P004307,2026-04-28,AC0053,Local transfer,USD,77707.38,False,False,False,False,0,1.5,Completed
P004564,2026-04-28,AC0053,ACH,USD,239189.82,False,False,False,False,0,1.5,Completed
P004596,2026-04-28,AC0034,Payroll,USD,59873.35,False,True,False,False,0,1.5,Completed
P004778,2026-04-28,AC0031,ACH,USD,33344.87,False,False,False,False,0,1.5,Completed
P004783,2026-04-28,AC0005,Wire,USD,8517.34,True,False,True,False,64,58.5,Repaired
P004861,2026-04-28,AC0017,Local transfer,GBP,7121.5,False,False,False,False,0,1.5,Completed
P005322,2026-04-28,AC0038,Internal transfer,USD,3433.13,False,False,False,False,0,1.5,Completed
P005350,2026-04-28,AC0028,ACH,EUR,18417.44,False,False,False,False,0,1.5,Completed
P005377,2026-04-28,AC0054,ACH,USD,41346.9,False,False,False,False,0,1.5,Completed
P005380,2026-04-28,AC0005,ACH,USD,18653.71,False,False,False,False,0,1.5,Completed
P005439,2026-04-28,AC0010,Local transfer,USD,8331.91,False,True,True,False,44,16.5,Repaired
P005550,2026-04-28,AC0003,Local transfer,USD,28543.4,False,False,False,False,0,1.5,Completed
P005870,2026-04-28,AC0021,Local transfer,EUR,11137.02,False,False,False,False,0,1.5,Completed
P005928,2026-04-28,AC0053,Payroll,USD,36210.39,False,False,False,False,0,1.5,Completed
P006044,2026-04-28,AC0030,Wire,USD,25643.53,True,False,False,False,0,43.5,Completed
P006180,2026-04-28,AC0017,Local transfer,GBP,6419.14,False,False,False,False,0,1.5,Completed
P006600,2026-04-28,AC0047,Wire,INR,17310.75,True,False,False,True,0,43.5,Completed
P006797,2026-04-28,AC0001,ACH,USD,2675.71,False,False,False,False,0,1.5,Completed
P007001,2026-04-28,AC0005,Internal transfer,USD,31225.1,False,False,False,False,0,1.5,Completed
P007064,2026-04-28,AC0044,Payroll,KRW,34334.87,False,True,False,False,0,1.5,Completed
P007237,2026-04-28,AC0034,ACH,USD,67787.13,False,True,False,False,0,1.5,Completed
P007551,2026-04-28,AC0021,Local transfer,EUR,34939.05,False,False,False,False,0,1.5,Completed
P000068,2026-04-29,AC0010,ACH,USD,14177.16,False,True,False,False,0,1.5,Completed
P000098,2026-04-29,AC0001,Wire,USD,3462.9,True,True,False,False,0,43.5,Completed
P000323,2026-04-29,AC0005,Local transfer,USD,5709.7,False,False,False,False,0,1.5,Completed
P000539,2026-04-29,AC0017,Wire,GBP,9591.99,False,True,False,False,0,19.5,Completed
P000763,2026-04-29,AC0040,Internal transfer,AUD,12977.26,False,True,True,False,46,16.5,Repaired
P000941,2026-04-29,AC0017,ACH,GBP,35048.88,False,False,False,False,0,1.5,Completed
P000976,2026-04-29,AC0034,Local transfer,USD,35053.59,False,False,False,False,0,1.5,Completed
P001015,2026-04-29,AC0019,Local transfer,GBP,4734.15,False,False,False,False,0,1.5,Completed
P001121,2026-04-29,AC0053,Payroll,USD,38539.77,False,False,False,False,0,1.5,Completed
P001125,2026-04-29,AC0006,Wire,USD,12722.14,True,False,False,False,0,43.5,Completed
P001201,2026-04-29,AC0028,Payroll,EUR,18060.08,False,False,False,False,0,1.5,Completed
P001453,2026-04-29,AC0041,Local transfer,JPY,22071.53,False,True,False,False,0,1.5,Completed
P001586,2026-04-29,AC0050,Local transfer,HKD,8302.45,False,True,False,False,0,1.5,Completed
P001611,2026-04-29,AC0022,ACH,EUR,231498.37,False,True,False,False,0,1.5,Completed
P001711,2026-04-29,AC0010,Local transfer,USD,42860.86,False,True,False,False,0,1.5,Completed
P001906,2026-04-29,AC0044,ACH,KRW,15096.67,False,False,False,False,0,1.5,Completed
P002100,2026-04-29,AC0036,ACH,SGD,19413.57,False,False,False,False,0,1.5,Completed
P002388,2026-04-29,AC0016,Local transfer,CAD,12913.18,False,False,False,False,0,1.5,Completed
P002424,2026-04-29,AC0025,Payroll,EUR,93728.77,False,False,False,False,0,1.5,Completed
P002435,2026-04-29,AC0001,Payroll,USD,246552.5,False,True,False,False,0,1.5,Completed
P002572,2026-04-29,AC0034,Payroll,USD,103709.52,False,False,False,False,0,1.5,Completed
P002757,2026-04-29,AC0050,Local transfer,HKD,6462.73,False,True,False,False,0,1.5,Completed
P002923,2026-04-29,AC0034,ACH,USD,22335.16,False,True,False,False,0,1.5,Completed
P003114,2026-04-29,AC0001,Wire,USD,3450.62,True,True,True,False,59,58.5,Repaired
P003161,2026-04-29,AC0048,ACH,INR,25992.3,False,False,False,False,0,1.5,Completed
P003237,2026-04-29,AC0027,Local transfer,EUR,13295.82,False,False,False,False,0,1.5,Completed
P003434,2026-04-29,AC0010,ACH,USD,2122.55,False,False,False,False,0,1.5,Completed
P003578,2026-04-29,AC0031,ACH,USD,16280.63,False,False,False,False,0,1.5,Completed
P003612,2026-04-29,AC0025,ACH,EUR,7603.44,False,True,False,False,0,1.5,Completed
P003658,2026-04-29,AC0025,Wire,EUR,28013.65,True,True,False,False,0,43.5,Completed
P003928,2026-04-29,AC0041,ACH,JPY,9770.4,False,True,False,False,0,1.5,Completed
P003931,2026-04-29,AC0021,Local transfer,EUR,6133.82,False,True,False,False,0,1.5,Completed
P004033,2026-04-29,AC0035,ACH,SGD,6433.06,False,False,False,False,0,1.5,Completed
P004077,2026-04-29,AC0001,ACH,USD,9117.63,False,False,False,False,0,1.5,Completed
P004246,2026-04-29,AC0020,Payroll,GBP,279248.55,False,False,False,False,0,1.5,Completed
P004657,2026-04-29,AC0012,Internal transfer,USD,3191.21,False,True,False,False,0,1.5,Completed
P004766,2026-04-29,AC0040,Wire,AUD,7374.83,False,False,False,False,0,19.5,Completed
P004876,2026-04-29,AC0054,Wire,USD,10149.01,True,False,False,False,0,43.5,Completed
P005069,2026-04-29,AC0028,Wire,EUR,3580.14,True,False,False,False,0,43.5,Completed
P005109,2026-04-29,AC0031,Local transfer,USD,7508.19,False,True,False,False,0,1.5,Completed
P005412,2026-04-29,AC0044,ACH,KRW,12837.49,False,False,False,False,0,1.5,Completed
P005618,2026-04-29,AC0052,ACH,HKD,5912.86,False,False,False,False,0,1.5,Completed
P005834,2026-04-29,AC0021,Payroll,EUR,40860.12,False,True,True,False,16,16.5,Rejected
P005922,2026-04-29,AC0005,Tax,USD,456046.2,False,False,False,False,0,1.5,Completed
P006072,2026-04-29,AC0005,Local transfer,USD,45200.33,False,False,False,False,0,1.5,Completed
P006131,2026-04-29,AC0014,Local transfer,CAD,45821.43,False,False,False,False,0,1.5,Completed
P006234,2026-04-29,AC0019,Local transfer,GBP,23643.71,False,False,False,False,0,1.5,Completed
P006250,2026-04-29,AC0038,Wire,USD,21727.25,True,False,False,False,0,43.5,Completed
P006268,2026-04-29,AC0028,Tax,EUR,14167.2,False,False,False,False,0,1.5,Completed
P006434,2026-04-29,AC0010,Wire,USD,50760.62,False,False,False,False,0,19.5,Completed
P006436,2026-04-29,AC0005,ACH,USD,11136.56,False,False,False,False,0,1.5,Completed
P006472,2026-04-29,AC0028,Local transfer,EUR,1456.68,False,False,False,False,0,1.5,Completed
P006547,2026-04-29,AC0047,Tax,INR,196942.31,False,False,False,False,0,1.5,Completed
P006583,2026-04-29,AC0021,Local transfer,EUR,50060.98,False,True,False,False,0,1.5,Completed
P006674,2026-04-29,AC0051,Local transfer,HKD,33339.68,False,False,False,False,0,1.5,Completed
P006946,2026-04-29,AC0022,Local transfer,EUR,22879.83,False,True,False,False,0,1.5,Completed
P007146,2026-04-29,AC0005,Local transfer,USD,40715.52,False,False,False,False,0,1.5,Completed
P007265,2026-04-29,AC0027,Payroll,EUR,154914.93,False,True,False,False,0,1.5,Completed
P007399,2026-04-29,AC0014,Payroll,CAD,39704.99,False,False,False,False,0,1.5,Completed
P007471,2026-04-29,AC0021,Payroll,EUR,37205.0,False,False,False,False,0,1.5,Completed
P007533,2026-04-29,AC0050,ACH,HKD,6033.44,False,False,False,False,0,1.5,Completed
P007563,2026-04-29,AC0025,Local transfer,EUR,124196.39,False,False,False,False,0,1.5,Completed
P000124,2026-04-30,AC0038,ACH,USD,11920.67,False,False,False,False,0,1.5,Completed
P000142,2026-04-30,AC0005,Local transfer,USD,3913.9,False,False,False,False,0,1.5,Completed
P000277,2026-04-30,AC0052,Wire,HKD,35074.33,True,False,False,False,0,43.5,Completed
P000367,2026-04-30,AC0028,ACH,EUR,7202.51,False,False,False,False,0,1.5,Completed
P000481,2026-04-30,AC0031,ACH,USD,4226.55,False,False,False,False,0,1.5,Completed
P000502,2026-04-30,AC0038,ACH,USD,1993.97,False,False,False,False,0,1.5,Completed
P000546,2026-04-30,AC0034,Local transfer,USD,9887.01,False,True,True,False,50,16.5,Rejected
P000597,2026-04-30,AC0014,Local transfer,CAD,8789.58,False,True,False,False,0,1.5,Completed
P000661,2026-04-30,AC0013,Wire,USD,3346.42,False,False,False,False,0,19.5,Completed
P000910,2026-04-30,AC0044,Wire,KRW,28841.25,True,False,False,False,0,43.5,Completed
P000952,2026-04-30,AC0031,Local transfer,USD,7821.68,False,False,False,False,0,1.5,Completed
P001127,2026-04-30,AC0001,ACH,USD,14147.75,False,False,False,False,0,1.5,Completed
P001293,2026-04-30,AC0038,ACH,USD,7551.98,False,False,False,False,0,1.5,Completed
P001477,2026-04-30,AC0053,Local transfer,USD,66004.56,False,False,False,False,0,1.5,Completed
P001598,2026-04-30,AC0053,Payroll,USD,67780.71,False,False,False,False,0,1.5,Completed
P001665,2026-04-30,AC0017,Internal transfer,GBP,11853.31,False,False,False,False,0,1.5,Completed
P001678,2026-04-30,AC0021,ACH,EUR,1996.79,False,False,False,False,0,1.5,Completed
P001703,2026-04-30,AC0017,Local transfer,GBP,176694.89,False,False,False,False,0,1.5,Completed
P001732,2026-04-30,AC0047,Local transfer,INR,27407.52,False,False,False,False,0,1.5,Completed
P001827,2026-04-30,AC0005,Internal transfer,USD,89309.26,False,False,False,False,0,1.5,Completed
P001850,2026-04-30,AC0001,Wire,USD,2612.97,True,False,False,False,0,43.5,Completed
P001879,2026-04-30,AC0031,Local transfer,USD,8711.59,False,False,False,False,0,1.5,Completed
P002436,2026-04-30,AC0040,Local transfer,AUD,6872.93,False,False,False,False,0,1.5,Completed
P002449,2026-04-30,AC0002,Local transfer,USD,34518.67,False,False,False,False,0,1.5,Completed
P002456,2026-04-30,AC0050,Wire,HKD,5127.31,False,False,False,False,0,19.5,Completed
P002521,2026-04-30,AC0047,Local transfer,INR,100471.51,False,False,False,False,0,1.5,Completed
P002675,2026-04-30,AC0002,ACH,USD,4878.9,False,False,False,False,0,1.5,Completed
P002769,2026-04-30,AC0019,ACH,GBP,29984.92,False,True,False,True,0,1.5,Completed
P002870,2026-04-30,AC0003,Local transfer,USD,7745.31,False,False,False,False,0,1.5,Completed
P003085,2026-04-30,AC0012,Tax,USD,21797.69,False,False,False,False,0,1.5,Completed
P003260,2026-04-30,AC0038,Local transfer,USD,16310.63,False,True,False,False,0,1.5,Completed
P003368,2026-04-30,AC0031,Local transfer,USD,26095.53,False,True,False,False,0,1.5,Completed
P003480,2026-04-30,AC0005,Local transfer,USD,9660.26,False,False,False,False,0,1.5,Completed
P003850,2026-04-30,AC0029,Local transfer,EUR,5507.84,False,False,False,False,0,1.5,Completed
P004484,2026-04-30,AC0014,Wire,CAD,10519.85,True,False,False,False,0,43.5,Completed
P004695,2026-04-30,AC0017,Payroll,GBP,128940.77,False,False,False,False,0,1.5,Completed
P004769,2026-04-30,AC0038,ACH,USD,9013.25,False,False,False,False,0,1.5,Completed
P004917,2026-04-30,AC0036,Payroll,SGD,74831.73,False,False,False,False,0,1.5,Completed
P004940,2026-04-30,AC0001,Tax,USD,47892.94,False,False,False,False,0,1.5,Completed
P005165,2026-04-30,AC0044,ACH,KRW,9954.17,False,False,False,False,0,1.5,Completed
P005209,2026-04-30,AC0052,Payroll,HKD,101302.32,False,False,False,False,0,1.5,Completed
P005697,2026-04-30,AC0025,ACH,EUR,15364.09,False,False,False,False,0,1.5,Completed
P005735,2026-04-30,AC0038,Local transfer,USD,397.17,False,False,False,False,0,1.5,Completed
P005861,2026-04-30,AC0003,Local transfer,USD,75969.35,False,False,False,False,0,1.5,Completed
P005905,2026-04-30,AC0044,Local transfer,KRW,14087.68,False,False,False,False,0,1.5,Completed
P005953,2026-04-30,AC0047,Wire,INR,20087.51,True,False,False,False,0,43.5,Completed
P006145,2026-04-30,AC0047,Local transfer,INR,16558.94,False,False,False,False,0,1.5,Completed
P006173,2026-04-30,AC0015,Local transfer,CAD,44155.64,False,False,False,False,0,1.5,Completed
P006185,2026-04-30,AC0010,Tax,USD,28957.3,False,False,False,False,0,1.5,Completed
P006299,2026-04-30,AC0014,Local transfer,CAD,64398.39,False,True,False,False,0,1.5,Completed
P006345,2026-04-30,AC0028,Local transfer,EUR,6831.45,False,False,False,False,0,1.5,Completed
P006410,2026-04-30,AC0044,Local transfer,KRW,3754.76,False,False,False,False,0,1.5,Completed
P006466,2026-04-30,AC0050,Internal transfer,HKD,4029.93,False,True,False,False,0,1.5,Completed
P006536,2026-04-30,AC0001,ACH,USD,4897.79,False,False,False,False,0,1.5,Completed
P006710,2026-04-30,AC0002,Local transfer,USD,27108.51,False,False,False,False,0,1.5,Completed
P006731,2026-04-30,AC0041,Internal transfer,JPY,22175.89,False,False,False,False,0,1.5,Completed
P006798,2026-04-30,AC0048,Local transfer,INR,104597.46,False,True,False,False,0,1.5,Completed
P006929,2026-04-30,AC0050,Tax,HKD,5749.79,False,True,False,False,0,1.5,Completed
P006965,2026-04-30,AC0027,ACH,EUR,16771.82,False,False,False,False,0,1.5,Completed
P007133,2026-04-30,AC0031,Wire,USD,4738.87,True,False,True,False,28,58.5,Repaired
P007266,2026-04-30,AC0010,Payroll,USD,2162.09,False,False,False,False,0,1.5,Completed
P007338,2026-04-30,AC0011,Local transfer,USD,25645.0,False,False,False,False,0,1.5,Completed
P000021,2026-05-01,AC0031,ACH,USD,998.21,False,False,False,False,0,1.5,Completed
P000038,2026-05-01,AC0036,Tax,SGD,18643.12,False,False,False,False,0,1.5,Completed
P000057,2026-05-01,AC0049,Local transfer,USD,3037.4,False,False,False,False,0,1.5,Completed
P000097,2026-05-01,AC0046,Internal transfer,KRW,29449.75,False,True,True,False,25,16.5,Rejected
P000193,2026-05-01,AC0055,ACH,USD,8243.58,False,True,False,False,0,1.5,Completed
P000279,2026-05-01,AC0053,ACH,USD,36769.76,False,False,False,False,0,1.5,Completed
P000329,2026-05-01,AC0028,ACH,EUR,32530.66,False,False,False,False,0,1.5,Completed
P000401,2026-05-01,AC0005,Payroll,USD,80701.52,False,True,False,True,0,1.5,Completed
P000684,2026-05-01,AC0001,Local transfer,USD,2777.52,False,False,False,False,0,1.5,Completed
P000757,2026-05-01,AC0021,Local transfer,EUR,1112.74,False,True,False,True,0,1.5,Completed
P000769,2026-05-01,AC0017,Tax,GBP,58779.28,False,True,False,False,0,1.5,Completed
P000859,2026-05-01,AC0047,ACH,INR,15204.21,False,True,False,False,0,1.5,Completed
P000871,2026-05-01,AC0053,Local transfer,USD,6449.1,False,False,False,False,0,1.5,Completed
P000884,2026-05-01,AC0014,ACH,CAD,1757.98,False,False,False,False,0,1.5,Completed
P001085,2026-05-01,AC0047,Wire,INR,75015.71,True,False,False,False,0,43.5,Completed
P001281,2026-05-01,AC0001,Local transfer,USD,22877.92,False,True,False,False,0,1.5,Completed
P001760,2026-05-01,AC0033,ACH,EUR,8566.25,False,False,True,False,26,16.5,Repaired
P001913,2026-05-01,AC0038,Local transfer,USD,5447.74,False,False,False,False,0,1.5,Completed
P001927,2026-05-01,AC0027,Local transfer,EUR,32259.45,False,True,False,False,0,1.5,Completed
P002241,2026-05-01,AC0025,ACH,EUR,128333.18,False,False,False,False,0,1.5,Completed
P002311,2026-05-01,AC0007,Local transfer,USD,40028.29,False,True,False,False,0,1.5,Completed
P002545,2026-05-01,AC0005,Local transfer,USD,2882.14,False,False,False,False,0,1.5,Completed
P002547,2026-05-01,AC0050,Wire,HKD,4248.2,False,True,False,False,0,19.5,Completed
P002581,2026-05-01,AC0030,Wire,USD,3588.04,True,False,False,False,0,43.5,Completed
P002613,2026-05-01,AC0047,Payroll,INR,259219.66,False,True,False,False,0,1.5,Completed
P002694,2026-05-01,AC0033,Local transfer,EUR,26875.03,False,False,False,False,0,1.5,Completed
P002867,2026-05-01,AC0033,Tax,EUR,24758.96,False,False,False,False,0,1.5,Completed
P002972,2026-05-01,AC0001,ACH,USD,70486.86,False,True,False,False,0,1.5,Completed
P003124,2026-05-01,AC0018,ACH,GBP,17524.2,False,True,True,False,13,16.5,Repaired
P003437,2026-05-01,AC0021,Wire,EUR,30547.77,False,False,False,False,0,19.5,Completed
P003499,2026-05-01,AC0010,ACH,USD,4539.7,False,False,False,False,0,1.5,Completed
P003693,2026-05-01,AC0025,ACH,EUR,9829.18,False,True,False,False,0,1.5,Completed
P003930,2026-05-01,AC0012,Local transfer,USD,278821.09,False,True,False,False,0,1.5,Completed
P004292,2026-05-01,AC0034,ACH,USD,55280.9,False,True,False,False,0,1.5,Completed
P004467,2026-05-01,AC0031,Wire,USD,30206.16,False,True,False,False,0,19.5,Completed
P004505,2026-05-01,AC0053,Local transfer,USD,22594.67,False,False,False,False,0,1.5,Completed
P004682,2026-05-01,AC0053,Wire,USD,5714.37,False,False,False,False,0,19.5,Completed
P004711,2026-05-01,AC0025,Wire,EUR,1523.39,False,True,True,False,21,34.5,Repaired
P005058,2026-05-01,AC0021,ACH,EUR,3115.17,False,False,False,False,0,1.5,Completed
P005071,2026-05-01,AC0014,Wire,CAD,14333.78,False,False,False,False,0,19.5,Completed
P005075,2026-05-01,AC0038,Local transfer,USD,4505.66,False,False,False,False,0,1.5,Completed
P005125,2026-05-01,AC0034,Local transfer,USD,4664.01,False,False,False,False,0,1.5,Completed
P005210,2026-05-01,AC0041,Wire,JPY,16629.28,False,False,False,False,0,19.5,Completed
P005347,2026-05-01,AC0021,Wire,EUR,5415.22,False,False,False,False,0,19.5,Completed
P005603,2026-05-01,AC0044,Wire,KRW,1699.53,False,False,False,False,0,19.5,Completed
P005642,2026-05-01,AC0054,Local transfer,USD,2091.05,False,True,False,False,0,1.5,Completed
P005660,2026-05-01,AC0025,Local transfer,EUR,2147.39,False,True,False,True,0,1.5,Completed
P005717,2026-05-01,AC0031,Local transfer,USD,71852.91,False,False,False,False,0,1.5,Completed
P005977,2026-05-01,AC0048,Local transfer,INR,5705.29,False,False,True,False,13,16.5,Repaired
P006153,2026-05-01,AC0053,Wire,USD,21611.85,True,False,True,False,28,58.5,Repaired
P006170,2026-05-01,AC0005,Local transfer,USD,6778.97,False,False,False,False,0,1.5,Completed
P006586,2026-05-01,AC0053,Internal transfer,USD,19528.49,False,True,False,False,0,1.5,Completed
P006725,2026-05-01,AC0050,Wire,HKD,3515.78,True,True,False,False,0,43.5,Completed
P006829,2026-05-01,AC0025,ACH,EUR,12166.39,False,True,False,False,0,1.5,Completed
P006983,2026-05-01,AC0017,Wire,GBP,12595.25,False,True,False,False,0,19.5,Completed
P007190,2026-05-01,AC0041,ACH,JPY,11294.43,False,False,False,False,0,1.5,Completed
P007199,2026-05-01,AC0021,Wire,EUR,5959.38,False,True,False,False,0,19.5,Completed
P007458,2026-05-01,AC0027,ACH,EUR,54621.03,False,False,False,False,0,1.5,Completed
P007470,2026-05-01,AC0016,Wire,CAD,2121.61,False,True,False,False,0,19.5,Completed
P007545,2026-05-01,AC0044,Local transfer,KRW,1417.48,False,False,False,False,0,1.5,Completed
P000269,2026-05-04,AC0031,Internal transfer,USD,41461.23,False,True,False,False,0,1.5,Completed
P000271,2026-05-04,AC0014,Local transfer,CAD,14255.8,False,False,False,False,0,1.5,Completed
P000278,2026-05-04,AC0038,Payroll,USD,41805.23,False,False,False,False,0,1.5,Completed
P000656,2026-05-04,AC0010,ACH,USD,2202.01,False,True,False,False,0,1.5,Completed
P000748,2026-05-04,AC0054,Internal transfer,USD,4039.26,False,False,False,False,0,1.5,Completed
P000751,2026-05-04,AC0034,Local transfer,USD,12539.9,False,True,False,False,0,1.5,Completed
P000775,2026-05-04,AC0028,ACH,EUR,8020.28,False,True,False,False,0,1.5,Completed
P001037,2026-05-04,AC0012,Internal transfer,USD,9147.37,False,True,False,True,0,1.5,Completed
P001131,2026-05-04,AC0017,Payroll,GBP,30611.19,False,False,False,False,0,1.5,Completed
P001517,2026-05-04,AC0047,Local transfer,INR,6706.94,False,True,False,False,0,1.5,Completed
P001531,2026-05-04,AC0046,Internal transfer,KRW,18286.83,False,True,False,False,0,1.5,Completed
P001571,2026-05-04,AC0034,Local transfer,USD,5430.95,False,True,False,False,0,1.5,Completed
P001697,2026-05-04,AC0014,ACH,CAD,9740.31,False,False,False,False,0,1.5,Completed
P001883,2026-05-04,AC0036,Local transfer,SGD,142783.42,False,False,False,False,0,1.5,Completed
P002237,2026-05-04,AC0021,Payroll,EUR,120059.0,False,True,False,False,0,1.5,Completed
P002359,2026-05-04,AC0034,Local transfer,USD,4834.95,False,True,False,False,0,1.5,Completed
P002362,2026-05-04,AC0031,Local transfer,USD,2465.25,False,True,False,False,0,1.5,Completed
P002499,2026-05-04,AC0036,ACH,SGD,6949.15,False,True,False,False,0,1.5,Completed
P002741,2026-05-04,AC0021,Internal transfer,EUR,19100.58,False,True,False,False,0,1.5,Completed
P002796,2026-05-04,AC0041,Wire,JPY,22376.21,False,False,False,False,0,19.5,Completed
P002860,2026-05-04,AC0053,Wire,USD,50269.51,True,True,False,False,0,43.5,Completed
P003064,2026-05-04,AC0031,ACH,USD,39654.68,False,False,False,False,0,1.5,Completed
P003224,2026-05-04,AC0050,Payroll,HKD,11998.31,False,False,False,False,0,1.5,Completed
P003407,2026-05-04,AC0001,Wire,USD,7460.05,False,True,False,False,0,19.5,Completed
P003560,2026-05-04,AC0001,Internal transfer,USD,10212.91,False,True,True,False,14,16.5,Repaired
P003613,2026-05-04,AC0025,Internal transfer,EUR,10571.33,False,True,False,True,0,1.5,Completed
P003686,2026-05-04,AC0021,Local transfer,EUR,91933.87,False,False,False,False,0,1.5,Completed
P003762,2026-05-04,AC0031,Wire,USD,5909.67,True,True,False,False,0,43.5,Completed
P003807,2026-05-04,AC0014,Wire,CAD,6380.82,False,True,False,False,0,19.5,Completed
P003843,2026-05-04,AC0010,Local transfer,USD,18139.68,False,True,False,False,0,1.5,Completed
P003883,2026-05-04,AC0028,ACH,EUR,102341.49,False,False,False,False,0,1.5,Completed
P003922,2026-05-04,AC0044,ACH,KRW,18905.55,False,False,False,False,0,1.5,Completed
P003933,2026-05-04,AC0034,Local transfer,USD,58865.74,False,True,True,False,46,16.5,Repaired
P003962,2026-05-04,AC0030,Local transfer,USD,5362.02,False,False,False,False,0,1.5,Completed
P004029,2026-05-04,AC0053,Local transfer,USD,48585.24,False,False,False,False,0,1.5,Completed
P004099,2026-05-04,AC0001,Payroll,USD,130725.32,False,True,False,False,0,1.5,Completed
P004114,2026-05-04,AC0055,Wire,USD,15643.35,False,False,False,False,0,19.5,Completed
P004140,2026-05-04,AC0038,Wire,USD,4405.49,False,True,False,False,0,19.5,Completed
P004165,2026-05-04,AC0005,ACH,USD,80555.23,False,False,False,False,0,1.5,Completed
P004240,2026-05-04,AC0050,Local transfer,HKD,3294.61,False,True,False,False,0,1.5,Completed
P004298,2026-05-04,AC0050,Internal transfer,HKD,23711.44,False,False,False,False,0,1.5,Completed
P004412,2026-05-04,AC0033,Internal transfer,EUR,26526.82,False,False,True,False,50,16.5,Repaired
P004440,2026-05-04,AC0033,Local transfer,EUR,6347.49,False,True,False,False,0,1.5,Completed
P004443,2026-05-04,AC0050,Wire,HKD,1472.37,True,True,False,False,0,43.5,Completed
P004585,2026-05-04,AC0041,Internal transfer,JPY,25567.09,False,False,False,False,0,1.5,Completed
P004643,2026-05-04,AC0050,Wire,HKD,2251.52,True,True,False,False,0,43.5,Completed
P004802,2026-05-04,AC0036,Internal transfer,SGD,15093.27,False,False,False,True,0,1.5,Completed
P004810,2026-05-04,AC0053,Local transfer,USD,22741.24,False,False,False,False,0,1.5,Completed
P004991,2026-05-04,AC0047,Internal transfer,INR,4971.39,False,False,False,False,0,1.5,Completed
P005054,2026-05-04,AC0025,Wire,EUR,17075.97,False,True,False,False,0,19.5,Completed
P005070,2026-05-04,AC0028,Local transfer,EUR,21256.86,False,False,False,False,0,1.5,Completed
P005299,2026-05-04,AC0017,Wire,GBP,1230.33,False,False,False,False,0,19.5,Completed
P005405,2026-05-04,AC0043,ACH,JPY,9263.28,False,True,False,False,0,1.5,Completed
P005528,2026-05-04,AC0017,Local transfer,GBP,4829.87,False,True,False,False,0,1.5,Completed
P005569,2026-05-04,AC0050,Local transfer,HKD,1665.23,False,True,False,False,0,1.5,Completed
P005596,2026-05-04,AC0003,ACH,USD,32025.78,False,True,False,False,0,1.5,Completed
P005944,2026-05-04,AC0016,Wire,CAD,3669.68,False,False,False,False,0,19.5,Completed
P005958,2026-05-04,AC0047,Internal transfer,INR,6037.18,False,False,False,False,0,1.5,Completed
P005964,2026-05-04,AC0005,ACH,USD,2285.96,False,False,False,False,0,1.5,Completed
P006038,2026-05-04,AC0010,Local transfer,USD,39674.75,False,True,False,False,0,1.5,Completed
P006092,2026-05-04,AC0038,Local transfer,USD,44313.63,False,False,False,True,0,1.5,Completed
P006118,2026-05-04,AC0053,ACH,USD,15708.66,False,False,False,False,0,1.5,Completed
P006274,2026-05-04,AC0014,ACH,CAD,2625.62,False,False,False,False,0,1.5,Completed
P006329,2026-05-04,AC0038,Wire,USD,35628.41,True,False,False,False,0,43.5,Completed
P006333,2026-05-04,AC0028,Local transfer,EUR,24255.48,False,False,False,False,0,1.5,Completed
P006646,2026-05-04,AC0001,Local transfer,USD,56352.46,False,True,False,False,0,1.5,Completed
P006704,2026-05-04,AC0032,ACH,EUR,19053.32,False,False,False,False,0,1.5,Completed
P006849,2026-05-04,AC0050,ACH,HKD,7472.21,False,False,False,False,0,1.5,Completed
P006885,2026-05-04,AC0001,Local transfer,USD,4536.32,False,False,False,False,0,1.5,Completed
P006990,2026-05-04,AC0038,Payroll,USD,37255.32,False,False,False,False,0,1.5,Completed
P007055,2026-05-04,AC0021,Local transfer,EUR,11472.9,False,False,False,False,0,1.5,Completed
P007282,2026-05-04,AC0041,Local transfer,JPY,42490.32,False,True,False,False,0,1.5,Completed
P007514,2026-05-04,AC0017,Payroll,GBP,41254.0,False,False,False,False,0,1.5,Completed
P007523,2026-05-04,AC0031,Payroll,USD,102906.71,False,False,False,False,0,1.5,Completed
P007578,2026-05-04,AC0028,Tax,EUR,14908.79,False,False,False,False,0,1.5,Completed
P000022,2026-05-05,AC0034,ACH,USD,11721.11,False,False,False,False,0,1.5,Completed
P000056,2026-05-05,AC0046,ACH,KRW,20260.04,False,False,False,False,0,1.5,Completed
P000103,2026-05-05,AC0047,Local transfer,INR,3369.81,False,False,False,False,0,1.5,Completed
P000190,2026-05-05,AC0030,Local transfer,USD,11076.34,False,True,True,False,47,16.5,Repaired
P000222,2026-05-05,AC0017,Internal transfer,GBP,6474.95,False,False,False,False,0,1.5,Completed
P000405,2026-05-05,AC0044,Wire,KRW,6065.24,False,False,False,False,0,19.5,Completed
P000434,2026-05-05,AC0005,Wire,USD,18043.77,True,False,False,False,0,43.5,Completed
P000455,2026-05-05,AC0054,Tax,USD,221840.61,False,False,False,False,0,1.5,Completed
P000582,2026-05-05,AC0053,Local transfer,USD,6430.85,False,False,False,False,0,1.5,Completed
P000636,2026-05-05,AC0017,Payroll,GBP,262583.42,False,True,False,True,0,1.5,Completed
P000864,2026-05-05,AC0017,Internal transfer,GBP,33461.17,False,True,True,False,32,16.5,Repaired
P000957,2026-05-05,AC0010,Tax,USD,12908.83,False,False,False,False,0,1.5,Completed
P001006,2026-05-05,AC0031,Local transfer,USD,3648.12,False,True,False,False,0,1.5,Completed
P001013,2026-05-05,AC0055,Wire,USD,1320.5,True,False,False,False,0,43.5,Completed
P001039,2026-05-05,AC0010,Wire,USD,56314.52,True,True,False,False,0,43.5,Completed
P001066,2026-05-05,AC0017,Tax,GBP,25320.05,False,True,False,False,0,1.5,Completed
P001069,2026-05-05,AC0001,Wire,USD,22313.48,True,True,False,False,0,43.5,Completed
P001311,2026-05-05,AC0034,Tax,USD,30777.92,False,False,False,False,0,1.5,Completed
P001580,2026-05-05,AC0017,Payroll,GBP,328515.84,False,False,False,False,0,1.5,Completed
P001688,2026-05-05,AC0038,ACH,USD,11872.86,False,False,False,False,0,1.5,Completed
P001822,2026-05-05,AC0034,Local transfer,USD,18052.73,False,True,False,False,0,1.5,Completed
P001960,2026-05-05,AC0012,Local transfer,USD,19234.56,False,False,False,False,0,1.5,Completed
P002005,2026-05-05,AC0038,Payroll,USD,482682.97,False,False,False,False,0,1.5,Completed
P002351,2026-05-05,AC0017,Local transfer,GBP,41192.33,False,False,False,False,0,1.5,Completed
P002966,2026-05-05,AC0047,Local transfer,INR,29000.56,False,False,False,False,0,1.5,Completed
P002974,2026-05-05,AC0051,Internal transfer,HKD,129983.02,False,True,False,False,0,1.5,Completed
P003643,2026-05-05,AC0014,Local transfer,CAD,29030.49,False,False,False,False,0,1.5,Completed
P003702,2026-05-05,AC0005,ACH,USD,5706.96,False,False,False,False,0,1.5,Completed
P003715,2026-05-05,AC0028,Local transfer,EUR,315.08,False,True,False,False,0,1.5,Completed
P004433,2026-05-05,AC0010,ACH,USD,16452.07,False,False,False,False,0,1.5,Completed
P004618,2026-05-05,AC0038,Local transfer,USD,2758.38,False,False,False,False,0,1.5,Completed
P004903,2026-05-05,AC0005,ACH,USD,57222.21,False,False,False,False,0,1.5,Completed
P004957,2026-05-05,AC0010,Wire,USD,30801.59,True,True,False,False,0,43.5,Completed
P004986,2026-05-05,AC0048,Wire,INR,8261.15,False,False,False,False,0,19.5,Completed
P005017,2026-05-05,AC0031,Tax,USD,33980.14,False,False,False,False,0,1.5,Completed
P005157,2026-05-05,AC0047,ACH,INR,2314.68,False,True,False,False,0,1.5,Completed
P005403,2026-05-05,AC0029,Internal transfer,EUR,36705.16,False,False,False,False,0,1.5,Completed
P005704,2026-05-05,AC0041,Local transfer,JPY,6508.82,False,False,False,False,0,1.5,Completed
P005973,2026-05-05,AC0017,Wire,GBP,533.16,False,False,False,False,0,19.5,Completed
P006242,2026-05-05,AC0010,Local transfer,USD,13917.62,False,False,False,False,0,1.5,Completed
P006407,2026-05-05,AC0048,Local transfer,INR,5647.7,False,False,False,False,0,1.5,Completed
P006440,2026-05-05,AC0038,Local transfer,USD,15897.04,False,True,False,False,0,1.5,Completed
P006531,2026-05-05,AC0038,Local transfer,USD,22368.73,False,False,False,False,0,1.5,Completed
P006632,2026-05-05,AC0038,ACH,USD,16446.99,False,False,False,False,0,1.5,Completed
P006653,2026-05-05,AC0050,ACH,HKD,47577.38,False,True,False,False,0,1.5,Completed
P006703,2026-05-05,AC0001,Wire,USD,124842.97,True,True,True,False,59,58.5,Repaired
P006962,2026-05-05,AC0005,Local transfer,USD,15257.24,False,False,False,False,0,1.5,Completed
P007217,2026-05-05,AC0029,Tax,EUR,194311.23,False,True,False,False,0,1.5,Completed
P007435,2026-05-05,AC0053,Wire,USD,5772.28,True,False,False,False,0,43.5,Completed
P007532,2026-05-05,AC0014,Local transfer,CAD,13526.04,False,False,False,False,0,1.5,Completed
P007546,2026-05-05,AC0047,Local transfer,INR,347.73,False,True,False,False,0,1.5,Completed
P000091,2026-05-06,AC0019,Wire,GBP,57807.91,False,False,False,False,0,19.5,Completed
P000094,2026-05-06,AC0014,ACH,CAD,20795.56,False,True,False,False,0,1.5,Completed
P000116,2026-05-06,AC0014,ACH,CAD,9259.15,False,False,False,False,0,1.5,Completed
P000207,2026-05-06,AC0005,ACH,USD,59018.3,False,False,False,False,0,1.5,Completed
P000689,2026-05-06,AC0034,Local transfer,USD,28529.47,False,True,False,False,0,1.5,Completed
P000922,2026-05-06,AC0050,Wire,HKD,15996.58,True,False,False,False,0,43.5,Completed
P000997,2026-05-06,AC0015,Tax,CAD,18978.85,False,True,False,False,0,1.5,Completed
P001009,2026-05-06,AC0040,Local transfer,AUD,8730.88,False,False,False,False,0,1.5,Completed
P001011,2026-05-06,AC0034,Local transfer,USD,3599.43,False,True,False,False,0,1.5,Completed
P001153,2026-05-06,AC0020,Wire,GBP,37520.9,True,False,False,False,0,43.5,Completed
P001223,2026-05-06,AC0031,Local transfer,USD,23563.86,False,True,False,False,0,1.5,Completed
P001245,2026-05-06,AC0005,Local transfer,USD,7068.11,False,False,False,False,0,1.5,Completed
P001252,2026-05-06,AC0017,Wire,GBP,1484.32,True,False,False,False,0,43.5,Completed
P001302,2026-05-06,AC0017,Wire,GBP,7253.36,True,False,False,False,0,43.5,Completed
P001373,2026-05-06,AC0028,Payroll,EUR,119158.42,False,True,False,False,0,1.5,Completed
P001430,2026-05-06,AC0014,Internal transfer,CAD,201330.28,False,False,False,False,0,1.5,Completed
P001547,2026-05-06,AC0031,Wire,USD,68158.14,True,True,False,False,0,43.5,Completed
P001768,2026-05-06,AC0053,Local transfer,USD,4365.22,False,False,False,False,0,1.5,Completed
P002124,2026-05-06,AC0021,Wire,EUR,14980.88,False,False,False,False,0,19.5,Completed
P002202,2026-05-06,AC0005,Wire,USD,11285.83,False,False,False,False,0,19.5,Completed
P002209,2026-05-06,AC0014,Wire,CAD,31471.08,True,False,False,False,0,43.5,Completed
P002343,2026-05-06,AC0014,Local transfer,CAD,10716.36,False,True,False,True,0,1.5,Completed
P002580,2026-05-06,AC0041,Local transfer,JPY,852.7,False,False,False,False,0,1.5,Completed
P002935,2026-05-06,AC0047,Local transfer,INR,13899.56,False,True,False,False,0,1.5,Completed
P002995,2026-05-06,AC0050,Internal transfer,HKD,74842.09,False,False,False,False,0,1.5,Completed
P003528,2026-05-06,AC0041,Internal transfer,JPY,32822.91,False,False,False,False,0,1.5,Completed
P003653,2026-05-06,AC0038,ACH,USD,2630.04,False,False,True,False,19,16.5,Repaired
P003704,2026-05-06,AC0017,Payroll,GBP,72238.24,False,False,False,False,0,1.5,Completed
P003822,2026-05-06,AC0052,Local transfer,HKD,4742.58,False,False,False,False,0,1.5,Completed
P004007,2026-05-06,AC0041,Wire,JPY,14017.37,True,False,True,True,38,58.5,Repaired
P004135,2026-05-06,AC0020,Local transfer,GBP,22492.24,False,False,False,False,0,1.5,Completed
P004208,2026-05-06,AC0005,Wire,USD,36212.12,True,False,True,False,55,58.5,Repaired
P004283,2026-05-06,AC0001,Internal transfer,USD,43195.5,False,True,False,False,0,1.5,Completed
P004312,2026-05-06,AC0047,Internal transfer,INR,12016.79,False,False,False,False,0,1.5,Completed
P004534,2026-05-06,AC0015,Local transfer,CAD,6679.48,False,False,False,False,0,1.5,Completed
P004617,2026-05-06,AC0053,Wire,USD,3941.36,True,True,False,False,0,43.5,Completed
P004764,2026-05-06,AC0038,ACH,USD,6130.65,False,False,False,False,0,1.5,Completed
P004773,2026-05-06,AC0053,Local transfer,USD,25706.85,False,False,False,False,0,1.5,Completed
P004966,2026-05-06,AC0028,ACH,EUR,10211.03,False,False,False,False,0,1.5,Completed
P005033,2026-05-06,AC0005,Wire,USD,8438.87,True,False,False,False,0,43.5,Completed
P005038,2026-05-06,AC0025,Wire,EUR,87576.04,False,False,False,False,0,19.5,Completed
P005139,2026-05-06,AC0041,Local transfer,JPY,27925.69,False,True,False,False,0,1.5,Completed
P005219,2026-05-06,AC0053,Wire,USD,3934.31,False,False,False,False,0,19.5,Completed
P005273,2026-05-06,AC0001,ACH,USD,3534.91,False,True,False,True,0,1.5,Completed
P005375,2026-05-06,AC0010,Local transfer,USD,4320.89,False,False,False,False,0,1.5,Completed
P005498,2026-05-06,AC0034,ACH,USD,4052.03,False,True,False,False,0,1.5,Completed
P005561,2026-05-06,AC0047,Payroll,INR,1016352.64,False,True,False,False,0,1.5,Completed
P005570,2026-05-06,AC0028,Local transfer,EUR,42783.26,False,False,False,False,0,1.5,Completed
P005594,2026-05-06,AC0017,Local transfer,GBP,8747.61,False,False,False,False,0,1.5,Completed
P005808,2026-05-06,AC0031,ACH,USD,75873.71,False,False,False,False,0,1.5,Completed
P006139,2026-05-06,AC0028,Wire,EUR,5331.93,False,True,False,False,0,19.5,Completed
P006350,2026-05-06,AC0005,Wire,USD,12427.36,True,True,False,False,0,43.5,Completed
P006360,2026-05-06,AC0007,Local transfer,USD,32255.81,False,False,False,True,0,1.5,Completed
P006557,2026-05-06,AC0017,Wire,GBP,54366.79,True,True,False,False,0,43.5,Completed
P006721,2026-05-06,AC0014,Local transfer,CAD,5542.29,False,True,False,False,0,1.5,Completed
P006869,2026-05-06,AC0002,Payroll,USD,93335.23,False,True,False,False,0,1.5,Completed
P007144,2026-05-06,AC0014,Local transfer,CAD,14556.63,False,False,False,False,0,1.5,Completed
P007187,2026-05-06,AC0021,Wire,EUR,15273.69,True,True,False,False,0,43.5,Completed
P007247,2026-05-06,AC0053,Wire,USD,5112.94,True,True,False,False,0,43.5,Completed
P007310,2026-05-06,AC0038,Wire,USD,7565.47,False,False,False,False,0,19.5,Completed
P007557,2026-05-06,AC0031,Payroll,USD,34254.44,False,False,False,False,0,1.5,Completed
P000015,2026-05-07,AC0038,Local transfer,USD,23837.11,False,True,False,False,0,1.5,Completed
P000417,2026-05-07,AC0001,Internal transfer,USD,2221.76,False,True,False,False,0,1.5,Completed
P000438,2026-05-07,AC0005,Local transfer,USD,3451.2,False,False,False,False,0,1.5,Completed
P000624,2026-05-07,AC0045,Tax,KRW,55063.93,False,False,False,False,0,1.5,Completed
P000652,2026-05-07,AC0017,ACH,GBP,4083.95,False,True,False,False,0,1.5,Completed
P000828,2026-05-07,AC0038,Local transfer,USD,13031.01,False,False,False,False,0,1.5,Completed
P000901,2026-05-07,AC0035,Tax,SGD,7124.47,False,False,False,False,0,1.5,Completed
P000938,2026-05-07,AC0028,Internal transfer,EUR,3359.72,False,False,False,False,0,1.5,Completed
P001081,2026-05-07,AC0010,ACH,USD,4618.88,False,True,False,False,0,1.5,Completed
P001106,2026-05-07,AC0019,Local transfer,GBP,1737.06,False,True,False,False,0,1.5,Completed
P001110,2026-05-07,AC0041,Payroll,JPY,43759.08,False,True,False,False,0,1.5,Completed
P001224,2026-05-07,AC0025,ACH,EUR,39694.26,False,False,False,False,0,1.5,Completed
P001383,2026-05-07,AC0038,ACH,USD,16966.93,False,False,False,False,0,1.5,Completed
P001420,2026-05-07,AC0019,Local transfer,GBP,7020.35,False,False,False,False,0,1.5,Completed
P001591,2026-05-07,AC0001,Local transfer,USD,9459.05,False,True,False,False,0,1.5,Completed
P001619,2026-05-07,AC0031,Wire,USD,1594.0,True,True,False,False,0,43.5,Completed
P001698,2026-05-07,AC0001,Internal transfer,USD,94390.19,False,True,False,False,0,1.5,Completed
P001861,2026-05-07,AC0047,Local transfer,INR,3896.88,False,False,False,False,0,1.5,Completed
P001933,2026-05-07,AC0014,Local transfer,CAD,5545.68,False,False,False,False,0,1.5,Completed
P002177,2026-05-07,AC0034,Tax,USD,232491.99,False,False,False,False,0,1.5,Completed
P002280,2026-05-07,AC0027,Internal transfer,EUR,38856.11,False,False,False,False,0,1.5,Completed
P002305,2026-05-07,AC0030,Wire,USD,272758.08,False,False,False,False,0,19.5,Completed
P002480,2026-05-07,AC0045,Payroll,KRW,50157.99,False,False,False,False,0,1.5,Completed
P002685,2026-05-07,AC0031,ACH,USD,2279.81,False,True,False,False,0,1.5,Completed
P002689,2026-05-07,AC0017,ACH,GBP,3058.32,False,False,False,False,0,1.5,Completed
P002709,2026-05-07,AC0021,Wire,EUR,84578.35,True,True,False,False,0,43.5,Completed
P003080,2026-05-07,AC0031,Wire,USD,4637.61,False,True,False,False,0,19.5,Completed
P003190,2026-05-07,AC0031,Wire,USD,18888.35,True,False,False,False,0,43.5,Completed
P003326,2026-05-07,AC0033,Local transfer,EUR,12394.22,False,False,False,False,0,1.5,Completed
P003486,2026-05-07,AC0019,ACH,GBP,2881.36,False,False,False,False,0,1.5,Completed
P003561,2026-05-07,AC0005,Payroll,USD,57885.94,False,False,False,False,0,1.5,Completed
P003571,2026-05-07,AC0034,Wire,USD,34941.71,False,False,False,False,0,19.5,Completed
P003736,2026-05-07,AC0055,Local transfer,USD,1700.88,False,False,False,False,0,1.5,Completed
P003833,2026-05-07,AC0036,Wire,SGD,22742.66,False,False,False,False,0,19.5,Completed
P004168,2026-05-07,AC0044,Wire,KRW,137504.97,False,True,False,False,0,19.5,Completed
P004299,2026-05-07,AC0034,Wire,USD,14444.58,True,True,False,False,0,43.5,Completed
P004342,2026-05-07,AC0044,ACH,KRW,5702.88,False,False,False,False,0,1.5,Completed
P004355,2026-05-07,AC0031,Wire,USD,15498.11,True,True,False,False,0,43.5,Pending
P004466,2026-05-07,AC0007,Local transfer,USD,2653.09,False,False,False,False,0,1.5,Completed
P004545,2026-05-07,AC0012,Internal transfer,USD,3669.98,False,False,False,False,0,1.5,Completed
P004679,2026-05-07,AC0046,Payroll,KRW,4141.18,False,True,False,False,0,1.5,Completed
P004743,2026-05-07,AC0010,Local transfer,USD,200673.12,False,True,False,False,0,1.5,Completed
P005211,2026-05-07,AC0034,Local transfer,USD,21078.28,False,True,False,False,0,1.5,Completed
P005229,2026-05-07,AC0035,Wire,SGD,7809.14,False,False,False,False,0,19.5,Completed
P005430,2026-05-07,AC0007,Wire,USD,10603.66,False,False,False,False,0,19.5,Completed
P005532,2026-05-07,AC0014,Wire,CAD,24633.58,True,True,False,False,0,43.5,Completed
P005678,2026-05-07,AC0013,Wire,USD,16073.22,False,False,False,False,0,19.5,Completed
P005920,2026-05-07,AC0014,Local transfer,CAD,5794.66,False,False,False,False,0,1.5,Completed
P006069,2026-05-07,AC0006,ACH,USD,16954.13,False,False,False,False,0,1.5,Completed
P006339,2026-05-07,AC0048,Payroll,INR,320035.38,False,True,False,True,0,1.5,Completed
P006456,2026-05-07,AC0049,Local transfer,USD,15124.56,False,False,False,False,0,1.5,Completed
P006713,2026-05-07,AC0048,ACH,INR,12227.9,False,False,False,False,0,1.5,Completed
P006788,2026-05-07,AC0041,ACH,JPY,40254.38,False,False,False,False,0,1.5,Completed
P006947,2026-05-07,AC0034,Internal transfer,USD,47728.02,False,True,False,True,0,1.5,Completed
P007053,2026-05-07,AC0034,Local transfer,USD,5412.05,False,False,False,False,0,1.5,Completed
P007589,2026-05-07,AC0038,ACH,USD,32977.25,False,False,False,False,0,1.5,Completed
P000051,2026-05-08,AC0039,ACH,AUD,3637.45,False,False,False,False,0,1.5,Completed
P000194,2026-05-08,AC0029,Local transfer,EUR,17462.96,False,False,False,False,0,1.5,Completed
P000240,2026-05-08,AC0014,Local transfer,CAD,9962.92,False,False,False,False,0,1.5,Completed
P000343,2026-05-08,AC0022,Wire,EUR,19939.42,True,True,False,False,0,43.5,Completed
P000360,2026-05-08,AC0032,Tax,EUR,32305.11,False,False,False,False,0,1.5,Completed
P000706,2026-05-08,AC0043,ACH,JPY,7317.51,False,False,False,False,0,1.5,Completed
P000781,2026-05-08,AC0001,Local transfer,USD,61726.06,False,False,False,False,0,1.5,Completed
P000797,2026-05-08,AC0010,ACH,USD,4478.75,False,False,False,False,0,1.5,Completed
P000800,2026-05-08,AC0021,ACH,EUR,31207.88,False,False,False,False,0,1.5,Completed
P000936,2026-05-08,AC0041,Wire,JPY,18360.29,False,False,False,False,0,19.5,Completed
P000963,2026-05-08,AC0005,Local transfer,USD,10293.32,False,False,False,False,0,1.5,Completed
P001082,2026-05-08,AC0021,ACH,EUR,726.39,False,True,False,False,0,1.5,Completed
P001511,2026-05-08,AC0046,Wire,KRW,3273.12,True,False,False,False,0,43.5,Completed
P001628,2026-05-08,AC0014,Local transfer,CAD,10023.7,False,False,False,False,0,1.5,Completed
P001729,2026-05-08,AC0043,Payroll,JPY,37927.05,False,False,False,False,0,1.5,Completed
P002149,2026-05-08,AC0031,Local transfer,USD,4537.96,False,False,False,False,0,1.5,Completed
P002225,2026-05-08,AC0014,ACH,CAD,5039.3,False,False,False,False,0,1.5,Completed
P002228,2026-05-08,AC0034,Local transfer,USD,3879.78,False,True,False,False,0,1.5,Completed
P002254,2026-05-08,AC0051,Local transfer,HKD,9389.02,False,False,False,False,0,1.5,Completed
P002674,2026-05-08,AC0044,Wire,KRW,31409.51,False,True,False,False,0,19.5,Completed
P002858,2026-05-08,AC0043,Local transfer,JPY,10992.98,False,False,False,False,0,1.5,Completed
P003210,2026-05-08,AC0028,ACH,EUR,16675.54,False,False,False,False,0,1.5,Completed
P003283,2026-05-08,AC0044,Tax,KRW,35219.44,False,False,False,False,0,1.5,Completed
P003508,2026-05-08,AC0044,Local transfer,KRW,2938.98,False,False,False,False,0,1.5,Completed
P003559,2026-05-08,AC0028,Local transfer,EUR,30326.78,False,False,False,False,0,1.5,Completed
P003577,2026-05-08,AC0026,Payroll,USD,130084.93,False,False,False,False,0,1.5,Completed
P003593,2026-05-08,AC0036,Local transfer,SGD,6345.07,False,False,False,False,0,1.5,Completed
P003732,2026-05-08,AC0025,Local transfer,EUR,9643.63,False,False,False,False,0,1.5,Completed
P003942,2026-05-08,AC0030,Local transfer,USD,140600.11,False,False,False,False,0,1.5,Completed
P004158,2026-05-08,AC0012,Local transfer,USD,14612.52,False,False,False,False,0,1.5,Completed
P004161,2026-05-08,AC0032,Local transfer,EUR,6222.53,False,False,False,False,0,1.5,Completed
P004317,2026-05-08,AC0044,Local transfer,KRW,55427.73,False,False,False,False,0,1.5,Completed
P004608,2026-05-08,AC0047,Local transfer,INR,4746.1,False,False,False,False,0,1.5,Completed
P004673,2026-05-08,AC0044,Wire,KRW,59959.7,False,False,False,False,0,19.5,Completed
P004732,2026-05-08,AC0050,Wire,HKD,11388.63,False,False,False,True,0,19.5,Completed
P005186,2026-05-08,AC0028,Payroll,EUR,107230.96,False,True,False,False,0,1.5,Completed
P005348,2026-05-08,AC0017,Internal transfer,GBP,37472.37,False,False,False,False,0,1.5,Completed
P005372,2026-05-08,AC0046,Wire,KRW,4375.33,True,False,False,False,0,43.5,Completed
P005469,2026-05-08,AC0005,Local transfer,USD,8078.9,False,False,False,False,0,1.5,Completed
P005633,2026-05-08,AC0031,ACH,USD,7483.12,False,False,False,False,0,1.5,Completed
P005783,2026-05-08,AC0021,Local transfer,EUR,25498.18,False,True,False,False,0,1.5,Completed
P005882,2026-05-08,AC0052,Local transfer,HKD,7452.96,False,False,False,False,0,1.5,Completed
P005897,2026-05-08,AC0050,ACH,HKD,48139.96,False,True,False,False,0,1.5,Completed
P005898,2026-05-08,AC0014,Payroll,CAD,53200.62,False,False,False,False,0,1.5,Completed
P005963,2026-05-08,AC0025,Internal transfer,EUR,13616.86,False,True,False,True,0,1.5,Completed
P006109,2026-05-08,AC0028,Local transfer,EUR,10624.35,False,False,False,False,0,1.5,Completed
P006255,2026-05-08,AC0047,Wire,INR,7447.32,True,True,False,False,0,43.5,Completed
P006430,2026-05-08,AC0027,Payroll,EUR,271363.05,False,False,False,False,0,1.5,Completed
P006481,2026-05-08,AC0028,ACH,EUR,18381.13,False,False,False,False,0,1.5,Completed
P006494,2026-05-08,AC0044,Local transfer,KRW,14839.5,False,True,False,False,0,1.5,Completed
P006502,2026-05-08,AC0014,Tax,CAD,55977.7,False,False,False,False,0,1.5,Completed
P006515,2026-05-08,AC0014,Internal transfer,CAD,9382.76,False,False,False,False,0,1.5,Completed
P006647,2026-05-08,AC0023,Local transfer,EUR,37369.54,False,False,False,False,0,1.5,Completed
P006701,2026-05-08,AC0017,Payroll,GBP,475147.43,False,False,False,False,0,1.5,Completed
P006744,2026-05-08,AC0017,Wire,GBP,16336.14,True,True,True,False,73,58.5,Repaired
P006752,2026-05-08,AC0014,Internal transfer,CAD,23477.83,False,False,False,False,0,1.5,Completed
P006856,2026-05-08,AC0050,Payroll,HKD,123482.86,False,False,False,False,0,1.5,Completed
P007067,2026-05-08,AC0001,Local transfer,USD,10005.06,False,False,False,False,0,1.5,Completed
P007115,2026-05-08,AC0014,ACH,CAD,3297.61,False,False,False,False,0,1.5,Completed
P007140,2026-05-08,AC0017,ACH,GBP,4188.8,False,True,False,False,0,1.5,Completed
P007224,2026-05-08,AC0049,Tax,USD,162577.35,False,False,False,False,0,1.5,Completed
P007459,2026-05-08,AC0029,Local transfer,EUR,3057.74,False,False,True,False,61,16.5,Repaired
P000044,2026-05-11,AC0021,ACH,EUR,41689.47,False,False,False,False,0,1.5,Completed
P000197,2026-05-11,AC0034,Payroll,USD,77235.97,False,False,False,False,0,1.5,Completed
P000244,2026-05-11,AC0035,ACH,SGD,28471.76,False,True,False,False,0,1.5,Completed
P000523,2026-05-11,AC0013,Local transfer,USD,11391.29,False,False,False,False,0,1.5,Completed
P001092,2026-05-11,AC0028,Payroll,EUR,40501.95,False,False,False,True,0,1.5,Completed
P001298,2026-05-11,AC0025,ACH,EUR,15934.71,False,False,False,False,0,1.5,Completed
P001545,2026-05-11,AC0038,ACH,USD,5598.22,False,False,False,False,0,1.5,Completed
P001639,2026-05-11,AC0047,ACH,INR,44090.05,False,False,False,False,0,1.5,Completed
P002082,2026-05-11,AC0047,ACH,INR,26606.65,False,True,True,True,72,16.5,Repaired
P002274,2026-05-11,AC0008,Local transfer,USD,68452.11,False,False,False,False,0,1.5,Completed
P002299,2026-05-11,AC0014,Local transfer,CAD,4637.33,False,False,False,False,0,1.5,Completed
P002353,2026-05-11,AC0031,ACH,USD,765.19,False,True,True,False,52,16.5,Repaired
P002384,2026-05-11,AC0005,ACH,USD,3429.72,False,False,False,False,0,1.5,Completed
P002420,2026-05-11,AC0052,Local transfer,HKD,45384.47,False,False,False,False,0,1.5,Completed
P002503,2026-05-11,AC0005,ACH,USD,8015.02,False,False,False,False,0,1.5,Completed
P002665,2026-05-11,AC0047,Payroll,INR,19786.87,False,False,False,False,0,1.5,Completed
P003002,2026-05-11,AC0014,Local transfer,CAD,5360.43,False,False,False,False,0,1.5,Completed
P003225,2026-05-11,AC0053,Payroll,USD,6108.63,False,False,False,False,0,1.5,Completed
P003254,2026-05-11,AC0045,Payroll,KRW,3201.28,False,True,False,False,0,1.5,Completed
P003309,2026-05-11,AC0031,ACH,USD,7762.61,False,True,False,False,0,1.5,Completed
P003405,2026-05-11,AC0050,Wire,HKD,196599.7,True,True,False,False,0,43.5,Completed
P003524,2026-05-11,AC0021,Payroll,EUR,23073.63,False,False,True,False,37,16.5,Repaired
P003660,2026-05-11,AC0041,Payroll,JPY,80193.54,False,False,False,False,0,1.5,Completed
P003673,2026-05-11,AC0001,ACH,USD,5112.99,False,False,False,False,0,1.5,Completed
P003729,2026-05-11,AC0017,Local transfer,GBP,36723.65,False,False,False,False,0,1.5,Completed
P003838,2026-05-11,AC0016,Internal transfer,CAD,25862.69,False,True,False,False,0,1.5,Completed
P003948,2026-05-11,AC0017,ACH,GBP,24263.82,False,False,False,False,0,1.5,Completed
P004333,2026-05-11,AC0040,Payroll,AUD,89731.68,False,True,False,False,0,1.5,Completed
P004565,2026-05-11,AC0005,Local transfer,USD,3642.5,False,False,False,False,0,1.5,Completed
P004690,2026-05-11,AC0034,Local transfer,USD,21279.36,False,False,False,False,0,1.5,Completed
P004755,2026-05-11,AC0034,ACH,USD,9312.16,False,False,False,False,0,1.5,Completed
P004912,2026-05-11,AC0053,Wire,USD,15343.31,True,False,True,False,36,58.5,Repaired
P004992,2026-05-11,AC0031,Wire,USD,12274.87,False,True,False,False,0,19.5,Completed
P005060,2026-05-11,AC0014,Internal transfer,CAD,138885.15,False,False,False,False,0,1.5,Completed
P005137,2026-05-11,AC0044,ACH,KRW,8339.32,False,False,False,False,0,1.5,Completed
P005286,2026-05-11,AC0044,Local transfer,KRW,2464.57,False,False,False,False,0,1.5,Completed
P005360,2026-05-11,AC0034,ACH,USD,17638.9,False,True,False,False,0,1.5,Completed
P005475,2026-05-11,AC0031,Local transfer,USD,2243.27,False,True,True,False,36,16.5,Repaired
P005593,2026-05-11,AC0017,Wire,GBP,10120.47,False,False,False,False,0,19.5,Completed
P005637,2026-05-11,AC0032,Local transfer,EUR,5286.22,False,False,False,False,0,1.5,Completed
P005666,2026-05-11,AC0034,ACH,USD,3330.42,False,False,False,False,0,1.5,Completed
P005772,2026-05-11,AC0034,Local transfer,USD,3613.69,False,False,False,False,0,1.5,Completed
P006096,2026-05-11,AC0034,Local transfer,USD,129517.47,False,False,False,False,0,1.5,Completed
P006114,2026-05-11,AC0044,Local transfer,KRW,20496.5,False,False,False,False,0,1.5,Completed
P006258,2026-05-11,AC0036,Local transfer,SGD,5929.24,False,False,False,False,0,1.5,Completed
P006269,2026-05-11,AC0050,Local transfer,HKD,30867.16,False,True,False,False,0,1.5,Completed
P006551,2026-05-11,AC0005,ACH,USD,7484.02,False,False,False,False,0,1.5,Completed
P006580,2026-05-11,AC0035,ACH,SGD,12668.56,False,False,False,False,0,1.5,Completed
P006608,2026-05-11,AC0031,Wire,USD,30317.63,True,False,False,False,0,43.5,Completed
P006898,2026-05-11,AC0038,ACH,USD,2232.15,False,False,False,False,0,1.5,Completed
P007214,2026-05-11,AC0038,ACH,USD,17780.8,False,True,False,False,0,1.5,Completed
P007286,2026-05-11,AC0040,Local transfer,AUD,33885.19,False,True,False,False,0,1.5,Completed
P007507,2026-05-11,AC0044,ACH,KRW,5563.73,False,False,False,False,0,1.5,Completed
P000048,2026-05-12,AC0041,Local transfer,JPY,22478.95,False,True,False,False,0,1.5,Completed
P000296,2026-05-12,AC0006,Payroll,USD,33368.69,False,False,False,False,0,1.5,Completed
P000344,2026-05-12,AC0041,Wire,JPY,2850.83,False,False,False,False,0,19.5,Completed
P000559,2026-05-12,AC0034,Local transfer,USD,13806.3,False,False,False,False,0,1.5,Completed
P000694,2026-05-12,AC0053,Tax,USD,20870.66,False,False,False,False,0,1.5,Completed
P000737,2026-05-12,AC0001,Local transfer,USD,10729.6,False,True,False,False,0,1.5,Completed
P000785,2026-05-12,AC0012,Local transfer,USD,8673.1,False,False,False,False,0,1.5,Completed
P000983,2026-05-12,AC0028,Internal transfer,EUR,1201.56,False,False,False,False,0,1.5,Completed
P000995,2026-05-12,AC0001,ACH,USD,6047.21,False,False,False,False,0,1.5,Completed
P001005,2026-05-12,AC0012,Local transfer,USD,68912.63,False,True,False,False,0,1.5,Completed
P001206,2026-05-12,AC0021,Local transfer,EUR,246850.18,False,True,False,False,0,1.5,Completed
P001286,2026-05-12,AC0053,Internal transfer,USD,69353.03,False,True,False,False,0,1.5,Completed
P001380,2026-05-12,AC0022,Wire,EUR,17326.2,True,True,True,False,66,58.5,Rejected
P001413,2026-05-12,AC0034,Internal transfer,USD,168578.72,False,False,False,False,0,1.5,Completed
P001431,2026-05-12,AC0021,Wire,EUR,6128.7,False,True,False,False,0,19.5,Completed
P001632,2026-05-12,AC0010,Local transfer,USD,5329.58,False,False,False,False,0,1.5,Completed
P001735,2026-05-12,AC0054,Wire,USD,12190.78,True,False,False,False,0,43.5,Completed
P001737,2026-05-12,AC0053,Payroll,USD,48714.63,False,False,False,False,0,1.5,Completed
P001805,2026-05-12,AC0044,Local transfer,KRW,3668.01,False,False,False,False,0,1.5,Completed
P001869,2026-05-12,AC0010,Local transfer,USD,1840.94,False,False,True,False,29,16.5,Repaired
P001997,2026-05-12,AC0048,Payroll,INR,43776.57,False,True,False,False,0,1.5,Completed
P002141,2026-05-12,AC0001,Payroll,USD,10310.63,False,False,False,False,0,1.5,Completed
P002272,2026-05-12,AC0023,Local transfer,EUR,5854.36,False,False,False,False,0,1.5,Completed
P002325,2026-05-12,AC0020,Payroll,GBP,216696.65,False,False,False,False,0,1.5,Completed
P002466,2026-05-12,AC0028,ACH,EUR,4568.45,False,False,False,False,0,1.5,Completed
P002514,2026-05-12,AC0005,ACH,USD,4842.16,False,False,False,False,0,1.5,Completed
P002621,2026-05-12,AC0001,Payroll,USD,96432.5,False,False,False,False,0,1.5,Completed
P002944,2026-05-12,AC0049,ACH,USD,10521.75,False,False,False,False,0,1.5,Completed
P003056,2026-05-12,AC0010,Payroll,USD,26839.06,False,True,False,False,0,1.5,Completed
P003111,2026-05-12,AC0040,Local transfer,AUD,28418.98,False,True,False,False,0,1.5,Completed
P003229,2026-05-12,AC0017,Internal transfer,GBP,14195.36,False,False,False,False,0,1.5,Completed
P003234,2026-05-12,AC0050,Local transfer,HKD,65043.93,False,False,False,False,0,1.5,Completed
P003311,2026-05-12,AC0041,Local transfer,JPY,8532.09,False,False,False,False,0,1.5,Completed
P003340,2026-05-12,AC0048,Local transfer,INR,14400.29,False,False,False,False,0,1.5,Completed
P003448,2026-05-12,AC0047,Local transfer,INR,54867.25,False,True,False,False,0,1.5,Completed
P003514,2026-05-12,AC0044,ACH,KRW,11321.03,False,False,False,False,0,1.5,Completed
P003607,2026-05-12,AC0001,Tax,USD,555394.51,False,True,False,False,0,1.5,Completed
P003687,2026-05-12,AC0034,Payroll,USD,15149.86,False,True,False,False,0,1.5,Completed
P003703,2026-05-12,AC0028,Local transfer,EUR,176968.57,False,False,False,False,0,1.5,Completed
P003782,2026-05-12,AC0051,ACH,HKD,10354.22,False,True,False,False,0,1.5,Completed
P003846,2026-05-12,AC0001,Payroll,USD,141148.83,False,False,False,False,0,1.5,Completed
P003954,2026-05-12,AC0001,ACH,USD,3531.69,False,False,True,False,72,16.5,Repaired
P003987,2026-05-12,AC0022,Local transfer,EUR,5497.72,False,False,False,False,0,1.5,Completed
P004424,2026-05-12,AC0034,Internal transfer,USD,8344.59,False,False,False,False,0,1.5,Completed
P004445,2026-05-12,AC0034,ACH,USD,4511.96,False,False,False,False,0,1.5,Completed
P004502,2026-05-12,AC0044,Local transfer,KRW,1906.4,False,False,False,False,0,1.5,Completed
P004586,2026-05-12,AC0008,ACH,USD,8555.16,False,True,False,False,0,1.5,Completed
P004645,2026-05-12,AC0011,Local transfer,USD,26033.17,False,False,False,False,0,1.5,Completed
P004818,2026-05-12,AC0007,Internal transfer,USD,9179.4,False,False,False,False,0,1.5,Completed
P005099,2026-05-12,AC0041,ACH,JPY,3821.26,False,False,False,False,0,1.5,Completed
P005140,2026-05-12,AC0043,ACH,JPY,17859.38,False,False,False,False,0,1.5,Completed
P005510,2026-05-12,AC0051,Local transfer,HKD,15070.24,False,True,False,False,0,1.5,Completed
P005535,2026-05-12,AC0014,Local transfer,CAD,34636.68,False,True,False,False,0,1.5,Completed
P005843,2026-05-12,AC0044,Local transfer,KRW,18974.26,False,False,False,False,0,1.5,Completed
P005873,2026-05-12,AC0053,Local transfer,USD,7368.38,False,False,False,False,0,1.5,Completed
P005935,2026-05-12,AC0017,Local transfer,GBP,6023.5,False,True,False,False,0,1.5,Completed
P005967,2026-05-12,AC0042,Wire,USD,9668.05,False,False,False,False,0,19.5,Completed
P005974,2026-05-12,AC0050,Wire,HKD,56065.63,False,False,False,False,0,19.5,Completed
P005985,2026-05-12,AC0052,Local transfer,HKD,922.76,False,True,False,False,0,1.5,Completed
P006401,2026-05-12,AC0050,Wire,HKD,6554.95,False,False,False,True,0,19.5,Completed
P006504,2026-05-12,AC0044,ACH,KRW,7716.48,False,False,False,True,0,1.5,Completed
P006625,2026-05-12,AC0053,ACH,USD,11734.34,False,False,False,False,0,1.5,Completed
P006733,2026-05-12,AC0039,ACH,AUD,9799.91,False,False,False,False,0,1.5,Completed
P006781,2026-05-12,AC0047,ACH,INR,16020.42,False,True,False,False,0,1.5,Completed
P006789,2026-05-12,AC0053,ACH,USD,1710.72,False,True,False,False,0,1.5,Completed
P006987,2026-05-12,AC0044,ACH,KRW,4756.2,False,False,False,False,0,1.5,Completed
P007168,2026-05-12,AC0044,ACH,KRW,1021.35,False,True,False,False,0,1.5,Completed
P007419,2026-05-12,AC0007,Tax,USD,22837.66,False,True,False,False,0,1.5,Completed
P007473,2026-05-12,AC0050,Payroll,HKD,18004.35,False,False,False,False,0,1.5,Completed
P000012,2026-05-13,AC0001,Local transfer,USD,41540.0,False,True,False,False,0,1.5,Completed
P000303,2026-05-13,AC0047,Local transfer,INR,67364.27,False,False,False,False,0,1.5,Completed
P000449,2026-05-13,AC0050,Internal transfer,HKD,6845.28,False,True,False,False,0,1.5,Completed
P000510,2026-05-13,AC0054,Wire,USD,16548.96,True,False,False,False,0,43.5,Completed
P000519,2026-05-13,AC0036,Local transfer,SGD,211059.3,False,False,False,False,0,1.5,Completed
P000577,2026-05-13,AC0035,ACH,SGD,1296.78,False,True,False,False,0,1.5,Completed
P000614,2026-05-13,AC0023,Wire,EUR,41458.18,True,False,False,False,0,43.5,Completed
P000668,2026-05-13,AC0010,Wire,USD,48733.13,True,False,False,False,0,43.5,Completed
P000753,2026-05-13,AC0005,Payroll,USD,82373.03,False,True,False,False,0,1.5,Completed
P000783,2026-05-13,AC0047,Payroll,INR,58260.21,False,True,False,False,0,1.5,Completed
P000805,2026-05-13,AC0052,ACH,HKD,8556.74,False,False,False,False,0,1.5,Completed
P000822,2026-05-13,AC0046,Wire,KRW,31824.15,True,True,False,True,0,43.5,Completed
P000881,2026-05-13,AC0017,Wire,GBP,15140.72,False,False,False,False,0,19.5,Completed
P000915,2026-05-13,AC0041,Wire,JPY,14982.68,True,False,True,False,63,58.5,Repaired
P001047,2026-05-13,AC0028,ACH,EUR,171672.99,False,False,False,False,0,1.5,Completed
P001050,2026-05-13,AC0021,Wire,EUR,1693.68,True,False,False,True,0,43.5,Completed
P001238,2026-05-13,AC0053,ACH,USD,13278.81,False,False,False,False,0,1.5,Completed
P001343,2026-05-13,AC0031,Wire,USD,83102.22,False,False,False,False,0,19.5,Completed
P001364,2026-05-13,AC0031,ACH,USD,21329.98,False,False,False,False,0,1.5,Completed
P001421,2026-05-13,AC0031,Local transfer,USD,23200.28,False,True,False,True,0,1.5,Completed
P001490,2026-05-13,AC0028,Local transfer,EUR,50388.16,False,False,False,False,0,1.5,Completed
P001675,2026-05-13,AC0028,ACH,EUR,90131.85,False,False,False,False,0,1.5,Completed
P001769,2026-05-13,AC0041,Local transfer,JPY,15654.35,False,False,False,False,0,1.5,Completed
P001793,2026-05-13,AC0001,Internal transfer,USD,14083.27,False,False,False,False,0,1.5,Completed
P001860,2026-05-13,AC0034,Local transfer,USD,48355.91,False,False,False,False,0,1.5,Completed
P001924,2026-05-13,AC0017,ACH,GBP,8985.9,False,False,False,False,0,1.5,Completed
P002054,2026-05-13,AC0050,Local transfer,HKD,14416.12,False,True,False,False,0,1.5,Completed
P002155,2026-05-13,AC0044,Wire,KRW,8780.9,False,False,False,False,0,19.5,Completed
P002215,2026-05-13,AC0014,Local transfer,CAD,6110.31,False,True,False,False,0,1.5,Completed
P002419,2026-05-13,AC0044,Payroll,KRW,77454.38,False,False,False,False,0,1.5,Completed
P002811,2026-05-13,AC0031,ACH,USD,3791.42,False,False,True,False,24,16.5,Repaired
P002976,2026-05-13,AC0038,ACH,USD,23050.47,False,False,False,False,0,1.5,Completed
P003165,2026-05-13,AC0031,Local transfer,USD,36380.85,False,True,False,False,0,1.5,Completed
P003171,2026-05-13,AC0005,Local transfer,USD,2320.48,False,False,False,False,0,1.5,Completed
P003188,2026-05-13,AC0010,Local transfer,USD,4195.85,False,True,False,True,0,1.5,Completed
P003239,2026-05-13,AC0005,Payroll,USD,20998.32,False,False,False,False,0,1.5,Completed
P003268,2026-05-13,AC0041,Payroll,JPY,357769.52,False,False,False,False,0,1.5,Completed
P003597,2026-05-13,AC0050,Local transfer,HKD,26061.06,False,True,False,False,0,1.5,Completed
P003700,2026-05-13,AC0028,ACH,EUR,81223.27,False,True,True,True,43,16.5,Repaired
P003796,2026-05-13,AC0001,Local transfer,USD,43613.62,False,True,False,False,0,1.5,Completed
P003844,2026-05-13,AC0050,Local transfer,HKD,10277.85,False,False,False,False,0,1.5,Completed
P003907,2026-05-13,AC0043,ACH,JPY,3149.15,False,False,False,False,0,1.5,Completed
P003950,2026-05-13,AC0049,Local transfer,USD,16100.72,False,False,False,False,0,1.5,Completed
P004047,2026-05-13,AC0044,Local transfer,KRW,3656.09,False,False,False,False,0,1.5,Completed
P004267,2026-05-13,AC0053,Wire,USD,4447.91,False,False,False,False,0,19.5,Completed
P004385,2026-05-13,AC0014,ACH,CAD,4579.17,False,False,False,False,0,1.5,Completed
P004396,2026-05-13,AC0031,Internal transfer,USD,11929.45,False,True,False,False,0,1.5,Completed
P004721,2026-05-13,AC0031,Payroll,USD,1489.37,False,True,False,False,0,1.5,Completed
P004737,2026-05-13,AC0044,Wire,KRW,56950.92,False,True,False,False,0,19.5,Completed
P004745,2026-05-13,AC0031,Wire,USD,50605.93,True,True,False,False,0,43.5,Completed
P004907,2026-05-13,AC0041,Local transfer,JPY,3658.48,False,False,False,False,0,1.5,Completed
P004980,2026-05-13,AC0041,Local transfer,JPY,36685.61,False,False,False,False,0,1.5,Completed
P005009,2026-05-13,AC0023,Local transfer,EUR,25807.87,False,True,False,False,0,1.5,Completed
P005029,2026-05-13,AC0025,Wire,EUR,7855.74,False,False,False,False,0,19.5,Completed
P005178,2026-05-13,AC0042,Tax,USD,39968.39,False,False,False,False,0,1.5,Completed
P005269,2026-05-13,AC0043,Wire,JPY,58857.25,False,True,False,False,0,19.5,Completed
P005392,2026-05-13,AC0025,Local transfer,EUR,71137.77,False,False,False,False,0,1.5,Completed
P005900,2026-05-13,AC0031,Payroll,USD,83070.1,False,False,False,False,0,1.5,Completed
P006154,2026-05-13,AC0048,Local transfer,INR,2885.67,False,False,False,True,0,1.5,Completed
P006356,2026-05-13,AC0043,Wire,JPY,2275.76,False,False,False,False,0,19.5,Completed
P006487,2026-05-13,AC0017,Tax,GBP,25975.51,False,False,False,False,0,1.5,Completed
P006903,2026-05-13,AC0033,Payroll,EUR,30449.39,False,True,False,False,0,1.5,Completed
P006950,2026-05-13,AC0013,ACH,USD,2845.48,False,False,False,False,0,1.5,Completed
P000359,2026-05-14,AC0047,Wire,INR,13120.74,True,False,False,False,0,43.5,Completed
P000531,2026-05-14,AC0014,Internal transfer,CAD,2924.84,False,False,False,False,0,1.5,Completed
P000571,2026-05-14,AC0031,ACH,USD,6203.88,False,False,False,False,0,1.5,Completed
P000645,2026-05-14,AC0001,Local transfer,USD,1767.46,False,True,False,False,0,1.5,Completed
P001161,2026-05-14,AC0042,Local transfer,USD,12292.58,False,False,False,False,0,1.5,Completed
P001187,2026-05-14,AC0001,Internal transfer,USD,1584.6,False,True,False,False,0,1.5,Completed
P001208,2026-05-14,AC0025,Local transfer,EUR,8857.73,False,True,True,False,53,16.5,Rejected
P001356,2026-05-14,AC0021,Payroll,EUR,26723.36,False,False,False,False,0,1.5,Completed
P001573,2026-05-14,AC0017,ACH,GBP,14090.3,False,False,False,False,0,1.5,Completed
P001801,2026-05-14,AC0044,ACH,KRW,4061.23,False,False,False,False,0,1.5,Completed
P002023,2026-05-14,AC0038,Payroll,USD,32126.69,False,False,False,False,0,1.5,Completed
P002074,2026-05-14,AC0001,Tax,USD,166600.86,False,True,False,False,0,1.5,Completed
P002123,2026-05-14,AC0041,Local transfer,JPY,3902.37,False,False,False,True,0,1.5,Completed
P002184,2026-05-14,AC0014,Wire,CAD,28689.59,True,True,True,False,62,58.5,Rejected
P002212,2026-05-14,AC0053,ACH,USD,49057.82,False,False,False,False,0,1.5,Completed
P002276,2026-05-14,AC0005,Local transfer,USD,138849.32,False,False,False,False,0,1.5,Completed
P002393,2026-05-14,AC0049,Wire,USD,6131.72,False,True,False,False,0,19.5,Completed
P002404,2026-05-14,AC0036,Local transfer,SGD,6832.1,False,False,False,False,0,1.5,Completed
P002410,2026-05-14,AC0028,Wire,EUR,3129.19,True,False,False,False,0,43.5,Completed
P002443,2026-05-14,AC0005,Local transfer,USD,21355.42,False,False,False,False,0,1.5,Completed
P002450,2026-05-14,AC0001,Local transfer,USD,6785.25,False,False,False,False,0,1.5,Completed
P002579,2026-05-14,AC0021,Wire,EUR,8051.29,False,True,False,False,0,19.5,Completed
P002690,2026-05-14,AC0021,Wire,EUR,2922.56,False,True,False,False,0,19.5,Completed
P002747,2026-05-14,AC0025,Local transfer,EUR,13788.23,False,False,False,False,0,1.5,Completed
P002792,2026-05-14,AC0028,ACH,EUR,24977.59,False,False,False,False,0,1.5,Completed
P002959,2026-05-14,AC0021,Tax,EUR,79669.04,False,True,False,False,0,1.5,Completed
P003001,2026-05-14,AC0006,Wire,USD,13279.36,True,True,True,False,34,58.5,Repaired
P003081,2026-05-14,AC0053,Local transfer,USD,55178.95,False,False,False,False,0,1.5,Completed
P003102,2026-05-14,AC0011,Wire,USD,4930.58,False,False,False,False,0,19.5,Completed
P003637,2026-05-14,AC0017,ACH,GBP,11681.53,False,True,False,False,0,1.5,Completed
P004036,2026-05-14,AC0038,Payroll,USD,13118.32,False,True,False,False,0,1.5,Completed
P004112,2026-05-14,AC0041,ACH,JPY,51919.57,False,False,False,False,0,1.5,Completed
P004544,2026-05-14,AC0014,Wire,CAD,5042.23,True,True,False,False,0,43.5,Completed
P004716,2026-05-14,AC0041,Local transfer,JPY,1901.18,False,False,False,False,0,1.5,Completed
P004971,2026-05-14,AC0014,Wire,CAD,11410.24,True,False,False,False,0,43.5,Completed
P005003,2026-05-14,AC0041,ACH,JPY,6265.84,False,False,False,False,0,1.5,Completed
P005284,2026-05-14,AC0034,Wire,USD,9083.34,False,True,False,False,0,19.5,Completed
P005417,2026-05-14,AC0044,Local transfer,KRW,7545.57,False,False,False,False,0,1.5,Completed
P005496,2026-05-14,AC0003,Payroll,USD,25480.47,False,True,True,False,67,16.5,Repaired
P005501,2026-05-14,AC0047,Wire,INR,51206.76,True,False,False,False,0,43.5,Completed
P005917,2026-05-14,AC0019,Local transfer,GBP,23693.81,False,False,False,False,0,1.5,Completed
P006020,2026-05-14,AC0017,Internal transfer,GBP,5629.83,False,False,False,False,0,1.5,Completed
P006478,2026-05-14,AC0031,ACH,USD,8472.72,False,True,False,False,0,1.5,Completed
P006543,2026-05-14,AC0014,ACH,CAD,16697.13,False,False,False,False,0,1.5,Completed
P006667,2026-05-14,AC0011,Local transfer,USD,23744.5,False,False,False,False,0,1.5,Completed
P006671,2026-05-14,AC0017,ACH,GBP,33895.87,False,False,False,False,0,1.5,Completed
P006702,2026-05-14,AC0032,Local transfer,EUR,14312.18,False,False,False,True,0,1.5,Completed
P006758,2026-05-14,AC0028,Payroll,EUR,92146.87,False,False,False,False,0,1.5,Completed
P006760,2026-05-14,AC0010,Local transfer,USD,36242.13,False,False,False,False,0,1.5,Completed
P006862,2026-05-14,AC0046,Local transfer,KRW,9988.26,False,False,False,False,0,1.5,Completed
P006944,2026-05-14,AC0044,Local transfer,KRW,11210.78,False,False,False,False,0,1.5,Completed
P007016,2026-05-14,AC0031,ACH,USD,2320.86,False,True,True,False,40,16.5,Repaired
P007117,2026-05-14,AC0027,Wire,EUR,2005.73,False,False,False,False,0,19.5,Completed
P007306,2026-05-14,AC0034,Local transfer,USD,91517.21,False,False,False,False,0,1.5,Completed
P007319,2026-05-14,AC0025,Local transfer,EUR,4721.22,False,True,False,False,0,1.5,Completed
P000050,2026-05-15,AC0047,Wire,INR,6476.93,True,True,True,False,16,58.5,Rejected
P000252,2026-05-15,AC0001,Payroll,USD,38705.39,False,True,True,False,55,16.5,Repaired
P000457,2026-05-15,AC0050,Wire,HKD,1998.39,True,False,False,True,0,43.5,Completed
P000458,2026-05-15,AC0047,Tax,INR,10543.3,False,True,False,False,0,1.5,Completed
P001072,2026-05-15,AC0005,ACH,USD,88446.95,False,False,False,False,0,1.5,Completed
P001077,2026-05-15,AC0047,Local transfer,INR,73441.11,False,True,False,False,0,1.5,Completed
P001132,2026-05-15,AC0010,ACH,USD,2273.31,False,False,False,False,0,1.5,Completed
P001196,2026-05-15,AC0051,Wire,HKD,73658.5,True,True,False,False,0,43.5,Completed
P001242,2026-05-15,AC0001,Local transfer,USD,20972.72,False,True,True,False,70,16.5,Repaired
P001248,2026-05-15,AC0050,Payroll,HKD,62658.4,False,True,False,False,0,1.5,Completed
P001325,2026-05-15,AC0021,Tax,EUR,44154.7,False,True,False,False,0,1.5,Completed
P001466,2026-05-15,AC0036,Local transfer,SGD,37090.97,False,False,False,False,0,1.5,Completed
P001633,2026-05-15,AC0040,Wire,AUD,18917.86,True,False,False,False,0,43.5,Completed
P001684,2026-05-15,AC0014,Local transfer,CAD,1261.03,False,False,False,False,0,1.5,Completed
P002091,2026-05-15,AC0016,Local transfer,CAD,59306.45,False,True,False,False,0,1.5,Completed
P002339,2026-05-15,AC0028,Local transfer,EUR,4355.14,False,False,False,False,0,1.5,Completed
P002348,2026-05-15,AC0041,ACH,JPY,13001.26,False,False,False,False,0,1.5,Completed
P002444,2026-05-15,AC0044,Local transfer,KRW,3884.87,False,True,False,False,0,1.5,Completed
P002624,2026-05-15,AC0010,ACH,USD,5238.84,False,False,False,False,0,1.5,Completed
P003105,2026-05-15,AC0031,ACH,USD,8558.56,False,False,False,False,0,1.5,Completed
P003328,2026-05-15,AC0021,Local transfer,EUR,48816.74,False,False,False,False,0,1.5,Completed
P003414,2026-05-15,AC0025,Wire,EUR,9733.59,True,False,False,False,0,43.5,Completed
P003842,2026-05-15,AC0017,Local transfer,GBP,21492.49,False,False,False,False,0,1.5,Completed
P003940,2026-05-15,AC0005,ACH,USD,3708.01,False,False,False,False,0,1.5,Completed
P004190,2026-05-15,AC0010,Payroll,USD,18343.06,False,False,False,False,0,1.5,Completed
P004220,2026-05-15,AC0030,Internal transfer,USD,10425.22,False,False,False,False,0,1.5,Completed
P004227,2026-05-15,AC0008,Local transfer,USD,4982.37,False,False,False,False,0,1.5,Completed
P004714,2026-05-15,AC0040,Payroll,AUD,78619.35,False,False,False,False,0,1.5,Completed
P004927,2026-05-15,AC0003,ACH,USD,22820.81,False,False,False,False,0,1.5,Completed
P005216,2026-05-15,AC0031,Local transfer,USD,50811.88,False,False,False,False,0,1.5,Pending
P005232,2026-05-15,AC0028,Local transfer,EUR,20359.51,False,False,False,False,0,1.5,Completed
P005361,2026-05-15,AC0016,ACH,CAD,141032.68,False,False,False,False,0,1.5,Completed
P005438,2026-05-15,AC0044,Wire,KRW,6900.84,False,False,False,False,0,19.5,Completed
P005716,2026-05-15,AC0031,Local transfer,USD,1946.35,False,True,False,False,0,1.5,Completed
P006172,2026-05-15,AC0050,Internal transfer,HKD,6748.85,False,True,False,False,0,1.5,Completed
P006202,2026-05-15,AC0028,Wire,EUR,3024.43,True,True,False,False,0,43.5,Completed
P006215,2026-05-15,AC0018,Local transfer,GBP,4035.98,False,True,False,False,0,1.5,Completed
P006266,2026-05-15,AC0001,Tax,USD,18069.07,False,True,False,False,0,1.5,Completed
P006402,2026-05-15,AC0039,Tax,AUD,55160.1,False,False,False,False,0,1.5,Completed
P006680,2026-05-15,AC0050,Local transfer,HKD,2202.54,False,False,False,False,0,1.5,Completed
P006927,2026-05-15,AC0053,Internal transfer,USD,6998.33,False,False,False,False,0,1.5,Completed
P007091,2026-05-15,AC0050,Local transfer,HKD,6769.28,False,False,False,False,0,1.5,Completed
P007165,2026-05-15,AC0031,ACH,USD,8549.45,False,False,False,False,0,1.5,Completed
P007281,2026-05-15,AC0014,Payroll,CAD,20104.65,False,False,True,False,25,16.5,Repaired
P007462,2026-05-15,AC0038,Local transfer,USD,12109.79,False,False,False,False,0,1.5,Completed
P007469,2026-05-15,AC0001,Local transfer,USD,4922.62,False,False,False,False,0,1.5,Completed
P000287,2026-05-18,AC0028,Local transfer,EUR,5419.33,False,False,False,False,0,1.5,Completed
P000391,2026-05-18,AC0050,Local transfer,HKD,5003.08,False,True,True,False,12,16.5,Rejected
P000422,2026-05-18,AC0023,Local transfer,EUR,85268.37,False,False,False,False,0,1.5,Completed
P000435,2026-05-18,AC0016,ACH,CAD,3599.0,False,True,False,False,0,1.5,Completed
P000629,2026-05-18,AC0028,Local transfer,EUR,5503.14,False,False,False,False,0,1.5,Completed
P000999,2026-05-18,AC0038,Local transfer,USD,13175.79,False,True,False,False,0,1.5,Completed
P001036,2026-05-18,AC0038,ACH,USD,32426.51,False,False,False,False,0,1.5,Completed
P001045,2026-05-18,AC0053,Tax,USD,31852.94,False,False,False,False,0,1.5,Completed
P001123,2026-05-18,AC0038,Local transfer,USD,3968.7,False,False,False,False,0,1.5,Completed
P001372,2026-05-18,AC0005,Local transfer,USD,3391.91,False,False,False,False,0,1.5,Completed
P001392,2026-05-18,AC0030,Wire,USD,1908.09,False,False,False,False,0,19.5,Completed
P001426,2026-05-18,AC0007,ACH,USD,2018.6,False,False,False,False,0,1.5,Completed
P001442,2026-05-18,AC0053,Local transfer,USD,4240.73,False,False,False,False,0,1.5,Completed
P001527,2026-05-18,AC0034,ACH,USD,36289.8,False,False,False,False,0,1.5,Completed
P001823,2026-05-18,AC0047,Wire,INR,22405.91,True,True,True,False,18,58.5,Repaired
P001862,2026-05-18,AC0005,Local transfer,USD,18988.87,False,False,False,False,0,1.5,Completed
P001868,2026-05-18,AC0047,Wire,INR,8472.43,True,False,False,False,0,43.5,Completed
P002097,2026-05-18,AC0025,ACH,EUR,3898.48,False,False,False,False,0,1.5,Completed
P002568,2026-05-18,AC0042,Wire,USD,4405.91,False,False,False,False,0,19.5,Completed
P002808,2026-05-18,AC0045,Internal transfer,KRW,21690.86,False,False,False,False,0,1.5,Completed
P002912,2026-05-18,AC0021,Payroll,EUR,4501.18,False,True,False,True,0,1.5,Completed
P003100,2026-05-18,AC0034,ACH,USD,10608.88,False,False,False,False,0,1.5,Completed
P003201,2026-05-18,AC0044,ACH,KRW,37100.17,False,False,False,False,0,1.5,Completed
P003301,2026-05-18,AC0034,Local transfer,USD,4496.51,False,False,False,False,0,1.5,Completed
P003527,2026-05-18,AC0031,Internal transfer,USD,9493.86,False,True,True,False,57,16.5,Repaired
P004053,2026-05-18,AC0050,Internal transfer,HKD,3270.99,False,False,False,False,0,1.5,Completed
P004109,2026-05-18,AC0003,Wire,USD,19562.81,True,True,True,True,17,58.5,Repaired
P004281,2026-05-18,AC0017,Wire,GBP,4838.49,True,True,False,False,0,43.5,Completed
P004286,2026-05-18,AC0018,Wire,GBP,19025.74,True,False,False,False,0,43.5,Completed
P004539,2026-05-18,AC0053,Internal transfer,USD,3570.01,False,False,False,False,0,1.5,Completed
P004655,2026-05-18,AC0030,Local transfer,USD,4731.25,False,False,False,False,0,1.5,Completed
P004689,2026-05-18,AC0047,ACH,INR,49421.38,False,False,False,False,0,1.5,Completed
P004860,2026-05-18,AC0005,ACH,USD,29251.89,False,False,True,False,18,16.5,Repaired
P005433,2026-05-18,AC0028,Local transfer,EUR,17460.39,False,True,False,False,0,1.5,Completed
P005457,2026-05-18,AC0025,Local transfer,EUR,14322.04,False,False,False,False,0,1.5,Completed
P005520,2026-05-18,AC0047,Local transfer,INR,24392.22,False,False,False,True,0,1.5,Completed
P005577,2026-05-18,AC0047,Local transfer,INR,6484.03,False,False,False,False,0,1.5,Completed
P005868,2026-05-18,AC0001,Local transfer,USD,1417.53,False,False,False,False,0,1.5,Completed
P006077,2026-05-18,AC0001,Local transfer,USD,12896.85,False,False,False,False,0,1.5,Completed
P006260,2026-05-18,AC0001,Wire,USD,6248.86,False,True,False,False,0,19.5,Completed
P006272,2026-05-18,AC0005,Local transfer,USD,4646.93,False,False,False,False,0,1.5,Completed
P006324,2026-05-18,AC0001,Local transfer,USD,29316.07,False,False,False,False,0,1.5,Completed
P006552,2026-05-18,AC0053,Local transfer,USD,2609.02,False,False,False,False,0,1.5,Completed
P006649,2026-05-18,AC0014,Payroll,CAD,67724.67,False,False,False,False,0,1.5,Completed
P006742,2026-05-18,AC0039,Internal transfer,AUD,11797.04,False,False,False,False,0,1.5,Completed
P006815,2026-05-18,AC0031,Local transfer,USD,7137.24,False,False,False,False,0,1.5,Completed
P006890,2026-05-18,AC0015,ACH,CAD,6136.33,False,False,False,False,0,1.5,Completed
P006919,2026-05-18,AC0029,ACH,EUR,4780.2,False,False,False,False,0,1.5,Completed
P006963,2026-05-18,AC0028,Internal transfer,EUR,10249.93,False,False,False,False,0,1.5,Completed
P007317,2026-05-18,AC0008,Wire,USD,16463.69,True,True,False,False,0,43.5,Completed
P007326,2026-05-18,AC0042,ACH,USD,14044.91,False,False,False,False,0,1.5,Completed
P007355,2026-05-18,AC0038,Wire,USD,10651.54,False,False,False,False,0,19.5,Completed
P007592,2026-05-18,AC0005,Internal transfer,USD,7575.5,False,False,False,False,0,1.5,Completed
P000165,2026-05-19,AC0050,Wire,HKD,1809.29,False,False,False,False,0,19.5,Completed
P000170,2026-05-19,AC0014,Local transfer,CAD,15141.85,False,True,False,False,0,1.5,Completed
P000232,2026-05-19,AC0028,Wire,EUR,4241.26,False,False,False,False,0,19.5,Completed
P000299,2026-05-19,AC0017,ACH,GBP,23275.58,False,True,False,False,0,1.5,Completed
P000600,2026-05-19,AC0014,ACH,CAD,6146.41,False,True,False,False,0,1.5,Completed
P000703,2026-05-19,AC0047,ACH,INR,32157.25,False,True,False,False,0,1.5,Completed
P000854,2026-05-19,AC0053,Local transfer,USD,17886.28,False,False,False,False,0,1.5,Completed
P000984,2026-05-19,AC0014,ACH,CAD,39170.1,False,False,False,False,0,1.5,Completed
P001145,2026-05-19,AC0053,Payroll,USD,218356.64,False,False,False,False,0,1.5,Completed
P001197,2026-05-19,AC0005,Local transfer,USD,20967.3,False,False,False,False,0,1.5,Completed
P001262,2026-05-19,AC0043,Internal transfer,JPY,6040.05,False,True,False,False,0,1.5,Completed
P001305,2026-05-19,AC0010,Wire,USD,14757.08,True,True,False,True,0,43.5,Completed
P001730,2026-05-19,AC0047,Local transfer,INR,3972.2,False,True,True,True,70,16.5,Repaired
P001851,2026-05-19,AC0051,Local transfer,HKD,48281.75,False,False,False,False,0,1.5,Completed
P001856,2026-05-19,AC0014,ACH,CAD,71168.46,False,False,False,False,0,1.5,Completed
P002070,2026-05-19,AC0035,ACH,SGD,4342.99,False,False,False,False,0,1.5,Completed
P002211,2026-05-19,AC0016,Payroll,CAD,31035.59,False,True,False,False,0,1.5,Completed
P002266,2026-05-19,AC0044,Wire,KRW,6427.05,False,True,False,False,0,19.5,Completed
P002301,2026-05-19,AC0014,Internal transfer,CAD,32905.74,False,False,False,False,0,1.5,Completed
P002550,2026-05-19,AC0039,Local transfer,AUD,9157.88,False,False,False,False,0,1.5,Completed
P002678,2026-05-19,AC0041,Local transfer,JPY,49546.05,False,False,False,False,0,1.5,Completed
P003476,2026-05-19,AC0031,Wire,USD,9208.08,False,False,False,False,0,19.5,Completed
P003749,2026-05-19,AC0028,Internal transfer,EUR,5938.77,False,False,False,False,0,1.5,Completed
P004089,2026-05-19,AC0006,Wire,USD,52348.8,True,False,False,False,0,43.5,Completed
P004145,2026-05-19,AC0041,Wire,JPY,6233.76,False,False,False,False,0,19.5,Completed
P004191,2026-05-19,AC0044,Local transfer,KRW,3455.36,False,False,False,False,0,1.5,Completed
P004418,2026-05-19,AC0005,Local transfer,USD,26901.03,False,False,False,False,0,1.5,Completed
P004451,2026-05-19,AC0039,Local transfer,AUD,2214.88,False,False,False,False,0,1.5,Completed
P004452,2026-05-19,AC0041,ACH,JPY,3360.25,False,False,False,False,0,1.5,Completed
P004520,2026-05-19,AC0052,Local transfer,HKD,45979.11,False,False,False,False,0,1.5,Completed
P004663,2026-05-19,AC0021,Tax,EUR,33536.1,False,False,False,False,0,1.5,Completed
P004911,2026-05-19,AC0041,Wire,JPY,16006.62,False,False,False,False,0,19.5,Completed
P005212,2026-05-19,AC0054,Local transfer,USD,31572.3,False,True,False,False,0,1.5,Completed
P005252,2026-05-19,AC0038,ACH,USD,10076.76,False,False,False,False,0,1.5,Completed
P005313,2026-05-19,AC0033,Wire,EUR,23746.83,False,True,False,False,0,19.5,Completed
P005421,2026-05-19,AC0028,Wire,EUR,45566.08,True,True,False,True,0,43.5,Completed
P005478,2026-05-19,AC0015,Local transfer,CAD,17446.48,False,False,False,False,0,1.5,Completed
P005585,2026-05-19,AC0031,Wire,USD,10004.01,False,False,False,False,0,19.5,Completed
P005610,2026-05-19,AC0031,Local transfer,USD,166161.73,False,True,False,True,0,1.5,Completed
P005626,2026-05-19,AC0034,Wire,USD,30052.19,True,True,False,False,0,43.5,Completed
P005686,2026-05-19,AC0034,Local transfer,USD,15077.19,False,False,False,False,0,1.5,Completed
P005706,2026-05-19,AC0021,Wire,EUR,16457.52,True,True,False,False,0,43.5,Completed
P005976,2026-05-19,AC0013,ACH,USD,19239.13,False,False,False,False,0,1.5,Completed
P006040,2026-05-19,AC0050,Local transfer,HKD,12139.68,False,False,False,False,0,1.5,Completed
P006197,2026-05-19,AC0046,Local transfer,KRW,2428.3,False,False,False,False,0,1.5,Completed
P006214,2026-05-19,AC0005,ACH,USD,92968.57,False,True,True,False,33,16.5,Rejected
P006523,2026-05-19,AC0051,Local transfer,HKD,11237.32,False,False,False,False,0,1.5,Completed
P006743,2026-05-19,AC0034,Wire,USD,4005.67,True,True,False,False,0,43.5,Completed
P006791,2026-05-19,AC0034,ACH,USD,17582.63,False,False,False,False,0,1.5,Completed
P006917,2026-05-19,AC0011,Wire,USD,2908.15,False,False,False,False,0,19.5,Completed
P007044,2026-05-19,AC0025,Local transfer,EUR,293.18,False,True,False,False,0,1.5,Completed
P007047,2026-05-19,AC0033,Payroll,EUR,4574.21,False,False,False,False,0,1.5,Completed
P007336,2026-05-19,AC0049,Local transfer,USD,16284.53,False,False,False,False,0,1.5,Completed
P007388,2026-05-19,AC0041,ACH,JPY,10373.98,False,True,False,False,0,1.5,Completed
P007461,2026-05-19,AC0044,Payroll,KRW,32791.21,False,False,False,False,0,1.5,Completed
P000178,2026-05-20,AC0041,Wire,JPY,52640.93,True,True,True,False,37,58.5,Repaired
P000203,2026-05-20,AC0028,Local transfer,EUR,2342.0,False,False,False,False,0,1.5,Completed
P000209,2026-05-20,AC0021,Payroll,EUR,118456.17,False,False,False,False,0,1.5,Completed
P000364,2026-05-20,AC0005,Local transfer,USD,9543.24,False,False,False,False,0,1.5,Completed
P000375,2026-05-20,AC0001,Local transfer,USD,52292.06,False,False,False,False,0,1.5,Completed
P000421,2026-05-20,AC0001,Wire,USD,3831.26,False,True,False,False,0,19.5,Completed
P000513,2026-05-20,AC0012,ACH,USD,32581.34,False,False,False,False,0,1.5,Completed
P000594,2026-05-20,AC0038,Internal transfer,USD,64592.57,False,False,False,False,0,1.5,Completed
P000698,2026-05-20,AC0005,Local transfer,USD,84748.13,False,False,False,False,0,1.5,Completed
P000722,2026-05-20,AC0034,Local transfer,USD,6020.17,False,True,False,False,0,1.5,Completed
P000759,2026-05-20,AC0050,Wire,HKD,66952.0,False,True,False,False,0,19.5,Completed
P001274,2026-05-20,AC0029,Internal transfer,EUR,9191.84,False,True,False,True,0,1.5,Completed
P001438,2026-05-20,AC0045,Wire,KRW,75086.93,True,False,False,False,0,43.5,Completed
P001472,2026-05-20,AC0036,Tax,SGD,32097.98,False,False,False,False,0,1.5,Completed
P001676,2026-05-20,AC0052,Tax,HKD,36396.75,False,False,False,False,0,1.5,Completed
P001722,2026-05-20,AC0047,ACH,INR,12521.38,False,False,False,False,0,1.5,Completed
P001938,2026-05-20,AC0053,Wire,USD,15796.08,True,True,True,False,40,58.5,Repaired
P001948,2026-05-20,AC0052,Internal transfer,HKD,66620.1,False,True,False,False,0,1.5,Completed
P002089,2026-05-20,AC0021,Local transfer,EUR,2739.97,False,False,False,False,0,1.5,Completed
P002114,2026-05-20,AC0021,Wire,EUR,8724.4,False,True,False,False,0,19.5,Completed
P002175,2026-05-20,AC0017,Local transfer,GBP,3614.71,False,True,False,False,0,1.5,Completed
P002193,2026-05-20,AC0040,Wire,AUD,1315.74,False,True,False,False,0,19.5,Completed
P002356,2026-05-20,AC0038,ACH,USD,5067.22,False,False,False,False,0,1.5,Completed
P002418,2026-05-20,AC0003,ACH,USD,18795.51,False,True,False,False,0,1.5,Completed
P002695,2026-05-20,AC0031,Local transfer,USD,2286.41,False,True,True,False,54,16.5,Repaired
P002726,2026-05-20,AC0044,Local transfer,KRW,16207.24,False,False,False,False,0,1.5,Completed
P002809,2026-05-20,AC0019,ACH,GBP,15514.11,False,False,False,False,0,1.5,Completed
P002997,2026-05-20,AC0042,Payroll,USD,33242.85,False,False,False,False,0,1.5,Completed
P003402,2026-05-20,AC0044,Local transfer,KRW,2754.47,False,False,False,False,0,1.5,Completed
P003584,2026-05-20,AC0038,ACH,USD,88714.52,False,False,False,False,0,1.5,Completed
P003646,2026-05-20,AC0005,Wire,USD,11804.58,True,False,True,False,61,58.5,Repaired
P003735,2026-05-20,AC0049,ACH,USD,7996.69,False,False,False,False,0,1.5,Completed
P003775,2026-05-20,AC0047,Payroll,INR,22958.93,False,True,False,False,0,1.5,Completed
P004262,2026-05-20,AC0034,ACH,USD,10074.31,False,False,False,False,0,1.5,Completed
P004372,2026-05-20,AC0001,Local transfer,USD,75477.38,False,False,False,False,0,1.5,Completed
P004390,2026-05-20,AC0039,ACH,AUD,3909.77,False,False,False,False,0,1.5,Completed
P004555,2026-05-20,AC0027,Internal transfer,EUR,164943.69,False,False,False,False,0,1.5,Completed
P004569,2026-05-20,AC0001,ACH,USD,453800.12,False,False,False,False,0,1.5,Completed
P004644,2026-05-20,AC0045,Payroll,KRW,43573.71,False,True,False,False,0,1.5,Completed
P004761,2026-05-20,AC0038,Wire,USD,8799.73,True,False,True,False,66,58.5,Repaired
P004839,2026-05-20,AC0041,Wire,JPY,47191.52,False,True,False,False,0,19.5,Completed
P005005,2026-05-20,AC0047,Payroll,INR,15358.68,False,True,False,False,0,1.5,Completed
P005126,2026-05-20,AC0043,Local transfer,JPY,13083.3,False,True,False,False,0,1.5,Completed
P005177,2026-05-20,AC0038,Local transfer,USD,1131.2,False,False,False,False,0,1.5,Completed
P005231,2026-05-20,AC0041,ACH,JPY,25829.44,False,False,False,False,0,1.5,Completed
P005323,2026-05-20,AC0028,ACH,EUR,16237.7,False,False,False,False,0,1.5,Completed
P005504,2026-05-20,AC0053,ACH,USD,17666.61,False,False,False,False,0,1.5,Completed
P005512,2026-05-20,AC0053,Payroll,USD,20515.78,False,False,False,False,0,1.5,Completed
P005607,2026-05-20,AC0006,Wire,USD,6677.65,False,True,False,False,0,19.5,Completed
P005623,2026-05-20,AC0014,Internal transfer,CAD,6910.4,False,False,False,False,0,1.5,Completed
P005846,2026-05-20,AC0001,ACH,USD,2964.26,False,False,False,False,0,1.5,Completed
P005957,2026-05-20,AC0010,ACH,USD,6194.13,False,True,False,False,0,1.5,Completed
P005980,2026-05-20,AC0010,Wire,USD,7641.07,True,True,True,False,44,58.5,Repaired
P006058,2026-05-20,AC0034,Local transfer,USD,14702.39,False,False,False,False,0,1.5,Completed
P006094,2026-05-20,AC0038,Local transfer,USD,65294.03,False,False,False,False,0,1.5,Completed
P006390,2026-05-20,AC0031,Local transfer,USD,24986.84,False,False,True,False,30,16.5,Repaired
P006469,2026-05-20,AC0031,Wire,USD,6777.26,True,True,True,False,41,58.5,Repaired
P006512,2026-05-20,AC0006,Internal transfer,USD,114327.23,False,False,False,False,0,1.5,Completed
P006521,2026-05-20,AC0025,ACH,EUR,38795.22,False,False,False,False,0,1.5,Completed
P006582,2026-05-20,AC0028,ACH,EUR,5661.99,False,False,False,False,0,1.5,Completed
P006639,2026-05-20,AC0050,Local transfer,HKD,41275.95,False,False,False,False,0,1.5,Completed
P006651,2026-05-20,AC0051,Payroll,HKD,28309.48,False,False,False,False,0,1.5,Completed
P007014,2026-05-20,AC0053,Wire,USD,14084.25,False,True,False,False,0,19.5,Completed
P007100,2026-05-20,AC0007,ACH,USD,18602.83,False,True,False,False,0,1.5,Completed
P007125,2026-05-20,AC0017,Tax,GBP,279898.12,False,False,False,False,0,1.5,Completed
P007171,2026-05-20,AC0025,Local transfer,EUR,9783.69,False,True,False,True,0,1.5,Completed
P007324,2026-05-20,AC0047,Local transfer,INR,12836.25,False,False,False,False,0,1.5,Completed
P000023,2026-05-21,AC0044,Wire,KRW,37236.26,True,True,False,False,0,43.5,Completed
P000031,2026-05-21,AC0031,Local transfer,USD,6726.26,False,False,False,False,0,1.5,Completed
P000101,2026-05-21,AC0034,Local transfer,USD,12737.56,False,False,False,False,0,1.5,Completed
P000220,2026-05-21,AC0047,Local transfer,INR,22581.69,False,False,False,False,0,1.5,Completed
P000264,2026-05-21,AC0046,Local transfer,KRW,7134.64,False,True,False,False,0,1.5,Completed
P000295,2026-05-21,AC0012,Payroll,USD,28779.55,False,False,False,False,0,1.5,Completed
P000424,2026-05-21,AC0028,Payroll,EUR,50566.68,False,False,False,False,0,1.5,Completed
P000484,2026-05-21,AC0021,Payroll,EUR,311472.44,False,False,False,False,0,1.5,Completed
P000511,2026-05-21,AC0050,ACH,HKD,7836.71,False,False,False,False,0,1.5,Completed
P000526,2026-05-21,AC0028,Wire,EUR,96632.18,True,True,False,False,0,43.5,Completed
P000558,2026-05-21,AC0038,Local transfer,USD,7295.52,False,False,False,False,0,1.5,Completed
P000560,2026-05-21,AC0015,Local transfer,CAD,11341.73,False,True,False,False,0,1.5,Completed
P000701,2026-05-21,AC0054,Payroll,USD,46511.09,False,False,False,False,0,1.5,Completed
P000977,2026-05-21,AC0046,Wire,KRW,32694.28,True,True,False,False,0,43.5,Completed
P001094,2026-05-21,AC0015,Payroll,CAD,22915.01,False,False,False,True,0,1.5,Completed
P001109,2026-05-21,AC0021,Local transfer,EUR,28724.63,False,True,False,False,0,1.5,Completed
P001212,2026-05-21,AC0014,Internal transfer,CAD,3692.76,False,False,False,False,0,1.5,Completed
P001232,2026-05-21,AC0046,Tax,KRW,160208.64,False,False,False,False,0,1.5,Completed
P001255,2026-05-21,AC0038,Local transfer,USD,17145.96,False,False,False,False,0,1.5,Completed
P001334,2026-05-21,AC0038,Local transfer,USD,24882.94,False,False,False,False,0,1.5,Completed
P001459,2026-05-21,AC0053,ACH,USD,1571.47,False,False,False,False,0,1.5,Completed
P001660,2026-05-21,AC0010,Local transfer,USD,53320.14,False,True,False,False,0,1.5,Completed
P001708,2026-05-21,AC0043,Internal transfer,JPY,3620.67,False,False,False,False,0,1.5,Completed
P001972,2026-05-21,AC0038,ACH,USD,28672.3,False,True,False,False,0,1.5,Completed
P002072,2026-05-21,AC0043,Local transfer,JPY,2913.15,False,True,False,False,0,1.5,Completed
P002079,2026-05-21,AC0010,Internal transfer,USD,3965.17,False,True,False,False,0,1.5,Completed
P002113,2026-05-21,AC0044,Local transfer,KRW,4061.38,False,True,True,False,58,16.5,Repaired
P002180,2026-05-21,AC0027,Wire,EUR,5487.71,False,True,False,False,0,19.5,Completed
P002317,2026-05-21,AC0012,Local transfer,USD,11616.22,False,False,False,False,0,1.5,Completed
P002330,2026-05-21,AC0001,Local transfer,USD,2997.13,False,True,True,False,18,16.5,Repaired
P002442,2026-05-21,AC0044,Local transfer,KRW,10311.46,False,False,False,False,0,1.5,Completed
P002524,2026-05-21,AC0033,Local transfer,EUR,18357.72,False,True,False,False,0,1.5,Completed
P002542,2026-05-21,AC0021,Payroll,EUR,25306.46,False,True,False,False,0,1.5,Completed
P002614,2026-05-21,AC0019,Tax,GBP,103318.27,False,False,False,False,0,1.5,Completed
P002740,2026-05-21,AC0005,ACH,USD,21397.66,False,False,False,False,0,1.5,Completed
P002755,2026-05-21,AC0010,Tax,USD,102141.91,False,True,False,False,0,1.5,Completed
P002777,2026-05-21,AC0021,ACH,EUR,10041.76,False,False,False,False,0,1.5,Completed
P002818,2026-05-21,AC0001,Local transfer,USD,40602.46,False,True,False,False,0,1.5,Completed
P002836,2026-05-21,AC0047,Payroll,INR,152046.3,False,False,False,False,0,1.5,Completed
P002939,2026-05-21,AC0021,Wire,EUR,18751.72,True,False,False,False,0,43.5,Completed
P002943,2026-05-21,AC0027,Local transfer,EUR,4043.89,False,False,False,False,0,1.5,Completed
P003039,2026-05-21,AC0047,ACH,INR,4280.86,False,False,False,False,0,1.5,Completed
P003279,2026-05-21,AC0046,Payroll,KRW,72746.08,False,True,False,False,0,1.5,Completed
P003305,2026-05-21,AC0036,Wire,SGD,1464.49,True,False,False,False,0,43.5,Completed
P003339,2026-05-21,AC0052,ACH,HKD,3653.36,False,True,False,False,0,1.5,Completed
P003519,2026-05-21,AC0030,Local transfer,USD,7871.88,False,False,False,False,0,1.5,Completed
P003526,2026-05-21,AC0010,ACH,USD,2870.07,False,False,False,False,0,1.5,Completed
P003534,2026-05-21,AC0016,Local transfer,CAD,1710.03,False,True,False,False,0,1.5,Completed
P003535,2026-05-21,AC0001,Internal transfer,USD,10090.25,False,False,False,False,0,1.5,Completed
P003632,2026-05-21,AC0044,Local transfer,KRW,1689.47,False,False,False,False,0,1.5,Completed
P003742,2026-05-21,AC0050,Local transfer,HKD,130090.48,False,True,False,False,0,1.5,Completed
P003829,2026-05-21,AC0034,Local transfer,USD,8086.39,False,False,False,False,0,1.5,Completed
P003938,2026-05-21,AC0016,Wire,CAD,1272.58,True,True,False,False,0,43.5,Completed
P004338,2026-05-21,AC0019,ACH,GBP,2159.54,False,False,False,False,0,1.5,Completed
P004353,2026-05-21,AC0041,Local transfer,JPY,56430.21,False,False,False,False,0,1.5,Completed
P004423,2026-05-21,AC0041,Wire,JPY,8773.66,False,False,False,False,0,19.5,Completed
P004506,2026-05-21,AC0014,Wire,CAD,3340.47,False,False,False,False,0,19.5,Completed
P004650,2026-05-21,AC0031,ACH,USD,14298.74,False,False,False,False,0,1.5,Completed
P004868,2026-05-21,AC0047,Wire,INR,7487.0,True,True,True,False,45,58.5,Repaired
P004921,2026-05-21,AC0018,ACH,GBP,18230.42,False,True,False,False,0,1.5,Completed
P005061,2026-05-21,AC0014,ACH,CAD,85999.95,False,True,True,False,28,16.5,Repaired
P005312,2026-05-21,AC0041,Local transfer,JPY,5222.36,False,False,False,False,0,1.5,Completed
P005426,2026-05-21,AC0038,Tax,USD,25262.12,False,False,True,False,39,16.5,Rejected
P005483,2026-05-21,AC0010,Wire,USD,846.55,True,True,False,False,0,43.5,Completed
P005744,2026-05-21,AC0030,Wire,USD,9105.08,False,False,False,False,0,19.5,Completed
P006252,2026-05-21,AC0008,Wire,USD,2928.62,False,False,False,False,0,19.5,Completed
P006297,2026-05-21,AC0005,Local transfer,USD,5194.72,False,True,False,True,0,1.5,Completed
P006342,2026-05-21,AC0021,Wire,EUR,14286.75,True,True,False,False,0,43.5,Completed
P006460,2026-05-21,AC0028,Wire,EUR,15022.44,True,False,False,False,0,43.5,Completed
P006786,2026-05-21,AC0016,Local transfer,CAD,8301.15,False,True,False,False,0,1.5,Completed
P006851,2026-05-21,AC0034,Local transfer,USD,102754.54,False,False,False,True,0,1.5,Completed
P006997,2026-05-21,AC0055,ACH,USD,27132.13,False,False,False,False,0,1.5,Completed
P007210,2026-05-21,AC0038,Local transfer,USD,41783.0,False,False,False,False,0,1.5,Completed
P000105,2026-05-22,AC0028,Local transfer,EUR,33655.48,False,True,False,False,0,1.5,Completed
P000201,2026-05-22,AC0047,ACH,INR,7196.46,False,True,False,False,0,1.5,Completed
P000423,2026-05-22,AC0044,Wire,KRW,7151.41,False,False,False,False,0,19.5,Completed
P000442,2026-05-22,AC0047,Wire,INR,38513.19,True,True,False,False,0,43.5,Completed
P000589,2026-05-22,AC0017,Internal transfer,GBP,26645.23,False,True,False,False,0,1.5,Completed
P000833,2026-05-22,AC0031,Local transfer,USD,43499.61,False,False,False,False,0,1.5,Completed
P001227,2026-05-22,AC0028,Local transfer,EUR,13409.85,False,True,False,False,0,1.5,Completed
P001337,2026-05-22,AC0023,Local transfer,EUR,9052.93,False,False,False,False,0,1.5,Completed
P001379,2026-05-22,AC0005,ACH,USD,8169.95,False,False,False,False,0,1.5,Completed
P001597,2026-05-22,AC0010,ACH,USD,5000.1,False,True,False,False,0,1.5,Completed
P001680,2026-05-22,AC0005,Local transfer,USD,12034.91,False,True,False,False,0,1.5,Completed
P001835,2026-05-22,AC0051,Local transfer,HKD,39355.93,False,False,False,False,0,1.5,Completed
P002534,2026-05-22,AC0006,Local transfer,USD,11620.02,False,False,False,False,0,1.5,Completed
P002636,2026-05-22,AC0050,Local transfer,HKD,18922.27,False,False,False,False,0,1.5,Completed
P002681,2026-05-22,AC0051,ACH,HKD,49675.08,False,False,False,False,0,1.5,Completed
P002736,2026-05-22,AC0050,Local transfer,HKD,9703.19,False,False,False,False,0,1.5,Completed
P002782,2026-05-22,AC0025,ACH,EUR,45708.19,False,True,False,False,0,1.5,Completed
P002927,2026-05-22,AC0010,Local transfer,USD,7873.87,False,True,False,False,0,1.5,Completed
P002952,2026-05-22,AC0044,ACH,KRW,20252.47,False,False,False,False,0,1.5,Completed
P002970,2026-05-22,AC0010,ACH,USD,5205.87,False,False,False,False,0,1.5,Completed
P003087,2026-05-22,AC0010,Payroll,USD,62019.64,False,False,False,False,0,1.5,Completed
P003092,2026-05-22,AC0045,Payroll,KRW,133734.34,False,False,False,False,0,1.5,Completed
P003342,2026-05-22,AC0042,Local transfer,USD,8600.81,False,False,False,False,0,1.5,Completed
P003364,2026-05-22,AC0001,Wire,USD,2316.28,False,True,False,False,0,19.5,Completed
P003396,2026-05-22,AC0028,Tax,EUR,54915.47,False,False,False,False,0,1.5,Completed
P003494,2026-05-22,AC0049,Internal transfer,USD,27781.03,False,False,False,False,0,1.5,Completed
P003925,2026-05-22,AC0028,ACH,EUR,28311.2,False,False,False,False,0,1.5,Completed
P004042,2026-05-22,AC0052,Payroll,HKD,71308.95,False,False,False,False,0,1.5,Completed
P004171,2026-05-22,AC0053,Local transfer,USD,11629.92,False,False,False,False,0,1.5,Completed
P004177,2026-05-22,AC0010,Wire,USD,54362.97,False,False,False,False,0,19.5,Completed
P004224,2026-05-22,AC0010,Local transfer,USD,3873.23,False,False,False,False,0,1.5,Completed
P004340,2026-05-22,AC0014,Tax,CAD,58897.25,False,False,False,False,0,1.5,Completed
P004402,2026-05-22,AC0021,ACH,EUR,38960.65,False,True,True,False,55,16.5,Repaired
P004456,2026-05-22,AC0005,ACH,USD,3815.27,False,False,False,False,0,1.5,Completed
P004509,2026-05-22,AC0031,Wire,USD,4166.45,False,False,False,False,0,19.5,Completed
P004625,2026-05-22,AC0044,Wire,KRW,156134.1,False,False,False,True,0,19.5,Completed
P004627,2026-05-22,AC0043,Internal transfer,JPY,35899.21,False,False,False,False,0,1.5,Completed
P004777,2026-05-22,AC0005,Local transfer,USD,14263.01,False,False,False,False,0,1.5,Completed
P004781,2026-05-22,AC0021,Payroll,EUR,57236.39,False,False,False,False,0,1.5,Completed
P004808,2026-05-22,AC0007,Payroll,USD,289193.62,False,False,False,False,0,1.5,Completed
P005112,2026-05-22,AC0050,ACH,HKD,24682.49,False,True,False,False,0,1.5,Completed
P005290,2026-05-22,AC0021,ACH,EUR,5573.26,False,True,True,False,73,16.5,Rejected
P005411,2026-05-22,AC0046,Local transfer,KRW,55440.15,False,True,False,False,0,1.5,Completed
P005505,2026-05-22,AC0047,Local transfer,INR,116540.51,False,False,False,False,0,1.5,Completed
P005564,2026-05-22,AC0010,Tax,USD,24361.72,False,True,False,False,0,1.5,Completed
P005695,2026-05-22,AC0025,ACH,EUR,3706.15,False,True,False,False,0,1.5,Completed
P005746,2026-05-22,AC0031,ACH,USD,207272.79,False,True,False,False,0,1.5,Completed
P005769,2026-05-22,AC0053,Local transfer,USD,4901.12,False,False,False,True,0,1.5,Completed
P005779,2026-05-22,AC0044,Tax,KRW,46614.45,False,True,False,False,0,1.5,Completed
P005825,2026-05-22,AC0031,Local transfer,USD,13714.39,False,True,False,False,0,1.5,Completed
P005934,2026-05-22,AC0043,Wire,JPY,10699.81,True,True,False,False,0,43.5,Completed
P006091,2026-05-22,AC0036,Local transfer,SGD,17225.26,False,True,False,False,0,1.5,Completed
P006102,2026-05-22,AC0017,ACH,GBP,37822.8,False,True,False,False,0,1.5,Completed
P006378,2026-05-22,AC0018,Wire,GBP,6081.45,False,False,False,False,0,19.5,Completed
P006453,2026-05-22,AC0017,Payroll,GBP,15145.52,False,False,False,False,0,1.5,Completed
P006510,2026-05-22,AC0028,Local transfer,EUR,10058.42,False,False,False,False,0,1.5,Completed
P007405,2026-05-22,AC0050,Payroll,HKD,173612.28,False,False,False,True,0,1.5,Completed
P007484,2026-05-22,AC0031,ACH,USD,11345.93,False,False,False,False,0,1.5,Completed
P000108,2026-05-25,AC0047,Local transfer,INR,18566.83,False,False,False,False,0,1.5,Completed
P000495,2026-05-25,AC0021,Wire,EUR,8863.21,True,True,False,False,0,43.5,Completed
P000626,2026-05-25,AC0001,Local transfer,USD,5788.36,False,False,False,False,0,1.5,Completed
P000646,2026-05-25,AC0033,ACH,EUR,171442.08,False,False,False,False,0,1.5,Completed
P000723,2026-05-25,AC0019,ACH,GBP,5856.8,False,True,False,False,0,1.5,Completed
P000904,2026-05-25,AC0052,Local transfer,HKD,7805.29,False,False,False,False,0,1.5,Completed
P001086,2026-05-25,AC0042,Payroll,USD,104851.66,False,False,False,False,0,1.5,Completed
P001134,2026-05-25,AC0050,Local transfer,HKD,2677.33,False,True,False,False,0,1.5,Completed
P001159,2026-05-25,AC0008,Wire,USD,25298.89,True,False,False,False,0,43.5,Completed
P001188,2026-05-25,AC0031,Payroll,USD,49945.04,False,True,False,False,0,1.5,Completed
P001193,2026-05-25,AC0019,ACH,GBP,15092.26,False,False,False,False,0,1.5,Completed
P001287,2026-05-25,AC0035,Wire,SGD,3101.55,False,False,False,False,0,19.5,Completed
P001401,2026-05-25,AC0047,Payroll,INR,35783.79,False,False,False,False,0,1.5,Completed
P001463,2026-05-25,AC0034,Payroll,USD,15807.45,False,True,False,False,0,1.5,Completed
P001479,2026-05-25,AC0033,Wire,EUR,3099.84,True,False,False,True,0,43.5,Completed
P001525,2026-05-25,AC0038,ACH,USD,20026.81,False,False,False,False,0,1.5,Completed
P001774,2026-05-25,AC0053,Wire,USD,14050.82,False,False,False,False,0,19.5,Completed
P001818,2026-05-25,AC0021,Local transfer,EUR,1549.64,False,True,False,False,0,1.5,Completed
P001969,2026-05-25,AC0021,Payroll,EUR,27977.8,False,False,False,False,0,1.5,Completed
P002104,2026-05-25,AC0047,Local transfer,INR,5534.76,False,True,False,False,0,1.5,Completed
P002139,2026-05-25,AC0031,Local transfer,USD,3102.27,False,True,False,False,0,1.5,Completed
P002170,2026-05-25,AC0034,ACH,USD,26518.57,False,True,False,False,0,1.5,Completed
P002372,2026-05-25,AC0041,Wire,JPY,4588.93,False,False,False,False,0,19.5,Completed
P002417,2026-05-25,AC0053,Internal transfer,USD,2193.83,False,True,False,False,0,1.5,Completed
P002574,2026-05-25,AC0014,Payroll,CAD,25591.33,False,False,False,False,0,1.5,Completed
P002609,2026-05-25,AC0014,Payroll,CAD,20466.42,False,False,False,False,0,1.5,Completed
P002756,2026-05-25,AC0034,Internal transfer,USD,21322.78,False,True,False,False,0,1.5,Completed
P002802,2026-05-25,AC0053,ACH,USD,16522.9,False,True,False,False,0,1.5,Completed
P002828,2026-05-25,AC0014,Tax,CAD,95455.76,False,True,False,False,0,1.5,Completed
P002869,2026-05-25,AC0050,ACH,HKD,13254.73,False,True,False,False,0,1.5,Completed
P002872,2026-05-25,AC0031,Local transfer,USD,5207.06,False,True,False,False,0,1.5,Completed
P003024,2026-05-25,AC0029,Local transfer,EUR,18375.88,False,True,True,False,32,16.5,Repaired
P003149,2026-05-25,AC0053,Wire,USD,1029.05,False,True,False,False,0,19.5,Completed
P003184,2026-05-25,AC0014,Tax,CAD,19394.16,False,False,False,False,0,1.5,Completed
P003272,2026-05-25,AC0055,Internal transfer,USD,35921.79,False,False,False,False,0,1.5,Completed
P003733,2026-05-25,AC0031,Local transfer,USD,1050.06,False,True,False,False,0,1.5,Completed
P003898,2026-05-25,AC0047,ACH,INR,16472.15,False,False,False,False,0,1.5,Completed
P004130,2026-05-25,AC0034,ACH,USD,946.97,False,True,False,True,0,1.5,Completed
P004198,2026-05-25,AC0053,Local transfer,USD,4259.8,False,False,False,False,0,1.5,Completed
P004291,2026-05-25,AC0044,ACH,KRW,9224.5,False,True,True,False,51,16.5,Repaired
P004649,2026-05-25,AC0026,Payroll,USD,90541.34,False,False,False,False,0,1.5,Completed
P004722,2026-05-25,AC0025,Wire,EUR,884.74,False,True,False,False,0,19.5,Completed
P004881,2026-05-25,AC0028,Wire,EUR,10423.11,True,False,False,False,0,43.5,Completed
P005224,2026-05-25,AC0017,ACH,GBP,13909.06,False,True,False,True,0,1.5,Completed
P005362,2026-05-25,AC0014,Wire,CAD,11055.14,True,True,False,False,0,43.5,Completed
P005420,2026-05-25,AC0010,Local transfer,USD,24041.96,False,False,False,False,0,1.5,Completed
P005677,2026-05-25,AC0025,Payroll,EUR,42622.46,False,False,False,False,0,1.5,Completed
P005720,2026-05-25,AC0026,ACH,USD,3431.81,False,False,False,False,0,1.5,Completed
P005901,2026-05-25,AC0038,Local transfer,USD,435.82,False,True,False,False,0,1.5,Completed
P005946,2026-05-25,AC0021,Payroll,EUR,31502.97,False,False,False,False,0,1.5,Completed
P006175,2026-05-25,AC0027,Local transfer,EUR,5075.62,False,False,False,False,0,1.5,Completed
P006479,2026-05-25,AC0031,ACH,USD,4126.01,False,False,False,False,0,1.5,Completed
P006489,2026-05-25,AC0027,ACH,EUR,1878.09,False,False,False,False,0,1.5,Completed
P006657,2026-05-25,AC0018,Wire,GBP,3259.2,True,False,False,True,0,43.5,Completed
P006799,2026-05-25,AC0028,Wire,EUR,52801.09,False,False,False,False,0,19.5,Completed
P006959,2026-05-25,AC0031,Internal transfer,USD,3982.92,False,True,False,False,0,1.5,Completed
P007036,2026-05-25,AC0025,Wire,EUR,161741.04,True,False,True,True,65,58.5,Repaired
P007181,2026-05-25,AC0044,Internal transfer,KRW,1202.47,False,False,False,False,0,1.5,Completed
P007234,2026-05-25,AC0025,Local transfer,EUR,24161.41,False,True,False,False,0,1.5,Completed
P000128,2026-05-26,AC0044,Tax,KRW,78059.63,False,False,False,False,0,1.5,Completed
P000335,2026-05-26,AC0017,Local transfer,GBP,6040.75,False,False,True,False,39,16.5,Repaired
P000593,2026-05-26,AC0038,Internal transfer,USD,53981.88,False,False,False,False,0,1.5,Completed
P000674,2026-05-26,AC0047,Tax,INR,92859.04,False,True,False,False,0,1.5,Completed
P000861,2026-05-26,AC0053,Internal transfer,USD,2709.6,False,False,False,False,0,1.5,Completed
P000949,2026-05-26,AC0041,ACH,JPY,37447.72,False,False,False,False,0,1.5,Completed
P001101,2026-05-26,AC0050,Wire,HKD,50752.36,True,False,True,False,39,58.5,Repaired
P001141,2026-05-26,AC0006,Wire,USD,17855.15,False,False,False,False,0,19.5,Completed
P001246,2026-05-26,AC0031,Wire,USD,26305.68,False,False,False,False,0,19.5,Completed
P001324,2026-05-26,AC0021,Tax,EUR,119397.54,False,False,False,False,0,1.5,Completed
P001350,2026-05-26,AC0027,ACH,EUR,16385.17,False,False,False,False,0,1.5,Completed
P001434,2026-05-26,AC0028,Internal transfer,EUR,19496.45,False,False,False,False,0,1.5,Completed
P001465,2026-05-26,AC0053,Local transfer,USD,20759.82,False,False,False,False,0,1.5,Completed
P001912,2026-05-26,AC0047,Local transfer,INR,18755.42,False,False,False,False,0,1.5,Completed
P001953,2026-05-26,AC0006,ACH,USD,10832.08,False,True,False,False,0,1.5,Completed
P002021,2026-05-26,AC0036,Local transfer,SGD,45292.3,False,False,False,False,0,1.5,Completed
P002051,2026-05-26,AC0017,Local transfer,GBP,13181.43,False,True,False,False,0,1.5,Completed
P002323,2026-05-26,AC0014,Wire,CAD,10846.57,True,True,False,False,0,43.5,Completed
P002482,2026-05-26,AC0001,Local transfer,USD,6593.82,False,False,False,False,0,1.5,Completed
P002508,2026-05-26,AC0049,Local transfer,USD,31700.33,False,False,False,False,0,1.5,Completed
P002656,2026-05-26,AC0046,ACH,KRW,2285.74,False,False,False,False,0,1.5,Completed
P002840,2026-05-26,AC0050,Wire,HKD,29944.32,False,False,False,False,0,19.5,Completed
P002909,2026-05-26,AC0002,ACH,USD,9460.57,False,False,False,False,0,1.5,Completed
P002934,2026-05-26,AC0031,Local transfer,USD,33887.0,False,False,False,False,0,1.5,Completed
P002991,2026-05-26,AC0031,ACH,USD,11250.92,False,False,False,False,0,1.5,Completed
P003421,2026-05-26,AC0044,Tax,KRW,37217.87,False,False,False,False,0,1.5,Completed
P003512,2026-05-26,AC0018,ACH,GBP,46833.37,False,True,False,True,0,1.5,Completed
P003804,2026-05-26,AC0005,Payroll,USD,32263.15,False,False,False,False,0,1.5,Completed
P003847,2026-05-26,AC0010,Local transfer,USD,8919.34,False,True,False,False,0,1.5,Completed
P003867,2026-05-26,AC0055,Wire,USD,12774.12,True,False,False,False,0,43.5,Completed
P004364,2026-05-26,AC0025,Payroll,EUR,98819.31,False,True,False,False,0,1.5,Completed
P004791,2026-05-26,AC0028,Payroll,EUR,22383.26,False,False,False,False,0,1.5,Completed
P005329,2026-05-26,AC0030,Local transfer,USD,23007.5,False,False,True,True,42,16.5,Repaired
P005428,2026-05-26,AC0034,ACH,USD,1058.93,False,False,False,False,0,1.5,Completed
P005521,2026-05-26,AC0014,Internal transfer,CAD,24824.17,False,False,False,False,0,1.5,Completed
P005558,2026-05-26,AC0016,ACH,CAD,17664.07,False,False,False,False,0,1.5,Completed
P005619,2026-05-26,AC0005,ACH,USD,6660.59,False,False,False,False,0,1.5,Completed
P005703,2026-05-26,AC0053,Local transfer,USD,2984.73,False,True,False,False,0,1.5,Completed
P005838,2026-05-26,AC0034,ACH,USD,9461.46,False,False,False,False,0,1.5,Completed
P005852,2026-05-26,AC0034,Local transfer,USD,107864.38,False,False,False,False,0,1.5,Completed
P005864,2026-05-26,AC0030,Tax,USD,172064.14,False,False,False,False,0,1.5,Completed
P005991,2026-05-26,AC0034,ACH,USD,6068.55,False,False,False,False,0,1.5,Completed
P006181,2026-05-26,AC0034,Wire,USD,6185.35,True,True,True,False,57,58.5,Repaired
P006305,2026-05-26,AC0017,Local transfer,GBP,19367.88,False,False,False,False,0,1.5,Completed
P006567,2026-05-26,AC0047,Wire,INR,3470.38,True,False,False,True,0,43.5,Completed
P006753,2026-05-26,AC0014,Payroll,CAD,5832.97,False,False,False,False,0,1.5,Completed
P007143,2026-05-26,AC0025,Local transfer,EUR,20499.51,False,False,False,False,0,1.5,Completed
P007164,2026-05-26,AC0005,Local transfer,USD,11566.51,False,False,False,False,0,1.5,Completed
P007304,2026-05-26,AC0005,ACH,USD,36897.18,False,False,False,False,0,1.5,Completed
P007347,2026-05-26,AC0038,Internal transfer,USD,20567.01,False,False,False,False,0,1.5,Completed
P007396,2026-05-26,AC0014,ACH,CAD,2441.34,False,False,False,False,0,1.5,Completed
P007485,2026-05-26,AC0005,ACH,USD,15653.87,False,False,False,False,0,1.5,Completed
P000066,2026-05-27,AC0025,Wire,EUR,14240.64,False,False,False,False,0,19.5,Completed
P000130,2026-05-27,AC0007,Internal transfer,USD,38190.81,False,False,False,False,0,1.5,Completed
P000282,2026-05-27,AC0050,ACH,HKD,2075.02,False,False,False,False,0,1.5,Completed
P000521,2026-05-27,AC0047,ACH,INR,27994.8,False,True,False,False,0,1.5,Completed
P000544,2026-05-27,AC0025,Local transfer,EUR,1347.62,False,True,False,False,0,1.5,Completed
P000617,2026-05-27,AC0042,ACH,USD,38506.03,False,False,False,False,0,1.5,Completed
P000699,2026-05-27,AC0028,Payroll,EUR,219757.88,False,False,False,False,0,1.5,Completed
P000760,2026-05-27,AC0010,Local transfer,USD,20709.01,False,True,True,False,18,16.5,Rejected
P001275,2026-05-27,AC0001,Internal transfer,USD,11400.95,False,False,False,False,0,1.5,Completed
P001409,2026-05-27,AC0010,Local transfer,USD,19716.95,False,True,True,False,31,16.5,Repaired
P001461,2026-05-27,AC0032,Wire,EUR,71293.17,True,False,True,False,29,58.5,Repaired
P001480,2026-05-27,AC0041,Wire,JPY,7977.75,False,False,False,False,0,19.5,Completed
P001608,2026-05-27,AC0028,Payroll,EUR,6615.39,False,False,False,False,0,1.5,Completed
P001672,2026-05-27,AC0027,Local transfer,EUR,249.95,False,True,False,False,0,1.5,Completed
P002094,2026-05-27,AC0010,Local transfer,USD,45148.2,False,False,False,False,0,1.5,Completed
P002099,2026-05-27,AC0044,Local transfer,KRW,16149.14,False,False,False,False,0,1.5,Completed
P002315,2026-05-27,AC0047,ACH,INR,98752.27,False,False,False,False,0,1.5,Completed
P002422,2026-05-27,AC0031,Local transfer,USD,6126.09,False,False,False,False,0,1.5,Completed
P002457,2026-05-27,AC0038,ACH,USD,17139.09,False,False,False,False,0,1.5,Completed
P002462,2026-05-27,AC0034,ACH,USD,13711.73,False,True,True,False,59,16.5,Repaired
P002640,2026-05-27,AC0039,ACH,AUD,117994.47,False,False,False,False,0,1.5,Completed
P002778,2026-05-27,AC0055,Internal transfer,USD,4763.09,False,False,False,False,0,1.5,Completed
P003172,2026-05-27,AC0001,Payroll,USD,40570.18,False,False,False,False,0,1.5,Completed
P003256,2026-05-27,AC0034,ACH,USD,21848.77,False,False,False,False,0,1.5,Completed
P003459,2026-05-27,AC0005,ACH,USD,10400.49,False,False,False,False,0,1.5,Completed
P003583,2026-05-27,AC0011,ACH,USD,5685.15,False,False,False,False,0,1.5,Completed
P003604,2026-05-27,AC0010,Wire,USD,17348.37,True,True,True,False,70,58.5,Repaired
P003663,2026-05-27,AC0010,Payroll,USD,133475.73,False,True,False,False,0,1.5,Completed
P003685,2026-05-27,AC0041,Payroll,JPY,12405.38,False,False,False,False,0,1.5,Completed
P003718,2026-05-27,AC0035,Local transfer,SGD,11429.67,False,False,False,False,0,1.5,Completed
P003725,2026-05-27,AC0025,ACH,EUR,7108.36,False,True,False,False,0,1.5,Completed
P004022,2026-05-27,AC0044,ACH,KRW,14157.01,False,False,False,False,0,1.5,Completed
P004195,2026-05-27,AC0031,Local transfer,USD,6119.52,False,False,False,False,0,1.5,Completed
P004248,2026-05-27,AC0038,Tax,USD,5961.93,False,True,False,False,0,1.5,Completed
P004460,2026-05-27,AC0034,Wire,USD,7935.55,True,True,False,False,0,43.5,Completed
P004591,2026-05-27,AC0054,Tax,USD,12841.44,False,False,False,False,0,1.5,Completed
P004833,2026-05-27,AC0034,ACH,USD,21911.42,False,False,False,False,0,1.5,Completed
P004865,2026-05-27,AC0053,Wire,USD,10612.92,False,True,True,True,67,34.5,Repaired
P004914,2026-05-27,AC0048,Wire,INR,10618.37,False,False,False,False,0,19.5,Completed
P004961,2026-05-27,AC0003,Local transfer,USD,30371.72,False,False,False,False,0,1.5,Completed
P005341,2026-05-27,AC0043,ACH,JPY,25219.04,False,True,False,False,0,1.5,Completed
P005385,2026-05-27,AC0044,Local transfer,KRW,18580.15,False,False,False,False,0,1.5,Completed
P005400,2026-05-27,AC0040,ACH,AUD,3801.21,False,True,False,False,0,1.5,Completed
P005655,2026-05-27,AC0031,Internal transfer,USD,34279.98,False,False,False,False,0,1.5,Completed
P005682,2026-05-27,AC0021,ACH,EUR,57963.16,False,True,False,False,0,1.5,Completed
P005792,2026-05-27,AC0017,Local transfer,GBP,14877.26,False,False,False,False,0,1.5,Completed
P006156,2026-05-27,AC0025,ACH,EUR,87662.88,False,True,False,True,0,1.5,Completed
P006182,2026-05-27,AC0021,Local transfer,EUR,11154.21,False,False,False,False,0,1.5,Completed
P006209,2026-05-27,AC0034,Payroll,USD,145556.08,False,True,False,False,0,1.5,Completed
P006338,2026-05-27,AC0021,Wire,EUR,59431.52,True,True,False,False,0,43.5,Completed
P006357,2026-05-27,AC0005,Local transfer,USD,7460.29,False,False,False,False,0,1.5,Completed
P006562,2026-05-27,AC0050,Wire,HKD,29559.72,False,True,False,False,0,19.5,Completed
P006831,2026-05-27,AC0034,ACH,USD,1689.19,False,False,False,False,0,1.5,Completed
P007074,2026-05-27,AC0017,Local transfer,GBP,11437.2,False,True,False,False,0,1.5,Completed
P007393,2026-05-27,AC0015,ACH,CAD,8523.63,False,True,False,False,0,1.5,Completed
P007544,2026-05-27,AC0018,Payroll,GBP,16432.44,False,False,False,False,0,1.5,Completed
P000086,2026-05-28,AC0050,Tax,HKD,378533.7,False,False,False,False,0,1.5,Completed
P000319,2026-05-28,AC0014,Internal transfer,CAD,24287.91,False,True,True,False,30,16.5,Rejected
P000413,2026-05-28,AC0053,Wire,USD,2466.26,True,True,False,False,0,43.5,Completed
P000613,2026-05-28,AC0050,Internal transfer,HKD,109713.83,False,False,False,False,0,1.5,Completed
P000729,2026-05-28,AC0034,Wire,USD,45358.24,False,False,False,False,0,19.5,Completed
P000743,2026-05-28,AC0016,Local transfer,CAD,15952.04,False,False,False,False,0,1.5,Completed
P000876,2026-05-28,AC0053,Local transfer,USD,17097.64,False,False,False,True,0,1.5,Completed
P001051,2026-05-28,AC0016,Local transfer,CAD,18212.81,False,False,False,False,0,1.5,Completed
P001493,2026-05-28,AC0035,Payroll,SGD,11875.18,False,False,False,False,0,1.5,Completed
P001560,2026-05-28,AC0025,ACH,EUR,24028.33,False,False,False,False,0,1.5,Completed
P001581,2026-05-28,AC0005,Local transfer,USD,73614.43,False,False,False,False,0,1.5,Completed
P001694,2026-05-28,AC0041,Payroll,JPY,207416.04,False,False,False,False,0,1.5,Completed
P001811,2026-05-28,AC0034,Payroll,USD,25838.14,False,False,False,False,0,1.5,Completed
P001919,2026-05-28,AC0006,Internal transfer,USD,22817.61,False,False,False,True,0,1.5,Completed
P001934,2026-05-28,AC0023,ACH,EUR,31635.06,False,False,False,False,0,1.5,Completed
P001942,2026-05-28,AC0034,Tax,USD,9967.0,False,True,False,False,0,1.5,Completed
P002003,2026-05-28,AC0040,Local transfer,AUD,10791.82,False,True,False,False,0,1.5,Completed
P002078,2026-05-28,AC0017,ACH,GBP,1693.99,False,False,False,False,0,1.5,Completed
P002173,2026-05-28,AC0017,Wire,GBP,12912.75,True,False,False,False,0,43.5,Completed
P002269,2026-05-28,AC0007,Local transfer,USD,6221.33,False,True,False,False,0,1.5,Completed
P002289,2026-05-28,AC0025,ACH,EUR,8998.24,False,False,False,False,0,1.5,Completed
P002306,2026-05-28,AC0052,Wire,HKD,6834.13,True,False,False,False,0,43.5,Completed
P002307,2026-05-28,AC0041,Local transfer,JPY,16890.2,False,True,False,True,0,1.5,Completed
P002406,2026-05-28,AC0025,Local transfer,EUR,18739.4,False,True,False,True,0,1.5,Completed
P002629,2026-05-28,AC0003,Local transfer,USD,1998.64,False,False,False,False,0,1.5,Completed
P002650,2026-05-28,AC0033,Payroll,EUR,32240.27,False,False,False,False,0,1.5,Completed
P003010,2026-05-28,AC0047,Payroll,INR,249803.19,False,False,False,False,0,1.5,Completed
P003023,2026-05-28,AC0003,Local transfer,USD,12156.56,False,False,False,False,0,1.5,Completed
P003175,2026-05-28,AC0044,Local transfer,KRW,63905.96,False,False,False,False,0,1.5,Completed
P003327,2026-05-28,AC0050,Wire,HKD,1541.63,False,False,False,False,0,19.5,Completed
P003699,2026-05-28,AC0010,Local transfer,USD,12228.65,False,True,True,True,26,16.5,Repaired
P003892,2026-05-28,AC0005,Wire,USD,6644.56,True,False,False,False,0,43.5,Completed
P004172,2026-05-28,AC0014,Wire,CAD,4729.78,False,False,False,False,0,19.5,Completed
P004278,2026-05-28,AC0041,Wire,JPY,4711.28,True,False,True,False,39,58.5,Repaired
P004339,2026-05-28,AC0005,Wire,USD,37550.52,True,False,False,False,0,43.5,Completed
P004343,2026-05-28,AC0047,Wire,INR,40282.3,True,True,True,False,34,58.5,Repaired
P004417,2026-05-28,AC0028,Payroll,EUR,29251.44,False,False,False,False,0,1.5,Completed
P004446,2026-05-28,AC0053,Wire,USD,38012.81,False,True,False,False,0,19.5,Completed
P004471,2026-05-28,AC0038,Internal transfer,USD,17015.01,False,False,False,True,0,1.5,Completed
P004622,2026-05-28,AC0052,Wire,HKD,11956.19,True,False,False,False,0,43.5,Completed
P004691,2026-05-28,AC0017,Local transfer,GBP,6791.13,False,False,False,False,0,1.5,Completed
P004746,2026-05-28,AC0019,Internal transfer,GBP,3640.17,False,False,False,False,0,1.5,Completed
P004780,2026-05-28,AC0047,Payroll,INR,34081.68,False,False,False,False,0,1.5,Completed
P004844,2026-05-28,AC0010,Local transfer,USD,14118.75,False,True,False,False,0,1.5,Completed
P004893,2026-05-28,AC0017,ACH,GBP,19783.66,False,False,False,False,0,1.5,Completed
P005166,2026-05-28,AC0016,Internal transfer,CAD,39769.93,False,False,False,False,0,1.5,Completed
P005218,2026-05-28,AC0014,Local transfer,CAD,3968.27,False,False,False,False,0,1.5,Completed
P005230,2026-05-28,AC0005,Tax,USD,7516.63,False,False,False,False,0,1.5,Completed
P005314,2026-05-28,AC0041,Wire,JPY,10497.81,False,False,False,False,0,19.5,Completed
P005415,2026-05-28,AC0046,Wire,KRW,7232.47,False,False,False,True,0,19.5,Completed
P005576,2026-05-28,AC0010,Local transfer,USD,54291.35,False,False,False,False,0,1.5,Completed
P005972,2026-05-28,AC0010,Payroll,USD,58069.25,False,False,False,False,0,1.5,Completed
P006100,2026-05-28,AC0047,Local transfer,INR,36406.61,False,False,False,False,0,1.5,Completed
P006115,2026-05-28,AC0051,Internal transfer,HKD,49152.02,False,False,False,False,0,1.5,Completed
P006406,2026-05-28,AC0036,Local transfer,SGD,36938.8,False,False,False,False,0,1.5,Completed
P006573,2026-05-28,AC0053,ACH,USD,11512.76,False,False,False,False,0,1.5,Completed
P006634,2026-05-28,AC0031,ACH,USD,24212.31,False,True,False,False,0,1.5,Completed
P006806,2026-05-28,AC0001,Local transfer,USD,2813.52,False,False,False,False,0,1.5,Completed
P006823,2026-05-28,AC0027,Wire,EUR,73030.74,False,False,False,False,0,19.5,Completed
P006834,2026-05-28,AC0050,Payroll,HKD,71007.94,False,True,False,False,0,1.5,Completed
P007315,2026-05-28,AC0053,Tax,USD,65175.33,False,True,False,False,0,1.5,Completed
P007517,2026-05-28,AC0021,Wire,EUR,8961.29,False,False,False,False,0,19.5,Completed
P000192,2026-05-29,AC0038,Local transfer,USD,49605.97,False,False,False,False,0,1.5,Completed
P000369,2026-05-29,AC0010,Local transfer,USD,6793.32,False,True,False,False,0,1.5,Completed
P000378,2026-05-29,AC0028,ACH,EUR,24666.36,False,False,False,False,0,1.5,Completed
P000385,2026-05-29,AC0055,Local transfer,USD,9347.72,False,False,False,False,0,1.5,Completed
P000490,2026-05-29,AC0050,Internal transfer,HKD,3033.04,False,True,False,False,0,1.5,Completed
P000685,2026-05-29,AC0050,Wire,HKD,145840.26,True,False,False,False,0,43.5,Completed
P000948,2026-05-29,AC0014,ACH,CAD,7796.12,False,False,False,False,0,1.5,Completed
P000960,2026-05-29,AC0021,Local transfer,EUR,4269.29,False,False,False,False,0,1.5,Completed
P001475,2026-05-29,AC0041,Internal transfer,JPY,9380.61,False,False,False,False,0,1.5,Completed
P001640,2026-05-29,AC0006,Local transfer,USD,14604.15,False,False,True,False,72,16.5,Repaired
P001646,2026-05-29,AC0039,ACH,AUD,3671.12,False,False,False,False,0,1.5,Completed
P001770,2026-05-29,AC0050,Wire,HKD,3234.33,True,False,False,False,0,43.5,Completed
P001893,2026-05-29,AC0014,ACH,CAD,10110.27,False,True,False,False,0,1.5,Completed
P001989,2026-05-29,AC0047,Local transfer,INR,7110.99,False,False,False,False,0,1.5,Completed
P002106,2026-05-29,AC0050,Internal transfer,HKD,21481.94,False,True,True,False,62,16.5,Repaired
P002121,2026-05-29,AC0050,Local transfer,HKD,2864.9,False,True,False,False,0,1.5,Completed
P002152,2026-05-29,AC0038,ACH,USD,9503.93,False,False,False,False,0,1.5,Completed
P002185,2026-05-29,AC0005,ACH,USD,7119.39,False,False,False,False,0,1.5,Completed
P002235,2026-05-29,AC0044,ACH,KRW,9223.26,False,False,False,False,0,1.5,Completed
P002336,2026-05-29,AC0028,Local transfer,EUR,11229.98,False,False,False,False,0,1.5,Completed
P002439,2026-05-29,AC0031,Wire,USD,18293.91,True,False,True,False,18,58.5,Rejected
P002596,2026-05-29,AC0017,Local transfer,GBP,8576.67,False,True,False,True,0,1.5,Completed
P002893,2026-05-29,AC0021,Wire,EUR,8686.6,False,True,True,False,71,34.5,Repaired
P002925,2026-05-29,AC0047,ACH,INR,23578.06,False,False,False,False,0,1.5,Completed
P003030,2026-05-29,AC0047,Payroll,INR,96293.27,False,False,False,False,0,1.5,Completed
P003118,2026-05-29,AC0049,ACH,USD,24424.89,False,False,False,False,0,1.5,Completed
P004119,2026-05-29,AC0028,Tax,EUR,39254.28,False,False,False,False,0,1.5,Completed
P004204,2026-05-29,AC0014,Payroll,CAD,95556.85,False,False,False,False,0,1.5,Completed
P004233,2026-05-29,AC0051,ACH,HKD,38698.03,False,True,False,False,0,1.5,Completed
P004242,2026-05-29,AC0028,ACH,EUR,16760.75,False,False,False,False,0,1.5,Completed
P004453,2026-05-29,AC0025,Wire,EUR,4921.89,True,False,False,False,0,43.5,Completed
P004554,2026-05-29,AC0030,Wire,USD,11479.9,True,True,False,False,0,43.5,Completed
P004640,2026-05-29,AC0001,ACH,USD,12528.7,False,False,False,False,0,1.5,Completed
P004715,2026-05-29,AC0047,Payroll,INR,24980.63,False,False,False,False,0,1.5,Completed
P004970,2026-05-29,AC0049,Local transfer,USD,10989.6,False,False,False,False,0,1.5,Completed
P004982,2026-05-29,AC0053,Local transfer,USD,17238.91,False,False,False,False,0,1.5,Completed
P005001,2026-05-29,AC0044,Wire,KRW,58232.65,True,True,False,False,0,43.5,Completed
P005480,2026-05-29,AC0054,Local transfer,USD,42412.07,False,False,False,False,0,1.5,Completed
P005485,2026-05-29,AC0053,Local transfer,USD,7646.38,False,False,False,False,0,1.5,Completed
P005580,2026-05-29,AC0043,Tax,JPY,292457.0,False,False,False,False,0,1.5,Completed
P006221,2026-05-29,AC0021,ACH,EUR,31490.67,False,True,False,False,0,1.5,Completed
P006254,2026-05-29,AC0038,Payroll,USD,33790.95,False,False,False,False,0,1.5,Completed
P006256,2026-05-29,AC0047,Local transfer,INR,626.22,False,False,False,False,0,1.5,Completed
P006316,2026-05-29,AC0028,Wire,EUR,5660.0,False,False,False,False,0,19.5,Completed
P006467,2026-05-29,AC0014,Internal transfer,CAD,47820.91,False,False,False,False,0,1.5,Completed
P006496,2026-05-29,AC0010,Local transfer,USD,18875.97,False,True,False,False,0,1.5,Completed
P006617,2026-05-29,AC0005,Internal transfer,USD,6255.14,False,False,False,False,0,1.5,Completed
P006932,2026-05-29,AC0019,Local transfer,GBP,1354.14,False,False,False,False,0,1.5,Completed
P006935,2026-05-29,AC0047,Local transfer,INR,15150.06,False,False,False,False,0,1.5,Completed
P007110,2026-05-29,AC0001,Wire,USD,33839.43,True,False,False,False,0,43.5,Completed
P007205,2026-05-29,AC0053,ACH,USD,5342.95,False,False,False,False,0,1.5,Completed
P007242,2026-05-29,AC0025,Payroll,EUR,9149.78,False,False,False,False,0,1.5,Completed
P007280,2026-05-29,AC0010,Local transfer,USD,5518.83,False,True,False,False,0,1.5,Completed
P000004,2026-06-01,AC0010,Wire,USD,59263.9,True,True,False,False,0,43.5,Completed
P000060,2026-06-01,AC0050,Local transfer,HKD,643.64,False,True,False,False,0,1.5,Completed
P000129,2026-06-01,AC0044,Local transfer,KRW,28403.89,False,False,False,False,0,1.5,Completed
P000182,2026-06-01,AC0025,Payroll,EUR,33038.46,False,True,False,False,0,1.5,Completed
P000280,2026-06-01,AC0005,ACH,USD,4169.73,False,False,False,False,0,1.5,Completed
P000314,2026-06-01,AC0028,Payroll,EUR,22352.39,False,False,False,False,0,1.5,Completed
P000325,2026-06-01,AC0017,Local transfer,GBP,21825.97,False,False,False,False,0,1.5,Completed
P000370,2026-06-01,AC0031,ACH,USD,45654.98,False,True,False,False,0,1.5,Completed
P000538,2026-06-01,AC0053,Local transfer,USD,225488.68,False,True,False,False,0,1.5,Completed
P000655,2026-06-01,AC0030,Wire,USD,27012.67,False,False,False,False,0,19.5,Completed
P000787,2026-06-01,AC0046,ACH,KRW,64048.18,False,False,False,False,0,1.5,Completed
P000788,2026-06-01,AC0034,Local transfer,USD,21545.94,False,True,False,True,0,1.5,Completed
P000834,2026-06-01,AC0044,Local transfer,KRW,5462.31,False,False,False,False,0,1.5,Completed
P000879,2026-06-01,AC0047,Internal transfer,INR,31287.99,False,False,False,False,0,1.5,Completed
P000940,2026-06-01,AC0012,Local transfer,USD,8276.56,False,True,False,False,0,1.5,Completed
P000971,2026-06-01,AC0031,Local transfer,USD,58546.53,False,False,False,False,0,1.5,Completed
P001117,2026-06-01,AC0031,Payroll,USD,14212.07,False,True,False,False,0,1.5,Completed
P001215,2026-06-01,AC0027,Local transfer,EUR,8305.68,False,True,False,True,0,1.5,Completed
P001222,2026-06-01,AC0052,Local transfer,HKD,7329.79,False,False,False,False,0,1.5,Completed
P001396,2026-06-01,AC0041,Local transfer,JPY,1203.71,False,False,False,False,0,1.5,Completed
P001613,2026-06-01,AC0026,Local transfer,USD,5337.13,False,False,False,False,0,1.5,Completed
P001865,2026-06-01,AC0005,Internal transfer,USD,4028.69,False,False,False,False,0,1.5,Completed
P001888,2026-06-01,AC0001,Wire,USD,94121.6,False,False,False,False,0,19.5,Completed
P002102,2026-06-01,AC0018,ACH,GBP,4189.59,False,False,False,False,0,1.5,Completed
P002116,2026-06-01,AC0036,Payroll,SGD,32910.75,False,True,False,False,0,1.5,Completed
P002208,2026-06-01,AC0053,Local transfer,USD,144653.4,False,False,False,True,0,1.5,Completed
P002251,2026-06-01,AC0053,Local transfer,USD,8320.62,False,False,False,False,0,1.5,Completed
P002310,2026-06-01,AC0017,Wire,GBP,11716.91,False,True,False,False,0,19.5,Completed
P002312,2026-06-01,AC0034,Internal transfer,USD,20528.8,False,False,False,False,0,1.5,Completed
P002379,2026-06-01,AC0050,ACH,HKD,9572.49,False,False,False,False,0,1.5,Completed
P002399,2026-06-01,AC0001,Local transfer,USD,67235.66,False,True,False,False,0,1.5,Completed
P002440,2026-06-01,AC0017,Local transfer,GBP,4148.07,False,False,True,False,23,16.5,Repaired
P002504,2026-06-01,AC0050,Local transfer,HKD,90740.93,False,True,True,True,39,16.5,Repaired
P002632,2026-06-01,AC0025,Internal transfer,EUR,62024.74,False,False,True,False,38,16.5,Repaired
P002701,2026-06-01,AC0041,Local transfer,JPY,1455.5,False,False,False,False,0,1.5,Completed
P002742,2026-06-01,AC0005,Payroll,USD,7006.83,False,False,False,False,0,1.5,Completed
P002817,2026-06-01,AC0038,Local transfer,USD,12927.98,False,False,False,False,0,1.5,Completed
P002900,2026-06-01,AC0040,Local transfer,AUD,14176.41,False,True,False,False,0,1.5,Completed
P002983,2026-06-01,AC0019,Tax,GBP,98777.93,False,False,False,False,0,1.5,Completed
P003004,2026-06-01,AC0017,ACH,GBP,24420.88,False,True,False,False,0,1.5,Completed
P003207,2026-06-01,AC0044,Wire,KRW,97575.45,True,False,False,False,0,43.5,Completed
P003400,2026-06-01,AC0047,ACH,INR,19269.38,False,True,False,False,0,1.5,Completed
P003404,2026-06-01,AC0016,Wire,CAD,29782.53,False,True,False,False,0,19.5,Completed
P003410,2026-06-01,AC0047,Wire,INR,830.98,False,False,False,False,0,19.5,Completed
P003467,2026-06-01,AC0028,Wire,EUR,3940.96,True,True,False,False,0,43.5,Completed
P003489,2026-06-01,AC0010,ACH,USD,27728.02,False,True,False,False,0,1.5,Completed
P003706,2026-06-01,AC0050,Wire,HKD,14981.97,False,True,False,False,0,19.5,Completed
P003769,2026-06-01,AC0028,Payroll,EUR,72445.31,False,False,False,False,0,1.5,Completed
P003913,2026-06-01,AC0010,Local transfer,USD,3955.33,False,False,False,False,0,1.5,Completed
P003969,2026-06-01,AC0010,Local transfer,USD,124585.45,False,False,False,False,0,1.5,Completed
P004468,2026-06-01,AC0030,ACH,USD,602.15,False,False,False,False,0,1.5,Completed
P004542,2026-06-01,AC0044,Local transfer,KRW,15570.25,False,False,False,False,0,1.5,Completed
P004765,2026-06-01,AC0001,Local transfer,USD,5861.48,False,False,False,False,0,1.5,Completed
P004874,2026-06-01,AC0005,Local transfer,USD,788.11,False,False,False,False,0,1.5,Completed
P005103,2026-06-01,AC0044,Wire,KRW,13789.75,False,True,False,False,0,19.5,Completed
P005260,2026-06-01,AC0042,ACH,USD,1534.78,False,False,False,False,0,1.5,Completed
P005383,2026-06-01,AC0053,ACH,USD,619.33,False,False,False,False,0,1.5,Completed
P005544,2026-06-01,AC0023,Wire,EUR,987.69,False,False,False,False,0,19.5,Completed
P005621,2026-06-01,AC0034,Local transfer,USD,6672.33,False,True,False,False,0,1.5,Completed
P005630,2026-06-01,AC0038,ACH,USD,42756.34,False,False,False,False,0,1.5,Completed
P005745,2026-06-01,AC0045,ACH,KRW,3163.69,False,True,False,False,0,1.5,Completed
P005776,2026-06-01,AC0028,Local transfer,EUR,15490.2,False,False,False,False,0,1.5,Completed
P005798,2026-06-01,AC0015,Payroll,CAD,29507.23,False,False,False,False,0,1.5,Completed
P005826,2026-06-01,AC0005,Local transfer,USD,18510.98,False,False,False,False,0,1.5,Completed
P005851,2026-06-01,AC0050,Wire,HKD,17063.84,False,False,False,False,0,19.5,Completed
P005993,2026-06-01,AC0052,Local transfer,HKD,5791.37,False,False,False,True,0,1.5,Completed
P006048,2026-06-01,AC0041,Local transfer,JPY,138199.46,False,False,False,False,0,1.5,Completed
P006059,2026-06-01,AC0005,Internal transfer,USD,68283.02,False,False,False,False,0,1.5,Completed
P006238,2026-06-01,AC0040,ACH,AUD,5603.93,False,False,False,False,0,1.5,Completed
P006246,2026-06-01,AC0017,Tax,GBP,26961.67,False,False,False,False,0,1.5,Completed
P006304,2026-06-01,AC0021,ACH,EUR,13917.55,False,False,False,False,0,1.5,Completed
P006317,2026-06-01,AC0032,ACH,EUR,13082.8,False,False,False,False,0,1.5,Completed
P006335,2026-06-01,AC0033,ACH,EUR,22666.51,False,False,False,False,0,1.5,Completed
P006395,2026-06-01,AC0031,Wire,USD,174352.53,False,False,False,False,0,19.5,Completed
P006637,2026-06-01,AC0001,Payroll,USD,440990.46,False,True,False,False,0,1.5,Pending
P006976,2026-06-01,AC0015,Internal transfer,CAD,9141.77,False,False,False,False,0,1.5,Completed
P007011,2026-06-01,AC0003,Local transfer,USD,15117.05,False,False,True,False,41,16.5,Repaired
P007042,2026-06-01,AC0029,Local transfer,EUR,4253.19,False,False,False,False,0,1.5,Completed
P007257,2026-06-01,AC0014,Wire,CAD,8996.16,False,False,False,False,0,19.5,Completed
P007343,2026-06-01,AC0038,ACH,USD,8318.01,False,False,False,False,0,1.5,Completed
P007373,2026-06-01,AC0053,Wire,USD,10439.3,True,True,False,False,0,43.5,Completed
P007596,2026-06-01,AC0025,Wire,EUR,5791.81,True,False,False,False,0,43.5,Completed
P000006,2026-06-02,AC0038,ACH,USD,779.57,False,True,True,False,28,16.5,Rejected
P000482,2026-06-02,AC0038,Wire,USD,6048.41,True,False,False,False,0,43.5,Completed
P000533,2026-06-02,AC0022,Local transfer,EUR,7934.23,False,False,False,False,0,1.5,Completed
P000717,2026-06-02,AC0031,Local transfer,USD,46204.19,False,True,False,False,0,1.5,Completed
P001067,2026-06-02,AC0041,Local transfer,JPY,94931.12,False,False,False,False,0,1.5,Completed
P001079,2026-06-02,AC0038,ACH,USD,38613.48,False,False,False,False,0,1.5,Completed
P001168,2026-06-02,AC0010,ACH,USD,22406.17,False,False,False,False,0,1.5,Completed
P001228,2026-06-02,AC0053,Local transfer,USD,183974.82,False,False,False,False,0,1.5,Completed
P001423,2026-06-02,AC0005,Wire,USD,10934.6,True,True,False,False,0,43.5,Completed
P001464,2026-06-02,AC0014,ACH,CAD,15291.17,False,False,False,False,0,1.5,Completed
P001576,2026-06-02,AC0001,Payroll,USD,29622.51,False,False,False,False,0,1.5,Completed
P001642,2026-06-02,AC0007,ACH,USD,11042.58,False,False,False,False,0,1.5,Completed
P001712,2026-06-02,AC0019,Wire,GBP,44982.35,False,False,False,False,0,19.5,Completed
P001852,2026-06-02,AC0053,Tax,USD,21215.04,False,True,False,False,0,1.5,Completed
P001962,2026-06-02,AC0051,ACH,HKD,96279.7,False,True,False,False,0,1.5,Completed
P002004,2026-06-02,AC0019,Local transfer,GBP,82731.23,False,False,False,False,0,1.5,Completed
P002232,2026-06-02,AC0017,Wire,GBP,1255.65,True,True,False,False,0,43.5,Completed
P002268,2026-06-02,AC0040,Wire,AUD,9587.44,False,False,False,False,0,19.5,Completed
P002354,2026-06-02,AC0031,ACH,USD,106011.73,False,False,False,False,0,1.5,Completed
P002592,2026-06-02,AC0036,Wire,SGD,7291.3,True,False,False,False,0,43.5,Completed
P002666,2026-06-02,AC0053,ACH,USD,4212.79,False,False,False,False,0,1.5,Completed
P002692,2026-06-02,AC0017,Payroll,GBP,271273.3,False,False,False,False,0,1.5,Completed
P002759,2026-06-02,AC0031,Local transfer,USD,29822.39,False,True,False,False,0,1.5,Completed
P002847,2026-06-02,AC0038,Local transfer,USD,23790.29,False,False,False,False,0,1.5,Completed
P002873,2026-06-02,AC0038,ACH,USD,12513.18,False,False,False,False,0,1.5,Completed
P002887,2026-06-02,AC0003,Payroll,USD,195948.77,False,False,False,False,0,1.5,Completed
P002924,2026-06-02,AC0041,Payroll,JPY,18628.55,False,False,False,False,0,1.5,Completed
P002936,2026-06-02,AC0014,ACH,CAD,5101.96,False,False,False,False,0,1.5,Completed
P003120,2026-06-02,AC0047,Payroll,INR,15849.06,False,False,False,False,0,1.5,Completed
P003150,2026-06-02,AC0001,ACH,USD,3057.39,False,False,False,False,0,1.5,Completed
P003176,2026-06-02,AC0041,ACH,JPY,19120.86,False,True,False,False,0,1.5,Completed
P003199,2026-06-02,AC0005,Wire,USD,3174.77,True,False,False,False,0,43.5,Completed
P003422,2026-06-02,AC0038,Local transfer,USD,18025.26,False,False,False,False,0,1.5,Completed
P003431,2026-06-02,AC0010,Tax,USD,194116.7,False,False,False,False,0,1.5,Completed
P003651,2026-06-02,AC0031,Wire,USD,6659.15,True,True,True,False,66,58.5,Repaired
P003681,2026-06-02,AC0010,ACH,USD,9138.5,False,True,False,False,0,1.5,Completed
P003830,2026-06-02,AC0010,Payroll,USD,92567.7,False,True,False,False,0,1.5,Completed
P004086,2026-06-02,AC0044,Wire,KRW,2388.37,True,False,False,False,0,43.5,Completed
P004500,2026-06-02,AC0044,ACH,KRW,10563.06,False,False,False,False,0,1.5,Completed
P004570,2026-06-02,AC0044,Local transfer,KRW,82560.91,False,False,False,False,0,1.5,Completed
P004688,2026-06-02,AC0001,Wire,USD,48712.64,True,True,False,False,0,43.5,Completed
P004717,2026-06-02,AC0031,Local transfer,USD,7978.34,False,False,False,False,0,1.5,Completed
P004805,2026-06-02,AC0028,Local transfer,EUR,5887.52,False,False,False,True,0,1.5,Completed
P004864,2026-06-02,AC0042,Wire,USD,2170.99,True,True,False,False,0,43.5,Completed
P005042,2026-06-02,AC0021,ACH,EUR,3952.25,False,True,False,False,0,1.5,Completed
P005340,2026-06-02,AC0014,Payroll,CAD,20565.53,False,False,False,False,0,1.5,Completed
P005408,2026-06-02,AC0014,Payroll,CAD,24876.91,False,False,False,False,0,1.5,Completed
P005604,2026-06-02,AC0053,ACH,USD,163358.14,False,False,False,False,0,1.5,Completed
P005754,2026-06-02,AC0052,Wire,HKD,17078.28,True,False,False,False,0,43.5,Completed
P005819,2026-06-02,AC0041,ACH,JPY,118117.79,False,False,False,False,0,1.5,Completed
P006027,2026-06-02,AC0021,Wire,EUR,28743.03,False,True,False,False,0,19.5,Completed
P006388,2026-06-02,AC0005,ACH,USD,1941.71,False,True,False,False,0,1.5,Completed
P006787,2026-06-02,AC0012,Wire,USD,1300.64,True,False,False,False,0,43.5,Completed
P006803,2026-06-02,AC0053,ACH,USD,4755.98,False,False,False,False,0,1.5,Completed
P006888,2026-06-02,AC0021,Wire,EUR,20362.84,True,True,False,False,0,43.5,Completed
P007137,2026-06-02,AC0017,Wire,GBP,6727.96,False,False,False,False,0,19.5,Completed
P007175,2026-06-02,AC0005,ACH,USD,4944.23,False,False,False,False,0,1.5,Completed
P007271,2026-06-02,AC0031,Wire,USD,55588.72,False,False,False,False,0,19.5,Completed
P007342,2026-06-02,AC0021,ACH,EUR,5709.3,False,True,False,False,0,1.5,Completed
P007501,2026-06-02,AC0038,Payroll,USD,156892.83,False,False,False,False,0,1.5,Completed
P007512,2026-06-02,AC0052,Payroll,HKD,98774.5,False,True,False,False,0,1.5,Completed
P007595,2026-06-02,AC0030,Wire,USD,8859.33,False,False,False,False,0,19.5,Completed
P000059,2026-06-03,AC0044,Tax,KRW,33576.29,False,False,True,True,46,16.5,Rejected
P000067,2026-06-03,AC0047,Payroll,INR,60734.99,False,False,False,False,0,1.5,Completed
P000149,2026-06-03,AC0039,ACH,AUD,4441.38,False,False,False,False,0,1.5,Completed
P000199,2026-06-03,AC0040,ACH,AUD,8496.18,False,False,False,False,0,1.5,Completed
P000283,2026-06-03,AC0031,Internal transfer,USD,6267.63,False,False,False,False,0,1.5,Completed
P000301,2026-06-03,AC0017,ACH,GBP,4184.54,False,True,False,True,0,1.5,Completed
P000334,2026-06-03,AC0041,Local transfer,JPY,58536.37,False,False,False,False,0,1.5,Completed
P000372,2026-06-03,AC0053,ACH,USD,4449.58,False,False,False,False,0,1.5,Completed
P000507,2026-06-03,AC0033,Local transfer,EUR,10595.2,False,False,False,False,0,1.5,Completed
P000588,2026-06-03,AC0044,Wire,KRW,7264.99,False,True,False,True,0,19.5,Completed
P000612,2026-06-03,AC0050,ACH,HKD,35848.39,False,False,False,False,0,1.5,Completed
P000865,2026-06-03,AC0048,Wire,INR,19480.75,True,True,False,False,0,43.5,Completed
P000908,2026-06-03,AC0010,Local transfer,USD,5936.47,False,True,False,False,0,1.5,Completed
P000980,2026-06-03,AC0005,Local transfer,USD,4722.91,False,True,False,False,0,1.5,Completed
P001172,2026-06-03,AC0034,ACH,USD,17800.24,False,True,False,False,0,1.5,Completed
P001328,2026-06-03,AC0039,Local transfer,AUD,57376.43,False,False,False,False,0,1.5,Completed
P001757,2026-06-03,AC0031,Local transfer,USD,9605.2,False,True,False,False,0,1.5,Completed
P001772,2026-06-03,AC0036,ACH,SGD,19918.58,False,False,False,False,0,1.5,Completed
P002053,2026-06-03,AC0021,Wire,EUR,24774.74,True,False,False,False,0,43.5,Completed
P002061,2026-06-03,AC0053,Internal transfer,USD,29003.92,False,False,False,False,0,1.5,Completed
P002432,2026-06-03,AC0001,Local transfer,USD,12216.41,False,True,True,False,50,16.5,Repaired
P002496,2026-06-03,AC0023,Payroll,EUR,83052.4,False,False,False,False,0,1.5,Completed
P002643,2026-06-03,AC0021,ACH,EUR,16813.48,False,False,False,False,0,1.5,Completed
P002895,2026-06-03,AC0022,Payroll,EUR,143187.87,False,True,False,False,0,1.5,Completed
P003093,2026-06-03,AC0001,ACH,USD,15858.11,False,False,False,False,0,1.5,Completed
P003271,2026-06-03,AC0023,Tax,EUR,25075.83,False,False,False,False,0,1.5,Completed
P003274,2026-06-03,AC0047,ACH,INR,13093.81,False,False,False,False,0,1.5,Completed
P003423,2026-06-03,AC0034,ACH,USD,2068.25,False,False,False,False,0,1.5,Completed
P003464,2026-06-03,AC0017,Wire,GBP,12587.62,False,True,False,False,0,19.5,Completed
P003595,2026-06-03,AC0050,ACH,HKD,28651.58,False,False,False,False,0,1.5,Completed
P003705,2026-06-03,AC0022,Wire,EUR,4759.31,False,False,False,False,0,19.5,Completed
P003778,2026-06-03,AC0017,Payroll,GBP,49215.94,False,False,True,False,23,16.5,Repaired
P003831,2026-06-03,AC0051,Local transfer,HKD,21128.32,False,False,False,False,0,1.5,Completed
P003879,2026-06-03,AC0028,Wire,EUR,19252.98,False,True,False,False,0,19.5,Completed
P004123,2026-06-03,AC0023,Local transfer,EUR,6545.04,False,False,False,False,0,1.5,Completed
P004153,2026-06-03,AC0031,Local transfer,USD,12629.64,False,False,False,False,0,1.5,Completed
P004399,2026-06-03,AC0031,Local transfer,USD,10581.49,False,False,False,False,0,1.5,Completed
P004436,2026-06-03,AC0025,ACH,EUR,8978.41,False,False,False,False,0,1.5,Completed
P004447,2026-06-03,AC0012,ACH,USD,2618.13,False,False,False,False,0,1.5,Completed
P004535,2026-06-03,AC0054,Internal transfer,USD,5524.5,False,False,False,False,0,1.5,Completed
P004536,2026-06-03,AC0012,Wire,USD,434.36,True,False,False,False,0,43.5,Completed
P004601,2026-06-03,AC0038,Wire,USD,3647.35,True,False,False,False,0,43.5,Completed
P005053,2026-06-03,AC0021,Local transfer,EUR,5270.46,False,True,False,False,0,1.5,Completed
P005257,2026-06-03,AC0041,Internal transfer,JPY,35885.11,False,True,False,False,0,1.5,Completed
P005278,2026-06-03,AC0001,Local transfer,USD,1507.15,False,False,False,False,0,1.5,Completed
P005311,2026-06-03,AC0010,ACH,USD,3782.74,False,True,False,False,0,1.5,Completed
P005397,2026-06-03,AC0021,Local transfer,EUR,50584.04,False,False,False,False,0,1.5,Completed
P005584,2026-06-03,AC0017,Internal transfer,GBP,20986.88,False,False,False,False,0,1.5,Completed
P005587,2026-06-03,AC0021,Tax,EUR,40780.92,False,False,False,False,0,1.5,Completed
P005959,2026-06-03,AC0050,Wire,HKD,4754.96,True,False,False,False,0,43.5,Completed
P005988,2026-06-03,AC0047,Local transfer,INR,35291.82,False,True,False,False,0,1.5,Completed
P006073,2026-06-03,AC0005,ACH,USD,22187.4,False,False,False,False,0,1.5,Completed
P006267,2026-06-03,AC0054,Local transfer,USD,6930.16,False,True,False,False,0,1.5,Completed
P006294,2026-06-03,AC0053,Local transfer,USD,5886.29,False,False,False,False,0,1.5,Completed
P006511,2026-06-03,AC0053,Wire,USD,108626.06,False,False,False,False,0,19.5,Completed
P006565,2026-06-03,AC0005,ACH,USD,10577.23,False,True,False,False,0,1.5,Completed
P006614,2026-06-03,AC0001,Wire,USD,4569.63,True,True,False,False,0,43.5,Completed
P006768,2026-06-03,AC0050,ACH,HKD,37588.69,False,True,False,False,0,1.5,Completed
P006784,2026-06-03,AC0001,Local transfer,USD,3804.38,False,False,False,False,0,1.5,Completed
P006892,2026-06-03,AC0010,Payroll,USD,245611.05,False,False,False,False,0,1.5,Completed
P007017,2026-06-03,AC0021,ACH,EUR,11055.54,False,True,False,False,0,1.5,Completed
P007026,2026-06-03,AC0053,Local transfer,USD,14882.82,False,False,False,False,0,1.5,Completed
P007160,2026-06-03,AC0010,Wire,USD,345500.22,False,True,False,False,0,19.5,Completed
P007191,2026-06-03,AC0054,Local transfer,USD,6173.04,False,False,False,False,0,1.5,Completed
P007222,2026-06-03,AC0031,Local transfer,USD,308103.78,False,False,False,False,0,1.5,Completed
P007390,2026-06-03,AC0038,Payroll,USD,64540.24,False,False,False,False,0,1.5,Completed
P000047,2026-06-04,AC0016,Wire,CAD,2908.64,True,True,False,False,0,43.5,Completed
P000111,2026-06-04,AC0005,Local transfer,USD,44977.87,False,True,False,False,0,1.5,Completed
P000120,2026-06-04,AC0050,Wire,HKD,41181.98,False,True,False,False,0,19.5,Completed
P000453,2026-06-04,AC0025,Payroll,EUR,102073.84,False,True,False,False,0,1.5,Completed
P000608,2026-06-04,AC0033,ACH,EUR,5496.07,False,False,False,False,0,1.5,Completed
P000766,2026-06-04,AC0002,Payroll,USD,69857.03,False,True,False,False,0,1.5,Completed
P000813,2026-06-04,AC0001,Payroll,USD,30412.2,False,False,False,False,0,1.5,Completed
P000835,2026-06-04,AC0053,Local transfer,USD,2180.01,False,False,False,False,0,1.5,Completed
P000882,2026-06-04,AC0033,ACH,EUR,6297.8,False,True,True,False,39,16.5,Repaired
P001744,2026-06-04,AC0021,Local transfer,EUR,14102.49,False,False,False,False,0,1.5,Completed
P001782,2026-06-04,AC0050,Wire,HKD,9498.64,True,False,False,False,0,43.5,Completed
P001984,2026-06-04,AC0052,Wire,HKD,6712.13,False,False,False,False,0,19.5,Completed
P002068,2026-06-04,AC0025,Tax,EUR,213656.07,False,False,False,True,0,1.5,Completed
P002192,2026-06-04,AC0038,Local transfer,USD,8993.65,False,True,False,False,0,1.5,Completed
P002314,2026-06-04,AC0028,ACH,EUR,51413.57,False,False,False,False,0,1.5,Completed
P002381,2026-06-04,AC0025,Local transfer,EUR,8786.75,False,True,True,False,27,16.5,Repaired
P002593,2026-06-04,AC0021,ACH,EUR,6944.89,False,False,False,False,0,1.5,Completed
P002722,2026-06-04,AC0014,Local transfer,CAD,1882.83,False,False,False,False,0,1.5,Completed
P003094,2026-06-04,AC0034,Payroll,USD,41728.11,False,True,False,False,0,1.5,Completed
P003151,2026-06-04,AC0049,Local transfer,USD,1705.02,False,False,False,False,0,1.5,Completed
P003304,2026-06-04,AC0011,Wire,USD,4502.73,True,False,False,False,0,43.5,Completed
P003337,2026-06-04,AC0053,Payroll,USD,517540.39,False,False,False,False,0,1.5,Completed
P003475,2026-06-04,AC0001,Local transfer,USD,15048.83,False,True,False,False,0,1.5,Completed
P003717,2026-06-04,AC0036,Payroll,SGD,24810.09,False,False,False,False,0,1.5,Completed
P003757,2026-06-04,AC0044,Local transfer,KRW,14289.22,False,False,False,False,0,1.5,Completed
P003781,2026-06-04,AC0053,ACH,USD,19610.68,False,False,False,False,0,1.5,Completed
P004010,2026-06-04,AC0047,ACH,INR,6634.81,False,True,False,False,0,1.5,Completed
P004012,2026-06-04,AC0038,Local transfer,USD,8776.72,False,False,False,True,0,1.5,Completed
P004076,2026-06-04,AC0019,Local transfer,GBP,1261.16,False,False,False,False,0,1.5,Completed
P004249,2026-06-04,AC0053,Local transfer,USD,22250.82,False,False,False,False,0,1.5,Completed
P004435,2026-06-04,AC0044,Local transfer,KRW,7358.56,False,False,False,False,0,1.5,Completed
P004674,2026-06-04,AC0028,Local transfer,EUR,7250.34,False,False,False,False,0,1.5,Completed
P004735,2026-06-04,AC0017,Local transfer,GBP,2179.66,False,True,False,False,0,1.5,Completed
P004768,2026-06-04,AC0034,Payroll,USD,4610.38,False,True,False,False,0,1.5,Completed
P004801,2026-06-04,AC0014,Tax,CAD,170128.73,False,False,False,False,0,1.5,Completed
P005309,2026-06-04,AC0005,Local transfer,USD,6907.05,False,True,False,False,0,1.5,Completed
P005713,2026-06-04,AC0031,Wire,USD,5470.54,False,True,False,False,0,19.5,Completed
P005719,2026-06-04,AC0044,Local transfer,KRW,14142.72,False,False,False,False,0,1.5,Completed
P005726,2026-06-04,AC0005,Internal transfer,USD,76647.32,False,False,False,False,0,1.5,Completed
P005763,2026-06-04,AC0041,Internal transfer,JPY,9590.5,False,False,False,False,0,1.5,Completed
P005894,2026-06-04,AC0005,Tax,USD,100178.75,False,False,False,False,0,1.5,Completed
P005943,2026-06-04,AC0034,Payroll,USD,10098.8,False,True,True,False,19,16.5,Repaired
P005979,2026-06-04,AC0027,Wire,EUR,7343.59,False,False,False,False,0,19.5,Completed
P006060,2026-06-04,AC0047,ACH,INR,136115.94,False,True,False,False,0,1.5,Completed
P006284,2026-06-04,AC0030,Wire,USD,10965.81,False,False,False,False,0,19.5,Completed
P006332,2026-06-04,AC0014,Local transfer,CAD,9011.51,False,False,False,False,0,1.5,Completed
P006431,2026-06-04,AC0035,Wire,SGD,9695.06,False,True,False,False,0,19.5,Completed
P006464,2026-06-04,AC0011,Local transfer,USD,14992.78,False,False,False,False,0,1.5,Completed
P006492,2026-06-04,AC0051,ACH,HKD,20134.08,False,False,False,False,0,1.5,Completed
P006522,2026-06-04,AC0007,Local transfer,USD,3770.31,False,False,False,False,0,1.5,Completed
P006750,2026-06-04,AC0041,ACH,JPY,18568.11,False,False,False,False,0,1.5,Completed
P007060,2026-06-04,AC0053,ACH,USD,11108.49,False,False,False,False,0,1.5,Completed
P007111,2026-06-04,AC0014,Local transfer,CAD,25061.02,False,False,False,False,0,1.5,Completed
P007183,2026-06-04,AC0041,ACH,JPY,9969.45,False,False,False,False,0,1.5,Completed
P007236,2026-06-04,AC0048,Wire,INR,2475.1,False,False,False,False,0,19.5,Completed
P007437,2026-06-04,AC0038,Local transfer,USD,46194.32,False,True,False,False,0,1.5,Completed
P007586,2026-06-04,AC0017,Internal transfer,GBP,12920.54,False,False,False,False,0,1.5,Completed
P000099,2026-06-05,AC0041,ACH,JPY,11857.2,False,False,False,False,0,1.5,Completed
P000433,2026-06-05,AC0053,ACH,USD,9927.1,False,False,False,False,0,1.5,Completed
P000493,2026-06-05,AC0041,Local transfer,JPY,17291.6,False,False,False,False,0,1.5,Completed
P000691,2026-06-05,AC0034,ACH,USD,12610.1,False,False,False,False,0,1.5,Completed
P001001,2026-06-05,AC0005,ACH,USD,24342.6,False,False,False,False,0,1.5,Completed
P001008,2026-06-05,AC0050,Internal transfer,HKD,6302.71,False,True,False,False,0,1.5,Completed
P001341,2026-06-05,AC0028,ACH,EUR,12318.4,False,False,False,False,0,1.5,Completed
P001512,2026-06-05,AC0044,Local transfer,KRW,31510.91,False,False,False,False,0,1.5,Completed
P001575,2026-06-05,AC0053,Wire,USD,15240.33,False,False,False,False,0,19.5,Completed
P001596,2026-06-05,AC0021,Local transfer,EUR,61832.04,False,False,False,False,0,1.5,Completed
P001671,2026-06-05,AC0044,Payroll,KRW,10894.02,False,False,False,False,0,1.5,Completed
P001871,2026-06-05,AC0014,ACH,CAD,14325.82,False,False,False,False,0,1.5,Completed
P002131,2026-06-05,AC0050,ACH,HKD,20332.57,False,False,False,False,0,1.5,Completed
P002156,2026-06-05,AC0053,ACH,USD,21479.05,False,False,False,False,0,1.5,Completed
P002313,2026-06-05,AC0038,ACH,USD,13524.79,False,False,False,False,0,1.5,Completed
P002338,2026-06-05,AC0002,Local transfer,USD,39013.07,False,True,False,False,0,1.5,Completed
P002398,2026-06-05,AC0012,ACH,USD,2006.5,False,False,False,False,0,1.5,Completed
P002469,2026-06-05,AC0028,ACH,EUR,9404.28,False,False,False,False,0,1.5,Completed
P002546,2026-06-05,AC0041,ACH,JPY,3381.91,False,False,False,False,0,1.5,Completed
P002727,2026-06-05,AC0041,Wire,JPY,18535.11,True,False,False,False,0,43.5,Completed
P002841,2026-06-05,AC0054,Wire,USD,2255.15,False,True,False,False,0,19.5,Completed
P002921,2026-06-05,AC0003,Local transfer,USD,7212.08,False,False,False,False,0,1.5,Completed
P003025,2026-06-05,AC0038,Local transfer,USD,59960.61,False,False,False,False,0,1.5,Completed
P003238,2026-06-05,AC0031,ACH,USD,1388.72,False,False,False,False,0,1.5,Completed
P003348,2026-06-05,AC0044,Wire,KRW,6589.5,True,False,False,False,0,43.5,Completed
P003708,2026-06-05,AC0025,Local transfer,EUR,47160.31,False,False,False,False,0,1.5,Completed
P003722,2026-06-05,AC0039,Local transfer,AUD,6883.39,False,False,False,False,0,1.5,Completed
P003784,2026-06-05,AC0002,Local transfer,USD,7458.63,False,True,False,False,0,1.5,Completed
P003965,2026-06-05,AC0046,Local transfer,KRW,10228.42,False,False,False,False,0,1.5,Completed
P004040,2026-06-05,AC0021,ACH,EUR,16849.17,False,False,False,False,0,1.5,Completed
P004117,2026-06-05,AC0001,Wire,USD,104803.7,False,False,False,False,0,19.5,Completed
P004206,2026-06-05,AC0001,Local transfer,USD,11391.57,False,True,True,False,50,16.5,Repaired
P004669,2026-06-05,AC0025,Wire,EUR,8011.2,False,False,False,False,0,19.5,Completed
P004710,2026-06-05,AC0022,ACH,EUR,7286.93,False,False,True,False,23,16.5,Repaired
P004731,2026-06-05,AC0052,Wire,HKD,73367.05,False,False,False,False,0,19.5,Completed
P004733,2026-06-05,AC0041,ACH,JPY,3301.52,False,False,False,False,0,1.5,Completed
P004795,2026-06-05,AC0031,Local transfer,USD,4209.06,False,True,False,False,0,1.5,Completed
P005089,2026-06-05,AC0047,ACH,INR,7980.25,False,False,False,False,0,1.5,Completed
P005321,2026-06-05,AC0044,ACH,KRW,14876.48,False,False,False,False,0,1.5,Completed
P005395,2026-06-05,AC0001,ACH,USD,32229.58,False,False,False,False,0,1.5,Completed
P005648,2026-06-05,AC0044,ACH,KRW,30433.56,False,False,False,False,0,1.5,Completed
P005989,2026-06-05,AC0028,ACH,EUR,7656.71,False,True,False,False,0,1.5,Completed
P006025,2026-06-05,AC0044,ACH,KRW,12641.17,False,False,False,False,0,1.5,Completed
P006037,2026-06-05,AC0047,Payroll,INR,250567.04,False,True,False,False,0,1.5,Completed
P006095,2026-06-05,AC0014,ACH,CAD,46513.44,False,True,False,False,0,1.5,Completed
P006334,2026-06-05,AC0031,Local transfer,USD,40030.61,False,True,False,True,0,1.5,Completed
P006358,2026-06-05,AC0005,ACH,USD,2449.91,False,False,False,False,0,1.5,Completed
P006607,2026-06-05,AC0050,Local transfer,HKD,63837.88,False,False,False,False,0,1.5,Completed
P006624,2026-06-05,AC0021,Local transfer,EUR,3332.09,False,True,False,False,0,1.5,Completed
P006930,2026-06-05,AC0017,Wire,GBP,10185.06,False,True,False,False,0,19.5,Completed
P006931,2026-06-05,AC0014,Wire,CAD,42769.59,True,False,False,False,0,43.5,Completed
P006971,2026-06-05,AC0053,Wire,USD,14864.66,True,False,False,False,0,43.5,Completed
P007159,2026-06-05,AC0017,Internal transfer,GBP,8477.08,False,True,False,False,0,1.5,Completed
P007370,2026-06-05,AC0041,Local transfer,JPY,14192.91,False,True,False,False,0,1.5,Completed
P007397,2026-06-05,AC0017,Local transfer,GBP,31385.67,False,False,False,False,0,1.5,Completed
P000159,2026-06-08,AC0002,Local transfer,USD,4477.3,False,False,False,False,0,1.5,Completed
P000251,2026-06-08,AC0001,Local transfer,USD,19228.54,False,False,False,False,0,1.5,Completed
P000320,2026-06-08,AC0040,Internal transfer,AUD,8831.46,False,False,False,False,0,1.5,Completed
P000376,2026-06-08,AC0006,ACH,USD,21197.74,False,True,False,False,0,1.5,Completed
P000450,2026-06-08,AC0047,Payroll,INR,85053.16,False,False,False,False,0,1.5,Completed
P000553,2026-06-08,AC0041,ACH,JPY,54012.46,False,False,False,False,0,1.5,Completed
P000581,2026-06-08,AC0005,Local transfer,USD,4101.18,False,False,False,False,0,1.5,Completed
P000639,2026-06-08,AC0030,ACH,USD,11123.89,False,False,False,False,0,1.5,Completed
P000657,2026-06-08,AC0031,ACH,USD,13204.54,False,True,False,False,0,1.5,Completed
P000772,2026-06-08,AC0014,Payroll,CAD,21765.55,False,False,False,False,0,1.5,Completed
P000867,2026-06-08,AC0028,Local transfer,EUR,6455.16,False,False,False,False,0,1.5,Completed
P000944,2026-06-08,AC0044,Local transfer,KRW,19499.86,False,False,False,False,0,1.5,Completed
P001124,2026-06-08,AC0053,ACH,USD,2139.98,False,False,False,False,0,1.5,Completed
P001176,2026-06-08,AC0031,Internal transfer,USD,62848.95,False,True,False,False,0,1.5,Completed
P001368,2026-06-08,AC0001,Tax,USD,69652.31,False,False,False,False,0,1.5,Completed
P001618,2026-06-08,AC0054,ACH,USD,35657.32,False,False,False,False,0,1.5,Completed
P001625,2026-06-08,AC0025,Payroll,EUR,105236.59,False,False,False,False,0,1.5,Completed
P001725,2026-06-08,AC0028,Internal transfer,EUR,31000.04,False,True,False,False,0,1.5,Completed
P001830,2026-06-08,AC0032,Internal transfer,EUR,38732.4,False,False,False,False,0,1.5,Completed
P002067,2026-06-08,AC0050,Wire,HKD,4730.48,True,True,False,False,0,43.5,Completed
P002190,2026-06-08,AC0001,Tax,USD,49319.64,False,True,False,False,0,1.5,Completed
P002294,2026-06-08,AC0040,Local transfer,AUD,11053.36,False,True,False,False,0,1.5,Completed
P002295,2026-06-08,AC0028,ACH,EUR,7234.79,False,False,False,False,0,1.5,Completed
P002585,2026-06-08,AC0040,Payroll,AUD,142061.84,False,False,False,False,0,1.5,Completed
P002684,2026-06-08,AC0047,Local transfer,INR,23970.83,False,True,False,False,0,1.5,Completed
P003135,2026-06-08,AC0038,Local transfer,USD,5710.81,False,False,False,False,0,1.5,Completed
P003248,2026-06-08,AC0027,Wire,EUR,2285.49,False,False,False,False,0,19.5,Completed
P003292,2026-06-08,AC0012,ACH,USD,1450.85,False,False,False,False,0,1.5,Completed
P003383,2026-06-08,AC0051,Local transfer,HKD,12142.56,False,False,False,False,0,1.5,Completed
P003635,2026-06-08,AC0041,Wire,JPY,27042.74,False,False,False,False,0,19.5,Completed
P003679,2026-06-08,AC0046,ACH,KRW,5768.21,False,False,False,False,0,1.5,Completed
P003727,2026-06-08,AC0014,Tax,CAD,169161.84,False,False,False,False,0,1.5,Completed
P003779,2026-06-08,AC0038,Local transfer,USD,10335.05,False,False,False,False,0,1.5,Completed
P003787,2026-06-08,AC0041,Local transfer,JPY,31295.22,False,False,False,False,0,1.5,Completed
P003845,2026-06-08,AC0032,Local transfer,EUR,14080.17,False,False,False,False,0,1.5,Completed
P003848,2026-06-08,AC0038,Local transfer,USD,5205.0,False,False,False,False,0,1.5,Completed
P003915,2026-06-08,AC0015,Local transfer,CAD,39411.11,False,False,False,False,0,1.5,Completed
P004017,2026-06-08,AC0014,ACH,CAD,6668.62,False,False,False,False,0,1.5,Completed
P004021,2026-06-08,AC0014,Local transfer,CAD,81670.49,False,True,False,True,0,1.5,Completed
P004056,2026-06-08,AC0025,ACH,EUR,17637.0,False,True,False,False,0,1.5,Completed
P004229,2026-06-08,AC0044,Local transfer,KRW,6480.62,False,False,False,False,0,1.5,Completed
P004405,2026-06-08,AC0041,Wire,JPY,16288.41,False,False,False,False,0,19.5,Completed
P004581,2026-06-08,AC0014,Wire,CAD,4728.59,True,False,False,False,0,43.5,Completed
P004685,2026-06-08,AC0038,ACH,USD,13898.42,False,True,False,False,0,1.5,Completed
P004693,2026-06-08,AC0014,Payroll,CAD,45669.53,False,False,False,False,0,1.5,Completed
P004776,2026-06-08,AC0007,Internal transfer,USD,3504.99,False,False,False,False,0,1.5,Completed
P005021,2026-06-08,AC0017,Payroll,GBP,30825.32,False,False,False,False,0,1.5,Completed
P005335,2026-06-08,AC0049,ACH,USD,13527.4,False,False,False,False,0,1.5,Completed
P005357,2026-06-08,AC0022,ACH,EUR,42899.05,False,False,False,False,0,1.5,Completed
P005781,2026-06-08,AC0006,ACH,USD,10794.06,False,False,False,False,0,1.5,Completed
P005805,2026-06-08,AC0025,Internal transfer,EUR,66097.62,False,False,False,False,0,1.5,Completed
P006286,2026-06-08,AC0023,Payroll,EUR,5235.57,False,False,False,False,0,1.5,Completed
P006419,2026-06-08,AC0005,Internal transfer,USD,11493.06,False,False,False,False,0,1.5,Completed
P006509,2026-06-08,AC0011,Wire,USD,8131.12,False,False,False,False,0,19.5,Completed
P006664,2026-06-08,AC0053,Local transfer,USD,20418.84,False,False,False,False,0,1.5,Completed
P006679,2026-06-08,AC0001,Local transfer,USD,7574.98,False,True,False,False,0,1.5,Completed
P006755,2026-06-08,AC0005,ACH,USD,7623.85,False,False,False,False,0,1.5,Completed
P006876,2026-06-08,AC0053,ACH,USD,35703.32,False,False,False,False,0,1.5,Completed
P007069,2026-06-08,AC0005,ACH,USD,11213.82,False,True,False,False,0,1.5,Completed
P007248,2026-06-08,AC0017,Wire,GBP,7430.21,False,False,False,False,0,19.5,Completed
P007328,2026-06-08,AC0039,Wire,AUD,5705.81,True,False,False,False,0,43.5,Completed
P007400,2026-06-08,AC0028,Local transfer,EUR,31966.85,False,False,False,False,0,1.5,Completed
P007436,2026-06-08,AC0031,Local transfer,USD,12009.37,False,True,False,False,0,1.5,Completed
P000155,2026-06-09,AC0053,Wire,USD,3111.02,False,False,False,False,0,19.5,Completed
P000310,2026-06-09,AC0005,ACH,USD,16529.44,False,False,False,False,0,1.5,Completed
P000924,2026-06-09,AC0053,Local transfer,USD,13993.42,False,False,False,False,0,1.5,Completed
P000964,2026-06-09,AC0041,Wire,JPY,2713.11,True,True,False,False,0,43.5,Completed
P001164,2026-06-09,AC0047,ACH,INR,5230.46,False,False,False,False,0,1.5,Completed
P001209,2026-06-09,AC0021,Local transfer,EUR,27400.03,False,True,False,False,0,1.5,Completed
P001277,2026-06-09,AC0050,ACH,HKD,46024.66,False,False,False,False,0,1.5,Completed
P001382,2026-06-09,AC0047,Tax,INR,30969.84,False,False,False,False,0,1.5,Completed
P001494,2026-06-09,AC0017,Wire,GBP,48570.18,True,True,False,False,0,43.5,Completed
P001657,2026-06-09,AC0055,ACH,USD,6309.26,False,False,False,False,0,1.5,Completed
P001740,2026-06-09,AC0019,Local transfer,GBP,64615.56,False,False,False,False,0,1.5,Completed
P001779,2026-06-09,AC0053,ACH,USD,4497.45,False,False,False,False,0,1.5,Completed
P001780,2026-06-09,AC0031,Wire,USD,4265.25,False,True,False,False,0,19.5,Completed
P001788,2026-06-09,AC0030,Local transfer,USD,77329.55,False,False,False,False,0,1.5,Completed
P001814,2026-06-09,AC0006,ACH,USD,27888.47,False,False,False,False,0,1.5,Completed
P001930,2026-06-09,AC0034,Wire,USD,29184.42,True,True,False,False,0,43.5,Completed
P002077,2026-06-09,AC0026,ACH,USD,9894.38,False,False,False,False,0,1.5,Completed
P002236,2026-06-09,AC0053,Tax,USD,32589.44,False,True,False,False,0,1.5,Completed
P002292,2026-06-09,AC0052,ACH,HKD,8635.25,False,True,False,False,0,1.5,Completed
P002347,2026-06-09,AC0028,ACH,EUR,6148.69,False,False,False,False,0,1.5,Completed
P002978,2026-06-09,AC0019,ACH,GBP,11333.67,False,False,False,False,0,1.5,Completed
P003041,2026-06-09,AC0001,Internal transfer,USD,4379.33,False,False,False,False,0,1.5,Completed
P003110,2026-06-09,AC0008,ACH,USD,6886.38,False,True,False,False,0,1.5,Completed
P003137,2026-06-09,AC0039,ACH,AUD,3714.54,False,False,False,False,0,1.5,Completed
P003203,2026-06-09,AC0028,Tax,EUR,22645.72,False,False,False,False,0,1.5,Completed
P003461,2026-06-09,AC0017,Wire,GBP,4336.36,True,False,False,False,0,43.5,Completed
P003473,2026-06-09,AC0052,ACH,HKD,8056.18,False,False,False,True,0,1.5,Completed
P003481,2026-06-09,AC0005,ACH,USD,5486.73,False,False,False,False,0,1.5,Completed
P003588,2026-06-09,AC0041,Local transfer,JPY,45328.25,False,False,False,False,0,1.5,Completed
P003707,2026-06-09,AC0017,ACH,GBP,19284.89,False,False,False,False,0,1.5,Completed
P003768,2026-06-09,AC0038,Internal transfer,USD,12122.1,False,False,False,False,0,1.5,Completed
P003771,2026-06-09,AC0017,Local transfer,GBP,6483.2,False,False,False,False,0,1.5,Completed
P003979,2026-06-09,AC0017,Payroll,GBP,45691.96,False,False,False,False,0,1.5,Completed
P004241,2026-06-09,AC0041,Payroll,JPY,16194.79,False,False,False,False,0,1.5,Completed
P004541,2026-06-09,AC0005,Wire,USD,7550.84,True,False,False,False,0,43.5,Completed
P004610,2026-06-09,AC0017,ACH,GBP,3309.65,False,True,False,False,0,1.5,Completed
P004848,2026-06-09,AC0017,Payroll,GBP,32346.36,False,True,False,False,0,1.5,Completed
P004895,2026-06-09,AC0005,ACH,USD,24293.08,False,True,False,False,0,1.5,Completed
P005002,2026-06-09,AC0028,Local transfer,EUR,40060.28,False,False,False,False,0,1.5,Completed
P005015,2026-06-09,AC0031,ACH,USD,8818.24,False,True,False,False,0,1.5,Completed
P005086,2026-06-09,AC0044,Wire,KRW,3907.72,False,False,False,False,0,19.5,Completed
P005169,2026-06-09,AC0001,Local transfer,USD,5313.2,False,False,False,False,0,1.5,Completed
P005557,2026-06-09,AC0047,Wire,INR,8546.52,True,True,False,False,0,43.5,Completed
P005616,2026-06-09,AC0032,Local transfer,EUR,5345.87,False,False,True,False,45,16.5,Repaired
P005668,2026-06-09,AC0050,Internal transfer,HKD,4934.83,False,False,False,False,0,1.5,Completed
P005669,2026-06-09,AC0014,Internal transfer,CAD,7871.1,False,False,False,False,0,1.5,Completed
P005731,2026-06-09,AC0014,Internal transfer,CAD,62938.64,False,False,False,False,0,1.5,Completed
P006080,2026-06-09,AC0030,Internal transfer,USD,7607.65,False,False,False,False,0,1.5,Completed
P006132,2026-06-09,AC0017,Wire,GBP,68606.12,True,True,False,True,0,43.5,Completed
P006220,2026-06-09,AC0025,ACH,EUR,9423.55,False,False,False,False,0,1.5,Completed
P006677,2026-06-09,AC0047,ACH,INR,100164.74,False,True,False,False,0,1.5,Completed
P006844,2026-06-09,AC0047,Local transfer,INR,7709.07,False,True,True,False,28,16.5,Repaired
P006882,2026-06-09,AC0010,Payroll,USD,10434.5,False,False,False,False,0,1.5,Completed
P006989,2026-06-09,AC0043,Tax,JPY,40111.42,False,False,False,False,0,1.5,Completed
P007149,2026-06-09,AC0021,ACH,EUR,2297.66,False,False,False,False,0,1.5,Completed
P007150,2026-06-09,AC0055,Wire,USD,4012.44,True,False,False,False,0,43.5,Completed
P007372,2026-06-09,AC0038,Local transfer,USD,6201.46,False,True,False,False,0,1.5,Completed
P000070,2026-06-10,AC0021,ACH,EUR,17203.36,False,True,False,False,0,1.5,Completed
P000202,2026-06-10,AC0026,Wire,USD,5033.79,True,False,False,False,0,43.5,Completed
P000208,2026-06-10,AC0014,Wire,CAD,2881.11,False,True,False,False,0,19.5,Completed
P000288,2026-06-10,AC0001,Local transfer,USD,14649.08,False,False,False,False,0,1.5,Completed
P000289,2026-06-10,AC0005,Local transfer,USD,2021.64,False,True,True,False,57,16.5,Repaired
P000562,2026-06-10,AC0017,ACH,GBP,4010.2,False,False,False,False,0,1.5,Completed
P000599,2026-06-10,AC0038,Local transfer,USD,62637.25,False,False,False,False,0,1.5,Completed
P000750,2026-06-10,AC0031,Local transfer,USD,23462.72,False,False,False,False,0,1.5,Completed
P000768,2026-06-10,AC0027,Local transfer,EUR,10179.01,False,False,True,False,18,16.5,Repaired
P000779,2026-06-10,AC0043,Internal transfer,JPY,5394.53,False,True,True,False,42,16.5,Repaired
P000784,2026-06-10,AC0034,ACH,USD,5861.32,False,True,False,False,0,1.5,Completed
P000862,2026-06-10,AC0023,Internal transfer,EUR,57292.77,False,True,False,False,0,1.5,Completed
P000931,2026-06-10,AC0041,Local transfer,JPY,16132.92,False,False,False,False,0,1.5,Completed
P000933,2026-06-10,AC0014,Tax,CAD,34044.43,False,False,False,False,0,1.5,Completed
P001474,2026-06-10,AC0028,Local transfer,EUR,18618.96,False,False,False,False,0,1.5,Completed
P001817,2026-06-10,AC0014,Local transfer,CAD,26470.35,False,True,False,True,0,1.5,Completed
P001994,2026-06-10,AC0053,Local transfer,USD,9015.53,False,True,False,True,0,1.5,Completed
P002008,2026-06-10,AC0053,Wire,USD,56931.03,False,False,False,False,0,19.5,Completed
P002226,2026-06-10,AC0050,Local transfer,HKD,5024.7,False,False,False,False,0,1.5,Completed
P002271,2026-06-10,AC0014,ACH,CAD,4440.5,False,False,False,False,0,1.5,Completed
P002642,2026-06-10,AC0034,Internal transfer,USD,15619.73,False,False,False,False,0,1.5,Completed
P002668,2026-06-10,AC0014,ACH,CAD,13934.97,False,False,False,False,0,1.5,Completed
P002845,2026-06-10,AC0005,Local transfer,USD,5882.35,False,True,False,False,0,1.5,Completed
P002855,2026-06-10,AC0008,ACH,USD,1926.75,False,False,False,False,0,1.5,Completed
P002915,2026-06-10,AC0052,Local transfer,HKD,16896.07,False,False,False,False,0,1.5,Completed
P002979,2026-06-10,AC0025,Payroll,EUR,33100.02,False,False,False,False,0,1.5,Completed
P003119,2026-06-10,AC0034,Payroll,USD,12950.18,False,False,False,False,0,1.5,Completed
P003325,2026-06-10,AC0048,Local transfer,INR,10262.47,False,False,False,False,0,1.5,Completed
P003384,2026-06-10,AC0047,Local transfer,INR,42364.63,False,False,False,False,0,1.5,Completed
P003417,2026-06-10,AC0021,ACH,EUR,5761.77,False,True,False,False,0,1.5,Completed
P003654,2026-06-10,AC0047,Local transfer,INR,1452.02,False,False,False,False,0,1.5,Completed
P004101,2026-06-10,AC0021,Local transfer,EUR,2902.54,False,False,False,False,0,1.5,Completed
P004623,2026-06-10,AC0005,Internal transfer,USD,5144.96,False,False,False,False,0,1.5,Completed
P004653,2026-06-10,AC0021,Wire,EUR,5474.29,False,False,False,False,0,19.5,Completed
P004827,2026-06-10,AC0036,Internal transfer,SGD,30675.33,False,True,False,False,0,1.5,Completed
P004890,2026-06-10,AC0031,ACH,USD,2626.95,False,False,False,False,0,1.5,Completed
P005122,2026-06-10,AC0014,Local transfer,CAD,1180.03,False,False,False,False,0,1.5,Completed
P005255,2026-06-10,AC0001,ACH,USD,11678.58,False,False,False,False,0,1.5,Completed
P005369,2026-06-10,AC0050,ACH,HKD,11918.52,False,False,False,False,0,1.5,Completed
P005386,2026-06-10,AC0025,Tax,EUR,356855.66,False,True,False,False,0,1.5,Completed
P005531,2026-06-10,AC0017,Local transfer,GBP,25311.0,False,False,False,False,0,1.5,Completed
P005581,2026-06-10,AC0047,Local transfer,INR,3041.13,False,True,False,False,0,1.5,Completed
P005622,2026-06-10,AC0005,Local transfer,USD,11999.28,False,True,False,False,0,1.5,Completed
P005739,2026-06-10,AC0031,Local transfer,USD,6729.41,False,True,True,False,34,16.5,Repaired
P006089,2026-06-10,AC0025,Payroll,EUR,41324.48,False,True,True,False,58,16.5,Repaired
P006158,2026-06-10,AC0022,Local transfer,EUR,3650.45,False,False,False,False,0,1.5,Completed
P006330,2026-06-10,AC0025,Payroll,EUR,81844.14,False,True,False,False,0,1.5,Completed
P006485,2026-06-10,AC0034,Local transfer,USD,5064.88,False,False,False,True,0,1.5,Completed
P006558,2026-06-10,AC0010,ACH,USD,17647.55,False,False,False,False,0,1.5,Completed
P006717,2026-06-10,AC0047,Payroll,INR,83555.94,False,True,False,False,0,1.5,Completed
P007145,2026-06-10,AC0010,Local transfer,USD,5845.3,False,False,False,False,0,1.5,Completed
P007264,2026-06-10,AC0010,ACH,USD,20344.33,False,True,False,False,0,1.5,Completed
P007429,2026-06-10,AC0045,Tax,KRW,18646.51,False,False,False,False,0,1.5,Completed
P007504,2026-06-10,AC0050,Local transfer,HKD,19337.44,False,True,False,False,0,1.5,Completed
P000115,2026-06-11,AC0005,Wire,USD,3782.32,True,False,False,False,0,43.5,Completed
P000143,2026-06-11,AC0010,Local transfer,USD,368211.03,False,False,False,False,0,1.5,Completed
P000187,2026-06-11,AC0034,Local transfer,USD,3311.0,False,True,False,False,0,1.5,Completed
P000266,2026-06-11,AC0044,Tax,KRW,241475.09,False,True,True,False,63,16.5,Repaired
P000509,2026-06-11,AC0051,Local transfer,HKD,1092.2,False,False,False,False,0,1.5,Completed
P000602,2026-06-11,AC0012,Internal transfer,USD,24475.75,False,False,False,False,0,1.5,Completed
P000715,2026-06-11,AC0005,ACH,USD,12491.16,False,False,False,False,0,1.5,Completed
P000909,2026-06-11,AC0021,Wire,EUR,1884.24,False,True,False,True,0,19.5,Completed
P001057,2026-06-11,AC0028,ACH,EUR,1527.37,False,False,False,False,0,1.5,Completed
P001064,2026-06-11,AC0031,Payroll,USD,93822.62,False,False,False,False,0,1.5,Completed
P001194,2026-06-11,AC0047,Local transfer,INR,7397.1,False,False,False,False,0,1.5,Completed
P001251,2026-06-11,AC0013,Tax,USD,21934.23,False,False,False,False,0,1.5,Completed
P001568,2026-06-11,AC0010,Wire,USD,10477.17,True,True,False,False,0,43.5,Completed
P001742,2026-06-11,AC0010,Local transfer,USD,10174.53,False,True,True,False,46,16.5,Rejected
P002075,2026-06-11,AC0034,ACH,USD,7851.3,False,False,False,False,0,1.5,Completed
P002172,2026-06-11,AC0017,Internal transfer,GBP,17483.11,False,False,False,False,0,1.5,Completed
P002256,2026-06-11,AC0053,Local transfer,USD,6631.1,False,True,False,False,0,1.5,Completed
P002396,2026-06-11,AC0014,ACH,CAD,17909.43,False,False,False,False,0,1.5,Completed
P002536,2026-06-11,AC0014,ACH,CAD,13588.97,False,False,False,False,0,1.5,Completed
P002591,2026-06-11,AC0041,Local transfer,JPY,22511.65,False,False,False,False,0,1.5,Completed
P002765,2026-06-11,AC0044,Internal transfer,KRW,10474.71,False,False,False,False,0,1.5,Completed
P003008,2026-06-11,AC0042,ACH,USD,8634.38,False,False,False,False,0,1.5,Completed
P003054,2026-06-11,AC0010,Local transfer,USD,4126.51,False,False,False,False,0,1.5,Completed
P003141,2026-06-11,AC0045,ACH,KRW,9679.88,False,True,False,False,0,1.5,Completed
P003174,2026-06-11,AC0047,Wire,INR,108826.32,True,False,False,True,0,43.5,Completed
P003273,2026-06-11,AC0038,Wire,USD,3547.27,False,False,False,False,0,19.5,Completed
P003297,2026-06-11,AC0054,Local transfer,USD,62242.61,False,False,False,False,0,1.5,Completed
P003563,2026-06-11,AC0055,Wire,USD,3305.71,True,True,False,False,0,43.5,Completed
P003659,2026-06-11,AC0038,Local transfer,USD,21808.58,False,False,False,False,0,1.5,Completed
P003698,2026-06-11,AC0020,Wire,GBP,10525.04,False,False,False,False,0,19.5,Completed
P003741,2026-06-11,AC0044,ACH,KRW,47440.93,False,False,False,False,0,1.5,Completed
P003805,2026-06-11,AC0050,ACH,HKD,14781.71,False,True,False,False,0,1.5,Completed
P003824,2026-06-11,AC0031,Tax,USD,83361.8,False,False,False,False,0,1.5,Completed
P003983,2026-06-11,AC0038,Wire,USD,8795.28,False,False,False,False,0,19.5,Completed
P004282,2026-06-11,AC0047,Local transfer,INR,18383.76,False,True,False,True,0,1.5,Completed
P004491,2026-06-11,AC0015,Internal transfer,CAD,64150.31,False,True,False,False,0,1.5,Completed
P004742,2026-06-11,AC0044,Local transfer,KRW,8989.33,False,True,False,True,0,1.5,Completed
P004880,2026-06-11,AC0046,Wire,KRW,40869.54,True,True,False,False,0,43.5,Completed
P005030,2026-06-11,AC0005,Wire,USD,8435.89,False,True,False,False,0,19.5,Completed
P005147,2026-06-11,AC0050,Tax,HKD,81391.09,False,True,False,False,0,1.5,Completed
P005345,2026-06-11,AC0001,Local transfer,USD,2943.5,False,False,False,False,0,1.5,Completed
P005462,2026-06-11,AC0050,Payroll,HKD,229964.69,False,False,False,False,0,1.5,Completed
P005463,2026-06-11,AC0025,ACH,EUR,8099.03,False,False,False,False,0,1.5,Completed
P005568,2026-06-11,AC0014,Wire,CAD,5742.88,False,False,False,False,0,19.5,Completed
P005591,2026-06-11,AC0019,Payroll,GBP,122825.74,False,False,False,False,0,1.5,Completed
P005711,2026-06-11,AC0028,ACH,EUR,640.62,False,False,False,False,0,1.5,Completed
P005800,2026-06-11,AC0010,ACH,USD,26748.68,False,False,False,False,0,1.5,Completed
P005831,2026-06-11,AC0031,ACH,USD,7537.8,False,False,False,False,0,1.5,Completed
P006004,2026-06-11,AC0032,Local transfer,EUR,6030.81,False,False,False,False,0,1.5,Completed
P006063,2026-06-11,AC0011,Local transfer,USD,34405.29,False,False,False,False,0,1.5,Completed
P006074,2026-06-11,AC0026,Local transfer,USD,12172.7,False,False,False,False,0,1.5,Completed
P006110,2026-06-11,AC0016,Payroll,CAD,123997.31,False,False,False,False,0,1.5,Completed
P006116,2026-06-11,AC0005,Wire,USD,1990.09,False,False,False,False,0,19.5,Completed
P006398,2026-06-11,AC0027,ACH,EUR,12526.09,False,False,False,False,0,1.5,Completed
P006416,2026-06-11,AC0047,ACH,INR,8734.53,False,False,False,False,0,1.5,Completed
P006428,2026-06-11,AC0015,ACH,CAD,1201.01,False,True,False,True,0,1.5,Completed
P006500,2026-06-11,AC0016,ACH,CAD,12916.04,False,False,False,False,0,1.5,Completed
P006524,2026-06-11,AC0047,Local transfer,INR,2573.42,False,True,True,False,48,16.5,Repaired
P006840,2026-06-11,AC0029,Payroll,EUR,574589.14,False,False,False,False,0,1.5,Completed
P006921,2026-06-11,AC0023,Internal transfer,EUR,162458.83,False,True,True,False,30,16.5,Repaired
P007045,2026-06-11,AC0016,ACH,CAD,11171.13,False,True,False,False,0,1.5,Completed
P007072,2026-06-11,AC0031,Local transfer,USD,2814.31,False,False,False,False,0,1.5,Completed
P007107,2026-06-11,AC0015,Wire,CAD,3387.85,False,True,False,False,0,19.5,Completed
P007379,2026-06-11,AC0031,Wire,USD,8656.14,True,True,False,False,0,43.5,Completed
P000316,2026-06-12,AC0005,Local transfer,USD,35903.46,False,False,False,False,0,1.5,Completed
P000330,2026-06-12,AC0042,Local transfer,USD,2287.66,False,False,False,False,0,1.5,Completed
P000524,2026-06-12,AC0017,ACH,GBP,75507.29,False,True,False,False,0,1.5,Completed
P000648,2026-06-12,AC0021,Local transfer,EUR,12879.75,False,False,False,False,0,1.5,Completed
P000752,2026-06-12,AC0031,Local transfer,USD,4024.51,False,False,False,False,0,1.5,Completed
P000872,2026-06-12,AC0028,ACH,EUR,13365.07,False,False,False,False,0,1.5,Completed
P000946,2026-06-12,AC0050,Wire,HKD,415164.35,False,True,False,False,0,19.5,Completed
P001199,2026-06-12,AC0044,Local transfer,KRW,9999.39,False,False,False,False,0,1.5,Completed
P001210,2026-06-12,AC0006,Local transfer,USD,21161.9,False,False,False,False,0,1.5,Completed
P001250,2026-06-12,AC0017,Tax,GBP,7124.23,False,False,False,False,0,1.5,Completed
P001321,2026-06-12,AC0034,Payroll,USD,127335.41,False,False,False,False,0,1.5,Completed
P001601,2026-06-12,AC0044,ACH,KRW,36475.57,False,False,False,False,0,1.5,Completed
P001626,2026-06-12,AC0014,Wire,CAD,3481.68,False,True,False,False,0,19.5,Completed
P002047,2026-06-12,AC0040,Wire,AUD,12004.65,True,False,False,False,0,43.5,Completed
P002136,2026-06-12,AC0050,ACH,HKD,38948.8,False,True,False,True,0,1.5,Completed
P002275,2026-06-12,AC0028,ACH,EUR,32504.59,False,False,False,False,0,1.5,Completed
P002522,2026-06-12,AC0017,Local transfer,GBP,29495.54,False,False,False,False,0,1.5,Completed
P002541,2026-06-12,AC0012,Wire,USD,1550.35,False,False,False,False,0,19.5,Completed
P002863,2026-06-12,AC0041,Internal transfer,JPY,10993.24,False,False,False,False,0,1.5,Completed
P002874,2026-06-12,AC0002,ACH,USD,4086.12,False,True,False,True,0,1.5,Completed
P002913,2026-06-12,AC0036,Local transfer,SGD,34604.3,False,False,False,False,0,1.5,Completed
P002918,2026-06-12,AC0014,Local transfer,CAD,7926.8,False,False,False,False,0,1.5,Completed
P002963,2026-06-12,AC0053,Local transfer,USD,6678.37,False,False,False,False,0,1.5,Completed
P002968,2026-06-12,AC0011,ACH,USD,187045.44,False,False,False,False,0,1.5,Completed
P003220,2026-06-12,AC0041,Internal transfer,JPY,20035.35,False,False,False,False,0,1.5,Completed
P003574,2026-06-12,AC0038,Local transfer,USD,22299.55,False,False,False,False,0,1.5,Completed
P003647,2026-06-12,AC0053,ACH,USD,12317.89,False,False,False,False,0,1.5,Completed
P003881,2026-06-12,AC0010,Local transfer,USD,66788.01,False,False,False,False,0,1.5,Completed
P003977,2026-06-12,AC0017,Tax,GBP,150177.8,False,True,False,False,0,1.5,Completed
P004175,2026-06-12,AC0038,ACH,USD,22672.58,False,False,False,False,0,1.5,Completed
P004239,2026-06-12,AC0053,Wire,USD,2469.39,False,False,False,False,0,19.5,Completed
P004430,2026-06-12,AC0031,ACH,USD,19910.54,False,False,False,False,0,1.5,Completed
P004686,2026-06-12,AC0043,ACH,JPY,1953.82,False,True,False,False,0,1.5,Completed
P004964,2026-06-12,AC0029,Wire,EUR,14227.75,False,True,False,False,0,19.5,Completed
P005197,2026-06-12,AC0028,Local transfer,EUR,4073.89,False,False,False,False,0,1.5,Completed
P005625,2026-06-12,AC0047,Internal transfer,INR,4421.9,False,True,True,False,28,16.5,Repaired
P005807,2026-06-12,AC0031,ACH,USD,322938.86,False,False,False,False,0,1.5,Completed
P005842,2026-06-12,AC0041,Local transfer,JPY,29137.94,False,False,False,False,0,1.5,Completed
P005895,2026-06-12,AC0041,Local transfer,JPY,8903.51,False,False,False,False,0,1.5,Completed
P006047,2026-06-12,AC0014,Wire,CAD,43483.91,True,True,True,False,18,58.5,Repaired
P006193,2026-06-12,AC0026,Local transfer,USD,13080.32,False,False,False,True,0,1.5,Completed
P006341,2026-06-12,AC0036,Payroll,SGD,5015.94,False,False,False,False,0,1.5,Completed
P006380,2026-06-12,AC0040,ACH,AUD,51509.96,False,True,False,False,0,1.5,Completed
P006420,2026-06-12,AC0046,Wire,KRW,2645.73,True,False,False,False,0,43.5,Completed
P006508,2026-06-12,AC0035,Internal transfer,SGD,26608.42,False,False,False,False,0,1.5,Completed
P006696,2026-06-12,AC0053,ACH,USD,5763.37,False,False,False,False,0,1.5,Completed
P006732,2026-06-12,AC0047,Payroll,INR,213707.9,False,True,False,False,0,1.5,Completed
P006739,2026-06-12,AC0025,ACH,EUR,23009.76,False,False,False,False,0,1.5,Completed
P006818,2026-06-12,AC0027,ACH,EUR,11693.27,False,True,False,False,0,1.5,Completed
P007090,2026-06-12,AC0010,Local transfer,USD,10800.75,False,False,False,False,0,1.5,Completed
P007163,2026-06-12,AC0042,Payroll,USD,1001379.24,False,False,False,False,0,1.5,Completed
P007213,2026-06-12,AC0012,Local transfer,USD,4050.64,False,False,False,False,0,1.5,Completed
P007412,2026-06-12,AC0025,Local transfer,EUR,12203.68,False,True,False,False,0,1.5,Completed
P007511,2026-06-12,AC0014,ACH,CAD,4271.17,False,False,True,False,38,16.5,Repaired
P007598,2026-06-12,AC0025,Local transfer,EUR,44921.93,False,False,False,False,0,1.5,Completed
P000010,2026-06-15,AC0049,Internal transfer,USD,3277.49,False,True,False,False,0,1.5,Completed
P000061,2026-06-15,AC0003,Local transfer,USD,6545.08,False,True,False,False,0,1.5,Completed
P000151,2026-06-15,AC0028,Internal transfer,EUR,18695.3,False,True,False,False,0,1.5,Completed
P000354,2026-06-15,AC0050,Local transfer,HKD,48587.9,False,True,False,False,0,1.5,Completed
P000508,2026-06-15,AC0050,Local transfer,HKD,1242.67,False,True,False,False,0,1.5,Completed
P000585,2026-06-15,AC0034,ACH,USD,10171.41,False,True,False,False,0,1.5,Completed
P000838,2026-06-15,AC0034,Internal transfer,USD,106014.93,False,False,False,False,0,1.5,Completed
P001075,2026-06-15,AC0017,ACH,GBP,6191.19,False,True,False,False,0,1.5,Completed
P001200,2026-06-15,AC0038,ACH,USD,5536.14,False,False,False,False,0,1.5,Completed
P001278,2026-06-15,AC0038,ACH,USD,21721.77,False,True,False,False,0,1.5,Completed
P001467,2026-06-15,AC0010,ACH,USD,8100.49,False,True,False,False,0,1.5,Completed
P001483,2026-06-15,AC0041,Wire,JPY,5128.32,False,False,False,False,0,19.5,Completed
P001791,2026-06-15,AC0053,ACH,USD,23427.52,False,True,False,False,0,1.5,Completed
P001833,2026-06-15,AC0025,Local transfer,EUR,18102.74,False,True,False,False,0,1.5,Completed
P001923,2026-06-15,AC0021,Wire,EUR,1471.41,True,True,False,False,0,43.5,Completed
P001957,2026-06-15,AC0053,ACH,USD,10417.61,False,False,False,False,0,1.5,Completed
P002031,2026-06-15,AC0021,ACH,EUR,3111.99,False,True,False,False,0,1.5,Completed
P002145,2026-06-15,AC0002,Local transfer,USD,7569.89,False,False,False,False,0,1.5,Completed
P002552,2026-06-15,AC0017,Tax,GBP,155111.25,False,False,False,False,0,1.5,Completed
P002702,2026-06-15,AC0031,Local transfer,USD,2297.89,False,True,False,False,0,1.5,Completed
P002875,2026-06-15,AC0021,Local transfer,EUR,9821.42,False,True,False,False,0,1.5,Completed
P002985,2026-06-15,AC0021,ACH,EUR,79597.19,False,False,False,False,0,1.5,Completed
P003265,2026-06-15,AC0033,Local transfer,EUR,55835.04,False,True,False,True,0,1.5,Completed
P003401,2026-06-15,AC0010,ACH,USD,36172.77,False,False,False,False,0,1.5,Completed
P003624,2026-06-15,AC0028,Local transfer,EUR,7046.3,False,False,False,False,0,1.5,Completed
P003731,2026-06-15,AC0014,ACH,CAD,4090.47,False,False,False,False,0,1.5,Completed
P003739,2026-06-15,AC0030,ACH,USD,6776.82,False,True,False,False,0,1.5,Completed
P003810,2026-06-15,AC0055,ACH,USD,1062.08,False,True,True,True,12,16.5,Repaired
P003814,2026-06-15,AC0050,Local transfer,HKD,5773.37,False,False,False,False,0,1.5,Completed
P004118,2026-06-15,AC0034,Tax,USD,28532.99,False,False,False,False,0,1.5,Completed
P004631,2026-06-15,AC0008,Wire,USD,23373.23,False,False,True,False,45,34.5,Repaired
P004758,2026-06-15,AC0049,ACH,USD,13298.7,False,False,False,False,0,1.5,Completed
P004797,2026-06-15,AC0031,Local transfer,USD,10826.49,False,True,False,False,0,1.5,Completed
P004908,2026-06-15,AC0034,Wire,USD,7583.7,True,True,False,True,0,43.5,Completed
P004948,2026-06-15,AC0002,ACH,USD,10061.61,False,False,False,False,0,1.5,Completed
P005014,2026-06-15,AC0036,Internal transfer,SGD,2330.81,False,True,False,False,0,1.5,Completed
P005051,2026-06-15,AC0014,Local transfer,CAD,16039.15,False,False,False,False,0,1.5,Completed
P005087,2026-06-15,AC0047,Local transfer,INR,4628.31,False,False,False,False,0,1.5,Completed
P005096,2026-06-15,AC0043,Local transfer,JPY,1026.95,False,False,False,False,0,1.5,Completed
P005117,2026-06-15,AC0031,Payroll,USD,26657.94,False,False,False,False,0,1.5,Completed
P005181,2026-06-15,AC0036,ACH,SGD,2303.1,False,False,False,False,0,1.5,Completed
P005196,2026-06-15,AC0047,Local transfer,INR,3047.01,False,False,False,False,0,1.5,Completed
P005265,2026-06-15,AC0012,Wire,USD,3274.29,False,False,False,False,0,19.5,Completed
P005500,2026-06-15,AC0038,Local transfer,USD,17605.64,False,False,False,True,0,1.5,Completed
P005515,2026-06-15,AC0041,Local transfer,JPY,16292.26,False,False,False,False,0,1.5,Completed
P005693,2026-06-15,AC0010,Wire,USD,10155.32,False,False,False,False,0,19.5,Completed
P005708,2026-06-15,AC0034,Payroll,USD,462813.84,False,False,False,False,0,1.5,Completed
P005877,2026-06-15,AC0050,Internal transfer,HKD,3573.0,False,True,True,False,23,16.5,Repaired
P005904,2026-06-15,AC0018,Local transfer,GBP,2036.8,False,True,False,True,0,1.5,Completed
P006087,2026-06-15,AC0001,Wire,USD,1629.47,True,False,False,False,0,43.5,Completed
P006129,2026-06-15,AC0019,Wire,GBP,2790.78,False,False,False,False,0,19.5,Completed
P006141,2026-06-15,AC0041,Internal transfer,JPY,10532.81,False,False,False,False,0,1.5,Completed
P006325,2026-06-15,AC0010,Payroll,USD,3384.97,False,True,False,False,0,1.5,Completed
P006757,2026-06-15,AC0055,Tax,USD,20689.8,False,False,False,False,0,1.5,Completed
P006759,2026-06-15,AC0032,Wire,EUR,13017.83,False,False,False,False,0,19.5,Completed
P007124,2026-06-15,AC0021,ACH,EUR,6253.6,False,False,False,False,0,1.5,Completed
P007235,2026-06-15,AC0023,Wire,EUR,23829.67,True,False,True,False,68,58.5,Repaired
P007394,2026-06-15,AC0023,ACH,EUR,5563.94,False,False,False,False,0,1.5,Completed
P007406,2026-06-15,AC0015,Wire,CAD,10950.84,True,False,False,False,0,43.5,Completed
P000119,2026-06-16,AC0005,Tax,USD,110618.57,False,True,False,False,0,1.5,Completed
P000541,2026-06-16,AC0050,Payroll,HKD,631939.15,False,False,False,False,0,1.5,Completed
P000625,2026-06-16,AC0043,Wire,JPY,14463.85,True,False,False,False,0,43.5,Completed
P000627,2026-06-16,AC0025,Local transfer,EUR,6906.25,False,False,False,False,0,1.5,Completed
P000704,2026-06-16,AC0034,Internal transfer,USD,64080.58,False,False,False,False,0,1.5,Completed
P000853,2026-06-16,AC0008,Local transfer,USD,680.2,False,False,False,False,0,1.5,Completed
P000937,2026-06-16,AC0028,ACH,EUR,2818.53,False,False,False,False,0,1.5,Completed
P001165,2026-06-16,AC0038,ACH,USD,200215.16,False,False,False,False,0,1.5,Completed
P001476,2026-06-16,AC0012,Wire,USD,42445.21,False,False,False,False,0,19.5,Completed
P001864,2026-06-16,AC0010,Payroll,USD,7080.77,False,True,True,True,63,16.5,Repaired
P001918,2026-06-16,AC0012,Wire,USD,20364.45,True,False,False,False,0,43.5,Completed
P001947,2026-06-16,AC0040,Local transfer,AUD,46262.42,False,False,False,False,0,1.5,Completed
P001950,2026-06-16,AC0025,Wire,EUR,5742.71,False,False,False,False,0,19.5,Completed
P001970,2026-06-16,AC0001,Wire,USD,8926.66,False,False,False,False,0,19.5,Completed
P001988,2026-06-16,AC0021,Local transfer,EUR,2443.18,False,True,True,False,57,16.5,Repaired
P002103,2026-06-16,AC0010,Local transfer,USD,11893.71,False,False,False,False,0,1.5,Completed
P002108,2026-06-16,AC0038,ACH,USD,7064.7,False,True,False,False,0,1.5,Completed
P002264,2026-06-16,AC0053,ACH,USD,12455.88,False,False,False,False,0,1.5,Completed
P002425,2026-06-16,AC0031,Wire,USD,7632.23,True,False,False,False,0,43.5,Completed
P002607,2026-06-16,AC0017,Local transfer,GBP,64623.48,False,True,False,False,0,1.5,Completed
P002616,2026-06-16,AC0041,Wire,JPY,16006.35,False,False,False,False,0,19.5,Completed
P002671,2026-06-16,AC0050,Payroll,HKD,56780.64,False,False,False,False,0,1.5,Completed
P003069,2026-06-16,AC0028,Internal transfer,EUR,24281.85,False,False,False,False,0,1.5,Completed
P003088,2026-06-16,AC0051,Local transfer,HKD,3692.55,False,True,False,False,0,1.5,Completed
P003168,2026-06-16,AC0021,Payroll,EUR,59372.25,False,False,False,False,0,1.5,Completed
P003406,2026-06-16,AC0021,Internal transfer,EUR,1674.25,False,False,False,False,0,1.5,Completed
P003818,2026-06-16,AC0035,Local transfer,SGD,2983.5,False,False,False,False,0,1.5,Completed
P003855,2026-06-16,AC0017,Wire,GBP,3722.39,True,False,False,False,0,43.5,Completed
P003989,2026-06-16,AC0016,Wire,CAD,22508.66,True,False,False,False,0,43.5,Completed
P004060,2026-06-16,AC0017,Local transfer,GBP,8915.42,False,False,False,False,0,1.5,Completed
P004234,2026-06-16,AC0049,Payroll,USD,236544.92,False,False,False,False,0,1.5,Completed
P004386,2026-06-16,AC0042,Local transfer,USD,2564.2,False,False,False,False,0,1.5,Completed
P004522,2026-06-16,AC0021,Local transfer,EUR,8278.11,False,False,False,False,0,1.5,Completed
P004712,2026-06-16,AC0006,ACH,USD,32394.91,False,False,False,True,0,1.5,Completed
P004734,2026-06-16,AC0050,Local transfer,HKD,22481.43,False,False,False,False,0,1.5,Completed
P004824,2026-06-16,AC0053,ACH,USD,1762.88,False,False,False,False,0,1.5,Completed
P004929,2026-06-16,AC0003,Local transfer,USD,79845.87,False,False,False,False,0,1.5,Completed
P004972,2026-06-16,AC0014,Payroll,CAD,160780.78,False,False,False,False,0,1.5,Completed
P005319,2026-06-16,AC0020,Local transfer,GBP,6228.59,False,False,False,False,0,1.5,Completed
P005952,2026-06-16,AC0048,Wire,INR,23266.12,False,False,False,False,0,19.5,Completed
P006147,2026-06-16,AC0053,Internal transfer,USD,3451.93,False,False,False,False,0,1.5,Completed
P006249,2026-06-16,AC0053,Wire,USD,11575.38,False,False,False,False,0,19.5,Completed
P006287,2026-06-16,AC0034,Wire,USD,17156.88,True,True,False,False,0,43.5,Completed
P006309,2026-06-16,AC0053,Wire,USD,4405.49,False,False,False,False,0,19.5,Completed
P006373,2026-06-16,AC0041,Tax,JPY,110421.91,False,False,False,False,0,1.5,Completed
P006553,2026-06-16,AC0023,ACH,EUR,28538.74,False,False,False,False,0,1.5,Completed
P006569,2026-06-16,AC0010,Local transfer,USD,5623.67,False,True,False,False,0,1.5,Completed
P006645,2026-06-16,AC0038,Local transfer,USD,2041.19,False,False,False,False,0,1.5,Completed
P006688,2026-06-16,AC0055,Payroll,USD,5214.63,False,True,False,False,0,1.5,Completed
P006720,2026-06-16,AC0031,Local transfer,USD,4633.19,False,False,False,True,0,1.5,Completed
P006790,2026-06-16,AC0001,Local transfer,USD,20707.02,False,True,False,False,0,1.5,Completed
P007105,2026-06-16,AC0038,Wire,USD,2980.14,True,False,False,False,0,43.5,Completed
P007154,2026-06-16,AC0040,Wire,AUD,4466.97,False,True,False,False,0,19.5,Completed
P007207,2026-06-16,AC0005,Wire,USD,137620.68,False,False,False,False,0,19.5,Completed
P007378,2026-06-16,AC0021,Wire,EUR,1144.07,True,True,False,False,0,43.5,Completed
P007443,2026-06-16,AC0025,Tax,EUR,85757.97,False,True,False,False,0,1.5,Completed
P007449,2026-06-16,AC0028,ACH,EUR,6334.38,False,False,False,False,0,1.5,Completed
P007498,2026-06-16,AC0014,Internal transfer,CAD,45038.51,False,False,False,False,0,1.5,Completed
P007526,2026-06-16,AC0032,Local transfer,EUR,24933.32,False,False,False,False,0,1.5,Completed
P007581,2026-06-16,AC0014,Payroll,CAD,5848.42,False,False,False,True,0,1.5,Completed
P000122,2026-06-17,AC0017,Internal transfer,GBP,2871.85,False,True,False,False,0,1.5,Completed
P000150,2026-06-17,AC0005,Local transfer,USD,1019.84,False,False,False,False,0,1.5,Completed
P000322,2026-06-17,AC0030,Wire,USD,2825.78,False,False,False,False,0,19.5,Completed
P000345,2026-06-17,AC0016,Local transfer,CAD,4444.9,False,False,False,False,0,1.5,Completed
P000418,2026-06-17,AC0045,Wire,KRW,70241.34,False,False,False,False,0,19.5,Completed
P000440,2026-06-17,AC0044,Wire,KRW,19872.13,False,False,True,False,26,34.5,Repaired
P000460,2026-06-17,AC0005,Internal transfer,USD,3844.97,False,False,False,False,0,1.5,Completed
P000499,2026-06-17,AC0047,Wire,INR,70050.69,True,True,False,False,0,43.5,Completed
P000534,2026-06-17,AC0026,Local transfer,USD,21425.33,False,True,False,False,0,1.5,Completed
P000923,2026-06-17,AC0050,Payroll,HKD,20720.53,False,False,False,False,0,1.5,Completed
P001312,2026-06-17,AC0031,ACH,USD,25572.75,False,True,False,False,0,1.5,Completed
P001405,2026-06-17,AC0055,Wire,USD,2332.36,True,True,False,True,0,43.5,Completed
P001520,2026-06-17,AC0028,Payroll,EUR,65088.7,False,False,False,False,0,1.5,Completed
P001723,2026-06-17,AC0053,Internal transfer,USD,3519.86,False,False,False,False,0,1.5,Completed
P002019,2026-06-17,AC0012,Local transfer,USD,10409.52,False,False,False,False,0,1.5,Completed
P002055,2026-06-17,AC0053,ACH,USD,3800.42,False,False,False,False,0,1.5,Completed
P002120,2026-06-17,AC0050,ACH,HKD,4633.17,False,True,False,False,0,1.5,Completed
P002176,2026-06-17,AC0038,Local transfer,USD,9452.86,False,False,False,False,0,1.5,Completed
P002199,2026-06-17,AC0025,Local transfer,EUR,9994.19,False,False,False,False,0,1.5,Completed
P002221,2026-06-17,AC0017,ACH,GBP,10510.46,False,False,False,False,0,1.5,Completed
P002243,2026-06-17,AC0029,ACH,EUR,20556.41,False,False,False,False,0,1.5,Completed
P002278,2026-06-17,AC0031,Local transfer,USD,20115.37,False,False,False,False,0,1.5,Completed
P002334,2026-06-17,AC0053,Local transfer,USD,11424.01,False,False,False,False,0,1.5,Completed
P002431,2026-06-17,AC0043,Wire,JPY,19798.47,True,True,False,False,0,43.5,Completed
P002434,2026-06-17,AC0025,Wire,EUR,2586.25,True,False,False,False,0,43.5,Completed
P002605,2026-06-17,AC0001,Wire,USD,6864.29,False,False,False,False,0,19.5,Completed
P002633,2026-06-17,AC0050,Local transfer,HKD,14284.54,False,False,False,False,0,1.5,Completed
P002634,2026-06-17,AC0031,Wire,USD,7620.69,False,False,False,False,0,19.5,Completed
P003011,2026-06-17,AC0013,Local transfer,USD,11833.46,False,False,False,False,0,1.5,Completed
P003084,2026-06-17,AC0041,Local transfer,JPY,11978.38,False,False,False,False,0,1.5,Completed
P003249,2026-06-17,AC0016,ACH,CAD,8888.78,False,False,False,False,0,1.5,Completed
P003322,2026-06-17,AC0017,Wire,GBP,7310.16,False,False,False,False,0,19.5,Completed
P003372,2026-06-17,AC0041,ACH,JPY,3491.39,False,False,False,False,0,1.5,Completed
P003468,2026-06-17,AC0038,Wire,USD,3419.39,True,True,True,False,21,58.5,Rejected
P003555,2026-06-17,AC0012,Internal transfer,USD,2713.1,False,False,False,False,0,1.5,Completed
P003603,2026-06-17,AC0005,Wire,USD,49692.15,True,False,False,False,0,43.5,Completed
P003636,2026-06-17,AC0033,Wire,EUR,4599.82,False,True,True,False,74,34.5,Repaired
P003738,2026-06-17,AC0003,Tax,USD,190201.02,False,False,False,False,0,1.5,Completed
P003853,2026-06-17,AC0014,Local transfer,CAD,8220.57,False,False,False,False,0,1.5,Completed
P003888,2026-06-17,AC0046,ACH,KRW,3464.23,False,False,False,False,0,1.5,Completed
P003946,2026-06-17,AC0010,ACH,USD,25380.9,False,True,False,False,0,1.5,Completed
P004043,2026-06-17,AC0021,Payroll,EUR,36282.16,False,False,False,False,0,1.5,Completed
P004067,2026-06-17,AC0030,ACH,USD,24099.01,False,False,False,False,0,1.5,Completed
P004553,2026-06-17,AC0053,Internal transfer,USD,69453.14,False,False,False,False,0,1.5,Completed
P004672,2026-06-17,AC0033,Local transfer,EUR,8502.28,False,False,False,False,0,1.5,Completed
P004698,2026-06-17,AC0030,ACH,USD,17802.69,False,False,False,False,0,1.5,Completed
P004807,2026-06-17,AC0006,ACH,USD,33204.47,False,False,False,False,0,1.5,Completed
P004815,2026-06-17,AC0032,Tax,EUR,52683.23,False,False,False,False,0,1.5,Completed
P005336,2026-06-17,AC0044,Internal transfer,KRW,44350.62,False,False,False,False,0,1.5,Completed
P005667,2026-06-17,AC0028,Wire,EUR,7204.65,True,False,False,False,0,43.5,Completed
P005768,2026-06-17,AC0010,Local transfer,USD,44227.75,False,False,False,False,0,1.5,Completed
P005933,2026-06-17,AC0044,Tax,KRW,26813.61,False,False,False,False,0,1.5,Completed
P006177,2026-06-17,AC0050,Local transfer,HKD,3826.17,False,False,False,False,0,1.5,Completed
P006278,2026-06-17,AC0055,Local transfer,USD,16012.47,False,False,False,False,0,1.5,Completed
P006454,2026-06-17,AC0014,ACH,CAD,4503.62,False,False,False,False,0,1.5,Completed
P006594,2026-06-17,AC0007,Local transfer,USD,3366.97,False,False,False,False,0,1.5,Completed
P006770,2026-06-17,AC0050,Local transfer,HKD,3553.11,False,True,False,True,0,1.5,Completed
P006778,2026-06-17,AC0050,Wire,HKD,5404.91,True,True,False,False,0,43.5,Completed
P006900,2026-06-17,AC0010,Local transfer,USD,6818.54,False,False,False,False,0,1.5,Completed
P007004,2026-06-17,AC0026,ACH,USD,12275.33,False,False,False,False,0,1.5,Completed
P007123,2026-06-17,AC0025,Wire,EUR,8500.88,False,False,False,False,0,19.5,Completed
P007147,2026-06-17,AC0028,Local transfer,EUR,2318.68,False,False,False,False,0,1.5,Completed
P007250,2026-06-17,AC0011,Tax,USD,138844.78,False,False,False,False,0,1.5,Completed
P007325,2026-06-17,AC0005,Local transfer,USD,545.98,False,False,False,False,0,1.5,Completed
P007369,2026-06-17,AC0025,Local transfer,EUR,4335.95,False,True,False,False,0,1.5,Completed
P007506,2026-06-17,AC0031,Payroll,USD,17043.84,False,True,False,False,0,1.5,Completed
P000018,2026-06-18,AC0014,Internal transfer,CAD,26739.73,False,False,False,False,0,1.5,Completed
P000355,2026-06-18,AC0039,Tax,AUD,14079.22,False,False,False,False,0,1.5,Completed
P000416,2026-06-18,AC0014,Local transfer,CAD,4894.06,False,False,False,False,0,1.5,Completed
P000605,2026-06-18,AC0028,Local transfer,EUR,13048.42,False,True,False,False,0,1.5,Completed
P000678,2026-06-18,AC0053,Local transfer,USD,4803.98,False,True,False,False,0,1.5,Completed
P000829,2026-06-18,AC0014,Local transfer,CAD,6415.34,False,False,False,False,0,1.5,Completed
P000914,2026-06-18,AC0001,Local transfer,USD,38766.97,False,False,False,False,0,1.5,Completed
P001076,2026-06-18,AC0028,ACH,EUR,2690.48,False,False,False,False,0,1.5,Completed
P001205,2026-06-18,AC0041,Internal transfer,JPY,17085.4,False,False,False,False,0,1.5,Completed
P001468,2026-06-18,AC0021,Payroll,EUR,35465.54,False,True,False,False,0,1.5,Completed
P001488,2026-06-18,AC0006,Local transfer,USD,26095.43,False,False,False,False,0,1.5,Completed
P001542,2026-06-18,AC0036,Payroll,SGD,5238.56,False,False,False,False,0,1.5,Completed
P001588,2026-06-18,AC0028,Payroll,EUR,269229.28,False,True,False,False,0,1.5,Completed
P001637,2026-06-18,AC0016,Local transfer,CAD,4027.3,False,True,False,False,0,1.5,Completed
P001706,2026-06-18,AC0038,ACH,USD,59049.69,False,False,False,False,0,1.5,Completed
P001828,2026-06-18,AC0048,Local transfer,INR,58036.0,False,True,False,False,0,1.5,Completed
P001834,2026-06-18,AC0041,ACH,JPY,121739.85,False,False,False,False,0,1.5,Completed
P001998,2026-06-18,AC0044,ACH,KRW,2409.18,False,False,False,False,0,1.5,Completed
P002101,2026-06-18,AC0023,Local transfer,EUR,13759.09,False,False,False,False,0,1.5,Completed
P002233,2026-06-18,AC0041,Wire,JPY,4915.96,True,False,False,False,0,43.5,Completed
P002400,2026-06-18,AC0031,Wire,USD,47345.62,False,False,False,False,0,19.5,Completed
P002487,2026-06-18,AC0047,Local transfer,INR,3165.13,False,True,True,False,32,16.5,Repaired
P002646,2026-06-18,AC0028,Payroll,EUR,144667.37,False,False,False,True,0,1.5,Completed
P002719,2026-06-18,AC0001,Wire,USD,8397.95,True,True,True,False,66,58.5,Repaired
P002745,2026-06-18,AC0025,ACH,EUR,13787.8,False,True,False,False,0,1.5,Completed
P002761,2026-06-18,AC0017,Tax,GBP,541902.73,False,False,False,False,0,1.5,Completed
P002922,2026-06-18,AC0047,Local transfer,INR,24617.3,False,False,False,False,0,1.5,Completed
P002941,2026-06-18,AC0014,Local transfer,CAD,13330.03,False,False,False,False,0,1.5,Completed
P003037,2026-06-18,AC0014,Local transfer,CAD,7446.1,False,False,False,False,0,1.5,Completed
P003067,2026-06-18,AC0008,ACH,USD,14392.6,False,True,False,True,0,1.5,Completed
P003204,2026-06-18,AC0021,Local transfer,EUR,38262.17,False,True,False,False,0,1.5,Completed
P003442,2026-06-18,AC0019,Wire,GBP,14321.54,True,False,False,False,0,43.5,Completed
P003498,2026-06-18,AC0041,Local transfer,JPY,99545.12,False,False,False,False,0,1.5,Completed
P003570,2026-06-18,AC0014,Internal transfer,CAD,20376.67,False,False,False,False,0,1.5,Completed
P003605,2026-06-18,AC0021,Wire,EUR,20286.84,True,False,True,False,64,58.5,Repaired
P003728,2026-06-18,AC0044,Wire,KRW,1760.15,False,False,False,False,0,19.5,Completed
P004082,2026-06-18,AC0031,Payroll,USD,140641.91,False,False,False,False,0,1.5,Completed
P004303,2026-06-18,AC0042,Wire,USD,10528.7,True,False,False,False,0,43.5,Completed
P004492,2026-06-18,AC0038,ACH,USD,3367.09,False,False,False,False,0,1.5,Completed
P004496,2026-06-18,AC0017,Internal transfer,GBP,5348.34,False,False,False,False,0,1.5,Completed
P004498,2026-06-18,AC0034,Wire,USD,10325.07,True,True,False,False,0,43.5,Completed
P004787,2026-06-18,AC0034,ACH,USD,8941.75,False,True,False,False,0,1.5,Completed
P004837,2026-06-18,AC0010,ACH,USD,77416.54,False,False,False,False,0,1.5,Completed
P004854,2026-06-18,AC0041,ACH,JPY,4185.56,False,False,False,False,0,1.5,Completed
P004904,2026-06-18,AC0044,Wire,KRW,23135.58,False,False,False,False,0,19.5,Completed
P004939,2026-06-18,AC0029,Wire,EUR,23889.79,True,False,False,False,0,43.5,Completed
P005043,2026-06-18,AC0001,Local transfer,USD,28356.67,False,True,True,False,21,16.5,Repaired
P005151,2026-06-18,AC0025,ACH,EUR,3498.97,False,True,False,False,0,1.5,Completed
P005308,2026-06-18,AC0014,Wire,CAD,23316.18,True,False,True,False,49,58.5,Repaired
P005349,2026-06-18,AC0017,ACH,GBP,72807.61,False,False,False,False,0,1.5,Completed
P005507,2026-06-18,AC0053,Tax,USD,20311.17,False,False,False,False,0,1.5,Completed
P005658,2026-06-18,AC0017,Local transfer,GBP,5413.41,False,True,False,False,0,1.5,Completed
P005791,2026-06-18,AC0031,Wire,USD,1836.9,False,False,False,False,0,19.5,Completed
P005923,2026-06-18,AC0053,ACH,USD,12911.04,False,False,True,False,51,16.5,Repaired
P005927,2026-06-18,AC0010,Internal transfer,USD,4155.92,False,True,False,False,0,1.5,Completed
P005929,2026-06-18,AC0005,Local transfer,USD,7483.39,False,False,False,True,0,1.5,Pending
P006230,2026-06-18,AC0021,Local transfer,EUR,5284.29,False,False,False,False,0,1.5,Completed
P006318,2026-06-18,AC0017,ACH,GBP,13560.78,False,False,False,False,0,1.5,Completed
P006322,2026-06-18,AC0025,Local transfer,EUR,59125.74,False,True,False,False,0,1.5,Completed
P006371,2026-06-18,AC0043,Local transfer,JPY,5633.07,False,False,False,False,0,1.5,Completed
P006437,2026-06-18,AC0025,Tax,EUR,6765.85,False,True,False,True,0,1.5,Completed
P006477,2026-06-18,AC0006,Payroll,USD,92670.07,False,False,False,False,0,1.5,Completed
P006514,2026-06-18,AC0016,Local transfer,CAD,6805.17,False,False,False,False,0,1.5,Completed
P006668,2026-06-18,AC0005,Wire,USD,5279.08,True,False,False,False,0,43.5,Completed
P006718,2026-06-18,AC0005,Wire,USD,1899.99,True,False,False,False,0,43.5,Completed
P006872,2026-06-18,AC0028,ACH,EUR,2586.38,False,False,False,False,0,1.5,Completed
P006936,2026-06-18,AC0023,Wire,EUR,23890.26,True,False,False,False,0,43.5,Completed
P006953,2026-06-18,AC0052,Local transfer,HKD,24466.22,False,True,False,False,0,1.5,Completed
P007000,2026-06-18,AC0019,Payroll,GBP,35670.6,False,False,False,False,0,1.5,Completed
P007021,2026-06-18,AC0040,Tax,AUD,96088.06,False,True,False,False,0,1.5,Completed
P007038,2026-06-18,AC0050,Tax,HKD,53957.27,False,False,False,False,0,1.5,Completed
P007122,2026-06-18,AC0055,ACH,USD,16040.25,False,False,False,False,0,1.5,Completed
P007508,2026-06-18,AC0050,Wire,HKD,24836.22,True,True,False,False,0,43.5,Completed
P007565,2026-06-18,AC0044,ACH,KRW,6212.78,False,False,False,False,0,1.5,Completed
P007567,2026-06-18,AC0014,Local transfer,CAD,4391.68,False,False,False,False,0,1.5,Completed
P007587,2026-06-18,AC0043,ACH,JPY,71559.52,False,False,False,False,0,1.5,Completed
P000074,2026-06-19,AC0025,Tax,EUR,17782.06,False,False,False,False,0,1.5,Completed
P000268,2026-06-19,AC0034,Local transfer,USD,15293.32,False,False,False,False,0,1.5,Completed
P000517,2026-06-19,AC0055,Local transfer,USD,16259.2,False,False,False,False,0,1.5,Completed
P000745,2026-06-19,AC0044,Local transfer,KRW,10423.63,False,False,False,False,0,1.5,Completed
P000878,2026-06-19,AC0017,ACH,GBP,10594.75,False,True,False,True,0,1.5,Completed
P000939,2026-06-19,AC0014,Wire,CAD,5298.06,True,False,False,False,0,43.5,Completed
P000992,2026-06-19,AC0021,ACH,EUR,2724.21,False,False,False,False,0,1.5,Completed
P001002,2026-06-19,AC0017,Tax,GBP,74204.13,False,True,False,False,0,1.5,Completed
P001353,2026-06-19,AC0010,Local transfer,USD,3876.86,False,False,False,False,0,1.5,Completed
P001404,2026-06-19,AC0038,Local transfer,USD,29220.31,False,False,False,False,0,1.5,Completed
P001508,2026-06-19,AC0036,Wire,SGD,233997.96,True,True,False,False,0,43.5,Completed
P001781,2026-06-19,AC0028,Payroll,EUR,4578.21,False,False,False,False,0,1.5,Completed
P001874,2026-06-19,AC0010,Local transfer,USD,74264.09,False,False,False,False,0,1.5,Completed
P002132,2026-06-19,AC0002,Wire,USD,11032.72,False,True,False,True,0,19.5,Completed
P002628,2026-06-19,AC0028,Payroll,EUR,4221.42,False,False,False,False,0,1.5,Completed
P002881,2026-06-19,AC0011,Local transfer,USD,8247.48,False,True,False,False,0,1.5,Completed
P002996,2026-06-19,AC0005,ACH,USD,8349.44,False,False,False,False,0,1.5,Completed
P003057,2026-06-19,AC0005,Payroll,USD,9084.33,False,False,False,False,0,1.5,Completed
P003082,2026-06-19,AC0005,Wire,USD,125945.81,True,False,False,False,0,43.5,Completed
P003227,2026-06-19,AC0017,Wire,GBP,7260.72,True,False,False,False,0,43.5,Completed
P003303,2026-06-19,AC0050,Wire,HKD,35762.8,True,True,True,False,26,58.5,Repaired
P003388,2026-06-19,AC0053,Local transfer,USD,4339.64,False,False,False,False,0,1.5,Completed
P003455,2026-06-19,AC0050,Internal transfer,HKD,14453.53,False,False,False,False,0,1.5,Completed
P003558,2026-06-19,AC0047,ACH,INR,13557.34,False,False,False,False,0,1.5,Completed
P003569,2026-06-19,AC0034,ACH,USD,5876.92,False,False,False,False,0,1.5,Completed
P003580,2026-06-19,AC0038,ACH,USD,9111.65,False,True,False,False,0,1.5,Completed
P003694,2026-06-19,AC0053,Local transfer,USD,10351.5,False,True,False,False,0,1.5,Completed
P003884,2026-06-19,AC0010,Internal transfer,USD,6338.98,False,False,False,False,0,1.5,Completed
P003921,2026-06-19,AC0044,Local transfer,KRW,10266.52,False,False,False,False,0,1.5,Completed
P004437,2026-06-19,AC0039,Wire,AUD,7460.23,False,False,False,False,0,19.5,Completed
P004754,2026-06-19,AC0010,Wire,USD,4731.72,False,True,False,False,0,19.5,Completed
P004979,2026-06-19,AC0027,Payroll,EUR,46746.2,False,False,False,False,0,1.5,Completed
P005324,2026-06-19,AC0055,Payroll,USD,8722.56,False,False,False,False,0,1.5,Completed
P005761,2026-06-19,AC0041,Local transfer,JPY,13943.89,False,False,False,False,0,1.5,Completed
P005766,2026-06-19,AC0001,Wire,USD,14083.75,True,False,False,False,0,43.5,Completed
P005968,2026-06-19,AC0002,ACH,USD,23650.48,False,True,False,False,0,1.5,Completed
P005994,2026-06-19,AC0038,Internal transfer,USD,6067.5,False,False,False,False,0,1.5,Completed
P006023,2026-06-19,AC0050,ACH,HKD,9091.11,False,False,True,False,72,16.5,Repaired
P006046,2026-06-19,AC0038,Internal transfer,USD,5029.16,False,False,False,False,0,1.5,Completed
P006111,2026-06-19,AC0027,ACH,EUR,2522.68,False,True,False,False,0,1.5,Completed
P006306,2026-06-19,AC0012,Internal transfer,USD,24515.72,False,True,False,False,0,1.5,Completed
P006399,2026-06-19,AC0034,Local transfer,USD,11239.17,False,False,False,False,0,1.5,Completed
P006708,2026-06-19,AC0007,Local transfer,USD,8575.25,False,False,False,False,0,1.5,Completed
P006796,2026-06-19,AC0046,Local transfer,KRW,62227.73,False,True,False,False,0,1.5,Completed
P006837,2026-06-19,AC0021,ACH,EUR,14461.14,False,False,False,False,0,1.5,Completed
P007035,2026-06-19,AC0017,Internal transfer,GBP,658.75,False,False,False,False,0,1.5,Completed
P007070,2026-06-19,AC0053,Local transfer,USD,30059.47,False,False,False,False,0,1.5,Completed
P007348,2026-06-19,AC0034,Wire,USD,6806.54,False,False,False,False,0,19.5,Completed
P007492,2026-06-19,AC0053,Local transfer,USD,51225.75,False,True,False,True,0,1.5,Completed
P007525,2026-06-19,AC0041,Local transfer,JPY,2974.64,False,False,False,False,0,1.5,Completed
P000014,2026-06-22,AC0047,Tax,INR,63272.56,False,True,False,False,0,1.5,Completed
P000167,2026-06-22,AC0044,Local transfer,KRW,5222.61,False,False,False,False,0,1.5,Completed
P000373,2026-06-22,AC0026,ACH,USD,16140.86,False,True,False,True,0,1.5,Completed
P000549,2026-06-22,AC0050,Wire,HKD,307957.2,False,False,False,False,0,19.5,Completed
P000673,2026-06-22,AC0014,Local transfer,CAD,8366.28,False,True,False,False,0,1.5,Completed
P000841,2026-06-22,AC0014,Local transfer,CAD,16263.02,False,False,False,False,0,1.5,Completed
P000890,2026-06-22,AC0031,ACH,USD,101290.42,False,True,False,True,0,1.5,Completed
P001213,2026-06-22,AC0034,Tax,USD,195077.63,False,True,False,False,0,1.5,Completed
P001230,2026-06-22,AC0053,Internal transfer,USD,19609.56,False,False,False,False,0,1.5,Completed
P001254,2026-06-22,AC0041,Payroll,JPY,169118.28,False,False,False,False,0,1.5,Completed
P001270,2026-06-22,AC0025,Payroll,EUR,3382.52,False,False,False,False,0,1.5,Completed
P001339,2026-06-22,AC0044,Local transfer,KRW,2692.79,False,False,False,False,0,1.5,Completed
P001415,2026-06-22,AC0034,ACH,USD,27256.87,False,False,False,False,0,1.5,Completed
P001456,2026-06-22,AC0044,Internal transfer,KRW,6962.3,False,False,False,False,0,1.5,Completed
P001535,2026-06-22,AC0014,ACH,CAD,21102.43,False,False,False,False,0,1.5,Completed
P001647,2026-06-22,AC0047,Local transfer,INR,10384.12,False,False,False,False,0,1.5,Completed
P001667,2026-06-22,AC0001,ACH,USD,9266.8,False,True,True,False,60,16.5,Repaired
P002098,2026-06-22,AC0014,Wire,CAD,940.4,True,False,False,False,0,43.5,Completed
P002273,2026-06-22,AC0050,Local transfer,HKD,10428.36,False,False,False,False,0,1.5,Completed
P002375,2026-06-22,AC0016,ACH,CAD,11751.7,False,True,False,False,0,1.5,Completed
P002537,2026-06-22,AC0031,Local transfer,USD,1500.35,False,False,False,False,0,1.5,Completed
P002564,2026-06-22,AC0053,Tax,USD,244141.6,False,False,False,False,0,1.5,Completed
P002718,2026-06-22,AC0045,Local transfer,KRW,18773.43,False,True,False,True,0,1.5,Completed
P002763,2026-06-22,AC0047,Wire,INR,33709.65,False,False,False,False,0,19.5,Completed
P002835,2026-06-22,AC0048,ACH,INR,14340.68,False,False,False,False,0,1.5,Completed
P003005,2026-06-22,AC0047,Local transfer,INR,40940.31,False,False,False,False,0,1.5,Completed
P003031,2026-06-22,AC0010,Wire,USD,1766.06,False,False,True,False,43,34.5,Repaired
P003375,2026-06-22,AC0034,ACH,USD,17850.49,False,True,False,False,0,1.5,Completed
P003426,2026-06-22,AC0025,Local transfer,EUR,17811.63,False,False,False,False,0,1.5,Completed
P003487,2026-06-22,AC0005,Local transfer,USD,1977.78,False,False,False,False,0,1.5,Completed
P003609,2026-06-22,AC0021,ACH,EUR,171903.46,False,False,False,False,0,1.5,Completed
P003823,2026-06-22,AC0034,Internal transfer,USD,2219.74,False,False,False,False,0,1.5,Completed
P003995,2026-06-22,AC0012,Local transfer,USD,24694.61,False,False,False,False,0,1.5,Completed
P004131,2026-06-22,AC0053,Wire,USD,21384.11,True,False,False,False,0,43.5,Completed
P004159,2026-06-22,AC0028,ACH,EUR,9213.03,False,False,False,False,0,1.5,Completed
P004426,2026-06-22,AC0047,Tax,INR,139110.45,False,True,False,False,0,1.5,Completed
P004703,2026-06-22,AC0001,Local transfer,USD,3956.69,False,True,False,False,0,1.5,Completed
P005120,2026-06-22,AC0031,Local transfer,USD,14595.85,False,True,False,False,0,1.5,Completed
P005285,2026-06-22,AC0025,Internal transfer,EUR,7210.72,False,False,False,False,0,1.5,Completed
P005590,2026-06-22,AC0031,ACH,USD,59172.54,False,True,False,False,0,1.5,Completed
P005662,2026-06-22,AC0001,Payroll,USD,59174.67,False,True,False,False,0,1.5,Completed
P005696,2026-06-22,AC0053,Local transfer,USD,8044.77,False,False,False,False,0,1.5,Completed
P005732,2026-06-22,AC0006,Local transfer,USD,12160.67,False,False,False,False,0,1.5,Completed
P005811,2026-06-22,AC0044,ACH,KRW,4265.67,False,False,False,False,0,1.5,Completed
P006179,2026-06-22,AC0053,ACH,USD,33556.98,False,False,False,False,0,1.5,Completed
P006400,2026-06-22,AC0001,Local transfer,USD,9527.38,False,False,False,False,0,1.5,Pending
P006503,2026-06-22,AC0028,Local transfer,EUR,13224.63,False,False,False,False,0,1.5,Completed
P006631,2026-06-22,AC0044,ACH,KRW,2443.63,False,False,False,False,0,1.5,Completed
P006658,2026-06-22,AC0053,Payroll,USD,40941.53,False,False,False,False,0,1.5,Completed
P007002,2026-06-22,AC0025,Local transfer,EUR,22864.97,False,True,False,False,0,1.5,Completed
P007340,2026-06-22,AC0031,Tax,USD,12485.11,False,True,False,False,0,1.5,Completed
P007380,2026-06-22,AC0050,Local transfer,HKD,12877.85,False,False,False,False,0,1.5,Completed
P007416,2026-06-22,AC0017,Internal transfer,GBP,633.86,False,True,False,False,0,1.5,Completed
P007451,2026-06-22,AC0019,ACH,GBP,2512.06,False,True,False,False,0,1.5,Completed
P007558,2026-06-22,AC0005,Internal transfer,USD,15439.86,False,False,False,False,0,1.5,Completed
P007582,2026-06-22,AC0050,ACH,HKD,3813.45,False,False,False,False,0,1.5,Completed
P000030,2026-06-23,AC0043,Local transfer,JPY,46114.24,False,False,False,False,0,1.5,Completed
P000431,2026-06-23,AC0001,Local transfer,USD,2704.45,False,True,False,False,0,1.5,Completed
P000473,2026-06-23,AC0005,Local transfer,USD,7833.44,False,False,False,False,0,1.5,Completed
P000811,2026-06-23,AC0047,Internal transfer,INR,1824.76,False,False,False,False,0,1.5,Completed
P000917,2026-06-23,AC0044,Local transfer,KRW,41863.94,False,False,False,False,0,1.5,Completed
P001017,2026-06-23,AC0021,Local transfer,EUR,1037.11,False,True,False,False,0,1.5,Completed
P001189,2026-06-23,AC0031,Internal transfer,USD,11117.63,False,False,False,False,0,1.5,Completed
P001345,2026-06-23,AC0003,Local transfer,USD,87361.78,False,False,False,False,0,1.5,Completed
P001386,2026-06-23,AC0014,ACH,CAD,3811.49,False,False,False,False,0,1.5,Completed
P001541,2026-06-23,AC0050,Payroll,HKD,26821.23,False,True,False,False,0,1.5,Completed
P001585,2026-06-23,AC0053,Local transfer,USD,22673.12,False,True,False,False,0,1.5,Completed
P002130,2026-06-23,AC0025,Wire,EUR,11279.51,False,True,False,False,0,19.5,Completed
P002186,2026-06-23,AC0055,Wire,USD,9810.66,True,True,False,False,0,43.5,Completed
P002316,2026-06-23,AC0051,Local transfer,HKD,9714.36,False,False,False,False,0,1.5,Completed
P002428,2026-06-23,AC0014,Local transfer,CAD,37478.53,False,False,False,False,0,1.5,Completed
P002493,2026-06-23,AC0035,Local transfer,SGD,31876.43,False,False,False,False,0,1.5,Completed
P002582,2026-06-23,AC0025,ACH,EUR,21313.48,False,False,False,False,0,1.5,Completed
P002588,2026-06-23,AC0012,ACH,USD,16170.62,False,False,False,False,0,1.5,Completed
P002783,2026-06-23,AC0044,ACH,KRW,24749.55,False,False,False,False,0,1.5,Completed
P002973,2026-06-23,AC0021,Local transfer,EUR,1340.98,False,False,False,False,0,1.5,Completed
P002982,2026-06-23,AC0033,Wire,EUR,54404.35,False,True,False,False,0,19.5,Completed
P003026,2026-06-23,AC0022,Local transfer,EUR,34536.41,False,True,False,False,0,1.5,Completed
P003285,2026-06-23,AC0017,Tax,GBP,24003.45,False,True,False,False,0,1.5,Completed
P003358,2026-06-23,AC0001,Local transfer,USD,23676.95,False,True,False,True,0,1.5,Completed
P003858,2026-06-23,AC0001,Internal transfer,USD,6467.51,False,False,False,False,0,1.5,Completed
P003873,2026-06-23,AC0043,ACH,JPY,22946.52,False,False,False,False,0,1.5,Completed
P003901,2026-06-23,AC0050,Local transfer,HKD,13095.99,False,True,False,False,0,1.5,Completed
P004085,2026-06-23,AC0043,ACH,JPY,428.75,False,False,False,False,0,1.5,Completed
P004253,2026-06-23,AC0034,ACH,USD,8274.93,False,False,False,False,0,1.5,Completed
P004259,2026-06-23,AC0031,Local transfer,USD,3381.5,False,False,False,False,0,1.5,Completed
P004407,2026-06-23,AC0006,Local transfer,USD,7437.92,False,True,False,False,0,1.5,Completed
P004813,2026-06-23,AC0017,Wire,GBP,8049.1,False,False,False,False,0,19.5,Completed
P004841,2026-06-23,AC0030,ACH,USD,5904.64,False,False,False,False,0,1.5,Completed
P005129,2026-06-23,AC0019,Local transfer,GBP,6665.34,False,False,True,False,41,16.5,Repaired
P005306,2026-06-23,AC0041,ACH,JPY,3275.5,False,False,False,True,0,1.5,Completed
P005634,2026-06-23,AC0005,Local transfer,USD,32973.69,False,False,False,False,0,1.5,Completed
P005650,2026-06-23,AC0047,ACH,INR,11162.18,False,True,False,False,0,1.5,Completed
P005688,2026-06-23,AC0014,ACH,CAD,36796.0,False,False,False,False,0,1.5,Completed
P005924,2026-06-23,AC0031,Local transfer,USD,1729.78,False,True,True,False,43,16.5,Repaired
P006203,2026-06-23,AC0031,Wire,USD,1978.1,True,False,False,False,0,43.5,Completed
P006253,2026-06-23,AC0007,Wire,USD,48333.91,True,False,False,False,0,43.5,Completed
P006300,2026-06-23,AC0041,Local transfer,JPY,6104.28,False,False,False,False,0,1.5,Completed
P006483,2026-06-23,AC0051,ACH,HKD,19326.67,False,False,False,False,0,1.5,Completed
P006817,2026-06-23,AC0047,Local transfer,INR,17878.17,False,False,False,False,0,1.5,Completed
P007352,2026-06-23,AC0041,Local transfer,JPY,52439.52,False,False,False,False,0,1.5,Completed
P007414,2026-06-23,AC0036,Local transfer,SGD,5244.13,False,False,False,False,0,1.5,Completed
P007500,2026-06-23,AC0027,ACH,EUR,21614.99,False,False,False,False,0,1.5,Completed
P000123,2026-06-24,AC0003,Wire,USD,4582.52,False,False,False,False,0,19.5,Completed
P000140,2026-06-24,AC0017,ACH,GBP,2848.97,False,True,False,False,0,1.5,Completed
P000191,2026-06-24,AC0001,Payroll,USD,27100.04,False,True,False,True,0,1.5,Completed
P000238,2026-06-24,AC0010,Wire,USD,14090.79,True,False,False,False,0,43.5,Completed
P000384,2026-06-24,AC0053,Local transfer,USD,9390.45,False,False,False,True,0,1.5,Completed
P000406,2026-06-24,AC0017,ACH,GBP,46302.5,False,True,False,False,0,1.5,Completed
P000496,2026-06-24,AC0047,Local transfer,INR,2333.29,False,False,False,False,0,1.5,Completed
P000500,2026-06-24,AC0017,Payroll,GBP,22247.2,False,False,False,False,0,1.5,Completed
P000518,2026-06-24,AC0003,ACH,USD,1563.72,False,False,False,False,0,1.5,Completed
P000690,2026-06-24,AC0007,ACH,USD,10009.31,False,False,False,False,0,1.5,Completed
P001400,2026-06-24,AC0016,Local transfer,CAD,8507.2,False,False,False,False,0,1.5,Completed
P001448,2026-06-24,AC0031,Internal transfer,USD,33740.25,False,False,False,False,0,1.5,Completed
P001710,2026-06-24,AC0033,Local transfer,EUR,6671.41,False,False,False,False,0,1.5,Completed
P001815,2026-06-24,AC0014,ACH,CAD,15597.7,False,False,False,False,0,1.5,Completed
P001841,2026-06-24,AC0021,Wire,EUR,11226.68,False,True,False,False,0,19.5,Completed
P001907,2026-06-24,AC0048,Local transfer,INR,10365.14,False,False,False,False,0,1.5,Completed
P002187,2026-06-24,AC0049,Local transfer,USD,3087.86,False,True,False,True,0,1.5,Completed
P002526,2026-06-24,AC0038,ACH,USD,78372.88,False,True,False,False,0,1.5,Completed
P002658,2026-06-24,AC0014,Local transfer,CAD,2642.33,False,False,False,False,0,1.5,Completed
P002659,2026-06-24,AC0031,Local transfer,USD,10217.88,False,False,True,False,16,16.5,Repaired
P002754,2026-06-24,AC0005,Local transfer,USD,27305.6,False,False,False,False,0,1.5,Completed
P002767,2026-06-24,AC0014,Tax,CAD,247295.95,False,False,False,False,0,1.5,Completed
P003107,2026-06-24,AC0044,Local transfer,KRW,111338.76,False,False,False,False,0,1.5,Completed
P003177,2026-06-24,AC0038,Tax,USD,15506.39,False,False,False,False,0,1.5,Completed
P003236,2026-06-24,AC0005,Local transfer,USD,15994.82,False,False,False,False,0,1.5,Completed
P003300,2026-06-24,AC0055,Local transfer,USD,5113.94,False,False,False,False,0,1.5,Completed
P003453,2026-06-24,AC0001,Tax,USD,23327.16,False,True,False,False,0,1.5,Completed
P004000,2026-06-24,AC0036,Wire,SGD,3561.8,True,False,False,False,0,43.5,Completed
P004225,2026-06-24,AC0017,Wire,GBP,66584.59,True,True,False,False,0,43.5,Completed
P004442,2026-06-24,AC0044,Local transfer,KRW,1962.53,False,True,False,False,0,1.5,Completed
P004560,2026-06-24,AC0038,ACH,USD,7803.39,False,False,False,False,0,1.5,Completed
P005130,2026-06-24,AC0055,Internal transfer,USD,10392.99,False,True,True,False,27,16.5,Repaired
P005320,2026-06-24,AC0010,Internal transfer,USD,16688.25,False,False,False,True,0,1.5,Completed
P005353,2026-06-24,AC0010,ACH,USD,3703.43,False,False,False,False,0,1.5,Completed
P005729,2026-06-24,AC0053,Local transfer,USD,84325.11,False,True,False,False,0,1.5,Completed
P005782,2026-06-24,AC0021,Wire,EUR,6926.9,True,True,False,False,0,43.5,Completed
P005906,2026-06-24,AC0021,Internal transfer,EUR,1986.46,False,False,False,False,0,1.5,Completed
P006001,2026-06-24,AC0030,Internal transfer,USD,8860.71,False,False,False,False,0,1.5,Completed
P006013,2026-06-24,AC0010,Local transfer,USD,101248.65,False,True,False,False,0,1.5,Completed
P006104,2026-06-24,AC0031,Tax,USD,68810.61,False,False,False,False,0,1.5,Completed
P006226,2026-06-24,AC0025,Local transfer,EUR,4931.54,False,True,False,False,0,1.5,Completed
P006277,2026-06-24,AC0041,Payroll,JPY,43547.94,False,False,False,False,0,1.5,Completed
P006282,2026-06-24,AC0019,Local transfer,GBP,808.35,False,False,False,False,0,1.5,Completed
P006348,2026-06-24,AC0053,ACH,USD,7984.94,False,False,False,False,0,1.5,Completed
P006354,2026-06-24,AC0050,Local transfer,HKD,6703.66,False,False,False,False,0,1.5,Completed
P006361,2026-06-24,AC0044,Tax,KRW,80492.24,False,False,False,False,0,1.5,Completed
P006579,2026-06-24,AC0053,Wire,USD,86671.29,False,False,False,False,0,19.5,Completed
P006605,2026-06-24,AC0041,Local transfer,JPY,5294.37,False,False,False,False,0,1.5,Completed
P006891,2026-06-24,AC0034,Internal transfer,USD,5635.34,False,True,False,False,0,1.5,Completed
P006915,2026-06-24,AC0028,Local transfer,EUR,9922.8,False,False,False,False,0,1.5,Completed
P006934,2026-06-24,AC0028,Local transfer,EUR,32413.76,False,False,False,False,0,1.5,Completed
P006969,2026-06-24,AC0017,ACH,GBP,19273.49,False,True,False,False,0,1.5,Completed
P006973,2026-06-24,AC0050,ACH,HKD,7456.09,False,True,False,False,0,1.5,Completed
P007029,2026-06-24,AC0031,Local transfer,USD,4528.61,False,True,True,False,71,16.5,Repaired
P007392,2026-06-24,AC0026,Local transfer,USD,4058.87,False,True,True,False,21,16.5,Repaired
P007513,2026-06-24,AC0047,ACH,INR,1778.65,False,True,False,False,0,1.5,Completed
P000093,2026-06-25,AC0055,Local transfer,USD,2314.88,False,False,False,False,0,1.5,Completed
P000318,2026-06-25,AC0031,ACH,USD,27320.02,False,False,False,False,0,1.5,Completed
P000688,2026-06-25,AC0021,Local transfer,EUR,3409.1,False,True,False,False,0,1.5,Completed
P000918,2026-06-25,AC0005,ACH,USD,22901.49,False,False,False,False,0,1.5,Completed
P001014,2026-06-25,AC0044,Local transfer,KRW,3713.37,False,False,False,False,0,1.5,Completed
P001031,2026-06-25,AC0010,Local transfer,USD,1544.9,False,True,False,False,0,1.5,Completed
P001439,2026-06-25,AC0026,Payroll,USD,132950.39,False,False,False,False,0,1.5,Completed
P001460,2026-06-25,AC0023,Internal transfer,EUR,15571.95,False,False,False,False,0,1.5,Completed
P001521,2026-06-25,AC0031,ACH,USD,4541.01,False,True,False,False,0,1.5,Completed
P001589,2026-06-25,AC0053,ACH,USD,18130.94,False,False,False,False,0,1.5,Completed
P001668,2026-06-25,AC0026,Internal transfer,USD,23441.04,False,False,False,False,0,1.5,Completed
P001683,2026-06-25,AC0023,ACH,EUR,51656.6,False,False,False,False,0,1.5,Completed
P001719,2026-06-25,AC0016,Internal transfer,CAD,1342.41,False,False,False,False,0,1.5,Completed
P001853,2026-06-25,AC0034,Payroll,USD,33789.86,False,False,False,False,0,1.5,Completed
P002263,2026-06-25,AC0001,Local transfer,USD,23367.82,False,False,False,False,0,1.5,Completed
P002344,2026-06-25,AC0023,Local transfer,EUR,6125.69,False,False,False,False,0,1.5,Completed
P002623,2026-06-25,AC0032,ACH,EUR,13249.41,False,True,False,False,0,1.5,Completed
P002773,2026-06-25,AC0041,Local transfer,JPY,25978.6,False,False,False,False,0,1.5,Completed
P002797,2026-06-25,AC0026,Local transfer,USD,42389.71,False,False,False,False,0,1.5,Completed
P002876,2026-06-25,AC0031,Local transfer,USD,5809.47,False,False,False,False,0,1.5,Completed
P002940,2026-06-25,AC0047,Local transfer,INR,11036.28,False,False,False,False,0,1.5,Completed
P002961,2026-06-25,AC0028,ACH,EUR,16042.09,False,False,False,False,0,1.5,Completed
P003020,2026-06-25,AC0052,Local transfer,HKD,923.55,False,False,False,False,0,1.5,Completed
P003089,2026-06-25,AC0032,ACH,EUR,14585.89,False,False,False,False,0,1.5,Completed
P003131,2026-06-25,AC0014,ACH,CAD,4946.3,False,False,False,False,0,1.5,Completed
P003198,2026-06-25,AC0021,ACH,EUR,1510.91,False,True,False,False,0,1.5,Completed
P003347,2026-06-25,AC0031,Internal transfer,USD,73305.85,False,True,False,False,0,1.5,Completed
P003503,2026-06-25,AC0044,Tax,KRW,13222.17,False,False,False,False,0,1.5,Completed
P003518,2026-06-25,AC0031,Wire,USD,14425.6,True,True,True,False,52,58.5,Repaired
P003537,2026-06-25,AC0017,ACH,GBP,27617.91,False,False,False,False,0,1.5,Completed
P003677,2026-06-25,AC0020,Local transfer,GBP,9393.01,False,False,False,False,0,1.5,Completed
P003734,2026-06-25,AC0017,Payroll,GBP,16431.57,False,True,False,False,0,1.5,Completed
P003783,2026-06-25,AC0021,Wire,EUR,4062.27,True,False,False,False,0,43.5,Completed
P003859,2026-06-25,AC0028,Local transfer,EUR,66414.74,False,False,False,False,0,1.5,Completed
P004092,2026-06-25,AC0054,Payroll,USD,33809.61,False,False,False,False,0,1.5,Completed
P004127,2026-06-25,AC0038,Payroll,USD,36381.65,False,False,False,False,0,1.5,Completed
P004154,2026-06-25,AC0001,Wire,USD,6419.02,True,False,False,False,0,43.5,Completed
P004792,2026-06-25,AC0010,Payroll,USD,302953.59,False,False,False,False,0,1.5,Completed
P004817,2026-06-25,AC0005,ACH,USD,7797.95,False,False,False,False,0,1.5,Completed
P005277,2026-06-25,AC0001,Payroll,USD,7731.09,False,False,False,False,0,1.5,Completed
P005402,2026-06-25,AC0036,Local transfer,SGD,13555.89,False,True,False,True,0,1.5,Completed
P005914,2026-06-25,AC0052,Wire,HKD,5892.45,False,True,False,False,0,19.5,Completed
P006064,2026-06-25,AC0036,ACH,SGD,23386.79,False,False,False,False,0,1.5,Completed
P006191,2026-06-25,AC0044,Tax,KRW,195346.18,False,False,False,False,0,1.5,Completed
P006211,2026-06-25,AC0025,Local transfer,EUR,57488.87,False,False,False,False,0,1.5,Completed
P006283,2026-06-25,AC0005,Internal transfer,USD,24981.54,False,False,False,False,0,1.5,Completed
P006526,2026-06-25,AC0053,Wire,USD,72847.41,True,True,False,False,0,43.5,Completed
P006662,2026-06-25,AC0031,Local transfer,USD,4876.61,False,False,False,False,0,1.5,Completed
P006709,2026-06-25,AC0008,ACH,USD,43881.3,False,True,False,False,0,1.5,Completed
P006741,2026-06-25,AC0047,Local transfer,INR,5000.64,False,True,False,False,0,1.5,Completed
P006780,2026-06-25,AC0050,Local transfer,HKD,11043.13,False,False,False,False,0,1.5,Completed
P007040,2026-06-25,AC0005,ACH,USD,5352.92,False,False,False,False,0,1.5,Completed
P007270,2026-06-25,AC0028,Local transfer,EUR,6885.82,False,True,False,False,0,1.5,Completed
P007559,2026-06-25,AC0034,Local transfer,USD,51056.57,False,False,False,False,0,1.5,Completed
P007575,2026-06-25,AC0034,Local transfer,USD,34876.15,False,True,False,True,0,1.5,Completed
P000195,2026-06-26,AC0017,Local transfer,GBP,134715.13,False,False,False,False,0,1.5,Completed
P000211,2026-06-26,AC0025,Local transfer,EUR,4439.87,False,False,False,False,0,1.5,Completed
P000290,2026-06-26,AC0013,Local transfer,USD,29447.61,False,False,False,False,0,1.5,Completed
P000404,2026-06-26,AC0047,ACH,INR,39280.83,False,True,True,False,59,16.5,Repaired
P000466,2026-06-26,AC0049,ACH,USD,7117.3,False,False,False,False,0,1.5,Completed
P000532,2026-06-26,AC0016,Local transfer,CAD,8987.41,False,True,False,False,0,1.5,Completed
P000603,2026-06-26,AC0010,ACH,USD,8781.38,False,False,False,False,0,1.5,Completed
P000623,2026-06-26,AC0014,Payroll,CAD,4178.0,False,False,False,False,0,1.5,Completed
P000697,2026-06-26,AC0005,ACH,USD,6556.55,False,False,False,False,0,1.5,Completed
P000707,2026-06-26,AC0041,Local transfer,JPY,24115.37,False,True,False,False,0,1.5,Completed
P000961,2026-06-26,AC0028,Local transfer,EUR,4622.19,False,False,False,False,0,1.5,Completed
P001029,2026-06-26,AC0025,Internal transfer,EUR,4351.1,False,True,False,False,0,1.5,Completed
P001119,2026-06-26,AC0026,Payroll,USD,60766.12,False,False,False,False,0,1.5,Completed
P001183,2026-06-26,AC0025,Local transfer,EUR,8967.89,False,True,False,True,0,1.5,Completed
P001221,2026-06-26,AC0041,Wire,JPY,8136.47,True,False,False,False,0,43.5,Completed
P001327,2026-06-26,AC0001,Payroll,USD,106907.19,False,False,False,False,0,1.5,Completed
P001359,2026-06-26,AC0041,ACH,JPY,10601.56,False,False,False,False,0,1.5,Completed
P001403,2026-06-26,AC0005,Internal transfer,USD,1624.15,False,False,False,False,0,1.5,Completed
P001859,2026-06-26,AC0022,ACH,EUR,6278.25,False,False,False,False,0,1.5,Completed
P001956,2026-06-26,AC0020,Local transfer,GBP,4222.21,False,False,False,False,0,1.5,Completed
P002220,2026-06-26,AC0041,ACH,JPY,47104.34,False,True,False,False,0,1.5,Completed
P002586,2026-06-26,AC0038,Payroll,USD,16752.13,False,False,False,False,0,1.5,Completed
P002703,2026-06-26,AC0044,Local transfer,KRW,2258.93,False,True,False,False,0,1.5,Completed
P002805,2026-06-26,AC0030,Local transfer,USD,29806.7,False,False,False,False,0,1.5,Completed
P002865,2026-06-26,AC0038,Local transfer,USD,12823.82,False,True,False,False,0,1.5,Completed
P002957,2026-06-26,AC0014,Local transfer,CAD,2179.93,False,False,False,False,0,1.5,Completed
P002990,2026-06-26,AC0050,ACH,HKD,17747.38,False,True,False,False,0,1.5,Completed
P003022,2026-06-26,AC0003,Local transfer,USD,13814.64,False,False,False,False,0,1.5,Completed
P003042,2026-06-26,AC0017,Internal transfer,GBP,10064.53,False,True,False,False,0,1.5,Completed
P003071,2026-06-26,AC0034,ACH,USD,7525.27,False,False,False,False,0,1.5,Completed
P003213,2026-06-26,AC0038,ACH,USD,8065.36,False,False,False,True,0,1.5,Completed
P003316,2026-06-26,AC0032,Wire,EUR,4760.2,True,False,False,False,0,43.5,Completed
P003538,2026-06-26,AC0025,Internal transfer,EUR,6980.23,False,False,False,False,0,1.5,Completed
P003724,2026-06-26,AC0017,Payroll,GBP,8637.26,False,True,False,False,0,1.5,Completed
P003953,2026-06-26,AC0005,Wire,USD,4115.62,True,False,False,False,0,43.5,Completed
P004032,2026-06-26,AC0017,ACH,GBP,10418.88,False,False,False,False,0,1.5,Completed
P004388,2026-06-26,AC0049,Local transfer,USD,2587.4,False,False,False,False,0,1.5,Completed
P004521,2026-06-26,AC0017,ACH,GBP,8421.34,False,True,False,False,0,1.5,Completed
P004548,2026-06-26,AC0029,ACH,EUR,2724.51,False,False,False,False,0,1.5,Completed
P004720,2026-06-26,AC0001,Internal transfer,USD,11124.28,False,True,False,False,0,1.5,Completed
P004786,2026-06-26,AC0017,Local transfer,GBP,8678.03,False,False,False,False,0,1.5,Completed
P004806,2026-06-26,AC0030,Payroll,USD,33771.75,False,True,True,False,59,16.5,Rejected
P004894,2026-06-26,AC0001,Wire,USD,6466.36,True,True,False,True,0,43.5,Completed
P004930,2026-06-26,AC0055,Wire,USD,7395.42,True,False,False,False,0,43.5,Completed
P004950,2026-06-26,AC0021,Local transfer,EUR,2115.79,False,True,False,False,0,1.5,Completed
P005044,2026-06-26,AC0001,Wire,USD,3510.52,True,True,False,False,0,43.5,Completed
P005162,2026-06-26,AC0020,Wire,GBP,20631.68,True,False,False,False,0,43.5,Completed
P005301,2026-06-26,AC0041,Local transfer,JPY,9862.76,False,False,False,False,0,1.5,Completed
P005390,2026-06-26,AC0025,ACH,EUR,5558.02,False,True,True,False,32,16.5,Repaired
P005446,2026-06-26,AC0005,Wire,USD,4746.83,True,False,False,False,0,43.5,Completed
P005673,2026-06-26,AC0051,Local transfer,HKD,16998.05,False,False,False,False,0,1.5,Completed
P005721,2026-06-26,AC0030,Wire,USD,397.13,False,True,False,False,0,19.5,Completed
P005885,2026-06-26,AC0010,Internal transfer,USD,6518.54,False,False,False,False,0,1.5,Completed
P006000,2026-06-26,AC0053,Tax,USD,84105.37,False,False,False,False,0,1.5,Completed
P006075,2026-06-26,AC0028,Local transfer,EUR,5181.63,False,False,False,False,0,1.5,Completed
P006218,2026-06-26,AC0003,Local transfer,USD,17954.13,False,False,False,False,0,1.5,Completed
P006298,2026-06-26,AC0038,Local transfer,USD,9355.27,False,False,False,False,0,1.5,Completed
P006369,2026-06-26,AC0044,Local transfer,KRW,6551.08,False,False,False,False,0,1.5,Completed
P006501,2026-06-26,AC0034,Payroll,USD,83114.19,False,True,False,False,0,1.5,Completed
P006507,2026-06-26,AC0005,ACH,USD,18728.46,False,False,False,False,0,1.5,Completed
P006621,2026-06-26,AC0028,Wire,EUR,55840.65,False,False,False,False,0,19.5,Completed
P006665,2026-06-26,AC0005,Local transfer,USD,24000.7,False,False,False,False,0,1.5,Completed
P006769,2026-06-26,AC0041,Payroll,JPY,33566.9,False,False,False,False,0,1.5,Completed
P006863,2026-06-26,AC0041,ACH,JPY,3734.76,False,False,False,False,0,1.5,Completed
P006868,2026-06-26,AC0028,Local transfer,EUR,33876.84,False,True,False,False,0,1.5,Completed
P006966,2026-06-26,AC0007,ACH,USD,35944.82,False,False,False,False,0,1.5,Completed
P007022,2026-06-26,AC0041,Internal transfer,JPY,74250.46,False,True,False,False,0,1.5,Completed
P007300,2026-06-26,AC0053,Local transfer,USD,5861.56,False,False,False,False,0,1.5,Completed
P007454,2026-06-26,AC0033,ACH,EUR,14553.75,False,True,True,True,36,16.5,Repaired
P007535,2026-06-26,AC0025,Wire,EUR,21143.74,False,True,False,False,0,19.5,Completed
P000180,2026-06-29,AC0041,Payroll,JPY,39488.38,False,False,False,False,0,1.5,Completed
P000234,2026-06-29,AC0038,ACH,USD,6213.22,False,False,False,False,0,1.5,Completed
P000315,2026-06-29,AC0021,ACH,EUR,8492.13,False,True,False,False,0,1.5,Completed
P000451,2026-06-29,AC0026,Local transfer,USD,109379.72,False,False,False,False,0,1.5,Completed
P000837,2026-06-29,AC0025,Wire,EUR,78223.11,False,False,False,False,0,19.5,Completed
P001024,2026-06-29,AC0040,Wire,AUD,109173.89,False,False,False,False,0,19.5,Completed
P001214,2026-06-29,AC0028,Payroll,EUR,96577.83,False,False,False,False,0,1.5,Completed
P001239,2026-06-29,AC0038,Tax,USD,20048.1,False,False,False,False,0,1.5,Completed
P001491,2026-06-29,AC0015,ACH,CAD,5765.19,False,True,False,False,0,1.5,Completed
P001498,2026-06-29,AC0041,ACH,JPY,30326.69,False,False,False,False,0,1.5,Completed
P001569,2026-06-29,AC0053,Wire,USD,29271.67,True,False,False,False,0,43.5,Completed
P001658,2026-06-29,AC0014,Local transfer,CAD,3028.4,False,False,False,False,0,1.5,Completed
P001748,2026-06-29,AC0034,ACH,USD,21506.92,False,False,False,False,0,1.5,Completed
P001776,2026-06-29,AC0052,ACH,HKD,24148.18,False,False,False,False,0,1.5,Completed
P002034,2026-06-29,AC0041,Local transfer,JPY,12333.1,False,False,False,False,0,1.5,Completed
P002035,2026-06-29,AC0017,Local transfer,GBP,9419.85,False,True,False,False,0,1.5,Completed
P002134,2026-06-29,AC0005,ACH,USD,25368.34,False,True,False,False,0,1.5,Completed
P002219,2026-06-29,AC0050,ACH,HKD,110999.86,False,False,False,False,0,1.5,Completed
P002223,2026-06-29,AC0049,ACH,USD,10618.76,False,False,False,True,0,1.5,Completed
P002411,2026-06-29,AC0039,ACH,AUD,24026.89,False,False,False,False,0,1.5,Completed
P002502,2026-06-29,AC0040,ACH,AUD,11554.66,False,True,False,False,0,1.5,Completed
P002630,2026-06-29,AC0038,Internal transfer,USD,19497.95,False,True,False,True,0,1.5,Completed
P002731,2026-06-29,AC0038,Local transfer,USD,7237.57,False,False,False,False,0,1.5,Completed
P002752,2026-06-29,AC0028,ACH,EUR,17698.36,False,True,False,False,0,1.5,Completed
P003049,2026-06-29,AC0031,Wire,USD,2271.68,True,True,False,False,0,43.5,Completed
P003060,2026-06-29,AC0038,ACH,USD,41655.02,False,True,False,False,0,1.5,Completed
P003129,2026-06-29,AC0022,Local transfer,EUR,1782.78,False,False,False,False,0,1.5,Completed
P003132,2026-06-29,AC0047,Local transfer,INR,2477.08,False,False,False,False,0,1.5,Completed
P003179,2026-06-29,AC0025,ACH,EUR,11858.06,False,True,False,True,0,1.5,Completed
P003349,2026-06-29,AC0018,Local transfer,GBP,4970.14,False,True,False,False,0,1.5,Completed
P003366,2026-06-29,AC0005,ACH,USD,1397.14,False,False,False,False,0,1.5,Completed
P003545,2026-06-29,AC0001,Wire,USD,14970.1,False,True,False,False,0,19.5,Completed
P003622,2026-06-29,AC0049,Tax,USD,14024.97,False,False,False,False,0,1.5,Completed
P003726,2026-06-29,AC0044,Internal transfer,KRW,7621.02,False,False,False,False,0,1.5,Completed
P004116,2026-06-29,AC0014,ACH,CAD,1550.27,False,False,False,False,0,1.5,Completed
P004132,2026-06-29,AC0047,Payroll,INR,44846.82,False,False,False,False,0,1.5,Completed
P004247,2026-06-29,AC0031,ACH,USD,1172.31,False,False,False,True,0,1.5,Completed
P004439,2026-06-29,AC0041,Wire,JPY,3771.65,True,False,True,False,60,58.5,Repaired
P004488,2026-06-29,AC0053,ACH,USD,20937.87,False,True,False,False,0,1.5,Completed
P004668,2026-06-29,AC0041,Payroll,JPY,3827.62,False,False,False,False,0,1.5,Completed
P004702,2026-06-29,AC0050,ACH,HKD,5132.55,False,False,False,False,0,1.5,Completed
P004708,2026-06-29,AC0047,Payroll,INR,32003.96,False,True,False,False,0,1.5,Completed
P004862,2026-06-29,AC0025,ACH,EUR,12897.24,False,True,False,False,0,1.5,Completed
P004872,2026-06-29,AC0036,Internal transfer,SGD,2900.47,False,False,False,False,0,1.5,Completed
P005026,2026-06-29,AC0010,Payroll,USD,62316.84,False,False,False,False,0,1.5,Completed
P005144,2026-06-29,AC0010,ACH,USD,17499.78,False,False,False,False,0,1.5,Completed
P005659,2026-06-29,AC0047,Wire,INR,11289.51,False,True,False,False,0,19.5,Completed
P005749,2026-06-29,AC0050,Payroll,HKD,218276.92,False,True,True,False,15,16.5,Repaired
P005938,2026-06-29,AC0028,Internal transfer,EUR,13315.91,False,False,False,False,0,1.5,Completed
P005966,2026-06-29,AC0048,Local transfer,INR,8323.56,False,False,False,False,0,1.5,Completed
P006022,2026-06-29,AC0005,Wire,USD,59011.13,True,True,True,False,46,58.5,Repaired
P006126,2026-06-29,AC0028,ACH,EUR,3915.93,False,False,False,False,0,1.5,Completed
P006142,2026-06-29,AC0017,ACH,GBP,9792.62,False,False,False,False,0,1.5,Completed
P006367,2026-06-29,AC0005,Wire,USD,8650.04,False,False,False,False,0,19.5,Completed
P006602,2026-06-29,AC0047,Internal transfer,INR,40123.03,False,True,False,False,0,1.5,Completed
P006748,2026-06-29,AC0038,Payroll,USD,33783.55,False,False,False,False,0,1.5,Completed
P006774,2026-06-29,AC0047,Payroll,INR,44038.3,False,True,True,False,47,16.5,Rejected
P006867,2026-06-29,AC0053,Wire,USD,39815.98,False,True,False,False,0,19.5,Completed
P007048,2026-06-29,AC0032,Local transfer,EUR,5189.92,False,False,False,False,0,1.5,Completed
P007241,2026-06-29,AC0054,Payroll,USD,4484.41,False,False,False,False,0,1.5,Completed
P007262,2026-06-29,AC0005,ACH,USD,29753.93,False,True,False,False,0,1.5,Completed
P007368,2026-06-29,AC0014,Local transfer,CAD,23117.13,False,False,False,False,0,1.5,Completed
P007417,2026-06-29,AC0050,Local transfer,HKD,2242.75,False,False,False,False,0,1.5,Completed
P007520,2026-06-29,AC0030,Wire,USD,13290.09,True,False,False,False,0,43.5,Completed
P007540,2026-06-29,AC0038,Payroll,USD,26819.58,False,False,False,False,0,1.5,Completed
P007566,2026-06-29,AC0034,Local transfer,USD,17058.7,False,False,False,False,0,1.5,Completed
P000118,2026-06-30,AC0005,ACH,USD,9030.97,False,False,False,False,0,1.5,Completed
P000156,2026-06-30,AC0038,Internal transfer,USD,931.05,False,False,False,False,0,1.5,Completed
P000953,2026-06-30,AC0047,ACH,INR,2289.79,False,True,False,False,0,1.5,Completed
P000962,2026-06-30,AC0032,ACH,EUR,4734.37,False,False,False,False,0,1.5,Completed
P001128,2026-06-30,AC0028,ACH,EUR,10835.62,False,False,False,False,0,1.5,Completed
P001256,2026-06-30,AC0031,Wire,USD,4250.01,True,False,False,False,0,43.5,Completed
P001301,2026-06-30,AC0031,Local transfer,USD,9365.36,False,True,True,False,33,16.5,Repaired
P001450,2026-06-30,AC0006,Local transfer,USD,13479.58,False,True,False,False,0,1.5,Completed
P001941,2026-06-30,AC0046,ACH,KRW,11542.6,False,True,False,False,0,1.5,Completed
P002324,2026-06-30,AC0046,ACH,KRW,5739.18,False,False,False,False,0,1.5,Completed
P002590,2026-06-30,AC0001,ACH,USD,2777.45,False,True,True,False,20,16.5,Repaired
P002672,2026-06-30,AC0038,Wire,USD,11320.36,False,True,False,False,0,19.5,Completed
P002772,2026-06-30,AC0023,Payroll,EUR,43478.19,False,False,False,False,0,1.5,Completed
P002852,2026-06-30,AC0032,Wire,EUR,8008.63,True,False,False,False,0,43.5,Completed
P003194,2026-06-30,AC0019,Local transfer,GBP,11597.37,False,False,False,False,0,1.5,Completed
P003196,2026-06-30,AC0025,Local transfer,EUR,24858.87,False,True,False,False,0,1.5,Completed
P003202,2026-06-30,AC0014,ACH,CAD,40302.09,False,False,False,False,0,1.5,Completed
P003293,2026-06-30,AC0053,Local transfer,USD,3403.05,False,False,False,False,0,1.5,Completed
P003964,2026-06-30,AC0050,Local transfer,HKD,2248.93,False,True,False,False,0,1.5,Completed
P004163,2026-06-30,AC0050,ACH,HKD,1876.43,False,False,False,False,0,1.5,Completed
P004212,2026-06-30,AC0053,ACH,USD,84153.6,False,False,False,False,0,1.5,Completed
P004578,2026-06-30,AC0005,Wire,USD,52154.35,True,False,False,False,0,43.5,Completed
P004796,2026-06-30,AC0053,Tax,USD,102473.92,False,False,False,False,0,1.5,Completed
P004845,2026-06-30,AC0001,Payroll,USD,179663.42,False,True,False,False,0,1.5,Completed
P004891,2026-06-30,AC0008,Internal transfer,USD,7669.6,False,False,False,False,0,1.5,Completed
P004913,2026-06-30,AC0034,Tax,USD,152633.3,False,False,False,False,0,1.5,Completed
P005552,2026-06-30,AC0003,Wire,USD,10838.65,True,False,False,False,0,43.5,Completed
P005601,2026-06-30,AC0021,Payroll,EUR,158528.94,False,True,False,False,0,1.5,Completed
P005656,2026-06-30,AC0028,Local transfer,EUR,19112.17,False,False,False,False,0,1.5,Completed
P005789,2026-06-30,AC0050,Wire,HKD,12394.44,True,True,False,True,0,43.5,Completed
P005858,2026-06-30,AC0007,Local transfer,USD,1786.21,False,False,False,False,0,1.5,Completed
P006017,2026-06-30,AC0043,ACH,JPY,3383.98,False,False,False,False,0,1.5,Completed
P006233,2026-06-30,AC0055,Wire,USD,6257.65,False,False,False,False,0,19.5,Completed
P006393,2026-06-30,AC0034,Wire,USD,5024.7,False,False,False,False,0,19.5,Completed
P006418,2026-06-30,AC0021,Local transfer,EUR,5029.07,False,True,False,False,0,1.5,Completed
P006443,2026-06-30,AC0021,Payroll,EUR,82133.55,False,False,False,False,0,1.5,Completed
P006561,2026-06-30,AC0012,Wire,USD,6030.44,True,False,False,False,0,43.5,Completed
P006839,2026-06-30,AC0014,ACH,CAD,3164.99,False,False,False,False,0,1.5,Completed
P006893,2026-06-30,AC0036,ACH,SGD,35674.92,False,False,False,False,0,1.5,Completed
P006906,2026-06-30,AC0047,Local transfer,INR,43096.93,False,False,False,False,0,1.5,Completed
P006924,2026-06-30,AC0034,ACH,USD,20151.58,False,False,False,False,0,1.5,Completed
P006933,2026-06-30,AC0014,Local transfer,CAD,2432.56,False,False,False,False,0,1.5,Completed
P007078,2026-06-30,AC0034,Wire,USD,12893.36,False,False,False,False,0,19.5,Completed
P007321,2026-06-30,AC0021,Local transfer,EUR,73319.62,False,True,False,False,0,1.5,Completed
P007354,2026-06-30,AC0025,Local transfer,EUR,8987.74,False,False,False,False,0,1.5,Completed
